file,molecule,position,mol_pred_loaded,mol_cond_loaded,sanitization,inchi_convertible,all_atoms_connected,bond_lengths,bond_angles,internal_steric_clash,aromatic_ring_flatness,non-aromatic_ring_non-flatness,double_bond_flatness,internal_energy,protein-ligand_maximum_distance,minimum_distance_to_protein,minimum_distance_to_organic_cofactors,minimum_distance_to_inorganic_cofactors,minimum_distance_to_waters,volume_overlap_with_protein,volume_overlap_with_organic_cofactors,volume_overlap_with_inorganic_cofactors,volume_overlap_with_waters
/mnt/tank/scratch/okonovalova/AffiTox/analysis/excluding_2z5x_3mjg/tables/posebuster/sdf/5jkv/gnina/ligand_111.sdf,,0,True,True,True,True,True,True,True,True,True,True,True,True,True,True,True,True,True,True,True,True,True
/mnt/tank/scratch/okonovalova/AffiTox/analysis/excluding_2z5x_3mjg/tables/posebuster/sdf/5jkv/gnina/ligand_112.sdf,,0,True,True,True,True,True,True,True,True,True,True,True,True,True,True,True,True,True,True,True,True,True
/mnt/tank/scratch/okonovalova/AffiTox/analysis/excluding_2z5x_3mjg/tables/posebuster/sdf/5jkv/gnina/ligand_114.sdf,,0,True,True,True,True,True,True,True,True,True,True,True,True,True,True,True,True,True,True,True,True,True
/mnt/tank/scratch/okonovalova/AffiTox/analysis/excluding_2z5x_3mjg/tables/posebuster/sdf/5jkv/gnina/ligand_110.sdf,,0,True,True,True,True,True,True,True,True,True,True,True,True,True,True,True,True,True,True,True,True,True
/mnt/tank/scratch/okonovalova/AffiTox/analysis/excluding_2z5x_3mjg/tables/posebuster/sdf/5jkv/gnina/ligand_100.sdf,,0,True,True,True,True,True,True,True,True,True,True,True,True,True,True,True,True,True,True,True,True,True
/mnt/tank/scratch/okonovalova/AffiTox/analysis/excluding_2z5x_3mjg/tables/posebuster/sdf/5jkv/gnina/ligand_108.sdf,,0,True,True,True,True,True,True,True,True,True,True,True,True,True,True,True,True,True,True,True,True,True
/mnt/tank/scratch/okonovalova/AffiTox/analysis/excluding_2z5x_3mjg/tables/posebuster/sdf/5jkv/gnina/ligand_103.sdf,,0,True,True,True,True,True,True,True,True,True,True,True,True,True,True,True,True,True,True,True,True,True
/mnt/tank/scratch/okonovalova/AffiTox/analysis/excluding_2z5x_3mjg/tables/posebuster/sdf/5jkv/gnina/ligand_105.sdf,,0,True,True,True,True,True,True,True,True,True,True,True,True,True,True,True,True,True,True,True,True,True
/mnt/tank/scratch/okonovalova/AffiTox/analysis/excluding_2z5x_3mjg/tables/posebuster/sdf/5jkv/gnina/ligand_101.sdf,,0,True,True,True,True,True,True,True,True,True,True,True,True,True,True,True,True,True,True,True,True,True
/mnt/tank/scratch/okonovalova/AffiTox/analysis/excluding_2z5x_3mjg/tables/posebuster/sdf/5jkv/gnina/ligand_102.sdf,,0,True,True,True,True,True,True,True,True,True,True,True,True,True,True,True,True,True,True,True,True,True
/mnt/tank/scratch/okonovalova/AffiTox/analysis/excluding_2z5x_3mjg/tables/posebuster/sdf/5jkv/gnina/ligand_107.sdf,,0,True,True,True,True,True,True,True,True,True,True,True,True,True,True,True,True,True,True,True,True,True
/mnt/tank/scratch/okonovalova/AffiTox/analysis/excluding_2z5x_3mjg/tables/posebuster/sdf/5jkv/gnina/ligand_116.sdf,,0,True,True,True,True,True,True,True,True,True,True,True,True,True,True,True,True,True,True,True,True,True
/mnt/tank/scratch/okonovalova/AffiTox/analysis/excluding_2z5x_3mjg/tables/posebuster/sdf/5jkv/gnina/ligand_118.sdf,,0,True,True,True,True,True,True,True,True,True,True,True,True,True,True,True,True,True,True,True,True,True
/mnt/tank/scratch/okonovalova/AffiTox/analysis/excluding_2z5x_3mjg/tables/posebuster/sdf/5jkv/gnina/ligand_113.sdf,,0,True,True,True,True,True,True,True,True,True,True,True,True,True,True,True,True,True,True,True,True,True
/mnt/tank/scratch/okonovalova/AffiTox/analysis/excluding_2z5x_3mjg/tables/posebuster/sdf/5jkv/gnina/ligand_10.sdf,,0,True,True,True,True,True,True,True,True,True,True,True,True,True,True,True,True,True,True,True,True,True
/mnt/tank/scratch/okonovalova/AffiTox/analysis/excluding_2z5x_3mjg/tables/posebuster/sdf/5jkv/gnina/ligand_109.sdf,,0,True,True,True,True,True,True,True,True,True,True,True,True,True,True,True,True,True,True,True,True,True
/mnt/tank/scratch/okonovalova/AffiTox/analysis/excluding_2z5x_3mjg/tables/posebuster/sdf/5jkv/gnina/ligand_104.sdf,,0,True,True,True,True,True,True,True,True,True,True,True,True,True,True,True,True,True,True,True,True,True
/mnt/tank/scratch/okonovalova/AffiTox/analysis/excluding_2z5x_3mjg/tables/posebuster/sdf/5jkv/gnina/ligand_115.sdf,,0,True,True,True,True,True,True,True,True,True,True,True,True,True,True,True,True,True,True,True,True,True
/mnt/tank/scratch/okonovalova/AffiTox/analysis/excluding_2z5x_3mjg/tables/posebuster/sdf/5jkv/gnina/ligand_117.sdf,,0,True,True,True,True,True,True,True,True,True,True,True,True,True,True,True,True,True,True,True,True,True
/mnt/tank/scratch/okonovalova/AffiTox/analysis/excluding_2z5x_3mjg/tables/posebuster/sdf/5jkv/gnina/ligand_106.sdf,,0,True,True,True,True,True,True,True,True,True,True,True,True,True,True,True,True,True,True,True,True,True
/mnt/tank/scratch/okonovalova/AffiTox/analysis/excluding_2z5x_3mjg/tables/posebuster/sdf/5jkv/gnina/ligand_122.sdf,,0,True,True,True,True,True,True,True,True,True,True,True,True,True,True,True,True,True,True,True,True,True
/mnt/tank/scratch/okonovalova/AffiTox/analysis/excluding_2z5x_3mjg/tables/posebuster/sdf/5jkv/gnina/ligand_119.sdf,,0,True,True,True,True,True,True,True,True,True,True,True,True,True,True,True,True,True,True,True,True,True
/mnt/tank/scratch/okonovalova/AffiTox/analysis/excluding_2z5x_3mjg/tables/posebuster/sdf/5jkv/gnina/ligand_11.sdf,,0,True,True,True,True,True,True,True,True,True,True,True,True,True,True,True,True,True,True,True,True,True
/mnt/tank/scratch/okonovalova/AffiTox/analysis/excluding_2z5x_3mjg/tables/posebuster/sdf/5jkv/gnina/ligand_123.sdf,,0,True,True,True,True,True,True,True,True,True,True,True,True,True,True,True,True,True,True,True,True,True
/mnt/tank/scratch/okonovalova/AffiTox/analysis/excluding_2z5x_3mjg/tables/posebuster/sdf/5jkv/gnina/ligand_126.sdf,,0,True,True,True,True,True,True,True,True,True,True,True,True,True,True,True,True,True,True,True,True,True
/mnt/tank/scratch/okonovalova/AffiTox/analysis/excluding_2z5x_3mjg/tables/posebuster/sdf/5jkv/gnina/ligand_125.sdf,,0,True,True,True,True,True,True,True,True,True,True,True,True,True,True,True,True,True,True,True,True,True
/mnt/tank/scratch/okonovalova/AffiTox/analysis/excluding_2z5x_3mjg/tables/posebuster/sdf/5jkv/gnina/ligand_120.sdf,,0,True,True,True,True,True,True,True,True,True,True,True,True,True,True,True,True,True,True,True,True,True
/mnt/tank/scratch/okonovalova/AffiTox/analysis/excluding_2z5x_3mjg/tables/posebuster/sdf/5jkv/gnina/ligand_124.sdf,,0,True,True,True,True,True,True,True,True,True,True,True,True,True,True,True,True,True,True,True,True,True
/mnt/tank/scratch/okonovalova/AffiTox/analysis/excluding_2z5x_3mjg/tables/posebuster/sdf/5jkv/gnina/ligand_129.sdf,,0,True,True,True,True,True,True,True,True,True,True,True,True,True,True,True,True,True,True,True,True,True
/mnt/tank/scratch/okonovalova/AffiTox/analysis/excluding_2z5x_3mjg/tables/posebuster/sdf/5jkv/gnina/ligand_128.sdf,,0,True,True,True,True,True,True,True,True,True,True,True,True,True,True,True,True,True,True,True,True,True
/mnt/tank/scratch/okonovalova/AffiTox/analysis/excluding_2z5x_3mjg/tables/posebuster/sdf/5jkv/gnina/ligand_133.sdf,,0,True,True,True,True,True,True,True,True,True,True,True,True,True,True,True,True,True,True,True,True,True
/mnt/tank/scratch/okonovalova/AffiTox/analysis/excluding_2z5x_3mjg/tables/posebuster/sdf/5jkv/gnina/ligand_134.sdf,,0,True,True,True,True,True,True,True,True,True,True,True,True,True,True,True,True,True,True,True,True,True
/mnt/tank/scratch/okonovalova/AffiTox/analysis/excluding_2z5x_3mjg/tables/posebuster/sdf/5jkv/gnina/ligand_121.sdf,,0,True,True,True,True,True,True,True,True,True,True,True,True,True,True,True,True,True,True,True,True,True
/mnt/tank/scratch/okonovalova/AffiTox/analysis/excluding_2z5x_3mjg/tables/posebuster/sdf/5jkv/gnina/ligand_135.sdf,,0,True,True,True,True,True,True,True,True,True,True,True,True,True,True,True,True,True,True,True,True,True
/mnt/tank/scratch/okonovalova/AffiTox/analysis/excluding_2z5x_3mjg/tables/posebuster/sdf/5jkv/gnina/ligand_137.sdf,,0,True,True,True,True,True,True,True,True,True,True,True,True,True,True,True,True,True,True,True,True,True
/mnt/tank/scratch/okonovalova/AffiTox/analysis/excluding_2z5x_3mjg/tables/posebuster/sdf/5jkv/gnina/ligand_131.sdf,,0,True,True,True,True,True,True,True,True,True,True,True,True,True,True,True,True,True,True,True,True,True
/mnt/tank/scratch/okonovalova/AffiTox/analysis/excluding_2z5x_3mjg/tables/posebuster/sdf/5jkv/gnina/ligand_142.sdf,,0,True,True,True,True,True,True,True,True,True,True,True,True,True,True,True,True,True,True,True,True,True
/mnt/tank/scratch/okonovalova/AffiTox/analysis/excluding_2z5x_3mjg/tables/posebuster/sdf/5jkv/gnina/ligand_127.sdf,,0,True,True,True,True,True,True,True,True,True,True,True,True,True,True,True,True,True,True,True,True,True
/mnt/tank/scratch/okonovalova/AffiTox/analysis/excluding_2z5x_3mjg/tables/posebuster/sdf/5jkv/gnina/ligand_141.sdf,,0,True,True,True,True,True,True,True,True,True,True,True,True,True,True,True,True,True,True,True,True,True
/mnt/tank/scratch/okonovalova/AffiTox/analysis/excluding_2z5x_3mjg/tables/posebuster/sdf/5jkv/gnina/ligand_132.sdf,,0,True,True,True,True,True,True,True,True,True,True,True,True,True,True,True,True,True,True,True,True,True
/mnt/tank/scratch/okonovalova/AffiTox/analysis/excluding_2z5x_3mjg/tables/posebuster/sdf/5jkv/gnina/ligand_140.sdf,,0,True,True,True,True,True,True,True,True,True,True,True,True,True,True,True,True,True,True,True,True,True
/mnt/tank/scratch/okonovalova/AffiTox/analysis/excluding_2z5x_3mjg/tables/posebuster/sdf/5jkv/gnina/ligand_130.sdf,,0,True,True,True,True,True,True,True,True,True,True,True,True,True,True,True,True,True,True,True,True,True
/mnt/tank/scratch/okonovalova/AffiTox/analysis/excluding_2z5x_3mjg/tables/posebuster/sdf/5jkv/gnina/ligand_146.sdf,,0,True,True,True,True,True,True,True,True,True,True,True,True,True,True,True,True,True,True,True,True,True
/mnt/tank/scratch/okonovalova/AffiTox/analysis/excluding_2z5x_3mjg/tables/posebuster/sdf/5jkv/gnina/ligand_147.sdf,,0,True,True,True,True,True,True,True,True,True,True,True,True,True,True,True,True,True,True,True,True,True
/mnt/tank/scratch/okonovalova/AffiTox/analysis/excluding_2z5x_3mjg/tables/posebuster/sdf/5jkv/gnina/ligand_139.sdf,,0,True,True,True,True,True,True,True,True,True,True,True,True,True,True,True,True,True,True,True,True,True
/mnt/tank/scratch/okonovalova/AffiTox/analysis/excluding_2z5x_3mjg/tables/posebuster/sdf/5jkv/gnina/ligand_138.sdf,,0,True,True,True,True,True,True,True,True,True,True,True,True,True,True,True,True,True,True,True,True,True
/mnt/tank/scratch/okonovalova/AffiTox/analysis/excluding_2z5x_3mjg/tables/posebuster/sdf/5jkv/gnina/ligand_143.sdf,,0,True,True,True,True,True,True,True,True,True,True,True,True,True,True,True,True,True,True,True,True,True
/mnt/tank/scratch/okonovalova/AffiTox/analysis/excluding_2z5x_3mjg/tables/posebuster/sdf/5jkv/gnina/ligand_12.sdf,,0,True,True,True,True,True,True,True,True,True,True,True,True,True,True,True,True,True,True,True,True,True
/mnt/tank/scratch/okonovalova/AffiTox/analysis/excluding_2z5x_3mjg/tables/posebuster/sdf/5jkv/gnina/ligand_136.sdf,,0,True,True,True,True,True,True,True,True,True,True,True,True,True,True,True,True,True,True,True,True,True
/mnt/tank/scratch/okonovalova/AffiTox/analysis/excluding_2z5x_3mjg/tables/posebuster/sdf/5jkv/gnina/ligand_13.sdf,,0,True,True,True,True,True,True,True,True,True,True,True,True,True,True,True,True,True,True,True,True,True
/mnt/tank/scratch/okonovalova/AffiTox/analysis/excluding_2z5x_3mjg/tables/posebuster/sdf/5jkv/gnina/ligand_145.sdf,,0,True,True,True,True,True,True,True,True,True,True,True,True,True,True,True,True,True,True,True,True,True
/mnt/tank/scratch/okonovalova/AffiTox/analysis/excluding_2z5x_3mjg/tables/posebuster/sdf/5jkv/gnina/ligand_153.sdf,,0,True,True,True,True,True,True,True,True,True,True,True,True,True,True,True,True,True,True,True,True,True
/mnt/tank/scratch/okonovalova/AffiTox/analysis/excluding_2z5x_3mjg/tables/posebuster/sdf/5jkv/gnina/ligand_152.sdf,,0,True,True,True,True,True,True,True,True,True,True,True,True,True,True,True,True,True,True,True,True,True
/mnt/tank/scratch/okonovalova/AffiTox/analysis/excluding_2z5x_3mjg/tables/posebuster/sdf/5jkv/gnina/ligand_14.sdf,,0,True,True,True,True,True,True,True,True,True,True,True,True,True,True,True,True,True,True,True,True,True
/mnt/tank/scratch/okonovalova/AffiTox/analysis/excluding_2z5x_3mjg/tables/posebuster/sdf/5jkv/gnina/ligand_150.sdf,,0,True,True,True,True,True,True,True,True,True,True,True,True,True,True,True,True,True,True,True,True,True
/mnt/tank/scratch/okonovalova/AffiTox/analysis/excluding_2z5x_3mjg/tables/posebuster/sdf/5jkv/gnina/ligand_144.sdf,,0,True,True,True,True,True,True,True,True,True,True,True,True,True,True,True,True,True,True,True,True,True
/mnt/tank/scratch/okonovalova/AffiTox/analysis/excluding_2z5x_3mjg/tables/posebuster/sdf/5jkv/gnina/ligand_151.sdf,,0,True,True,True,True,True,True,True,True,True,True,True,True,True,True,True,True,True,True,True,True,True
/mnt/tank/scratch/okonovalova/AffiTox/analysis/excluding_2z5x_3mjg/tables/posebuster/sdf/5jkv/gnina/ligand_158.sdf,,0,True,True,True,True,True,True,True,True,True,True,True,True,True,True,True,True,True,True,True,True,True
/mnt/tank/scratch/okonovalova/AffiTox/analysis/excluding_2z5x_3mjg/tables/posebuster/sdf/5jkv/gnina/ligand_15.sdf,,0,True,True,True,True,True,True,True,True,True,True,True,True,True,True,True,True,True,True,True,True,True
/mnt/tank/scratch/okonovalova/AffiTox/analysis/excluding_2z5x_3mjg/tables/posebuster/sdf/5jkv/gnina/ligand_162.sdf,,0,True,True,True,True,True,True,True,True,True,True,True,True,True,True,True,True,True,True,True,True,True
/mnt/tank/scratch/okonovalova/AffiTox/analysis/excluding_2z5x_3mjg/tables/posebuster/sdf/5jkv/gnina/ligand_148.sdf,,0,True,True,True,True,True,True,True,True,True,True,True,True,True,True,True,True,True,True,True,True,True
/mnt/tank/scratch/okonovalova/AffiTox/analysis/excluding_2z5x_3mjg/tables/posebuster/sdf/5jkv/gnina/ligand_164.sdf,,0,True,True,True,True,True,True,True,True,True,True,True,True,True,True,True,True,True,True,True,True,True
/mnt/tank/scratch/okonovalova/AffiTox/analysis/excluding_2z5x_3mjg/tables/posebuster/sdf/5jkv/gnina/ligand_163.sdf,,0,True,True,True,True,True,True,True,True,True,True,True,True,True,True,True,True,True,True,True,True,True
/mnt/tank/scratch/okonovalova/AffiTox/analysis/excluding_2z5x_3mjg/tables/posebuster/sdf/5jkv/gnina/ligand_155.sdf,,0,True,True,True,True,True,True,True,True,True,True,True,True,True,True,True,True,True,True,True,True,True
/mnt/tank/scratch/okonovalova/AffiTox/analysis/excluding_2z5x_3mjg/tables/posebuster/sdf/5jkv/gnina/ligand_149.sdf,,0,True,True,True,True,True,True,True,True,True,True,True,True,True,True,True,True,True,True,True,True,True
/mnt/tank/scratch/okonovalova/AffiTox/analysis/excluding_2z5x_3mjg/tables/posebuster/sdf/5jkv/gnina/ligand_154.sdf,,0,True,True,True,True,True,True,True,True,True,True,True,True,True,True,True,True,True,True,True,True,True
/mnt/tank/scratch/okonovalova/AffiTox/analysis/excluding_2z5x_3mjg/tables/posebuster/sdf/5jkv/gnina/ligand_165.sdf,,0,True,True,True,True,True,True,True,True,True,True,True,True,True,True,True,True,True,True,True,True,True
/mnt/tank/scratch/okonovalova/AffiTox/analysis/excluding_2z5x_3mjg/tables/posebuster/sdf/5jkv/gnina/ligand_167.sdf,,0,True,True,True,True,True,True,True,True,True,True,True,True,True,True,True,True,True,True,True,True,True
/mnt/tank/scratch/okonovalova/AffiTox/analysis/excluding_2z5x_3mjg/tables/posebuster/sdf/5jkv/gnina/ligand_159.sdf,,0,True,True,True,True,True,True,True,True,True,True,True,True,True,True,True,True,True,True,True,True,True
/mnt/tank/scratch/okonovalova/AffiTox/analysis/excluding_2z5x_3mjg/tables/posebuster/sdf/5jkv/gnina/ligand_161.sdf,,0,True,True,True,True,True,True,True,True,True,True,True,True,True,True,True,True,True,True,True,True,True
/mnt/tank/scratch/okonovalova/AffiTox/analysis/excluding_2z5x_3mjg/tables/posebuster/sdf/5jkv/gnina/ligand_160.sdf,,0,True,True,True,True,True,True,True,True,True,True,True,True,True,True,True,True,True,True,True,True,True
/mnt/tank/scratch/okonovalova/AffiTox/analysis/excluding_2z5x_3mjg/tables/posebuster/sdf/5jkv/gnina/ligand_157.sdf,,0,True,True,True,True,True,True,True,True,True,True,True,True,True,True,True,True,True,True,True,True,True
/mnt/tank/scratch/okonovalova/AffiTox/analysis/excluding_2z5x_3mjg/tables/posebuster/sdf/5jkv/gnina/ligand_170.sdf,,0,True,True,True,True,True,True,True,True,True,True,True,True,True,True,True,True,True,True,True,True,True
/mnt/tank/scratch/okonovalova/AffiTox/analysis/excluding_2z5x_3mjg/tables/posebuster/sdf/5jkv/gnina/ligand_156.sdf,,0,True,True,True,True,True,True,True,True,True,True,True,True,True,True,True,True,True,True,True,True,True
/mnt/tank/scratch/okonovalova/AffiTox/analysis/excluding_2z5x_3mjg/tables/posebuster/sdf/5jkv/gnina/ligand_168.sdf,,0,True,True,True,True,True,True,True,True,True,True,True,True,True,True,True,True,True,True,True,True,True
/mnt/tank/scratch/okonovalova/AffiTox/analysis/excluding_2z5x_3mjg/tables/posebuster/sdf/5jkv/gnina/ligand_171.sdf,,0,True,True,True,True,True,True,True,True,True,True,True,True,True,True,True,True,True,True,True,True,True
/mnt/tank/scratch/okonovalova/AffiTox/analysis/excluding_2z5x_3mjg/tables/posebuster/sdf/5jkv/gnina/ligand_169.sdf,,0,True,True,True,True,True,True,True,True,True,True,True,True,True,True,True,True,True,True,True,True,True
/mnt/tank/scratch/okonovalova/AffiTox/analysis/excluding_2z5x_3mjg/tables/posebuster/sdf/5jkv/gnina/ligand_172.sdf,,0,True,True,True,True,True,True,True,True,True,True,True,True,True,True,True,True,True,True,True,True,True
/mnt/tank/scratch/okonovalova/AffiTox/analysis/excluding_2z5x_3mjg/tables/posebuster/sdf/5jkv/gnina/ligand_175.sdf,,0,True,True,True,True,True,True,True,True,True,True,True,True,True,True,True,True,True,True,True,True,True
/mnt/tank/scratch/okonovalova/AffiTox/analysis/excluding_2z5x_3mjg/tables/posebuster/sdf/5jkv/gnina/ligand_16.sdf,,0,True,True,True,True,True,True,True,True,True,True,True,True,True,True,True,True,True,True,True,True,True
/mnt/tank/scratch/okonovalova/AffiTox/analysis/excluding_2z5x_3mjg/tables/posebuster/sdf/5jkv/gnina/ligand_166.sdf,,0,True,True,True,True,True,True,True,True,True,True,True,True,True,True,True,True,True,True,True,True,True
/mnt/tank/scratch/okonovalova/AffiTox/analysis/excluding_2z5x_3mjg/tables/posebuster/sdf/5jkv/gnina/ligand_176.sdf,,0,True,True,True,True,True,True,True,True,True,True,True,True,True,True,True,True,True,True,True,True,True
/mnt/tank/scratch/okonovalova/AffiTox/analysis/excluding_2z5x_3mjg/tables/posebuster/sdf/5jkv/gnina/ligand_177.sdf,,0,True,True,True,True,True,True,True,True,True,True,True,True,True,True,True,True,True,True,True,True,True
/mnt/tank/scratch/okonovalova/AffiTox/analysis/excluding_2z5x_3mjg/tables/posebuster/sdf/5jkv/gnina/ligand_173.sdf,,0,True,True,True,True,True,True,True,True,True,True,True,True,True,True,True,True,True,True,True,True,True
/mnt/tank/scratch/okonovalova/AffiTox/analysis/excluding_2z5x_3mjg/tables/posebuster/sdf/5jkv/gnina/ligand_174.sdf,,0,True,True,True,True,True,True,True,True,True,True,True,True,True,True,True,True,True,True,True,True,True
/mnt/tank/scratch/okonovalova/AffiTox/analysis/excluding_2z5x_3mjg/tables/posebuster/sdf/5jkv/gnina/ligand_17.sdf,,0,True,True,True,True,True,True,True,True,True,True,True,True,True,True,True,True,True,True,True,True,True
/mnt/tank/scratch/okonovalova/AffiTox/analysis/excluding_2z5x_3mjg/tables/posebuster/sdf/5jkv/gnina/ligand_178.sdf,,0,True,True,True,True,True,True,True,True,True,True,True,True,True,True,True,True,True,True,True,True,True
/mnt/tank/scratch/okonovalova/AffiTox/analysis/excluding_2z5x_3mjg/tables/posebuster/sdf/5jkv/gnina/ligand_179.sdf,,0,True,True,True,True,True,True,True,True,True,True,True,True,True,True,True,True,True,True,True,True,True
/mnt/tank/scratch/okonovalova/AffiTox/analysis/excluding_2z5x_3mjg/tables/posebuster/sdf/5jkv/gnina/ligand_182.sdf,,0,True,True,True,True,True,True,True,True,True,True,True,True,True,True,True,True,True,True,True,True,True
/mnt/tank/scratch/okonovalova/AffiTox/analysis/excluding_2z5x_3mjg/tables/posebuster/sdf/5jkv/gnina/ligand_184.sdf,,0,True,True,True,True,True,True,True,True,True,True,True,True,True,True,True,True,True,True,True,True,True
/mnt/tank/scratch/okonovalova/AffiTox/analysis/excluding_2z5x_3mjg/tables/posebuster/sdf/5jkv/gnina/ligand_183.sdf,,0,True,True,True,True,True,True,True,True,True,True,True,True,True,True,True,True,True,True,True,True,True
/mnt/tank/scratch/okonovalova/AffiTox/analysis/excluding_2z5x_3mjg/tables/posebuster/sdf/5jkv/gnina/ligand_181.sdf,,0,True,True,True,True,True,True,True,True,True,True,True,True,True,True,True,True,True,True,True,True,True
/mnt/tank/scratch/okonovalova/AffiTox/analysis/excluding_2z5x_3mjg/tables/posebuster/sdf/5jkv/gnina/ligand_190.sdf,,0,True,True,True,True,True,True,True,True,True,True,True,True,True,True,True,True,True,True,True,True,True
/mnt/tank/scratch/okonovalova/AffiTox/analysis/excluding_2z5x_3mjg/tables/posebuster/sdf/5jkv/gnina/ligand_180.sdf,,0,True,True,True,True,True,True,True,True,True,True,True,True,True,True,True,True,True,True,True,True,True
/mnt/tank/scratch/okonovalova/AffiTox/analysis/excluding_2z5x_3mjg/tables/posebuster/sdf/5jkv/gnina/ligand_186.sdf,,0,True,True,True,True,True,True,True,True,True,True,True,True,True,True,True,True,True,True,True,True,True
/mnt/tank/scratch/okonovalova/AffiTox/analysis/excluding_2z5x_3mjg/tables/posebuster/sdf/5jkv/gnina/ligand_189.sdf,,0,True,True,True,True,True,True,True,True,True,True,True,True,True,True,True,True,True,True,True,True,True
/mnt/tank/scratch/okonovalova/AffiTox/analysis/excluding_2z5x_3mjg/tables/posebuster/sdf/5jkv/gnina/ligand_187.sdf,,0,True,True,True,True,True,True,True,True,True,True,True,True,True,True,True,True,True,True,True,True,True
/mnt/tank/scratch/okonovalova/AffiTox/analysis/excluding_2z5x_3mjg/tables/posebuster/sdf/5jkv/gnina/ligand_185.sdf,,0,True,True,True,True,True,True,True,True,True,True,True,True,True,True,True,True,True,True,True,True,True
/mnt/tank/scratch/okonovalova/AffiTox/analysis/excluding_2z5x_3mjg/tables/posebuster/sdf/5jkv/gnina/ligand_188.sdf,,0,True,True,True,True,True,True,True,True,True,True,True,True,True,True,True,True,True,True,True,True,True
/mnt/tank/scratch/okonovalova/AffiTox/analysis/excluding_2z5x_3mjg/tables/posebuster/sdf/5jkv/gnina/ligand_18.sdf,,0,True,True,True,True,True,True,True,True,True,True,True,True,True,True,True,True,True,True,True,True,True
/mnt/tank/scratch/okonovalova/AffiTox/analysis/excluding_2z5x_3mjg/tables/posebuster/sdf/5jkv/gnina/ligand_1.sdf,,0,True,True,True,True,True,True,True,True,True,True,True,True,True,True,True,True,True,True,True,True,True
/mnt/tank/scratch/okonovalova/AffiTox/analysis/excluding_2z5x_3mjg/tables/posebuster/sdf/5jkv/gnina/ligand_203.sdf,,0,True,True,True,True,True,True,True,True,True,True,True,True,True,True,True,True,True,True,True,True,True
/mnt/tank/scratch/okonovalova/AffiTox/analysis/excluding_2z5x_3mjg/tables/posebuster/sdf/5jkv/gnina/ligand_193.sdf,,0,True,True,True,True,True,True,True,True,True,True,True,True,True,True,True,True,True,True,True,True,True
/mnt/tank/scratch/okonovalova/AffiTox/analysis/excluding_2z5x_3mjg/tables/posebuster/sdf/5jkv/gnina/ligand_192.sdf,,0,True,True,True,True,True,True,True,True,True,True,True,True,True,True,True,True,True,True,True,True,True
/mnt/tank/scratch/okonovalova/AffiTox/analysis/excluding_2z5x_3mjg/tables/posebuster/sdf/5jkv/gnina/ligand_204.sdf,,0,True,True,True,True,True,True,True,True,True,True,True,True,True,True,True,True,True,True,True,True,True
/mnt/tank/scratch/okonovalova/AffiTox/analysis/excluding_2z5x_3mjg/tables/posebuster/sdf/5jkv/gnina/ligand_200.sdf,,0,True,True,True,True,True,True,True,True,True,True,True,True,True,True,True,True,True,True,True,True,True
/mnt/tank/scratch/okonovalova/AffiTox/analysis/excluding_2z5x_3mjg/tables/posebuster/sdf/5jkv/gnina/ligand_19.sdf,,0,True,True,True,True,True,True,True,True,True,True,True,True,True,True,True,True,True,True,True,True,True
/mnt/tank/scratch/okonovalova/AffiTox/analysis/excluding_2z5x_3mjg/tables/posebuster/sdf/5jkv/gnina/ligand_206.sdf,,0,True,True,True,True,True,True,True,True,True,True,True,True,True,True,True,True,True,True,True,True,True
/mnt/tank/scratch/okonovalova/AffiTox/analysis/excluding_2z5x_3mjg/tables/posebuster/sdf/5jkv/gnina/ligand_194.sdf,,0,True,True,True,True,True,True,True,True,True,True,True,True,True,True,True,True,True,True,True,True,True
/mnt/tank/scratch/okonovalova/AffiTox/analysis/excluding_2z5x_3mjg/tables/posebuster/sdf/5jkv/gnina/ligand_202.sdf,,0,True,True,True,True,True,True,True,True,True,True,True,True,True,True,True,True,True,True,True,True,True
/mnt/tank/scratch/okonovalova/AffiTox/analysis/excluding_2z5x_3mjg/tables/posebuster/sdf/5jkv/gnina/ligand_207.sdf,,0,True,True,True,True,True,True,True,True,True,True,True,True,True,True,True,True,True,True,True,True,True
/mnt/tank/scratch/okonovalova/AffiTox/analysis/excluding_2z5x_3mjg/tables/posebuster/sdf/5jkv/gnina/ligand_199.sdf,,0,True,True,True,True,True,True,True,True,True,True,True,True,True,True,True,True,True,True,True,True,True
/mnt/tank/scratch/okonovalova/AffiTox/analysis/excluding_2z5x_3mjg/tables/posebuster/sdf/5jkv/gnina/ligand_195.sdf,,0,True,True,True,True,True,True,True,True,True,True,True,True,True,True,True,True,True,True,True,True,True
/mnt/tank/scratch/okonovalova/AffiTox/analysis/excluding_2z5x_3mjg/tables/posebuster/sdf/5jkv/gnina/ligand_198.sdf,,0,True,True,True,True,True,True,True,True,True,True,True,True,True,True,True,True,True,True,True,True,True
/mnt/tank/scratch/okonovalova/AffiTox/analysis/excluding_2z5x_3mjg/tables/posebuster/sdf/5jkv/gnina/ligand_196.sdf,,0,True,True,True,True,True,True,True,True,True,True,True,True,True,True,True,True,True,True,True,True,True
/mnt/tank/scratch/okonovalova/AffiTox/analysis/excluding_2z5x_3mjg/tables/posebuster/sdf/5jkv/gnina/ligand_209.sdf,,0,True,True,True,True,True,True,True,True,True,True,True,True,True,True,True,True,True,True,True,True,True
/mnt/tank/scratch/okonovalova/AffiTox/analysis/excluding_2z5x_3mjg/tables/posebuster/sdf/5jkv/gnina/ligand_208.sdf,,0,True,True,True,True,True,True,True,True,True,True,True,True,True,True,True,True,True,True,True,True,True
/mnt/tank/scratch/okonovalova/AffiTox/analysis/excluding_2z5x_3mjg/tables/posebuster/sdf/5jkv/gnina/ligand_197.sdf,,0,True,True,True,True,True,True,True,True,True,True,True,True,True,True,True,True,True,True,True,True,True
/mnt/tank/scratch/okonovalova/AffiTox/analysis/excluding_2z5x_3mjg/tables/posebuster/sdf/5jkv/gnina/ligand_20.sdf,,0,True,True,True,True,True,True,True,True,True,True,True,True,True,True,True,True,True,True,True,True,True
/mnt/tank/scratch/okonovalova/AffiTox/analysis/excluding_2z5x_3mjg/tables/posebuster/sdf/5jkv/gnina/ligand_191.sdf,,0,True,True,True,True,True,True,True,True,True,True,True,True,True,True,True,True,True,True,True,True,True
/mnt/tank/scratch/okonovalova/AffiTox/analysis/excluding_2z5x_3mjg/tables/posebuster/sdf/5jkv/gnina/ligand_210.sdf,,0,True,True,True,True,True,True,True,True,True,True,True,True,True,True,True,True,True,True,True,True,True
/mnt/tank/scratch/okonovalova/AffiTox/analysis/excluding_2z5x_3mjg/tables/posebuster/sdf/5jkv/gnina/ligand_201.sdf,,0,True,True,True,True,True,True,True,True,True,True,True,True,True,True,True,True,True,True,True,True,True
/mnt/tank/scratch/okonovalova/AffiTox/analysis/excluding_2z5x_3mjg/tables/posebuster/sdf/5jkv/gnina/ligand_205.sdf,,0,True,True,True,True,True,True,True,True,True,True,True,True,True,True,True,True,True,True,True,True,True
/mnt/tank/scratch/okonovalova/AffiTox/analysis/excluding_2z5x_3mjg/tables/posebuster/sdf/5jkv/gnina/ligand_211.sdf,,0,True,True,True,True,True,True,True,True,True,True,True,True,True,True,True,True,True,True,True,True,True
/mnt/tank/scratch/okonovalova/AffiTox/analysis/excluding_2z5x_3mjg/tables/posebuster/sdf/5jkv/gnina/ligand_218.sdf,,0,True,True,True,True,True,True,True,True,True,True,True,True,True,True,True,True,True,True,True,True,True
/mnt/tank/scratch/okonovalova/AffiTox/analysis/excluding_2z5x_3mjg/tables/posebuster/sdf/5jkv/gnina/ligand_219.sdf,,0,True,True,True,True,True,True,True,True,True,True,True,True,True,True,True,True,True,True,True,True,True
/mnt/tank/scratch/okonovalova/AffiTox/analysis/excluding_2z5x_3mjg/tables/posebuster/sdf/5jkv/gnina/ligand_214.sdf,,0,True,True,True,True,True,True,True,True,True,True,True,False,True,True,True,True,True,True,True,True,True
/mnt/tank/scratch/okonovalova/AffiTox/analysis/excluding_2z5x_3mjg/tables/posebuster/sdf/5jkv/gnina/ligand_213.sdf,,0,True,True,True,True,True,True,True,True,True,True,True,True,True,True,True,True,True,True,True,True,True
/mnt/tank/scratch/okonovalova/AffiTox/analysis/excluding_2z5x_3mjg/tables/posebuster/sdf/5jkv/gnina/ligand_212.sdf,,0,True,True,True,True,True,True,True,True,True,True,True,True,True,True,True,True,True,True,True,True,True
/mnt/tank/scratch/okonovalova/AffiTox/analysis/excluding_2z5x_3mjg/tables/posebuster/sdf/5jkv/gnina/ligand_227.sdf,,0,True,True,True,True,True,True,True,True,True,True,True,True,True,True,True,True,True,True,True,True,True
/mnt/tank/scratch/okonovalova/AffiTox/analysis/excluding_2z5x_3mjg/tables/posebuster/sdf/5jkv/gnina/ligand_226.sdf,,0,True,True,True,True,True,True,True,True,True,True,True,True,True,True,True,True,True,True,True,True,True
/mnt/tank/scratch/okonovalova/AffiTox/analysis/excluding_2z5x_3mjg/tables/posebuster/sdf/5jkv/gnina/ligand_228.sdf,,0,True,True,True,True,True,True,True,True,True,True,True,True,True,True,True,True,True,True,True,True,True
/mnt/tank/scratch/okonovalova/AffiTox/analysis/excluding_2z5x_3mjg/tables/posebuster/sdf/5jkv/gnina/ligand_22.sdf,,0,True,True,True,True,True,True,True,True,True,True,True,True,True,True,True,True,True,True,True,True,True
/mnt/tank/scratch/okonovalova/AffiTox/analysis/excluding_2z5x_3mjg/tables/posebuster/sdf/5jkv/gnina/ligand_21.sdf,,0,True,True,True,True,True,True,True,True,True,True,True,True,True,True,True,True,True,True,True,True,True
/mnt/tank/scratch/okonovalova/AffiTox/analysis/excluding_2z5x_3mjg/tables/posebuster/sdf/5jkv/gnina/ligand_215.sdf,,0,True,True,True,True,True,True,True,True,True,True,True,True,True,True,True,True,True,True,True,True,True
/mnt/tank/scratch/okonovalova/AffiTox/analysis/excluding_2z5x_3mjg/tables/posebuster/sdf/5jkv/gnina/ligand_216.sdf,,0,True,True,True,True,True,True,True,True,True,True,True,True,True,True,True,True,True,True,True,True,True
/mnt/tank/scratch/okonovalova/AffiTox/analysis/excluding_2z5x_3mjg/tables/posebuster/sdf/5jkv/gnina/ligand_221.sdf,,0,True,True,True,True,True,True,True,True,True,True,True,True,True,True,True,True,True,True,True,True,True
/mnt/tank/scratch/okonovalova/AffiTox/analysis/excluding_2z5x_3mjg/tables/posebuster/sdf/5jkv/gnina/ligand_223.sdf,,0,True,True,True,True,True,True,True,True,True,True,True,True,True,True,True,True,True,True,True,True,True
/mnt/tank/scratch/okonovalova/AffiTox/analysis/excluding_2z5x_3mjg/tables/posebuster/sdf/5jkv/gnina/ligand_224.sdf,,0,True,True,True,True,True,True,True,True,True,True,True,True,True,True,True,True,True,True,True,True,True
/mnt/tank/scratch/okonovalova/AffiTox/analysis/excluding_2z5x_3mjg/tables/posebuster/sdf/5jkv/gnina/ligand_217.sdf,,0,True,True,True,True,True,True,True,True,True,True,True,True,True,True,True,True,True,True,True,True,True
/mnt/tank/scratch/okonovalova/AffiTox/analysis/excluding_2z5x_3mjg/tables/posebuster/sdf/5jkv/gnina/ligand_222.sdf,,0,True,True,True,True,True,True,True,True,True,True,True,True,True,True,True,True,True,True,True,True,True
/mnt/tank/scratch/okonovalova/AffiTox/analysis/excluding_2z5x_3mjg/tables/posebuster/sdf/5jkv/gnina/ligand_220.sdf,,0,True,True,True,True,True,True,True,True,True,True,True,True,True,True,True,True,True,True,True,True,True
/mnt/tank/scratch/okonovalova/AffiTox/analysis/excluding_2z5x_3mjg/tables/posebuster/sdf/5jkv/gnina/ligand_229.sdf,,0,True,True,True,True,True,True,True,True,True,True,True,True,True,True,True,True,True,True,True,True,True
/mnt/tank/scratch/okonovalova/AffiTox/analysis/excluding_2z5x_3mjg/tables/posebuster/sdf/5jkv/gnina/ligand_230.sdf,,0,True,True,True,True,True,True,True,True,True,True,True,True,True,True,True,True,True,True,True,True,True
/mnt/tank/scratch/okonovalova/AffiTox/analysis/excluding_2z5x_3mjg/tables/posebuster/sdf/5jkv/gnina/ligand_234.sdf,,0,True,True,True,True,True,True,True,True,True,True,True,True,True,True,True,True,True,True,True,True,True
/mnt/tank/scratch/okonovalova/AffiTox/analysis/excluding_2z5x_3mjg/tables/posebuster/sdf/5jkv/gnina/ligand_235.sdf,,0,True,True,True,True,True,True,True,True,True,True,True,True,True,True,True,True,True,True,True,True,True
/mnt/tank/scratch/okonovalova/AffiTox/analysis/excluding_2z5x_3mjg/tables/posebuster/sdf/5jkv/gnina/ligand_241.sdf,,0,True,True,True,True,True,True,True,True,True,True,True,True,True,True,True,True,True,True,True,True,True
/mnt/tank/scratch/okonovalova/AffiTox/analysis/excluding_2z5x_3mjg/tables/posebuster/sdf/5jkv/gnina/ligand_23.sdf,,0,True,True,True,True,True,True,True,True,True,True,True,True,True,True,True,True,True,True,True,True,True
/mnt/tank/scratch/okonovalova/AffiTox/analysis/excluding_2z5x_3mjg/tables/posebuster/sdf/5jkv/gnina/ligand_225.sdf,,0,True,True,True,True,True,True,True,True,True,True,True,True,True,True,True,True,True,True,True,True,True
/mnt/tank/scratch/okonovalova/AffiTox/analysis/excluding_2z5x_3mjg/tables/posebuster/sdf/5jkv/gnina/ligand_231.sdf,,0,True,True,True,True,True,True,True,True,True,True,True,True,True,True,True,True,True,True,True,True,True
/mnt/tank/scratch/okonovalova/AffiTox/analysis/excluding_2z5x_3mjg/tables/posebuster/sdf/5jkv/gnina/ligand_237.sdf,,0,True,True,True,True,True,True,True,True,True,True,True,True,True,True,True,True,True,True,True,True,True
/mnt/tank/scratch/okonovalova/AffiTox/analysis/excluding_2z5x_3mjg/tables/posebuster/sdf/5jkv/gnina/ligand_233.sdf,,0,True,True,True,True,True,True,True,True,True,True,True,True,True,True,True,True,True,True,True,True,True
/mnt/tank/scratch/okonovalova/AffiTox/analysis/excluding_2z5x_3mjg/tables/posebuster/sdf/5jkv/gnina/ligand_239.sdf,,0,True,True,True,True,True,True,True,True,True,True,True,True,True,True,True,True,True,True,True,True,True
/mnt/tank/scratch/okonovalova/AffiTox/analysis/excluding_2z5x_3mjg/tables/posebuster/sdf/5jkv/gnina/ligand_242.sdf,,0,True,True,True,True,True,True,True,True,True,True,True,True,True,True,True,True,True,True,True,True,True
/mnt/tank/scratch/okonovalova/AffiTox/analysis/excluding_2z5x_3mjg/tables/posebuster/sdf/5jkv/gnina/ligand_245.sdf,,0,True,True,True,True,True,True,True,True,True,True,True,True,True,True,True,True,True,True,True,True,True
/mnt/tank/scratch/okonovalova/AffiTox/analysis/excluding_2z5x_3mjg/tables/posebuster/sdf/5jkv/gnina/ligand_248.sdf,,0,True,True,True,True,True,True,True,True,True,True,True,True,True,True,True,True,True,True,True,True,True
/mnt/tank/scratch/okonovalova/AffiTox/analysis/excluding_2z5x_3mjg/tables/posebuster/sdf/5jkv/gnina/ligand_24.sdf,,0,True,True,True,True,True,True,True,True,True,True,True,True,True,True,True,True,True,True,True,True,True
/mnt/tank/scratch/okonovalova/AffiTox/analysis/excluding_2z5x_3mjg/tables/posebuster/sdf/5jkv/gnina/ligand_250.sdf,,0,True,True,True,True,True,True,True,True,True,True,True,True,True,True,True,True,True,True,True,True,True
/mnt/tank/scratch/okonovalova/AffiTox/analysis/excluding_2z5x_3mjg/tables/posebuster/sdf/5jkv/gnina/ligand_247.sdf,,0,True,True,True,True,True,True,True,True,True,True,True,True,True,True,True,True,True,True,True,True,True
/mnt/tank/scratch/okonovalova/AffiTox/analysis/excluding_2z5x_3mjg/tables/posebuster/sdf/5jkv/gnina/ligand_251.sdf,,0,True,True,True,True,True,True,True,True,True,True,True,True,True,True,True,True,True,True,True,True,True
/mnt/tank/scratch/okonovalova/AffiTox/analysis/excluding_2z5x_3mjg/tables/posebuster/sdf/5jkv/gnina/ligand_238.sdf,,0,True,True,True,True,True,True,True,True,True,True,True,True,True,True,True,True,True,True,True,True,True
/mnt/tank/scratch/okonovalova/AffiTox/analysis/excluding_2z5x_3mjg/tables/posebuster/sdf/5jkv/gnina/ligand_236.sdf,,0,True,True,True,True,True,True,True,True,True,True,True,True,True,True,True,True,True,True,True,True,True
/mnt/tank/scratch/okonovalova/AffiTox/analysis/excluding_2z5x_3mjg/tables/posebuster/sdf/5jkv/gnina/ligand_243.sdf,,0,True,True,True,True,True,True,True,True,True,True,True,True,True,True,True,True,True,True,True,True,True
/mnt/tank/scratch/okonovalova/AffiTox/analysis/excluding_2z5x_3mjg/tables/posebuster/sdf/5jkv/gnina/ligand_240.sdf,,0,True,True,True,True,True,True,True,True,True,True,True,True,True,True,True,True,True,True,True,True,True
/mnt/tank/scratch/okonovalova/AffiTox/analysis/excluding_2z5x_3mjg/tables/posebuster/sdf/5jkv/gnina/ligand_253.sdf,,0,True,True,True,True,True,True,True,True,True,True,True,True,True,True,True,True,True,True,True,True,True
/mnt/tank/scratch/okonovalova/AffiTox/analysis/excluding_2z5x_3mjg/tables/posebuster/sdf/5jkv/gnina/ligand_254.sdf,,0,True,True,True,True,True,True,True,True,True,True,True,True,True,True,True,True,True,True,True,True,True
/mnt/tank/scratch/okonovalova/AffiTox/analysis/excluding_2z5x_3mjg/tables/posebuster/sdf/5jkv/gnina/ligand_246.sdf,,0,True,True,True,True,True,True,True,True,True,True,True,True,True,True,True,True,True,True,True,True,True
/mnt/tank/scratch/okonovalova/AffiTox/analysis/excluding_2z5x_3mjg/tables/posebuster/sdf/5jkv/gnina/ligand_244.sdf,,0,True,True,True,True,True,True,True,True,True,True,True,True,True,True,True,True,True,True,True,True,True
/mnt/tank/scratch/okonovalova/AffiTox/analysis/excluding_2z5x_3mjg/tables/posebuster/sdf/5jkv/gnina/ligand_256.sdf,,0,True,True,True,True,True,True,True,True,True,True,True,True,True,True,True,True,True,True,True,True,True
/mnt/tank/scratch/okonovalova/AffiTox/analysis/excluding_2z5x_3mjg/tables/posebuster/sdf/5jkv/gnina/ligand_232.sdf,,0,True,True,True,True,True,True,True,True,True,True,True,True,True,True,True,True,True,True,True,True,True
/mnt/tank/scratch/okonovalova/AffiTox/analysis/excluding_2z5x_3mjg/tables/posebuster/sdf/5jkv/gnina/ligand_258.sdf,,0,True,True,True,True,True,True,True,True,True,True,True,True,True,True,True,True,True,True,True,True,True
/mnt/tank/scratch/okonovalova/AffiTox/analysis/excluding_2z5x_3mjg/tables/posebuster/sdf/5jkv/gnina/ligand_252.sdf,,0,True,True,True,True,True,True,True,True,True,True,True,True,True,True,True,True,True,True,True,True,True
/mnt/tank/scratch/okonovalova/AffiTox/analysis/excluding_2z5x_3mjg/tables/posebuster/sdf/5jkv/gnina/ligand_259.sdf,,0,True,True,True,True,True,True,True,True,True,True,True,True,True,True,True,True,True,True,True,True,True
/mnt/tank/scratch/okonovalova/AffiTox/analysis/excluding_2z5x_3mjg/tables/posebuster/sdf/5jkv/gnina/ligand_255.sdf,,0,True,True,True,True,True,True,True,True,True,True,True,True,True,True,True,True,True,True,True,True,True
/mnt/tank/scratch/okonovalova/AffiTox/analysis/excluding_2z5x_3mjg/tables/posebuster/sdf/5jkv/gnina/ligand_262.sdf,,0,True,True,True,True,True,True,True,True,True,True,True,True,True,True,True,True,True,True,True,True,True
/mnt/tank/scratch/okonovalova/AffiTox/analysis/excluding_2z5x_3mjg/tables/posebuster/sdf/5jkv/gnina/ligand_257.sdf,,0,True,True,True,True,True,True,True,True,True,True,True,True,True,True,True,True,True,True,True,True,True
/mnt/tank/scratch/okonovalova/AffiTox/analysis/excluding_2z5x_3mjg/tables/posebuster/sdf/5jkv/gnina/ligand_249.sdf,,0,True,True,True,True,True,True,True,True,True,True,True,True,True,True,True,True,True,True,True,True,True
/mnt/tank/scratch/okonovalova/AffiTox/analysis/excluding_2z5x_3mjg/tables/posebuster/sdf/5jkv/gnina/ligand_266.sdf,,0,True,True,True,True,True,True,True,True,True,True,True,True,True,True,True,True,True,True,True,True,True
/mnt/tank/scratch/okonovalova/AffiTox/analysis/excluding_2z5x_3mjg/tables/posebuster/sdf/5jkv/gnina/ligand_267.sdf,,0,True,True,True,True,True,True,True,True,True,True,True,True,True,True,True,True,True,True,True,True,True
/mnt/tank/scratch/okonovalova/AffiTox/analysis/excluding_2z5x_3mjg/tables/posebuster/sdf/5jkv/gnina/ligand_25.sdf,,0,True,True,True,True,True,True,True,True,True,True,True,True,True,True,True,True,True,True,True,True,True
/mnt/tank/scratch/okonovalova/AffiTox/analysis/excluding_2z5x_3mjg/tables/posebuster/sdf/5jkv/gnina/ligand_269.sdf,,0,True,True,True,True,True,True,True,True,True,True,True,True,True,True,True,True,True,True,True,True,True
/mnt/tank/scratch/okonovalova/AffiTox/analysis/excluding_2z5x_3mjg/tables/posebuster/sdf/5jkv/gnina/ligand_268.sdf,,0,True,True,True,True,True,True,True,True,True,True,True,True,True,True,True,True,True,True,True,True,True
/mnt/tank/scratch/okonovalova/AffiTox/analysis/excluding_2z5x_3mjg/tables/posebuster/sdf/5jkv/gnina/ligand_271.sdf,,0,True,True,True,True,True,True,True,True,True,True,True,True,True,True,True,True,True,True,True,True,True
/mnt/tank/scratch/okonovalova/AffiTox/analysis/excluding_2z5x_3mjg/tables/posebuster/sdf/5jkv/gnina/ligand_261.sdf,,0,True,True,True,True,True,True,True,True,True,True,True,True,True,True,True,True,True,True,True,True,True
/mnt/tank/scratch/okonovalova/AffiTox/analysis/excluding_2z5x_3mjg/tables/posebuster/sdf/5jkv/gnina/ligand_270.sdf,,0,True,True,True,True,True,True,True,True,True,True,True,True,True,True,True,True,True,True,True,True,True
/mnt/tank/scratch/okonovalova/AffiTox/analysis/excluding_2z5x_3mjg/tables/posebuster/sdf/5jkv/gnina/ligand_265.sdf,,0,True,True,True,True,True,True,True,True,True,True,True,True,True,True,True,True,True,True,True,True,True
/mnt/tank/scratch/okonovalova/AffiTox/analysis/excluding_2z5x_3mjg/tables/posebuster/sdf/5jkv/gnina/ligand_263.sdf,,0,True,True,True,True,True,True,True,True,True,True,True,True,True,True,True,True,True,True,True,True,True
/mnt/tank/scratch/okonovalova/AffiTox/analysis/excluding_2z5x_3mjg/tables/posebuster/sdf/5jkv/gnina/ligand_264.sdf,,0,True,True,True,True,True,True,True,True,True,True,True,True,True,True,True,True,True,True,True,True,True
/mnt/tank/scratch/okonovalova/AffiTox/analysis/excluding_2z5x_3mjg/tables/posebuster/sdf/5jkv/gnina/ligand_26.sdf,,0,True,True,True,True,True,True,True,True,True,True,True,True,True,True,True,True,True,True,True,True,True
/mnt/tank/scratch/okonovalova/AffiTox/analysis/excluding_2z5x_3mjg/tables/posebuster/sdf/5jkv/gnina/ligand_260.sdf,,0,True,True,True,True,True,True,True,True,True,True,True,True,True,True,True,True,True,True,True,True,True
/mnt/tank/scratch/okonovalova/AffiTox/analysis/excluding_2z5x_3mjg/tables/posebuster/sdf/5jkv/gnina/ligand_275.sdf,,0,True,True,True,True,True,True,True,True,True,True,True,True,True,True,True,True,True,True,True,True,True
/mnt/tank/scratch/okonovalova/AffiTox/analysis/excluding_2z5x_3mjg/tables/posebuster/sdf/5jkv/gnina/ligand_276.sdf,,0,True,True,True,True,True,True,True,True,True,True,True,True,True,True,True,True,True,True,True,True,True
/mnt/tank/scratch/okonovalova/AffiTox/analysis/excluding_2z5x_3mjg/tables/posebuster/sdf/5jkv/gnina/ligand_272.sdf,,0,True,True,True,True,True,True,True,True,True,True,True,True,True,True,True,True,True,True,True,True,True
/mnt/tank/scratch/okonovalova/AffiTox/analysis/excluding_2z5x_3mjg/tables/posebuster/sdf/5jkv/gnina/ligand_273.sdf,,0,True,True,True,True,True,True,True,True,True,True,True,True,True,True,True,True,True,True,True,True,True
/mnt/tank/scratch/okonovalova/AffiTox/analysis/excluding_2z5x_3mjg/tables/posebuster/sdf/5jkv/gnina/ligand_274.sdf,,0,True,True,True,True,True,True,True,True,True,True,True,True,True,True,True,True,True,True,True,True,True
/mnt/tank/scratch/okonovalova/AffiTox/analysis/excluding_2z5x_3mjg/tables/posebuster/sdf/5jkv/gnina/ligand_278.sdf,,0,True,True,True,True,True,True,True,True,True,True,True,True,True,True,True,True,True,True,True,True,True
/mnt/tank/scratch/okonovalova/AffiTox/analysis/excluding_2z5x_3mjg/tables/posebuster/sdf/5jkv/gnina/ligand_27.sdf,,0,True,True,True,True,True,True,True,True,True,True,True,True,True,True,True,True,True,True,True,True,True
/mnt/tank/scratch/okonovalova/AffiTox/analysis/excluding_2z5x_3mjg/tables/posebuster/sdf/5jkv/gnina/ligand_279.sdf,,0,True,True,True,True,True,True,True,True,True,True,True,True,True,True,True,True,True,True,True,True,True
/mnt/tank/scratch/okonovalova/AffiTox/analysis/excluding_2z5x_3mjg/tables/posebuster/sdf/5jkv/gnina/ligand_277.sdf,,0,True,True,True,True,True,True,True,True,True,True,True,True,True,True,True,True,True,True,True,True,True
/mnt/tank/scratch/okonovalova/AffiTox/analysis/excluding_2z5x_3mjg/tables/posebuster/sdf/5jkv/gnina/ligand_280.sdf,,0,True,True,True,True,True,True,True,True,True,True,True,True,True,True,True,True,True,True,True,True,True
/mnt/tank/scratch/okonovalova/AffiTox/analysis/excluding_2z5x_3mjg/tables/posebuster/sdf/5jkv/gnina/ligand_294.sdf,,0,True,True,True,True,True,True,True,True,True,True,True,True,True,True,True,True,True,True,True,True,True
/mnt/tank/scratch/okonovalova/AffiTox/analysis/excluding_2z5x_3mjg/tables/posebuster/sdf/5jkv/gnina/ligand_283.sdf,,0,True,True,True,True,True,True,True,True,True,True,True,True,True,True,True,True,True,True,True,True,True
/mnt/tank/scratch/okonovalova/AffiTox/analysis/excluding_2z5x_3mjg/tables/posebuster/sdf/5jkv/gnina/ligand_293.sdf,,0,True,True,True,True,True,True,True,True,True,True,True,True,True,True,True,True,True,True,True,True,True
/mnt/tank/scratch/okonovalova/AffiTox/analysis/excluding_2z5x_3mjg/tables/posebuster/sdf/5jkv/gnina/ligand_295.sdf,,0,True,True,True,True,True,True,True,True,True,True,True,True,True,True,True,True,True,True,True,True,True
/mnt/tank/scratch/okonovalova/AffiTox/analysis/excluding_2z5x_3mjg/tables/posebuster/sdf/5jkv/gnina/ligand_28.sdf,,0,True,True,True,True,True,True,True,True,True,True,True,True,True,True,True,True,True,True,True,True,True
/mnt/tank/scratch/okonovalova/AffiTox/analysis/excluding_2z5x_3mjg/tables/posebuster/sdf/5jkv/gnina/ligand_287.sdf,,0,True,True,True,True,True,True,True,True,True,True,True,True,True,True,True,True,True,True,True,True,True
/mnt/tank/scratch/okonovalova/AffiTox/analysis/excluding_2z5x_3mjg/tables/posebuster/sdf/5jkv/gnina/ligand_282.sdf,,0,True,True,True,True,True,True,True,True,True,True,True,True,True,True,True,True,True,True,True,True,True
/mnt/tank/scratch/okonovalova/AffiTox/analysis/excluding_2z5x_3mjg/tables/posebuster/sdf/5jkv/gnina/ligand_281.sdf,,0,True,True,True,True,True,True,True,True,True,True,True,True,True,True,True,True,True,True,True,True,True
/mnt/tank/scratch/okonovalova/AffiTox/analysis/excluding_2z5x_3mjg/tables/posebuster/sdf/5jkv/gnina/ligand_288.sdf,,0,True,True,True,True,True,True,True,True,True,True,True,True,True,True,True,True,True,True,True,True,True
/mnt/tank/scratch/okonovalova/AffiTox/analysis/excluding_2z5x_3mjg/tables/posebuster/sdf/5jkv/gnina/ligand_285.sdf,,0,True,True,True,True,True,True,True,True,True,True,True,True,True,True,True,True,True,True,True,True,True
/mnt/tank/scratch/okonovalova/AffiTox/analysis/excluding_2z5x_3mjg/tables/posebuster/sdf/5jkv/gnina/ligand_286.sdf,,0,True,True,True,True,True,True,True,True,True,True,True,True,True,True,True,True,True,True,True,True,True
/mnt/tank/scratch/okonovalova/AffiTox/analysis/excluding_2z5x_3mjg/tables/posebuster/sdf/5jkv/gnina/ligand_291.sdf,,0,True,True,True,True,True,True,True,True,True,True,True,True,True,True,True,True,True,True,True,True,True
/mnt/tank/scratch/okonovalova/AffiTox/analysis/excluding_2z5x_3mjg/tables/posebuster/sdf/5jkv/gnina/ligand_292.sdf,,0,True,True,True,True,True,True,True,True,True,True,True,True,True,True,True,True,True,True,True,True,True
/mnt/tank/scratch/okonovalova/AffiTox/analysis/excluding_2z5x_3mjg/tables/posebuster/sdf/5jkv/gnina/ligand_289.sdf,,0,True,True,True,True,True,True,True,True,True,True,True,True,True,True,True,True,True,True,True,True,True
/mnt/tank/scratch/okonovalova/AffiTox/analysis/excluding_2z5x_3mjg/tables/posebuster/sdf/5jkv/gnina/ligand_284.sdf,,0,True,True,True,True,True,True,True,True,True,True,True,True,True,True,True,True,True,True,True,True,True
/mnt/tank/scratch/okonovalova/AffiTox/analysis/excluding_2z5x_3mjg/tables/posebuster/sdf/5jkv/gnina/ligand_290.sdf,,0,True,True,True,True,True,True,True,True,True,True,True,True,True,True,True,True,True,True,True,True,True
/mnt/tank/scratch/okonovalova/AffiTox/analysis/excluding_2z5x_3mjg/tables/posebuster/sdf/5jkv/gnina/ligand_296.sdf,,0,True,True,True,True,True,True,True,True,True,True,True,True,True,True,True,True,True,True,True,True,True
/mnt/tank/scratch/okonovalova/AffiTox/analysis/excluding_2z5x_3mjg/tables/posebuster/sdf/5jkv/gnina/ligand_2.sdf,,0,True,True,True,True,True,True,True,True,True,True,True,True,True,True,True,True,True,True,True,True,True
/mnt/tank/scratch/okonovalova/AffiTox/analysis/excluding_2z5x_3mjg/tables/posebuster/sdf/5jkv/gnina/ligand_298.sdf,,0,True,True,True,True,True,True,True,True,True,True,True,True,True,True,True,True,True,True,True,True,True
/mnt/tank/scratch/okonovalova/AffiTox/analysis/excluding_2z5x_3mjg/tables/posebuster/sdf/5jkv/gnina/ligand_29.sdf,,0,True,True,True,True,True,True,True,True,True,True,True,True,True,True,True,True,True,True,True,True,True
/mnt/tank/scratch/okonovalova/AffiTox/analysis/excluding_2z5x_3mjg/tables/posebuster/sdf/5jkv/gnina/ligand_306.sdf,,0,True,True,True,True,True,True,True,True,True,True,True,True,True,True,True,True,True,True,True,True,True
/mnt/tank/scratch/okonovalova/AffiTox/analysis/excluding_2z5x_3mjg/tables/posebuster/sdf/5jkv/gnina/ligand_305.sdf,,0,True,True,True,True,True,True,True,True,True,True,True,True,True,True,True,True,True,True,True,True,True
/mnt/tank/scratch/okonovalova/AffiTox/analysis/excluding_2z5x_3mjg/tables/posebuster/sdf/5jkv/gnina/ligand_303.sdf,,0,True,True,True,True,True,True,True,True,True,True,True,True,True,True,True,True,True,True,True,True,True
/mnt/tank/scratch/okonovalova/AffiTox/analysis/excluding_2z5x_3mjg/tables/posebuster/sdf/5jkv/gnina/ligand_309.sdf,,0,True,True,True,True,True,True,True,True,True,True,True,True,True,True,True,True,True,True,True,True,True
/mnt/tank/scratch/okonovalova/AffiTox/analysis/excluding_2z5x_3mjg/tables/posebuster/sdf/5jkv/gnina/ligand_311.sdf,,0,True,True,True,True,True,True,True,True,True,True,True,True,True,True,True,True,True,True,True,True,True
/mnt/tank/scratch/okonovalova/AffiTox/analysis/excluding_2z5x_3mjg/tables/posebuster/sdf/5jkv/gnina/ligand_299.sdf,,0,True,True,True,True,True,True,True,True,True,True,True,True,True,True,True,True,True,True,True,True,True
/mnt/tank/scratch/okonovalova/AffiTox/analysis/excluding_2z5x_3mjg/tables/posebuster/sdf/5jkv/gnina/ligand_297.sdf,,0,True,True,True,True,True,True,True,True,True,True,True,True,True,True,True,True,True,True,True,True,True
/mnt/tank/scratch/okonovalova/AffiTox/analysis/excluding_2z5x_3mjg/tables/posebuster/sdf/5jkv/gnina/ligand_307.sdf,,0,True,True,True,True,True,True,True,True,True,True,True,True,True,True,True,True,True,True,True,True,True
/mnt/tank/scratch/okonovalova/AffiTox/analysis/excluding_2z5x_3mjg/tables/posebuster/sdf/5jkv/gnina/ligand_300.sdf,,0,True,True,True,True,True,True,True,True,True,True,True,True,True,True,True,True,True,True,True,True,True
/mnt/tank/scratch/okonovalova/AffiTox/analysis/excluding_2z5x_3mjg/tables/posebuster/sdf/5jkv/gnina/ligand_302.sdf,,0,True,True,True,True,True,True,True,True,True,True,True,True,True,True,True,True,True,True,True,True,True
/mnt/tank/scratch/okonovalova/AffiTox/analysis/excluding_2z5x_3mjg/tables/posebuster/sdf/5jkv/gnina/ligand_30.sdf,,0,True,True,True,True,True,True,True,True,True,True,True,True,True,True,True,True,True,True,True,True,True
/mnt/tank/scratch/okonovalova/AffiTox/analysis/excluding_2z5x_3mjg/tables/posebuster/sdf/5jkv/gnina/ligand_315.sdf,,0,True,True,True,True,True,True,True,True,True,True,True,True,True,True,True,True,True,True,True,True,True
/mnt/tank/scratch/okonovalova/AffiTox/analysis/excluding_2z5x_3mjg/tables/posebuster/sdf/5jkv/gnina/ligand_301.sdf,,0,True,True,True,True,True,True,True,True,True,True,True,True,True,True,True,True,True,True,True,True,True
/mnt/tank/scratch/okonovalova/AffiTox/analysis/excluding_2z5x_3mjg/tables/posebuster/sdf/5jkv/gnina/ligand_304.sdf,,0,True,True,True,True,True,True,True,True,True,True,True,True,True,True,True,True,True,True,True,True,True
/mnt/tank/scratch/okonovalova/AffiTox/analysis/excluding_2z5x_3mjg/tables/posebuster/sdf/5jkv/gnina/ligand_312.sdf,,0,True,True,True,True,True,True,True,True,True,True,True,True,True,True,True,True,True,True,True,True,True
/mnt/tank/scratch/okonovalova/AffiTox/analysis/excluding_2z5x_3mjg/tables/posebuster/sdf/5jkv/gnina/ligand_313.sdf,,0,True,True,True,True,True,True,True,True,True,True,True,True,True,True,True,True,True,True,True,True,True
/mnt/tank/scratch/okonovalova/AffiTox/analysis/excluding_2z5x_3mjg/tables/posebuster/sdf/5jkv/gnina/ligand_316.sdf,,0,True,True,True,True,True,True,True,True,True,True,True,True,True,True,True,True,True,True,True,True,True
/mnt/tank/scratch/okonovalova/AffiTox/analysis/excluding_2z5x_3mjg/tables/posebuster/sdf/5jkv/gnina/ligand_317.sdf,,0,True,True,True,True,True,True,True,True,True,True,True,True,True,True,True,True,True,True,True,True,True
/mnt/tank/scratch/okonovalova/AffiTox/analysis/excluding_2z5x_3mjg/tables/posebuster/sdf/5jkv/gnina/ligand_310.sdf,,0,True,True,True,True,True,True,True,True,True,True,True,True,True,True,True,True,True,True,True,True,True
/mnt/tank/scratch/okonovalova/AffiTox/analysis/excluding_2z5x_3mjg/tables/posebuster/sdf/5jkv/gnina/ligand_308.sdf,,0,True,True,True,True,True,True,True,True,True,True,True,True,True,True,True,True,True,True,True,True,True
/mnt/tank/scratch/okonovalova/AffiTox/analysis/excluding_2z5x_3mjg/tables/posebuster/sdf/5jkv/gnina/ligand_314.sdf,,0,True,True,True,True,True,True,True,True,True,True,True,True,True,True,True,True,True,True,True,True,True
/mnt/tank/scratch/okonovalova/AffiTox/analysis/excluding_2z5x_3mjg/tables/posebuster/sdf/5jkv/gnina/ligand_31.sdf,,0,True,True,True,True,True,True,True,True,True,True,True,True,True,True,True,True,True,True,True,True,True
/mnt/tank/scratch/okonovalova/AffiTox/analysis/excluding_2z5x_3mjg/tables/posebuster/sdf/5jkv/gnina/ligand_319.sdf,,0,True,True,True,True,True,True,True,True,True,True,True,True,True,True,True,True,True,True,True,True,True
/mnt/tank/scratch/okonovalova/AffiTox/analysis/excluding_2z5x_3mjg/tables/posebuster/sdf/5jkv/gnina/ligand_324.sdf,,0,True,True,True,True,True,True,True,True,True,True,True,True,True,True,True,True,True,True,True,True,True
/mnt/tank/scratch/okonovalova/AffiTox/analysis/excluding_2z5x_3mjg/tables/posebuster/sdf/5jkv/gnina/ligand_328.sdf,,0,True,True,True,True,True,True,True,True,True,True,True,True,True,True,True,True,True,True,True,True,True
/mnt/tank/scratch/okonovalova/AffiTox/analysis/excluding_2z5x_3mjg/tables/posebuster/sdf/5jkv/gnina/ligand_318.sdf,,0,True,True,True,True,True,True,True,True,True,True,True,True,True,True,True,True,True,True,True,True,True
/mnt/tank/scratch/okonovalova/AffiTox/analysis/excluding_2z5x_3mjg/tables/posebuster/sdf/5jkv/gnina/ligand_330.sdf,,0,True,True,True,True,True,True,True,True,True,True,True,True,True,True,True,True,True,True,True,True,True
/mnt/tank/scratch/okonovalova/AffiTox/analysis/excluding_2z5x_3mjg/tables/posebuster/sdf/5jkv/gnina/ligand_32.sdf,,0,True,True,True,True,True,True,True,True,True,True,True,True,True,True,True,True,True,True,True,True,True
/mnt/tank/scratch/okonovalova/AffiTox/analysis/excluding_2z5x_3mjg/tables/posebuster/sdf/5jkv/gnina/ligand_329.sdf,,0,True,True,True,True,True,True,True,True,True,True,True,True,True,True,True,True,True,True,True,True,True
/mnt/tank/scratch/okonovalova/AffiTox/analysis/excluding_2z5x_3mjg/tables/posebuster/sdf/5jkv/gnina/ligand_322.sdf,,0,True,True,True,True,True,True,True,True,True,True,True,True,True,True,True,True,True,True,True,True,True
/mnt/tank/scratch/okonovalova/AffiTox/analysis/excluding_2z5x_3mjg/tables/posebuster/sdf/5jkv/gnina/ligand_323.sdf,,0,True,True,True,True,True,True,True,True,True,True,True,True,True,True,True,True,True,True,True,True,True
/mnt/tank/scratch/okonovalova/AffiTox/analysis/excluding_2z5x_3mjg/tables/posebuster/sdf/5jkv/gnina/ligand_321.sdf,,0,True,True,True,True,True,True,True,True,True,True,True,True,True,True,True,True,True,True,True,True,True
/mnt/tank/scratch/okonovalova/AffiTox/analysis/excluding_2z5x_3mjg/tables/posebuster/sdf/5jkv/gnina/ligand_320.sdf,,0,True,True,True,True,True,True,True,True,True,True,True,True,True,True,True,True,True,True,True,True,True
/mnt/tank/scratch/okonovalova/AffiTox/analysis/excluding_2z5x_3mjg/tables/posebuster/sdf/5jkv/gnina/ligand_333.sdf,,0,True,True,True,True,True,True,True,True,True,True,True,True,True,True,True,True,True,True,True,True,True
/mnt/tank/scratch/okonovalova/AffiTox/analysis/excluding_2z5x_3mjg/tables/posebuster/sdf/5jkv/gnina/ligand_325.sdf,,0,True,True,True,True,True,True,True,True,True,True,True,True,True,True,True,True,True,True,True,True,True
/mnt/tank/scratch/okonovalova/AffiTox/analysis/excluding_2z5x_3mjg/tables/posebuster/sdf/5jkv/gnina/ligand_331.sdf,,0,True,True,True,True,True,True,True,True,True,True,True,True,True,True,True,True,True,True,True,True,True
/mnt/tank/scratch/okonovalova/AffiTox/analysis/excluding_2z5x_3mjg/tables/posebuster/sdf/5jkv/gnina/ligand_332.sdf,,0,True,True,True,True,True,True,True,True,True,True,True,True,True,True,True,True,True,True,True,True,True
/mnt/tank/scratch/okonovalova/AffiTox/analysis/excluding_2z5x_3mjg/tables/posebuster/sdf/5jkv/gnina/ligand_326.sdf,,0,True,True,True,True,True,True,True,True,True,True,True,True,True,True,True,True,True,True,True,True,True
/mnt/tank/scratch/okonovalova/AffiTox/analysis/excluding_2z5x_3mjg/tables/posebuster/sdf/5jkv/gnina/ligand_335.sdf,,0,True,True,True,True,True,True,True,True,True,True,True,True,True,True,True,True,True,True,True,True,True
/mnt/tank/scratch/okonovalova/AffiTox/analysis/excluding_2z5x_3mjg/tables/posebuster/sdf/5jkv/gnina/ligand_336.sdf,,0,True,True,True,True,True,True,True,True,True,True,True,True,True,True,True,True,True,True,True,True,True
/mnt/tank/scratch/okonovalova/AffiTox/analysis/excluding_2z5x_3mjg/tables/posebuster/sdf/5jkv/gnina/ligand_339.sdf,,0,True,True,True,True,True,True,True,True,True,True,True,True,True,True,True,True,True,True,True,True,True
/mnt/tank/scratch/okonovalova/AffiTox/analysis/excluding_2z5x_3mjg/tables/posebuster/sdf/5jkv/gnina/ligand_327.sdf,,0,True,True,True,True,True,True,True,True,True,True,True,True,True,True,True,True,True,True,True,True,True
/mnt/tank/scratch/okonovalova/AffiTox/analysis/excluding_2z5x_3mjg/tables/posebuster/sdf/5jkv/gnina/ligand_334.sdf,,0,True,True,True,True,True,True,True,True,True,True,True,True,True,True,True,True,True,True,True,True,True
/mnt/tank/scratch/okonovalova/AffiTox/analysis/excluding_2z5x_3mjg/tables/posebuster/sdf/5jkv/gnina/ligand_338.sdf,,0,True,True,True,True,True,True,True,True,True,True,True,True,True,True,True,True,True,True,True,True,True
/mnt/tank/scratch/okonovalova/AffiTox/analysis/excluding_2z5x_3mjg/tables/posebuster/sdf/5jkv/gnina/ligand_337.sdf,,0,True,True,True,True,True,True,True,True,True,True,True,True,True,True,True,True,True,True,True,True,True
/mnt/tank/scratch/okonovalova/AffiTox/analysis/excluding_2z5x_3mjg/tables/posebuster/sdf/5jkv/gnina/ligand_340.sdf,,0,True,True,True,True,True,True,True,True,True,True,True,True,True,True,True,True,True,True,True,True,True
/mnt/tank/scratch/okonovalova/AffiTox/analysis/excluding_2z5x_3mjg/tables/posebuster/sdf/5jkv/gnina/ligand_341.sdf,,0,True,True,True,True,True,True,True,True,True,True,True,True,True,True,True,True,True,True,True,True,True
/mnt/tank/scratch/okonovalova/AffiTox/analysis/excluding_2z5x_3mjg/tables/posebuster/sdf/5jkv/gnina/ligand_34.sdf,,0,True,True,True,True,True,True,True,True,True,True,True,True,True,True,True,True,True,True,True,True,True
/mnt/tank/scratch/okonovalova/AffiTox/analysis/excluding_2z5x_3mjg/tables/posebuster/sdf/5jkv/gnina/ligand_342.sdf,,0,True,True,True,True,True,True,True,True,True,True,True,True,True,True,True,True,True,True,True,True,True
/mnt/tank/scratch/okonovalova/AffiTox/analysis/excluding_2z5x_3mjg/tables/posebuster/sdf/5jkv/gnina/ligand_347.sdf,,0,True,True,True,True,True,True,True,True,True,True,True,True,True,True,True,True,True,True,True,True,True
/mnt/tank/scratch/okonovalova/AffiTox/analysis/excluding_2z5x_3mjg/tables/posebuster/sdf/5jkv/gnina/ligand_346.sdf,,0,True,True,True,True,True,True,True,True,True,True,True,True,True,True,True,True,True,True,True,True,True
/mnt/tank/scratch/okonovalova/AffiTox/analysis/excluding_2z5x_3mjg/tables/posebuster/sdf/5jkv/gnina/ligand_349.sdf,,0,True,True,True,True,True,True,True,True,True,True,True,True,True,True,True,True,True,True,True,True,True
/mnt/tank/scratch/okonovalova/AffiTox/analysis/excluding_2z5x_3mjg/tables/posebuster/sdf/5jkv/gnina/ligand_344.sdf,,0,True,True,True,True,True,True,True,True,True,True,True,True,True,True,True,True,True,True,True,True,True
/mnt/tank/scratch/okonovalova/AffiTox/analysis/excluding_2z5x_3mjg/tables/posebuster/sdf/5jkv/gnina/ligand_343.sdf,,0,True,True,True,True,True,True,True,True,True,True,True,True,True,True,True,True,True,True,True,True,True
/mnt/tank/scratch/okonovalova/AffiTox/analysis/excluding_2z5x_3mjg/tables/posebuster/sdf/5jkv/gnina/ligand_348.sdf,,0,True,True,True,True,True,True,True,True,True,True,True,True,True,True,True,True,True,True,True,True,True
/mnt/tank/scratch/okonovalova/AffiTox/analysis/excluding_2z5x_3mjg/tables/posebuster/sdf/5jkv/gnina/ligand_350.sdf,,0,True,True,True,True,True,True,True,True,True,True,True,False,True,True,True,True,True,True,True,True,True
/mnt/tank/scratch/okonovalova/AffiTox/analysis/excluding_2z5x_3mjg/tables/posebuster/sdf/5jkv/gnina/ligand_351.sdf,,0,True,True,True,True,True,True,True,True,True,True,True,True,True,True,True,True,True,True,True,True,True
/mnt/tank/scratch/okonovalova/AffiTox/analysis/excluding_2z5x_3mjg/tables/posebuster/sdf/5jkv/gnina/ligand_352.sdf,,0,True,True,True,True,True,True,True,True,True,True,True,True,True,True,True,True,True,True,True,True,True
/mnt/tank/scratch/okonovalova/AffiTox/analysis/excluding_2z5x_3mjg/tables/posebuster/sdf/5jkv/gnina/ligand_345.sdf,,0,True,True,True,True,True,True,True,True,True,True,True,True,True,True,True,True,True,True,True,True,True
/mnt/tank/scratch/okonovalova/AffiTox/analysis/excluding_2z5x_3mjg/tables/posebuster/sdf/5jkv/gnina/ligand_353.sdf,,0,True,True,True,True,True,True,True,True,True,True,True,True,True,True,True,True,True,True,True,True,True
/mnt/tank/scratch/okonovalova/AffiTox/analysis/excluding_2z5x_3mjg/tables/posebuster/sdf/5jkv/gnina/ligand_357.sdf,,0,True,True,True,True,True,True,True,True,True,True,True,True,True,True,True,True,True,True,True,True,True
/mnt/tank/scratch/okonovalova/AffiTox/analysis/excluding_2z5x_3mjg/tables/posebuster/sdf/5jkv/gnina/ligand_355.sdf,,0,True,True,True,True,True,True,True,True,True,True,True,True,True,True,True,True,True,True,True,True,True
/mnt/tank/scratch/okonovalova/AffiTox/analysis/excluding_2z5x_3mjg/tables/posebuster/sdf/5jkv/gnina/ligand_358.sdf,,0,True,True,True,True,True,True,True,True,True,True,True,True,True,True,True,True,True,True,True,True,True
/mnt/tank/scratch/okonovalova/AffiTox/analysis/excluding_2z5x_3mjg/tables/posebuster/sdf/5jkv/gnina/ligand_356.sdf,,0,True,True,True,True,True,True,True,True,True,True,True,True,True,True,True,True,True,True,True,True,True
/mnt/tank/scratch/okonovalova/AffiTox/analysis/excluding_2z5x_3mjg/tables/posebuster/sdf/5jkv/gnina/ligand_354.sdf,,0,True,True,True,True,True,True,True,True,True,True,True,True,True,True,True,True,True,True,True,True,True
/mnt/tank/scratch/okonovalova/AffiTox/analysis/excluding_2z5x_3mjg/tables/posebuster/sdf/5jkv/gnina/ligand_359.sdf,,0,True,True,True,True,True,True,True,True,True,True,True,True,True,True,True,True,True,True,True,True,True
/mnt/tank/scratch/okonovalova/AffiTox/analysis/excluding_2z5x_3mjg/tables/posebuster/sdf/5jkv/gnina/ligand_35.sdf,,0,True,True,True,True,True,True,True,True,True,True,True,True,True,True,True,True,True,True,True,True,True
/mnt/tank/scratch/okonovalova/AffiTox/analysis/excluding_2z5x_3mjg/tables/posebuster/sdf/5jkv/gnina/ligand_361.sdf,,0,True,True,True,True,True,True,True,True,True,True,True,True,True,True,True,True,True,True,True,True,True
/mnt/tank/scratch/okonovalova/AffiTox/analysis/excluding_2z5x_3mjg/tables/posebuster/sdf/5jkv/gnina/ligand_360.sdf,,0,True,True,True,True,True,True,True,True,True,True,True,True,True,True,True,True,True,True,True,True,True
/mnt/tank/scratch/okonovalova/AffiTox/analysis/excluding_2z5x_3mjg/tables/posebuster/sdf/5jkv/gnina/ligand_362.sdf,,0,True,True,True,True,True,True,True,True,True,True,True,True,True,True,True,True,True,True,True,True,True
/mnt/tank/scratch/okonovalova/AffiTox/analysis/excluding_2z5x_3mjg/tables/posebuster/sdf/5jkv/gnina/ligand_363.sdf,,0,True,True,True,True,True,True,True,True,True,True,True,True,True,True,True,True,True,True,True,True,True
/mnt/tank/scratch/okonovalova/AffiTox/analysis/excluding_2z5x_3mjg/tables/posebuster/sdf/5jkv/gnina/ligand_365.sdf,,0,True,True,True,True,True,True,True,True,True,True,True,True,True,True,True,True,True,True,True,True,True
/mnt/tank/scratch/okonovalova/AffiTox/analysis/excluding_2z5x_3mjg/tables/posebuster/sdf/5jkv/gnina/ligand_36.sdf,,0,True,True,True,True,True,True,True,True,True,True,True,True,True,True,True,True,True,True,True,True,True
/mnt/tank/scratch/okonovalova/AffiTox/analysis/excluding_2z5x_3mjg/tables/posebuster/sdf/5jkv/gnina/ligand_369.sdf,,0,True,True,True,True,True,True,True,True,True,True,True,True,True,True,True,True,True,True,True,True,True
/mnt/tank/scratch/okonovalova/AffiTox/analysis/excluding_2z5x_3mjg/tables/posebuster/sdf/5jkv/gnina/ligand_364.sdf,,0,True,True,True,True,True,True,True,True,True,True,True,True,True,True,True,True,True,True,True,True,True
/mnt/tank/scratch/okonovalova/AffiTox/analysis/excluding_2z5x_3mjg/tables/posebuster/sdf/5jkv/gnina/ligand_366.sdf,,0,True,True,True,True,True,True,True,True,True,True,True,True,True,True,True,True,True,True,True,True,True
/mnt/tank/scratch/okonovalova/AffiTox/analysis/excluding_2z5x_3mjg/tables/posebuster/sdf/5jkv/gnina/ligand_368.sdf,,0,True,True,True,True,True,True,True,True,True,True,True,True,True,True,True,True,True,True,True,True,True
/mnt/tank/scratch/okonovalova/AffiTox/analysis/excluding_2z5x_3mjg/tables/posebuster/sdf/5jkv/gnina/ligand_367.sdf,,0,True,True,True,True,True,True,True,True,True,True,True,True,True,True,True,True,True,True,True,True,True
/mnt/tank/scratch/okonovalova/AffiTox/analysis/excluding_2z5x_3mjg/tables/posebuster/sdf/5jkv/gnina/ligand_371.sdf,,0,True,True,True,True,True,True,True,True,True,True,True,True,True,True,True,True,True,True,True,True,True
/mnt/tank/scratch/okonovalova/AffiTox/analysis/excluding_2z5x_3mjg/tables/posebuster/sdf/5jkv/gnina/ligand_370.sdf,,0,True,True,True,True,True,True,True,True,True,True,True,True,True,True,True,True,True,True,True,True,True
/mnt/tank/scratch/okonovalova/AffiTox/analysis/excluding_2z5x_3mjg/tables/posebuster/sdf/5jkv/gnina/ligand_37.sdf,,0,True,True,True,True,True,True,True,True,True,True,True,True,True,True,True,True,True,True,True,True,True
/mnt/tank/scratch/okonovalova/AffiTox/analysis/excluding_2z5x_3mjg/tables/posebuster/sdf/5jkv/gnina/ligand_383.sdf,,0,True,True,True,True,True,True,True,True,True,True,True,True,True,True,True,True,True,True,True,True,True
/mnt/tank/scratch/okonovalova/AffiTox/analysis/excluding_2z5x_3mjg/tables/posebuster/sdf/5jkv/gnina/ligand_377.sdf,,0,True,True,True,True,True,True,True,True,True,True,True,True,True,True,True,True,True,True,True,True,True
/mnt/tank/scratch/okonovalova/AffiTox/analysis/excluding_2z5x_3mjg/tables/posebuster/sdf/5jkv/gnina/ligand_379.sdf,,0,True,True,True,True,True,True,True,True,True,True,True,True,True,True,True,True,True,True,True,True,True
/mnt/tank/scratch/okonovalova/AffiTox/analysis/excluding_2z5x_3mjg/tables/posebuster/sdf/5jkv/gnina/ligand_373.sdf,,0,True,True,True,True,True,True,True,True,True,True,True,True,True,True,True,True,True,True,True,True,True
/mnt/tank/scratch/okonovalova/AffiTox/analysis/excluding_2z5x_3mjg/tables/posebuster/sdf/5jkv/gnina/ligand_376.sdf,,0,True,True,True,True,True,True,True,True,True,True,True,True,True,True,True,True,True,True,True,True,True
/mnt/tank/scratch/okonovalova/AffiTox/analysis/excluding_2z5x_3mjg/tables/posebuster/sdf/5jkv/gnina/ligand_374.sdf,,0,True,True,True,True,True,True,True,True,True,True,True,True,True,True,True,True,True,True,True,True,True
/mnt/tank/scratch/okonovalova/AffiTox/analysis/excluding_2z5x_3mjg/tables/posebuster/sdf/5jkv/gnina/ligand_386.sdf,,0,True,True,True,True,True,True,True,True,True,True,True,True,True,True,True,True,True,True,True,True,True
/mnt/tank/scratch/okonovalova/AffiTox/analysis/excluding_2z5x_3mjg/tables/posebuster/sdf/5jkv/gnina/ligand_378.sdf,,0,True,True,True,True,True,True,True,True,True,True,True,True,True,True,True,True,True,True,True,True,True
/mnt/tank/scratch/okonovalova/AffiTox/analysis/excluding_2z5x_3mjg/tables/posebuster/sdf/5jkv/gnina/ligand_375.sdf,,0,True,True,True,True,True,True,True,True,True,True,True,True,True,True,True,True,True,True,True,True,True
/mnt/tank/scratch/okonovalova/AffiTox/analysis/excluding_2z5x_3mjg/tables/posebuster/sdf/5jkv/gnina/ligand_384.sdf,,0,True,True,True,True,True,True,True,True,True,True,True,True,True,True,True,True,True,True,True,True,True
/mnt/tank/scratch/okonovalova/AffiTox/analysis/excluding_2z5x_3mjg/tables/posebuster/sdf/5jkv/gnina/ligand_372.sdf,,0,True,True,True,True,True,True,True,True,True,True,True,True,True,True,True,True,True,True,True,True,True
/mnt/tank/scratch/okonovalova/AffiTox/analysis/excluding_2z5x_3mjg/tables/posebuster/sdf/5jkv/gnina/ligand_381.sdf,,0,True,True,True,True,True,True,True,True,True,True,True,True,True,True,True,True,True,True,True,True,True
/mnt/tank/scratch/okonovalova/AffiTox/analysis/excluding_2z5x_3mjg/tables/posebuster/sdf/5jkv/gnina/ligand_380.sdf,,0,True,True,True,True,True,True,True,True,True,True,True,True,True,True,True,True,True,True,True,True,True
/mnt/tank/scratch/okonovalova/AffiTox/analysis/excluding_2z5x_3mjg/tables/posebuster/sdf/5jkv/gnina/ligand_382.sdf,,0,True,True,True,True,True,True,True,True,True,True,True,True,True,True,True,True,True,True,True,True,True
/mnt/tank/scratch/okonovalova/AffiTox/analysis/excluding_2z5x_3mjg/tables/posebuster/sdf/5jkv/gnina/ligand_385.sdf,,0,True,True,True,True,True,True,True,True,True,True,True,True,True,True,True,True,True,True,True,True,True
/mnt/tank/scratch/okonovalova/AffiTox/analysis/excluding_2z5x_3mjg/tables/posebuster/sdf/5jkv/gnina/ligand_38.sdf,,0,True,True,True,True,True,True,True,True,True,True,True,True,True,True,True,True,True,True,True,True,True
/mnt/tank/scratch/okonovalova/AffiTox/analysis/excluding_2z5x_3mjg/tables/posebuster/sdf/5jkv/gnina/ligand_396.sdf,,0,True,True,True,True,True,True,True,True,True,True,True,True,True,True,True,True,True,True,True,True,True
/mnt/tank/scratch/okonovalova/AffiTox/analysis/excluding_2z5x_3mjg/tables/posebuster/sdf/5jkv/gnina/ligand_390.sdf,,0,True,True,True,True,True,True,True,True,True,True,True,True,True,True,True,True,True,True,True,True,True
/mnt/tank/scratch/okonovalova/AffiTox/analysis/excluding_2z5x_3mjg/tables/posebuster/sdf/5jkv/gnina/ligand_392.sdf,,0,True,True,True,True,True,True,True,True,True,True,True,True,True,True,True,True,True,True,True,True,True
/mnt/tank/scratch/okonovalova/AffiTox/analysis/excluding_2z5x_3mjg/tables/posebuster/sdf/5jkv/gnina/ligand_391.sdf,,0,True,True,True,True,True,True,True,True,True,True,True,True,True,True,True,True,True,True,True,True,True
/mnt/tank/scratch/okonovalova/AffiTox/analysis/excluding_2z5x_3mjg/tables/posebuster/sdf/5jkv/gnina/ligand_397.sdf,,0,True,True,True,True,True,True,True,True,True,True,True,True,True,True,True,True,True,True,True,True,True
/mnt/tank/scratch/okonovalova/AffiTox/analysis/excluding_2z5x_3mjg/tables/posebuster/sdf/5jkv/gnina/ligand_399.sdf,,0,True,True,True,True,True,True,True,True,True,True,True,True,True,True,True,True,True,True,True,True,True
/mnt/tank/scratch/okonovalova/AffiTox/analysis/excluding_2z5x_3mjg/tables/posebuster/sdf/5jkv/gnina/ligand_398.sdf,,0,True,True,True,True,True,True,True,True,True,True,True,True,True,True,True,True,True,True,True,True,True
/mnt/tank/scratch/okonovalova/AffiTox/analysis/excluding_2z5x_3mjg/tables/posebuster/sdf/5jkv/gnina/ligand_393.sdf,,0,True,True,True,True,True,True,True,True,True,True,True,True,True,True,True,True,True,True,True,True,True
/mnt/tank/scratch/okonovalova/AffiTox/analysis/excluding_2z5x_3mjg/tables/posebuster/sdf/5jkv/gnina/ligand_389.sdf,,0,True,True,True,True,True,True,True,True,True,True,True,True,True,True,True,True,True,True,True,True,True
/mnt/tank/scratch/okonovalova/AffiTox/analysis/excluding_2z5x_3mjg/tables/posebuster/sdf/5jkv/gnina/ligand_388.sdf,,0,True,True,True,True,True,True,True,True,True,True,True,True,True,True,True,True,True,True,True,True,True
/mnt/tank/scratch/okonovalova/AffiTox/analysis/excluding_2z5x_3mjg/tables/posebuster/sdf/5jkv/gnina/ligand_387.sdf,,0,True,True,True,True,True,True,True,True,True,True,True,True,True,True,True,True,True,True,True,True,True
/mnt/tank/scratch/okonovalova/AffiTox/analysis/excluding_2z5x_3mjg/tables/posebuster/sdf/5jkv/gnina/ligand_400.sdf,,0,True,True,True,True,True,True,True,True,True,True,True,True,True,True,True,True,True,True,True,True,True
/mnt/tank/scratch/okonovalova/AffiTox/analysis/excluding_2z5x_3mjg/tables/posebuster/sdf/5jkv/gnina/ligand_403.sdf,,0,True,True,True,True,True,True,True,True,True,True,True,True,True,True,True,True,True,True,True,True,True
/mnt/tank/scratch/okonovalova/AffiTox/analysis/excluding_2z5x_3mjg/tables/posebuster/sdf/5jkv/gnina/ligand_394.sdf,,0,True,True,True,True,True,True,True,True,True,True,True,True,True,True,True,True,True,True,True,True,True
/mnt/tank/scratch/okonovalova/AffiTox/analysis/excluding_2z5x_3mjg/tables/posebuster/sdf/5jkv/gnina/ligand_39.sdf,,0,True,True,True,True,True,True,True,True,True,True,True,True,True,True,True,True,True,True,True,True,True
/mnt/tank/scratch/okonovalova/AffiTox/analysis/excluding_2z5x_3mjg/tables/posebuster/sdf/5jkv/gnina/ligand_3.sdf,,0,True,True,True,True,True,True,True,True,True,True,True,True,True,True,True,True,True,True,True,True,True
/mnt/tank/scratch/okonovalova/AffiTox/analysis/excluding_2z5x_3mjg/tables/posebuster/sdf/5jkv/gnina/ligand_395.sdf,,0,True,True,True,True,True,True,True,True,True,True,True,True,True,True,True,True,True,True,True,True,True
/mnt/tank/scratch/okonovalova/AffiTox/analysis/excluding_2z5x_3mjg/tables/posebuster/sdf/5jkv/gnina/ligand_406.sdf,,0,True,True,True,True,True,True,True,True,True,True,True,True,True,True,True,True,True,True,True,True,True
/mnt/tank/scratch/okonovalova/AffiTox/analysis/excluding_2z5x_3mjg/tables/posebuster/sdf/5jkv/gnina/ligand_402.sdf,,0,True,True,True,True,True,True,True,True,True,True,True,True,True,True,True,True,True,True,True,True,True
/mnt/tank/scratch/okonovalova/AffiTox/analysis/excluding_2z5x_3mjg/tables/posebuster/sdf/5jkv/gnina/ligand_401.sdf,,0,True,True,True,True,True,True,True,True,True,True,True,True,True,True,True,True,True,True,True,True,True
/mnt/tank/scratch/okonovalova/AffiTox/analysis/excluding_2z5x_3mjg/tables/posebuster/sdf/5jkv/gnina/ligand_404.sdf,,0,True,True,True,True,True,True,True,True,True,True,True,True,True,True,True,True,True,True,True,True,True
/mnt/tank/scratch/okonovalova/AffiTox/analysis/excluding_2z5x_3mjg/tables/posebuster/sdf/5jkv/gnina/ligand_40.sdf,,0,True,True,True,True,True,True,True,True,True,True,True,True,True,True,True,True,True,True,True,True,True
/mnt/tank/scratch/okonovalova/AffiTox/analysis/excluding_2z5x_3mjg/tables/posebuster/sdf/5jkv/gnina/ligand_416.sdf,,0,True,True,True,True,True,True,True,True,True,True,True,True,True,True,True,True,True,True,True,True,True
/mnt/tank/scratch/okonovalova/AffiTox/analysis/excluding_2z5x_3mjg/tables/posebuster/sdf/5jkv/gnina/ligand_410.sdf,,0,True,True,True,True,True,True,True,True,True,True,True,True,True,True,True,True,True,True,True,True,True
/mnt/tank/scratch/okonovalova/AffiTox/analysis/excluding_2z5x_3mjg/tables/posebuster/sdf/5jkv/gnina/ligand_418.sdf,,0,True,True,True,True,True,True,True,True,True,True,True,True,True,True,True,True,True,True,True,True,True
/mnt/tank/scratch/okonovalova/AffiTox/analysis/excluding_2z5x_3mjg/tables/posebuster/sdf/5jkv/gnina/ligand_405.sdf,,0,True,True,True,True,True,True,True,True,True,True,True,True,True,True,True,True,True,True,True,True,True
/mnt/tank/scratch/okonovalova/AffiTox/analysis/excluding_2z5x_3mjg/tables/posebuster/sdf/5jkv/gnina/ligand_407.sdf,,0,True,True,True,True,True,True,True,True,True,True,True,True,True,True,True,True,True,True,True,True,True
/mnt/tank/scratch/okonovalova/AffiTox/analysis/excluding_2z5x_3mjg/tables/posebuster/sdf/5jkv/gnina/ligand_414.sdf,,0,True,True,True,True,True,True,True,True,True,True,True,True,True,True,True,True,True,True,True,True,True
/mnt/tank/scratch/okonovalova/AffiTox/analysis/excluding_2z5x_3mjg/tables/posebuster/sdf/5jkv/gnina/ligand_419.sdf,,0,True,True,True,True,True,True,True,True,True,True,True,True,True,True,True,True,True,True,True,True,True
/mnt/tank/scratch/okonovalova/AffiTox/analysis/excluding_2z5x_3mjg/tables/posebuster/sdf/5jkv/gnina/ligand_420.sdf,,0,True,True,True,True,True,True,True,True,True,True,True,True,True,True,True,True,True,True,True,True,True
/mnt/tank/scratch/okonovalova/AffiTox/analysis/excluding_2z5x_3mjg/tables/posebuster/sdf/5jkv/gnina/ligand_408.sdf,,0,True,True,True,True,True,True,True,True,True,True,True,True,True,True,True,True,True,True,True,True,True
/mnt/tank/scratch/okonovalova/AffiTox/analysis/excluding_2z5x_3mjg/tables/posebuster/sdf/5jkv/gnina/ligand_411.sdf,,0,True,True,True,True,True,True,True,True,True,True,True,True,True,True,True,True,True,True,True,True,True
/mnt/tank/scratch/okonovalova/AffiTox/analysis/excluding_2z5x_3mjg/tables/posebuster/sdf/5jkv/gnina/ligand_417.sdf,,0,True,True,True,True,True,True,True,True,True,True,True,True,True,True,True,True,True,True,True,True,True
/mnt/tank/scratch/okonovalova/AffiTox/analysis/excluding_2z5x_3mjg/tables/posebuster/sdf/5jkv/gnina/ligand_413.sdf,,0,True,True,True,True,True,True,True,True,True,True,True,True,True,True,True,True,True,True,True,True,True
/mnt/tank/scratch/okonovalova/AffiTox/analysis/excluding_2z5x_3mjg/tables/posebuster/sdf/5jkv/gnina/ligand_422.sdf,,0,True,True,True,True,True,True,True,True,True,True,True,True,True,True,True,True,True,True,True,True,True
/mnt/tank/scratch/okonovalova/AffiTox/analysis/excluding_2z5x_3mjg/tables/posebuster/sdf/5jkv/gnina/ligand_41.sdf,,0,True,True,True,True,True,True,True,True,True,True,True,True,True,True,True,True,True,True,True,True,True
/mnt/tank/scratch/okonovalova/AffiTox/analysis/excluding_2z5x_3mjg/tables/posebuster/sdf/5jkv/gnina/ligand_415.sdf,,0,True,True,True,True,True,True,True,True,True,True,True,True,True,True,True,True,True,True,True,True,True
/mnt/tank/scratch/okonovalova/AffiTox/analysis/excluding_2z5x_3mjg/tables/posebuster/sdf/5jkv/gnina/ligand_423.sdf,,0,True,True,True,True,True,True,True,True,True,True,True,True,True,True,True,True,True,True,True,True,True
/mnt/tank/scratch/okonovalova/AffiTox/analysis/excluding_2z5x_3mjg/tables/posebuster/sdf/5jkv/gnina/ligand_412.sdf,,0,True,True,True,True,True,True,True,True,True,True,True,True,True,True,True,True,True,True,True,True,True
/mnt/tank/scratch/okonovalova/AffiTox/analysis/excluding_2z5x_3mjg/tables/posebuster/sdf/5jkv/gnina/ligand_409.sdf,,0,True,True,True,True,True,True,True,True,True,True,True,True,True,True,True,True,True,True,True,True,True
/mnt/tank/scratch/okonovalova/AffiTox/analysis/excluding_2z5x_3mjg/tables/posebuster/sdf/5jkv/gnina/ligand_421.sdf,,0,True,True,True,True,True,True,True,True,True,True,True,True,True,True,True,True,True,True,True,True,True
/mnt/tank/scratch/okonovalova/AffiTox/analysis/excluding_2z5x_3mjg/tables/posebuster/sdf/5jkv/gnina/ligand_427.sdf,,0,True,True,True,True,True,True,True,True,True,True,True,True,True,True,True,True,True,True,True,True,True
/mnt/tank/scratch/okonovalova/AffiTox/analysis/excluding_2z5x_3mjg/tables/posebuster/sdf/5jkv/gnina/ligand_428.sdf,,0,True,True,True,True,True,True,True,True,True,True,True,True,True,True,True,True,True,True,True,True,True
/mnt/tank/scratch/okonovalova/AffiTox/analysis/excluding_2z5x_3mjg/tables/posebuster/sdf/5jkv/gnina/ligand_425.sdf,,0,True,True,True,True,True,True,True,True,True,True,True,True,True,True,True,True,True,True,True,True,True
/mnt/tank/scratch/okonovalova/AffiTox/analysis/excluding_2z5x_3mjg/tables/posebuster/sdf/5jkv/gnina/ligand_424.sdf,,0,True,True,True,True,True,True,True,True,True,True,True,True,True,True,True,True,True,True,True,True,True
/mnt/tank/scratch/okonovalova/AffiTox/analysis/excluding_2z5x_3mjg/tables/posebuster/sdf/5jkv/gnina/ligand_426.sdf,,0,True,True,True,True,True,True,True,True,True,True,True,True,True,True,True,True,True,True,True,True,True
/mnt/tank/scratch/okonovalova/AffiTox/analysis/excluding_2z5x_3mjg/tables/posebuster/sdf/5jkv/gnina/ligand_429.sdf,,0,True,True,True,True,True,True,True,True,True,True,True,True,True,True,True,True,True,True,True,True,True
/mnt/tank/scratch/okonovalova/AffiTox/analysis/excluding_2z5x_3mjg/tables/posebuster/sdf/5jkv/gnina/ligand_42.sdf,,0,True,True,True,True,True,True,True,False,True,True,True,True,True,True,True,True,True,True,True,True,True
/mnt/tank/scratch/okonovalova/AffiTox/analysis/excluding_2z5x_3mjg/tables/posebuster/sdf/5jkv/gnina/ligand_430.sdf,,0,True,True,True,True,True,True,True,True,True,True,True,True,True,True,True,True,True,True,True,True,True
/mnt/tank/scratch/okonovalova/AffiTox/analysis/excluding_2z5x_3mjg/tables/posebuster/sdf/5jkv/gnina/ligand_433.sdf,,0,True,True,True,True,True,True,True,True,True,True,True,True,True,True,True,True,True,True,True,True,True
/mnt/tank/scratch/okonovalova/AffiTox/analysis/excluding_2z5x_3mjg/tables/posebuster/sdf/5jkv/gnina/ligand_432.sdf,,0,True,True,True,True,True,True,True,True,True,True,True,True,True,True,True,True,True,True,True,True,True
/mnt/tank/scratch/okonovalova/AffiTox/analysis/excluding_2z5x_3mjg/tables/posebuster/sdf/5jkv/gnina/ligand_438.sdf,,0,True,True,True,True,True,True,True,True,True,True,True,True,True,True,True,True,True,True,True,True,True
/mnt/tank/scratch/okonovalova/AffiTox/analysis/excluding_2z5x_3mjg/tables/posebuster/sdf/5jkv/gnina/ligand_434.sdf,,0,True,True,True,True,True,True,True,True,True,True,True,True,True,True,True,True,True,True,True,True,True
/mnt/tank/scratch/okonovalova/AffiTox/analysis/excluding_2z5x_3mjg/tables/posebuster/sdf/5jkv/gnina/ligand_436.sdf,,0,True,True,True,True,True,True,True,True,True,True,True,True,True,True,True,True,True,True,True,True,True
/mnt/tank/scratch/okonovalova/AffiTox/analysis/excluding_2z5x_3mjg/tables/posebuster/sdf/5jkv/gnina/ligand_43.sdf,,0,True,True,True,True,True,True,True,True,True,True,True,True,True,True,True,True,True,True,True,True,True
/mnt/tank/scratch/okonovalova/AffiTox/analysis/excluding_2z5x_3mjg/tables/posebuster/sdf/5jkv/gnina/ligand_431.sdf,,0,True,True,True,True,True,True,True,True,True,True,True,True,True,True,True,True,True,True,True,True,True
/mnt/tank/scratch/okonovalova/AffiTox/analysis/excluding_2z5x_3mjg/tables/posebuster/sdf/5jkv/gnina/ligand_439.sdf,,0,True,True,True,True,True,True,True,True,True,True,True,True,True,True,True,True,True,True,True,True,True
/mnt/tank/scratch/okonovalova/AffiTox/analysis/excluding_2z5x_3mjg/tables/posebuster/sdf/5jkv/gnina/ligand_440.sdf,,0,True,True,True,True,True,True,True,True,True,True,True,True,True,True,True,True,True,True,True,True,True
/mnt/tank/scratch/okonovalova/AffiTox/analysis/excluding_2z5x_3mjg/tables/posebuster/sdf/5jkv/gnina/ligand_442.sdf,,0,True,True,True,True,True,True,True,True,True,True,True,True,True,True,True,True,True,True,True,True,True
/mnt/tank/scratch/okonovalova/AffiTox/analysis/excluding_2z5x_3mjg/tables/posebuster/sdf/5jkv/gnina/ligand_444.sdf,,0,True,True,True,True,True,True,True,True,True,True,True,True,True,True,True,True,True,True,True,True,True
/mnt/tank/scratch/okonovalova/AffiTox/analysis/excluding_2z5x_3mjg/tables/posebuster/sdf/5jkv/gnina/ligand_435.sdf,,0,True,True,True,True,True,True,True,True,True,True,True,True,True,True,True,True,True,True,True,True,True
/mnt/tank/scratch/okonovalova/AffiTox/analysis/excluding_2z5x_3mjg/tables/posebuster/sdf/5jkv/gnina/ligand_437.sdf,,0,True,True,True,True,True,True,True,True,True,True,True,True,True,True,True,True,True,True,True,True,True
/mnt/tank/scratch/okonovalova/AffiTox/analysis/excluding_2z5x_3mjg/tables/posebuster/sdf/5jkv/gnina/ligand_445.sdf,,0,True,True,True,True,True,True,True,True,True,True,True,True,True,True,True,True,True,True,True,True,True
/mnt/tank/scratch/okonovalova/AffiTox/analysis/excluding_2z5x_3mjg/tables/posebuster/sdf/5jkv/gnina/ligand_44.sdf,,0,True,True,True,True,True,True,True,False,True,True,True,False,True,True,True,True,True,True,True,True,True
/mnt/tank/scratch/okonovalova/AffiTox/analysis/excluding_2z5x_3mjg/tables/posebuster/sdf/5jkv/gnina/ligand_451.sdf,,0,True,True,True,True,True,True,True,True,True,True,True,True,True,True,True,True,True,True,True,True,True
/mnt/tank/scratch/okonovalova/AffiTox/analysis/excluding_2z5x_3mjg/tables/posebuster/sdf/5jkv/gnina/ligand_446.sdf,,0,True,True,True,True,True,True,True,True,True,True,True,True,True,True,True,True,True,True,True,True,True
/mnt/tank/scratch/okonovalova/AffiTox/analysis/excluding_2z5x_3mjg/tables/posebuster/sdf/5jkv/gnina/ligand_452.sdf,,0,True,True,True,True,True,True,True,True,True,True,True,True,True,True,True,True,True,True,True,True,True
/mnt/tank/scratch/okonovalova/AffiTox/analysis/excluding_2z5x_3mjg/tables/posebuster/sdf/5jkv/gnina/ligand_449.sdf,,0,True,True,True,True,True,True,True,True,True,True,True,True,True,True,True,True,True,True,True,True,True
/mnt/tank/scratch/okonovalova/AffiTox/analysis/excluding_2z5x_3mjg/tables/posebuster/sdf/5jkv/gnina/ligand_448.sdf,,0,True,True,True,True,True,True,True,True,True,True,True,True,True,True,True,True,True,True,True,True,True
/mnt/tank/scratch/okonovalova/AffiTox/analysis/excluding_2z5x_3mjg/tables/posebuster/sdf/5jkv/gnina/ligand_443.sdf,,0,True,True,True,True,True,True,True,True,True,True,True,True,True,True,True,True,True,True,True,True,True
/mnt/tank/scratch/okonovalova/AffiTox/analysis/excluding_2z5x_3mjg/tables/posebuster/sdf/5jkv/gnina/ligand_455.sdf,,0,True,True,True,True,True,True,True,True,True,True,True,True,True,True,True,True,True,True,True,True,True
/mnt/tank/scratch/okonovalova/AffiTox/analysis/excluding_2z5x_3mjg/tables/posebuster/sdf/5jkv/gnina/ligand_454.sdf,,0,True,True,True,True,True,True,True,True,True,True,True,True,True,True,True,True,True,True,True,True,True
/mnt/tank/scratch/okonovalova/AffiTox/analysis/excluding_2z5x_3mjg/tables/posebuster/sdf/5jkv/gnina/ligand_441.sdf,,0,True,True,True,True,True,True,True,True,True,True,True,True,True,True,True,True,True,True,True,True,True
/mnt/tank/scratch/okonovalova/AffiTox/analysis/excluding_2z5x_3mjg/tables/posebuster/sdf/5jkv/gnina/ligand_447.sdf,,0,True,True,True,True,True,True,True,True,True,True,True,True,True,True,True,True,True,True,True,True,True
/mnt/tank/scratch/okonovalova/AffiTox/analysis/excluding_2z5x_3mjg/tables/posebuster/sdf/5jkv/gnina/ligand_450.sdf,,0,True,True,True,True,True,True,True,True,True,True,True,True,True,True,True,True,True,True,True,True,True
/mnt/tank/scratch/okonovalova/AffiTox/analysis/excluding_2z5x_3mjg/tables/posebuster/sdf/5jkv/gnina/ligand_453.sdf,,0,True,True,True,True,True,True,True,True,True,True,True,True,True,True,True,True,True,True,True,True,True
/mnt/tank/scratch/okonovalova/AffiTox/analysis/excluding_2z5x_3mjg/tables/posebuster/sdf/5jkv/gnina/ligand_458.sdf,,0,True,True,True,True,True,True,True,True,True,True,True,True,True,True,True,True,True,True,True,True,True
/mnt/tank/scratch/okonovalova/AffiTox/analysis/excluding_2z5x_3mjg/tables/posebuster/sdf/5jkv/gnina/ligand_456.sdf,,0,True,True,True,True,True,True,True,True,True,True,True,True,True,True,True,True,True,True,True,True,True
/mnt/tank/scratch/okonovalova/AffiTox/analysis/excluding_2z5x_3mjg/tables/posebuster/sdf/5jkv/gnina/ligand_457.sdf,,0,True,True,True,True,True,True,True,True,True,True,True,True,True,True,True,True,True,True,True,True,True
/mnt/tank/scratch/okonovalova/AffiTox/analysis/excluding_2z5x_3mjg/tables/posebuster/sdf/5jkv/gnina/ligand_459.sdf,,0,True,True,True,True,True,True,True,True,True,True,True,True,True,True,True,True,True,True,True,True,True
/mnt/tank/scratch/okonovalova/AffiTox/analysis/excluding_2z5x_3mjg/tables/posebuster/sdf/5jkv/gnina/ligand_45.sdf,,0,True,True,True,True,True,True,True,True,True,True,True,True,True,True,True,True,True,True,True,True,True
/mnt/tank/scratch/okonovalova/AffiTox/analysis/excluding_2z5x_3mjg/tables/posebuster/sdf/5jkv/gnina/ligand_461.sdf,,0,True,True,True,True,True,True,True,True,True,True,True,True,True,True,True,True,True,True,True,True,True
/mnt/tank/scratch/okonovalova/AffiTox/analysis/excluding_2z5x_3mjg/tables/posebuster/sdf/5jkv/gnina/ligand_460.sdf,,0,True,True,True,True,True,True,True,True,True,True,True,True,True,True,True,True,True,True,True,True,True
/mnt/tank/scratch/okonovalova/AffiTox/analysis/excluding_2z5x_3mjg/tables/posebuster/sdf/5jkv/gnina/ligand_462.sdf,,0,True,True,True,True,True,True,True,True,True,True,True,True,True,True,True,True,True,True,True,True,True
/mnt/tank/scratch/okonovalova/AffiTox/analysis/excluding_2z5x_3mjg/tables/posebuster/sdf/5jkv/gnina/ligand_465.sdf,,0,True,True,True,True,True,True,True,True,True,True,True,True,True,True,True,True,True,True,True,True,True
/mnt/tank/scratch/okonovalova/AffiTox/analysis/excluding_2z5x_3mjg/tables/posebuster/sdf/5jkv/gnina/ligand_46.sdf,,0,True,True,True,True,True,True,True,True,True,True,True,True,True,True,True,True,True,True,True,True,True
/mnt/tank/scratch/okonovalova/AffiTox/analysis/excluding_2z5x_3mjg/tables/posebuster/sdf/5jkv/gnina/ligand_467.sdf,,0,True,True,True,True,True,True,True,True,True,True,True,True,True,True,True,True,True,True,True,True,True
/mnt/tank/scratch/okonovalova/AffiTox/analysis/excluding_2z5x_3mjg/tables/posebuster/sdf/5jkv/gnina/ligand_473.sdf,,0,True,True,True,True,True,True,True,True,True,True,True,True,True,True,True,True,True,True,True,True,True
/mnt/tank/scratch/okonovalova/AffiTox/analysis/excluding_2z5x_3mjg/tables/posebuster/sdf/5jkv/gnina/ligand_470.sdf,,0,True,True,True,True,True,True,True,True,True,True,True,True,True,True,True,True,True,True,True,True,True
/mnt/tank/scratch/okonovalova/AffiTox/analysis/excluding_2z5x_3mjg/tables/posebuster/sdf/5jkv/gnina/ligand_464.sdf,,0,True,True,True,True,True,True,True,True,True,True,True,True,True,True,True,True,True,True,True,True,True
/mnt/tank/scratch/okonovalova/AffiTox/analysis/excluding_2z5x_3mjg/tables/posebuster/sdf/5jkv/gnina/ligand_475.sdf,,0,True,True,True,True,True,True,True,True,True,True,True,True,True,True,True,True,True,True,True,True,True
/mnt/tank/scratch/okonovalova/AffiTox/analysis/excluding_2z5x_3mjg/tables/posebuster/sdf/5jkv/gnina/ligand_466.sdf,,0,True,True,True,True,True,True,True,True,True,True,True,True,True,True,True,True,True,True,True,True,True
/mnt/tank/scratch/okonovalova/AffiTox/analysis/excluding_2z5x_3mjg/tables/posebuster/sdf/5jkv/gnina/ligand_472.sdf,,0,True,True,True,True,True,True,True,True,True,True,True,True,True,True,True,True,True,True,True,True,True
/mnt/tank/scratch/okonovalova/AffiTox/analysis/excluding_2z5x_3mjg/tables/posebuster/sdf/5jkv/gnina/ligand_468.sdf,,0,True,True,True,True,True,True,True,True,True,True,True,True,True,True,True,True,True,True,True,True,True
/mnt/tank/scratch/okonovalova/AffiTox/analysis/excluding_2z5x_3mjg/tables/posebuster/sdf/5jkv/gnina/ligand_463.sdf,,0,True,True,True,True,True,True,True,True,True,True,True,True,True,True,True,True,True,True,True,True,True
/mnt/tank/scratch/okonovalova/AffiTox/analysis/excluding_2z5x_3mjg/tables/posebuster/sdf/5jkv/gnina/ligand_476.sdf,,0,True,True,True,True,True,True,True,True,True,True,True,True,True,True,True,True,True,True,True,True,True
/mnt/tank/scratch/okonovalova/AffiTox/analysis/excluding_2z5x_3mjg/tables/posebuster/sdf/5jkv/gnina/ligand_469.sdf,,0,True,True,True,True,True,True,True,True,True,True,True,True,True,True,True,True,True,True,True,True,True
/mnt/tank/scratch/okonovalova/AffiTox/analysis/excluding_2z5x_3mjg/tables/posebuster/sdf/5jkv/gnina/ligand_471.sdf,,0,True,True,True,True,True,True,True,True,True,True,True,True,True,True,True,True,True,True,True,True,True
/mnt/tank/scratch/okonovalova/AffiTox/analysis/excluding_2z5x_3mjg/tables/posebuster/sdf/5jkv/gnina/ligand_474.sdf,,0,True,True,True,True,True,True,True,True,True,True,True,True,True,True,True,True,True,True,True,True,True
/mnt/tank/scratch/okonovalova/AffiTox/analysis/excluding_2z5x_3mjg/tables/posebuster/sdf/5jkv/gnina/ligand_477.sdf,,0,True,True,True,True,True,True,True,True,True,True,True,True,True,True,True,True,True,True,True,True,True
/mnt/tank/scratch/okonovalova/AffiTox/analysis/excluding_2z5x_3mjg/tables/posebuster/sdf/5jkv/gnina/ligand_489.sdf,,0,True,True,True,True,True,True,True,True,True,True,True,True,True,True,True,True,True,True,True,True,True
/mnt/tank/scratch/okonovalova/AffiTox/analysis/excluding_2z5x_3mjg/tables/posebuster/sdf/5jkv/gnina/ligand_47.sdf,,0,True,True,True,True,True,True,True,False,True,True,True,False,True,True,True,True,True,True,True,True,True
/mnt/tank/scratch/okonovalova/AffiTox/analysis/excluding_2z5x_3mjg/tables/posebuster/sdf/5jkv/gnina/ligand_480.sdf,,0,True,True,True,True,True,True,True,True,True,True,True,True,True,True,True,True,True,True,True,True,True
/mnt/tank/scratch/okonovalova/AffiTox/analysis/excluding_2z5x_3mjg/tables/posebuster/sdf/5jkv/gnina/ligand_483.sdf,,0,True,True,True,True,True,True,True,True,True,True,True,True,True,True,True,True,True,True,True,True,True
/mnt/tank/scratch/okonovalova/AffiTox/analysis/excluding_2z5x_3mjg/tables/posebuster/sdf/5jkv/gnina/ligand_478.sdf,,0,True,True,True,True,True,True,True,True,True,True,True,True,True,True,True,True,True,True,True,True,True
/mnt/tank/scratch/okonovalova/AffiTox/analysis/excluding_2z5x_3mjg/tables/posebuster/sdf/5jkv/gnina/ligand_479.sdf,,0,True,True,True,True,True,True,True,True,True,True,True,True,True,True,True,True,True,True,True,True,True
/mnt/tank/scratch/okonovalova/AffiTox/analysis/excluding_2z5x_3mjg/tables/posebuster/sdf/5jkv/gnina/ligand_485.sdf,,0,True,True,True,True,True,True,True,True,True,True,True,True,True,True,True,True,True,True,True,True,True
/mnt/tank/scratch/okonovalova/AffiTox/analysis/excluding_2z5x_3mjg/tables/posebuster/sdf/5jkv/gnina/ligand_487.sdf,,0,True,True,True,True,True,True,True,True,True,True,True,True,True,True,True,True,True,True,True,True,True
/mnt/tank/scratch/okonovalova/AffiTox/analysis/excluding_2z5x_3mjg/tables/posebuster/sdf/5jkv/gnina/ligand_482.sdf,,0,True,True,True,True,True,True,True,True,True,True,True,True,True,True,True,True,True,True,True,True,True
/mnt/tank/scratch/okonovalova/AffiTox/analysis/excluding_2z5x_3mjg/tables/posebuster/sdf/5jkv/gnina/ligand_481.sdf,,0,True,True,True,True,True,True,True,True,True,True,True,True,True,True,True,True,True,True,True,True,True
/mnt/tank/scratch/okonovalova/AffiTox/analysis/excluding_2z5x_3mjg/tables/posebuster/sdf/5jkv/gnina/ligand_484.sdf,,0,True,True,True,True,True,True,True,True,True,True,True,True,True,True,True,True,True,True,True,True,True
/mnt/tank/scratch/okonovalova/AffiTox/analysis/excluding_2z5x_3mjg/tables/posebuster/sdf/5jkv/gnina/ligand_48.sdf,,0,True,True,True,True,True,True,True,True,True,True,True,True,True,True,True,True,True,True,True,True,True
/mnt/tank/scratch/okonovalova/AffiTox/analysis/excluding_2z5x_3mjg/tables/posebuster/sdf/5jkv/gnina/ligand_486.sdf,,0,True,True,True,True,True,True,True,True,True,True,True,True,True,True,True,True,True,True,True,True,True
/mnt/tank/scratch/okonovalova/AffiTox/analysis/excluding_2z5x_3mjg/tables/posebuster/sdf/5jkv/gnina/ligand_490.sdf,,0,True,True,True,True,True,True,True,True,True,True,True,True,True,True,True,True,True,True,True,True,True
/mnt/tank/scratch/okonovalova/AffiTox/analysis/excluding_2z5x_3mjg/tables/posebuster/sdf/5jkv/gnina/ligand_488.sdf,,0,True,True,True,True,True,True,True,True,True,True,True,True,True,True,True,True,True,True,True,True,True
/mnt/tank/scratch/okonovalova/AffiTox/analysis/excluding_2z5x_3mjg/tables/posebuster/sdf/5jkv/gnina/ligand_496.sdf,,0,True,True,True,True,True,True,True,True,True,True,True,True,True,True,True,True,True,True,True,True,True
/mnt/tank/scratch/okonovalova/AffiTox/analysis/excluding_2z5x_3mjg/tables/posebuster/sdf/5jkv/gnina/ligand_494.sdf,,0,True,True,True,True,True,True,True,True,True,True,True,True,True,True,True,True,True,True,True,True,True
/mnt/tank/scratch/okonovalova/AffiTox/analysis/excluding_2z5x_3mjg/tables/posebuster/sdf/5jkv/gnina/ligand_4.sdf,,0,True,True,True,True,True,True,True,True,True,True,True,True,True,True,True,True,True,True,True,True,True
/mnt/tank/scratch/okonovalova/AffiTox/analysis/excluding_2z5x_3mjg/tables/posebuster/sdf/5jkv/gnina/ligand_493.sdf,,0,True,True,True,True,True,True,True,True,True,True,True,True,True,True,True,True,True,True,True,True,True
/mnt/tank/scratch/okonovalova/AffiTox/analysis/excluding_2z5x_3mjg/tables/posebuster/sdf/5jkv/gnina/ligand_501.sdf,,0,True,True,True,True,True,True,True,True,True,True,True,True,True,True,True,True,True,True,True,True,True
/mnt/tank/scratch/okonovalova/AffiTox/analysis/excluding_2z5x_3mjg/tables/posebuster/sdf/5jkv/gnina/ligand_502.sdf,,0,True,True,True,True,True,True,True,True,True,True,True,True,True,True,True,True,True,True,True,True,True
/mnt/tank/scratch/okonovalova/AffiTox/analysis/excluding_2z5x_3mjg/tables/posebuster/sdf/5jkv/gnina/ligand_499.sdf,,0,True,True,True,True,True,True,True,True,True,True,True,True,True,True,True,True,True,True,True,True,True
/mnt/tank/scratch/okonovalova/AffiTox/analysis/excluding_2z5x_3mjg/tables/posebuster/sdf/5jkv/gnina/ligand_504.sdf,,0,True,True,True,True,True,True,True,True,True,True,True,True,True,True,True,True,True,True,True,True,True
/mnt/tank/scratch/okonovalova/AffiTox/analysis/excluding_2z5x_3mjg/tables/posebuster/sdf/5jkv/gnina/ligand_497.sdf,,0,True,True,True,True,True,True,True,True,True,True,True,True,True,True,True,True,True,True,True,True,True
/mnt/tank/scratch/okonovalova/AffiTox/analysis/excluding_2z5x_3mjg/tables/posebuster/sdf/5jkv/gnina/ligand_492.sdf,,0,True,True,True,True,True,True,True,True,True,True,True,True,True,True,True,True,True,True,True,True,True
/mnt/tank/scratch/okonovalova/AffiTox/analysis/excluding_2z5x_3mjg/tables/posebuster/sdf/5jkv/gnina/ligand_495.sdf,,0,True,True,True,True,True,True,True,True,True,True,True,True,True,True,True,True,True,True,True,True,True
/mnt/tank/scratch/okonovalova/AffiTox/analysis/excluding_2z5x_3mjg/tables/posebuster/sdf/5jkv/gnina/ligand_491.sdf,,0,True,True,True,True,True,True,True,True,True,True,True,True,True,True,True,True,True,True,True,True,True
/mnt/tank/scratch/okonovalova/AffiTox/analysis/excluding_2z5x_3mjg/tables/posebuster/sdf/5jkv/gnina/ligand_500.sdf,,0,True,True,True,True,True,True,True,True,True,True,True,True,True,True,True,True,True,True,True,True,True
/mnt/tank/scratch/okonovalova/AffiTox/analysis/excluding_2z5x_3mjg/tables/posebuster/sdf/5jkv/gnina/ligand_498.sdf,,0,True,True,True,True,True,True,True,True,True,True,True,True,True,True,True,True,True,True,True,True,True
/mnt/tank/scratch/okonovalova/AffiTox/analysis/excluding_2z5x_3mjg/tables/posebuster/sdf/5jkv/gnina/ligand_503.sdf,,0,True,True,True,True,True,True,True,True,True,True,True,True,True,True,True,True,True,True,True,True,True
/mnt/tank/scratch/okonovalova/AffiTox/analysis/excluding_2z5x_3mjg/tables/posebuster/sdf/5jkv/gnina/ligand_49.sdf,,0,True,True,True,True,True,True,True,True,True,True,True,True,True,True,True,True,True,True,True,True,True
/mnt/tank/scratch/okonovalova/AffiTox/analysis/excluding_2z5x_3mjg/tables/posebuster/sdf/5jkv/gnina/ligand_506.sdf,,0,True,True,True,True,True,True,True,True,True,True,True,True,True,True,True,True,True,True,True,True,True
/mnt/tank/scratch/okonovalova/AffiTox/analysis/excluding_2z5x_3mjg/tables/posebuster/sdf/5jkv/gnina/ligand_508.sdf,,0,True,True,True,True,True,True,True,True,True,True,True,True,True,True,True,True,True,True,True,True,True
/mnt/tank/scratch/okonovalova/AffiTox/analysis/excluding_2z5x_3mjg/tables/posebuster/sdf/5jkv/gnina/ligand_509.sdf,,0,True,True,True,True,True,True,True,True,True,True,True,True,True,True,True,True,True,True,True,True,True
/mnt/tank/scratch/okonovalova/AffiTox/analysis/excluding_2z5x_3mjg/tables/posebuster/sdf/5jkv/gnina/ligand_511.sdf,,0,True,True,True,True,True,True,True,True,True,True,True,True,True,True,True,True,True,True,True,True,True
/mnt/tank/scratch/okonovalova/AffiTox/analysis/excluding_2z5x_3mjg/tables/posebuster/sdf/5jkv/gnina/ligand_507.sdf,,0,True,True,True,True,True,True,True,True,True,True,True,True,True,True,True,True,True,True,True,True,True
/mnt/tank/scratch/okonovalova/AffiTox/analysis/excluding_2z5x_3mjg/tables/posebuster/sdf/5jkv/gnina/ligand_512.sdf,,0,True,True,True,True,True,True,True,True,True,True,True,True,True,True,True,True,True,True,True,True,True
/mnt/tank/scratch/okonovalova/AffiTox/analysis/excluding_2z5x_3mjg/tables/posebuster/sdf/5jkv/gnina/ligand_510.sdf,,0,True,True,True,True,True,True,True,True,True,True,True,True,True,True,True,True,True,True,True,True,True
/mnt/tank/scratch/okonovalova/AffiTox/analysis/excluding_2z5x_3mjg/tables/posebuster/sdf/5jkv/gnina/ligand_517.sdf,,0,True,True,True,True,True,True,True,True,True,True,True,True,True,True,True,True,True,True,True,True,True
/mnt/tank/scratch/okonovalova/AffiTox/analysis/excluding_2z5x_3mjg/tables/posebuster/sdf/5jkv/gnina/ligand_50.sdf,,0,True,True,True,True,True,True,True,True,True,True,True,True,True,True,True,True,True,True,True,True,True
/mnt/tank/scratch/okonovalova/AffiTox/analysis/excluding_2z5x_3mjg/tables/posebuster/sdf/5jkv/gnina/ligand_518.sdf,,0,True,True,True,True,True,True,True,True,True,True,True,True,True,True,True,True,True,True,True,True,True
/mnt/tank/scratch/okonovalova/AffiTox/analysis/excluding_2z5x_3mjg/tables/posebuster/sdf/5jkv/gnina/ligand_516.sdf,,0,True,True,True,True,True,True,True,True,True,True,True,True,True,True,True,True,True,True,True,True,True
/mnt/tank/scratch/okonovalova/AffiTox/analysis/excluding_2z5x_3mjg/tables/posebuster/sdf/5jkv/gnina/ligand_513.sdf,,0,True,True,True,True,True,True,True,True,True,True,True,True,True,True,True,True,True,True,True,True,True
/mnt/tank/scratch/okonovalova/AffiTox/analysis/excluding_2z5x_3mjg/tables/posebuster/sdf/5jkv/gnina/ligand_514.sdf,,0,True,True,True,True,True,True,True,True,True,True,True,True,True,True,True,True,True,True,True,True,True
/mnt/tank/scratch/okonovalova/AffiTox/analysis/excluding_2z5x_3mjg/tables/posebuster/sdf/5jkv/gnina/ligand_519.sdf,,0,True,True,True,True,True,True,True,True,True,True,True,True,True,True,True,True,True,True,True,True,True
/mnt/tank/scratch/okonovalova/AffiTox/analysis/excluding_2z5x_3mjg/tables/posebuster/sdf/5jkv/gnina/ligand_515.sdf,,0,True,True,True,True,True,True,True,True,True,True,True,True,True,True,True,True,True,True,True,True,True
/mnt/tank/scratch/okonovalova/AffiTox/analysis/excluding_2z5x_3mjg/tables/posebuster/sdf/5jkv/gnina/ligand_527.sdf,,0,True,True,True,True,True,True,True,True,True,True,True,True,True,True,True,True,True,True,True,True,True
/mnt/tank/scratch/okonovalova/AffiTox/analysis/excluding_2z5x_3mjg/tables/posebuster/sdf/5jkv/gnina/ligand_526.sdf,,0,True,True,True,True,True,True,True,True,True,True,True,True,True,True,True,True,True,True,True,True,True
/mnt/tank/scratch/okonovalova/AffiTox/analysis/excluding_2z5x_3mjg/tables/posebuster/sdf/5jkv/gnina/ligand_528.sdf,,0,True,True,True,True,True,True,True,True,True,True,True,True,True,True,True,True,True,True,True,True,True
/mnt/tank/scratch/okonovalova/AffiTox/analysis/excluding_2z5x_3mjg/tables/posebuster/sdf/5jkv/gnina/ligand_525.sdf,,0,True,True,True,True,True,True,True,True,True,True,True,True,True,True,True,True,True,True,True,True,True
/mnt/tank/scratch/okonovalova/AffiTox/analysis/excluding_2z5x_3mjg/tables/posebuster/sdf/5jkv/gnina/ligand_522.sdf,,0,True,True,True,True,True,True,True,True,True,True,True,True,True,True,True,True,True,True,True,True,True
/mnt/tank/scratch/okonovalova/AffiTox/analysis/excluding_2z5x_3mjg/tables/posebuster/sdf/5jkv/gnina/ligand_520.sdf,,0,True,True,True,True,True,True,True,True,True,True,True,True,True,True,True,True,True,True,True,True,True
/mnt/tank/scratch/okonovalova/AffiTox/analysis/excluding_2z5x_3mjg/tables/posebuster/sdf/5jkv/gnina/ligand_524.sdf,,0,True,True,True,True,True,True,True,True,True,True,True,True,True,True,True,True,True,True,True,True,True
/mnt/tank/scratch/okonovalova/AffiTox/analysis/excluding_2z5x_3mjg/tables/posebuster/sdf/5jkv/gnina/ligand_523.sdf,,0,True,True,True,True,True,True,True,True,True,True,True,True,True,True,True,True,True,True,True,True,True
/mnt/tank/scratch/okonovalova/AffiTox/analysis/excluding_2z5x_3mjg/tables/posebuster/sdf/5jkv/gnina/ligand_529.sdf,,0,True,True,True,True,True,True,True,True,True,True,True,True,True,True,True,True,True,True,True,True,True
/mnt/tank/scratch/okonovalova/AffiTox/analysis/excluding_2z5x_3mjg/tables/posebuster/sdf/5jkv/gnina/ligand_521.sdf,,0,True,True,True,True,True,True,True,True,True,True,True,True,True,True,True,True,True,True,True,True,True
/mnt/tank/scratch/okonovalova/AffiTox/analysis/excluding_2z5x_3mjg/tables/posebuster/sdf/5jkv/gnina/ligand_531.sdf,,0,True,True,True,True,True,True,True,True,True,True,True,True,True,True,True,True,True,True,True,True,True
/mnt/tank/scratch/okonovalova/AffiTox/analysis/excluding_2z5x_3mjg/tables/posebuster/sdf/5jkv/gnina/ligand_533.sdf,,0,True,True,True,True,True,True,True,True,True,True,True,True,True,True,True,True,True,True,True,True,True
/mnt/tank/scratch/okonovalova/AffiTox/analysis/excluding_2z5x_3mjg/tables/posebuster/sdf/5jkv/gnina/ligand_51.sdf,,0,True,True,True,True,True,True,True,False,True,True,True,True,True,True,True,True,True,True,True,True,True
/mnt/tank/scratch/okonovalova/AffiTox/analysis/excluding_2z5x_3mjg/tables/posebuster/sdf/5jkv/gnina/ligand_532.sdf,,0,True,True,True,True,True,True,True,True,True,True,True,True,True,True,True,True,True,True,True,True,True
/mnt/tank/scratch/okonovalova/AffiTox/analysis/excluding_2z5x_3mjg/tables/posebuster/sdf/5jkv/gnina/ligand_52.sdf,,0,True,True,True,True,True,True,True,False,True,True,True,False,True,True,True,True,True,True,True,True,True
/mnt/tank/scratch/okonovalova/AffiTox/analysis/excluding_2z5x_3mjg/tables/posebuster/sdf/5jkv/gnina/ligand_530.sdf,,0,True,True,True,True,True,True,True,True,True,True,True,True,True,True,True,True,True,True,True,True,True
/mnt/tank/scratch/okonovalova/AffiTox/analysis/excluding_2z5x_3mjg/tables/posebuster/sdf/5jkv/gnina/ligand_534.sdf,,0,True,True,True,True,True,True,True,True,True,True,True,True,True,True,True,True,True,True,True,True,True
/mnt/tank/scratch/okonovalova/AffiTox/analysis/excluding_2z5x_3mjg/tables/posebuster/sdf/5jkv/gnina/ligand_535.sdf,,0,True,True,True,True,True,True,True,True,True,True,True,True,True,True,True,True,True,True,True,True,True
/mnt/tank/scratch/okonovalova/AffiTox/analysis/excluding_2z5x_3mjg/tables/posebuster/sdf/5jkv/gnina/ligand_542.sdf,,0,True,True,True,True,True,True,True,True,True,True,True,True,True,True,True,True,True,True,True,True,True
/mnt/tank/scratch/okonovalova/AffiTox/analysis/excluding_2z5x_3mjg/tables/posebuster/sdf/5jkv/gnina/ligand_543.sdf,,0,True,True,True,True,True,True,True,True,True,True,True,True,True,True,True,True,True,True,True,True,True
/mnt/tank/scratch/okonovalova/AffiTox/analysis/excluding_2z5x_3mjg/tables/posebuster/sdf/5jkv/gnina/ligand_545.sdf,,0,True,True,True,True,True,True,True,True,True,True,True,True,True,True,True,True,True,True,True,True,True
/mnt/tank/scratch/okonovalova/AffiTox/analysis/excluding_2z5x_3mjg/tables/posebuster/sdf/5jkv/gnina/ligand_547.sdf,,0,True,True,True,True,True,True,True,True,True,True,True,True,True,True,True,True,True,True,True,True,True
/mnt/tank/scratch/okonovalova/AffiTox/analysis/excluding_2z5x_3mjg/tables/posebuster/sdf/5jkv/gnina/ligand_536.sdf,,0,True,True,True,True,True,True,True,True,True,True,True,True,True,True,True,True,True,True,True,True,True
/mnt/tank/scratch/okonovalova/AffiTox/analysis/excluding_2z5x_3mjg/tables/posebuster/sdf/5jkv/gnina/ligand_53.sdf,,0,True,True,True,True,True,True,True,True,True,True,True,True,True,True,True,True,True,True,True,True,True
/mnt/tank/scratch/okonovalova/AffiTox/analysis/excluding_2z5x_3mjg/tables/posebuster/sdf/5jkv/gnina/ligand_54.sdf,,0,True,True,True,True,True,True,True,True,True,True,True,True,True,True,True,True,True,True,True,True,True
/mnt/tank/scratch/okonovalova/AffiTox/analysis/excluding_2z5x_3mjg/tables/posebuster/sdf/5jkv/gnina/ligand_540.sdf,,0,True,True,True,True,True,True,True,True,True,True,True,True,True,True,True,True,True,True,True,True,True
/mnt/tank/scratch/okonovalova/AffiTox/analysis/excluding_2z5x_3mjg/tables/posebuster/sdf/5jkv/gnina/ligand_539.sdf,,0,True,True,True,True,True,True,True,True,True,True,True,True,True,True,True,True,True,True,True,True,True
/mnt/tank/scratch/okonovalova/AffiTox/analysis/excluding_2z5x_3mjg/tables/posebuster/sdf/5jkv/gnina/ligand_538.sdf,,0,True,True,True,True,True,True,True,True,True,True,True,True,True,True,True,True,True,True,True,True,True
/mnt/tank/scratch/okonovalova/AffiTox/analysis/excluding_2z5x_3mjg/tables/posebuster/sdf/5jkv/gnina/ligand_537.sdf,,0,True,True,True,True,True,True,True,True,True,True,True,True,True,True,True,True,True,True,True,True,True
/mnt/tank/scratch/okonovalova/AffiTox/analysis/excluding_2z5x_3mjg/tables/posebuster/sdf/5jkv/gnina/ligand_541.sdf,,0,True,True,True,True,True,True,True,True,True,True,True,True,True,True,True,True,True,True,True,True,True
/mnt/tank/scratch/okonovalova/AffiTox/analysis/excluding_2z5x_3mjg/tables/posebuster/sdf/5jkv/gnina/ligand_544.sdf,,0,True,True,True,True,True,True,True,True,True,True,True,True,True,True,True,True,True,True,True,True,True
/mnt/tank/scratch/okonovalova/AffiTox/analysis/excluding_2z5x_3mjg/tables/posebuster/sdf/5jkv/gnina/ligand_546.sdf,,0,True,True,True,True,True,True,True,True,True,True,True,True,True,True,True,True,True,True,True,True,True
/mnt/tank/scratch/okonovalova/AffiTox/analysis/excluding_2z5x_3mjg/tables/posebuster/sdf/5jkv/gnina/ligand_548.sdf,,0,True,True,True,True,True,True,True,True,True,True,True,True,True,True,True,True,True,True,True,True,True
/mnt/tank/scratch/okonovalova/AffiTox/analysis/excluding_2z5x_3mjg/tables/posebuster/sdf/5jkv/gnina/ligand_57.sdf,,0,True,True,True,True,True,True,True,True,True,True,True,True,True,True,True,True,True,True,True,True,True
/mnt/tank/scratch/okonovalova/AffiTox/analysis/excluding_2z5x_3mjg/tables/posebuster/sdf/5jkv/gnina/ligand_55.sdf,,0,True,True,True,True,True,True,True,False,True,True,True,True,True,True,True,True,True,True,True,True,True
/mnt/tank/scratch/okonovalova/AffiTox/analysis/excluding_2z5x_3mjg/tables/posebuster/sdf/5jkv/gnina/ligand_56.sdf,,0,True,True,True,True,True,True,True,True,True,True,True,True,True,True,True,True,True,True,True,True,True
/mnt/tank/scratch/okonovalova/AffiTox/analysis/excluding_2z5x_3mjg/tables/posebuster/sdf/5jkv/gnina/ligand_58.sdf,,0,True,True,True,True,True,True,True,True,True,True,True,True,True,True,True,True,True,True,True,True,True
/mnt/tank/scratch/okonovalova/AffiTox/analysis/excluding_2z5x_3mjg/tables/posebuster/sdf/5jkv/gnina/ligand_5.sdf,,0,True,True,True,True,True,True,True,True,True,True,True,True,True,True,True,True,True,True,True,True,True
/mnt/tank/scratch/okonovalova/AffiTox/analysis/excluding_2z5x_3mjg/tables/posebuster/sdf/5jkv/gnina/ligand_6.sdf,,0,True,True,True,True,True,True,True,True,True,True,True,True,True,True,True,True,True,True,True,True,True
/mnt/tank/scratch/okonovalova/AffiTox/analysis/excluding_2z5x_3mjg/tables/posebuster/sdf/5jkv/gnina/ligand_68.sdf,,0,True,True,True,True,True,True,True,True,True,True,True,True,True,True,True,True,True,True,True,True,True
/mnt/tank/scratch/okonovalova/AffiTox/analysis/excluding_2z5x_3mjg/tables/posebuster/sdf/5jkv/gnina/ligand_70.sdf,,0,True,True,True,True,True,True,True,True,True,True,True,True,True,True,True,True,True,True,True,True,True
/mnt/tank/scratch/okonovalova/AffiTox/analysis/excluding_2z5x_3mjg/tables/posebuster/sdf/5jkv/gnina/ligand_60.sdf,,0,True,True,True,True,True,True,True,True,True,True,True,True,True,True,True,True,True,True,True,True,True
/mnt/tank/scratch/okonovalova/AffiTox/analysis/excluding_2z5x_3mjg/tables/posebuster/sdf/5jkv/gnina/ligand_63.sdf,,0,True,True,True,True,True,True,True,True,True,True,True,True,True,True,True,True,True,True,True,True,True
/mnt/tank/scratch/okonovalova/AffiTox/analysis/excluding_2z5x_3mjg/tables/posebuster/sdf/5jkv/gnina/ligand_72.sdf,,0,True,True,True,True,True,True,True,True,True,True,True,True,True,True,True,True,True,True,True,True,True
/mnt/tank/scratch/okonovalova/AffiTox/analysis/excluding_2z5x_3mjg/tables/posebuster/sdf/5jkv/gnina/ligand_64.sdf,,0,True,True,True,True,True,True,True,True,True,True,True,True,True,True,True,True,True,True,True,True,True
/mnt/tank/scratch/okonovalova/AffiTox/analysis/excluding_2z5x_3mjg/tables/posebuster/sdf/5jkv/gnina/ligand_59.sdf,,0,True,True,True,True,True,True,True,True,True,True,True,True,True,True,True,True,True,True,True,True,True
/mnt/tank/scratch/okonovalova/AffiTox/analysis/excluding_2z5x_3mjg/tables/posebuster/sdf/5jkv/gnina/ligand_71.sdf,,0,True,True,True,True,True,True,True,True,True,True,True,True,True,True,True,True,True,True,True,True,True
/mnt/tank/scratch/okonovalova/AffiTox/analysis/excluding_2z5x_3mjg/tables/posebuster/sdf/5jkv/gnina/ligand_65.sdf,,0,True,True,True,True,True,True,True,True,True,True,True,True,True,True,True,True,True,True,True,True,True
/mnt/tank/scratch/okonovalova/AffiTox/analysis/excluding_2z5x_3mjg/tables/posebuster/sdf/5jkv/gnina/ligand_62.sdf,,0,True,True,True,True,True,True,True,True,True,True,True,True,True,True,True,True,True,True,True,True,True
/mnt/tank/scratch/okonovalova/AffiTox/analysis/excluding_2z5x_3mjg/tables/posebuster/sdf/5jkv/gnina/ligand_67.sdf,,0,True,True,True,True,True,True,True,True,True,True,True,True,True,True,True,True,True,True,True,True,True
/mnt/tank/scratch/okonovalova/AffiTox/analysis/excluding_2z5x_3mjg/tables/posebuster/sdf/5jkv/gnina/ligand_66.sdf,,0,True,True,True,True,True,True,True,True,True,True,True,True,True,True,True,True,True,True,True,True,True
/mnt/tank/scratch/okonovalova/AffiTox/analysis/excluding_2z5x_3mjg/tables/posebuster/sdf/5jkv/gnina/ligand_61.sdf,,0,True,True,True,True,True,True,True,True,True,True,True,True,True,True,True,True,True,True,True,True,True
/mnt/tank/scratch/okonovalova/AffiTox/analysis/excluding_2z5x_3mjg/tables/posebuster/sdf/5jkv/gnina/ligand_69.sdf,,0,True,True,True,True,True,True,True,True,True,True,True,True,True,True,True,True,True,True,True,True,True
/mnt/tank/scratch/okonovalova/AffiTox/analysis/excluding_2z5x_3mjg/tables/posebuster/sdf/5jkv/gnina/ligand_74.sdf,,0,True,True,True,True,True,True,True,True,True,True,True,True,True,True,True,True,True,True,True,True,True
/mnt/tank/scratch/okonovalova/AffiTox/analysis/excluding_2z5x_3mjg/tables/posebuster/sdf/5jkv/gnina/ligand_7.sdf,,0,True,True,True,True,True,True,True,True,True,True,True,True,True,True,True,True,True,True,True,True,True
/mnt/tank/scratch/okonovalova/AffiTox/analysis/excluding_2z5x_3mjg/tables/posebuster/sdf/5jkv/gnina/ligand_77.sdf,,0,True,True,True,True,True,True,True,True,True,True,True,True,True,True,True,True,True,True,True,True,True
/mnt/tank/scratch/okonovalova/AffiTox/analysis/excluding_2z5x_3mjg/tables/posebuster/sdf/5jkv/gnina/ligand_80.sdf,,0,True,True,True,True,True,True,True,True,True,True,True,True,True,True,True,True,True,True,True,True,True
/mnt/tank/scratch/okonovalova/AffiTox/analysis/excluding_2z5x_3mjg/tables/posebuster/sdf/5jkv/gnina/ligand_81.sdf,,0,True,True,True,True,True,True,True,True,True,True,True,True,True,True,True,True,True,True,True,True,True
/mnt/tank/scratch/okonovalova/AffiTox/analysis/excluding_2z5x_3mjg/tables/posebuster/sdf/5jkv/gnina/ligand_82.sdf,,0,True,True,True,True,True,True,True,True,True,True,True,True,True,True,True,True,True,True,True,True,True
/mnt/tank/scratch/okonovalova/AffiTox/analysis/excluding_2z5x_3mjg/tables/posebuster/sdf/5jkv/gnina/ligand_8.sdf,,0,True,True,True,True,True,True,True,True,True,True,True,True,True,True,True,True,True,True,True,True,True
/mnt/tank/scratch/okonovalova/AffiTox/analysis/excluding_2z5x_3mjg/tables/posebuster/sdf/5jkv/gnina/ligand_84.sdf,,0,True,True,True,True,True,True,True,True,True,True,True,True,True,True,True,True,True,True,True,True,True
/mnt/tank/scratch/okonovalova/AffiTox/analysis/excluding_2z5x_3mjg/tables/posebuster/sdf/5jkv/gnina/ligand_73.sdf,,0,True,True,True,True,True,True,True,True,True,True,True,True,True,True,True,True,True,True,True,True,True
/mnt/tank/scratch/okonovalova/AffiTox/analysis/excluding_2z5x_3mjg/tables/posebuster/sdf/5jkv/gnina/ligand_76.sdf,,0,True,True,True,True,True,True,True,True,True,True,True,True,True,True,True,True,True,True,True,True,True
/mnt/tank/scratch/okonovalova/AffiTox/analysis/excluding_2z5x_3mjg/tables/posebuster/sdf/5jkv/gnina/ligand_75.sdf,,0,True,True,True,True,True,True,True,True,True,True,True,True,True,True,True,True,True,True,True,True,True
/mnt/tank/scratch/okonovalova/AffiTox/analysis/excluding_2z5x_3mjg/tables/posebuster/sdf/5jkv/gnina/ligand_79.sdf,,0,True,True,True,True,True,True,True,True,True,True,True,True,True,True,True,True,True,True,True,True,True
/mnt/tank/scratch/okonovalova/AffiTox/analysis/excluding_2z5x_3mjg/tables/posebuster/sdf/5jkv/gnina/ligand_78.sdf,,0,True,True,True,True,True,True,True,True,True,True,True,True,True,True,True,True,True,True,True,True,True
/mnt/tank/scratch/okonovalova/AffiTox/analysis/excluding_2z5x_3mjg/tables/posebuster/sdf/5jkv/gnina/ligand_83.sdf,,0,True,True,True,True,True,True,True,True,True,True,True,True,True,True,True,True,True,True,True,True,True
/mnt/tank/scratch/okonovalova/AffiTox/analysis/excluding_2z5x_3mjg/tables/posebuster/sdf/5jkv/gnina/ligand_85.sdf,,0,True,True,True,True,True,True,True,True,True,True,True,True,True,True,True,True,True,True,True,True,True
/mnt/tank/scratch/okonovalova/AffiTox/analysis/excluding_2z5x_3mjg/tables/posebuster/sdf/5jkv/gnina/ligand_92.sdf,,0,True,True,True,True,True,True,True,True,True,True,True,True,True,True,True,True,True,True,True,True,True
/mnt/tank/scratch/okonovalova/AffiTox/analysis/excluding_2z5x_3mjg/tables/posebuster/sdf/5jkv/gnina/ligand_88.sdf,,0,True,True,True,True,True,True,True,True,True,True,True,True,True,True,True,True,True,True,True,True,True
/mnt/tank/scratch/okonovalova/AffiTox/analysis/excluding_2z5x_3mjg/tables/posebuster/sdf/5jkv/gnina/ligand_87.sdf,,0,True,True,True,True,True,True,True,True,True,True,True,True,True,True,True,True,True,True,True,True,True
/mnt/tank/scratch/okonovalova/AffiTox/analysis/excluding_2z5x_3mjg/tables/posebuster/sdf/5jkv/gnina/ligand_93.sdf,,0,True,True,True,True,True,True,True,True,True,True,True,True,True,True,True,True,True,True,True,True,True
/mnt/tank/scratch/okonovalova/AffiTox/analysis/excluding_2z5x_3mjg/tables/posebuster/sdf/5jkv/gnina/ligand_91.sdf,,0,True,True,True,True,True,True,True,True,True,True,True,True,True,True,True,True,True,True,True,True,True
/mnt/tank/scratch/okonovalova/AffiTox/analysis/excluding_2z5x_3mjg/tables/posebuster/sdf/5jkv/gnina/ligand_86.sdf,,0,True,True,True,True,True,True,True,True,True,True,True,True,True,True,True,True,True,True,True,True,True
/mnt/tank/scratch/okonovalova/AffiTox/analysis/excluding_2z5x_3mjg/tables/posebuster/sdf/5jkv/gnina/ligand_94.sdf,,0,True,True,True,True,True,True,True,True,True,True,True,True,True,True,True,True,True,True,True,True,True
/mnt/tank/scratch/okonovalova/AffiTox/analysis/excluding_2z5x_3mjg/tables/posebuster/sdf/5jkv/gnina/ligand_89.sdf,,0,True,True,True,True,True,True,True,True,True,True,True,True,True,True,True,True,True,True,True,True,True
/mnt/tank/scratch/okonovalova/AffiTox/analysis/excluding_2z5x_3mjg/tables/posebuster/sdf/5jkv/gnina/ligand_90.sdf,,0,True,True,True,True,True,True,True,True,True,True,True,True,True,True,True,True,True,True,True,True,True
/mnt/tank/scratch/okonovalova/AffiTox/analysis/excluding_2z5x_3mjg/tables/posebuster/sdf/5jkv/gnina/ligand_97.sdf,,0,True,True,True,True,True,True,True,True,True,True,True,True,True,True,True,True,True,True,True,True,True
/mnt/tank/scratch/okonovalova/AffiTox/analysis/excluding_2z5x_3mjg/tables/posebuster/sdf/5jkv/gnina/ligand_95.sdf,,0,True,True,True,True,True,True,True,True,True,True,True,True,True,True,True,True,True,True,True,True,True
/mnt/tank/scratch/okonovalova/AffiTox/analysis/excluding_2z5x_3mjg/tables/posebuster/sdf/5jkv/gnina/ligand_96.sdf,,0,True,True,True,True,True,True,True,True,True,True,True,True,True,True,True,True,True,True,True,True,True
/mnt/tank/scratch/okonovalova/AffiTox/analysis/excluding_2z5x_3mjg/tables/posebuster/sdf/5jkv/gnina/ligand_98.sdf,,0,True,True,True,True,True,True,True,True,True,True,True,True,True,True,True,True,True,True,True,True,True
/mnt/tank/scratch/okonovalova/AffiTox/analysis/excluding_2z5x_3mjg/tables/posebuster/sdf/5jkv/gnina/ligand_9.sdf,,0,True,True,True,True,True,True,True,True,True,True,True,True,True,True,True,True,True,True,True,True,True
/mnt/tank/scratch/okonovalova/AffiTox/analysis/excluding_2z5x_3mjg/tables/posebuster/sdf/5jkv/gnina/ligand_99.sdf,,0,True,True,True,True,True,True,True,True,True,True,True,True,True,True,True,True,True,True,True,True,True
