file,molecule,position,mol_pred_loaded,mol_cond_loaded,sanitization,inchi_convertible,all_atoms_connected,bond_lengths,bond_angles,internal_steric_clash,aromatic_ring_flatness,non-aromatic_ring_non-flatness,double_bond_flatness,internal_energy,protein-ligand_maximum_distance,minimum_distance_to_protein,minimum_distance_to_organic_cofactors,minimum_distance_to_inorganic_cofactors,minimum_distance_to_waters,volume_overlap_with_protein,volume_overlap_with_organic_cofactors,volume_overlap_with_inorganic_cofactors,volume_overlap_with_waters
/mnt/tank/scratch/okonovalova/AffiTox/analysis/excluding_2z5x_3mjg/tables/posebuster/split_structures/3lxk/boltz2/ligand_sdf/CHEMBL1789941.sdf,,0,True,True,True,True,True,True,True,True,True,True,True,True,True,True,True,True,True,True,True,True,True
/mnt/tank/scratch/okonovalova/AffiTox/analysis/excluding_2z5x_3mjg/tables/posebuster/split_structures/3lxk/boltz2/ligand_sdf/CHEMBL2152300.sdf,,0,True,True,True,True,True,True,True,True,True,True,True,True,True,True,True,True,True,True,True,True,True
/mnt/tank/scratch/okonovalova/AffiTox/analysis/excluding_2z5x_3mjg/tables/posebuster/split_structures/3lxk/boltz2/ligand_sdf/CHEMBL2152304.sdf,,0,True,True,True,True,True,True,True,True,True,True,True,True,True,True,True,True,True,True,True,True,True
/mnt/tank/scratch/okonovalova/AffiTox/analysis/excluding_2z5x_3mjg/tables/posebuster/split_structures/3lxk/boltz2/ligand_sdf/CHEMBL2178257.sdf,,0,True,True,True,True,True,True,True,True,True,True,True,True,True,True,True,True,True,True,True,True,True
/mnt/tank/scratch/okonovalova/AffiTox/analysis/excluding_2z5x_3mjg/tables/posebuster/split_structures/3lxk/boltz2/ligand_sdf/CHEMBL2152305.sdf,,0,True,True,True,True,True,True,True,True,True,True,True,True,True,True,True,True,True,True,True,True,True
/mnt/tank/scratch/okonovalova/AffiTox/analysis/excluding_2z5x_3mjg/tables/posebuster/split_structures/3lxk/boltz2/ligand_sdf/CHEMBL2152297.sdf,,0,True,True,True,True,True,True,True,True,True,True,True,True,True,True,True,True,True,True,True,True,True
/mnt/tank/scratch/okonovalova/AffiTox/analysis/excluding_2z5x_3mjg/tables/posebuster/split_structures/3lxk/boltz2/ligand_sdf/CHEMBL2152303.sdf,,0,True,True,True,True,True,True,True,True,True,True,True,True,True,True,True,True,True,True,True,True,True
/mnt/tank/scratch/okonovalova/AffiTox/analysis/excluding_2z5x_3mjg/tables/posebuster/split_structures/3lxk/boltz2/ligand_sdf/CHEMBL2152298.sdf,,0,True,True,True,True,True,True,True,True,True,True,True,True,True,True,True,True,True,True,True,True,True
/mnt/tank/scratch/okonovalova/AffiTox/analysis/excluding_2z5x_3mjg/tables/posebuster/split_structures/3lxk/boltz2/ligand_sdf/CHEMBL2152299.sdf,,0,True,True,True,True,True,True,True,True,True,True,True,True,True,True,True,True,True,True,True,True,True
/mnt/tank/scratch/okonovalova/AffiTox/analysis/excluding_2z5x_3mjg/tables/posebuster/split_structures/3lxk/boltz2/ligand_sdf/CHEMBL2159210.sdf,,0,True,True,True,True,True,True,True,True,True,True,True,True,True,True,True,True,True,True,True,True,True
/mnt/tank/scratch/okonovalova/AffiTox/analysis/excluding_2z5x_3mjg/tables/posebuster/split_structures/3lxk/boltz2/ligand_sdf/CHEMBL2152301.sdf,,0,True,True,True,True,True,True,True,True,True,True,True,True,True,True,True,True,True,True,True,True,True
/mnt/tank/scratch/okonovalova/AffiTox/analysis/excluding_2z5x_3mjg/tables/posebuster/split_structures/3lxk/boltz2/ligand_sdf/CHEMBL2152302.sdf,,0,True,True,True,True,True,True,True,True,True,True,True,True,True,True,True,True,True,True,True,True,True
/mnt/tank/scratch/okonovalova/AffiTox/analysis/excluding_2z5x_3mjg/tables/posebuster/split_structures/3lxk/boltz2/ligand_sdf/CHEMBL2386629.sdf,,0,True,True,True,True,True,True,True,True,True,True,True,True,True,True,True,True,True,True,True,True,True
/mnt/tank/scratch/okonovalova/AffiTox/analysis/excluding_2z5x_3mjg/tables/posebuster/split_structures/3lxk/boltz2/ligand_sdf/CHEMBL2178799.sdf,,0,True,True,True,True,True,True,True,True,True,True,True,True,True,True,True,True,True,True,True,True,True
/mnt/tank/scratch/okonovalova/AffiTox/analysis/excluding_2z5x_3mjg/tables/posebuster/split_structures/3lxk/boltz2/ligand_sdf/CHEMBL2178803.sdf,,0,True,True,True,True,True,True,True,True,True,True,True,True,True,True,True,True,True,True,True,True,True
/mnt/tank/scratch/okonovalova/AffiTox/analysis/excluding_2z5x_3mjg/tables/posebuster/split_structures/3lxk/boltz2/ligand_sdf/CHEMBL221959.sdf,,0,True,True,True,True,True,True,True,True,True,True,True,True,True,True,True,True,True,True,True,True,True
/mnt/tank/scratch/okonovalova/AffiTox/analysis/excluding_2z5x_3mjg/tables/posebuster/split_structures/3lxk/boltz2/ligand_sdf/CHEMBL1835870.sdf,,0,True,True,True,True,True,True,True,True,True,True,True,True,True,True,True,True,True,True,True,True,True
/mnt/tank/scratch/okonovalova/AffiTox/analysis/excluding_2z5x_3mjg/tables/posebuster/split_structures/3lxk/boltz2/ligand_sdf/CHEMBL2387224.sdf,,0,True,True,True,True,True,True,True,True,True,True,True,True,True,True,True,True,True,True,True,True,True
/mnt/tank/scratch/okonovalova/AffiTox/analysis/excluding_2z5x_3mjg/tables/posebuster/split_structures/3lxk/boltz2/ligand_sdf/CHEMBL2392500.sdf,,0,True,True,True,True,True,True,True,True,True,True,True,True,True,True,True,True,True,True,True,True,True
/mnt/tank/scratch/okonovalova/AffiTox/analysis/excluding_2z5x_3mjg/tables/posebuster/split_structures/3lxk/boltz2/ligand_sdf/CHEMBL2087875.sdf,,0,True,True,True,True,True,True,True,True,True,True,True,True,True,True,True,True,True,True,True,True,True
/mnt/tank/scratch/okonovalova/AffiTox/analysis/excluding_2z5x_3mjg/tables/posebuster/split_structures/3lxk/boltz2/ligand_sdf/CHEMBL1765781.sdf,,0,True,True,True,True,True,True,True,True,True,True,True,True,True,True,True,True,True,True,True,True,True
/mnt/tank/scratch/okonovalova/AffiTox/analysis/excluding_2z5x_3mjg/tables/posebuster/split_structures/3lxk/boltz2/ligand_sdf/CHEMBL2385096.sdf,,0,True,True,True,True,True,True,True,True,True,True,True,True,True,True,True,True,True,True,True,True,True
/mnt/tank/scratch/okonovalova/AffiTox/analysis/excluding_2z5x_3mjg/tables/posebuster/split_structures/3lxk/boltz2/ligand_sdf/CHEMBL2392480.sdf,,0,True,True,True,True,True,True,True,True,True,True,True,True,True,True,True,True,True,True,True,True,True
/mnt/tank/scratch/okonovalova/AffiTox/analysis/excluding_2z5x_3mjg/tables/posebuster/split_structures/3lxk/boltz2/ligand_sdf/CHEMBL1287853.sdf,,0,True,True,True,True,True,True,True,True,True,True,True,True,True,False,True,True,True,True,True,True,True
/mnt/tank/scratch/okonovalova/AffiTox/analysis/excluding_2z5x_3mjg/tables/posebuster/split_structures/3lxk/boltz2/ligand_sdf/CHEMBL2436945.sdf,,0,True,True,True,True,True,True,True,True,True,True,True,True,True,True,True,True,True,True,True,True,True
/mnt/tank/scratch/okonovalova/AffiTox/analysis/excluding_2z5x_3mjg/tables/posebuster/split_structures/3lxk/boltz2/ligand_sdf/CHEMBL2392493.sdf,,0,True,True,True,True,True,True,True,True,True,True,True,True,True,True,True,True,True,True,True,True,True
/mnt/tank/scratch/okonovalova/AffiTox/analysis/excluding_2z5x_3mjg/tables/posebuster/split_structures/3lxk/boltz2/ligand_sdf/CHEMBL2386635.sdf,,0,True,True,True,True,True,True,True,True,True,True,True,True,True,True,True,True,True,True,True,True,True
/mnt/tank/scratch/okonovalova/AffiTox/analysis/excluding_2z5x_3mjg/tables/posebuster/split_structures/3lxk/boltz2/ligand_sdf/CHEMBL2386633.sdf,,0,True,True,True,True,True,True,True,True,True,True,True,True,True,True,True,True,True,True,True,True,True
/mnt/tank/scratch/okonovalova/AffiTox/analysis/excluding_2z5x_3mjg/tables/posebuster/split_structures/3lxk/boltz2/ligand_sdf/CHEMBL2386653.sdf,,0,True,True,True,True,True,True,True,True,True,True,True,True,True,True,True,True,True,True,True,True,True
/mnt/tank/scratch/okonovalova/AffiTox/analysis/excluding_2z5x_3mjg/tables/posebuster/split_structures/3lxk/boltz2/ligand_sdf/CHEMBL3335693.sdf,,0,True,True,True,True,True,True,True,True,True,True,True,True,True,True,True,True,True,True,True,True,True
/mnt/tank/scratch/okonovalova/AffiTox/analysis/excluding_2z5x_3mjg/tables/posebuster/split_structures/3lxk/boltz2/ligand_sdf/CHEMBL2386636.sdf,,0,True,True,True,True,True,True,True,True,True,True,True,True,True,True,True,True,True,True,True,True,True
/mnt/tank/scratch/okonovalova/AffiTox/analysis/excluding_2z5x_3mjg/tables/posebuster/split_structures/3lxk/boltz2/ligand_sdf/CHEMBL3335688.sdf,,0,True,True,True,True,True,True,True,True,True,True,True,True,True,True,True,True,True,True,True,True,True
/mnt/tank/scratch/okonovalova/AffiTox/analysis/excluding_2z5x_3mjg/tables/posebuster/split_structures/3lxk/boltz2/ligand_sdf/CHEMBL3665125.sdf,,0,True,True,True,True,True,True,True,True,True,True,True,True,True,True,True,True,True,True,True,True,True
/mnt/tank/scratch/okonovalova/AffiTox/analysis/excluding_2z5x_3mjg/tables/posebuster/split_structures/3lxk/boltz2/ligand_sdf/CHEMBL3665121.sdf,,0,True,True,True,True,True,True,True,True,True,True,True,True,True,True,True,True,True,True,True,True,True
/mnt/tank/scratch/okonovalova/AffiTox/analysis/excluding_2z5x_3mjg/tables/posebuster/split_structures/3lxk/boltz2/ligand_sdf/CHEMBL3639663.sdf,,0,True,True,True,True,True,True,True,True,True,True,True,True,True,True,True,True,True,True,True,True,True
/mnt/tank/scratch/okonovalova/AffiTox/analysis/excluding_2z5x_3mjg/tables/posebuster/split_structures/3lxk/boltz2/ligand_sdf/CHEMBL3335689.sdf,,0,True,True,True,True,True,True,True,True,True,True,True,True,True,True,True,True,True,True,True,True,True
/mnt/tank/scratch/okonovalova/AffiTox/analysis/excluding_2z5x_3mjg/tables/posebuster/split_structures/3lxk/boltz2/ligand_sdf/CHEMBL3039513.sdf,,0,True,True,True,True,True,True,True,True,True,True,True,True,True,True,True,True,True,True,True,True,True
/mnt/tank/scratch/okonovalova/AffiTox/analysis/excluding_2z5x_3mjg/tables/posebuster/split_structures/3lxk/boltz2/ligand_sdf/CHEMBL3665124.sdf,,0,True,True,True,True,True,True,True,True,True,True,True,True,True,True,True,True,True,True,True,True,True
/mnt/tank/scratch/okonovalova/AffiTox/analysis/excluding_2z5x_3mjg/tables/posebuster/split_structures/3lxk/boltz2/ligand_sdf/CHEMBL3639640.sdf,,0,True,True,True,True,True,True,True,True,True,True,True,True,True,True,True,True,True,True,True,True,True
/mnt/tank/scratch/okonovalova/AffiTox/analysis/excluding_2z5x_3mjg/tables/posebuster/split_structures/3lxk/boltz2/ligand_sdf/CHEMBL3357978.sdf,,0,True,True,True,True,True,True,True,True,True,True,True,True,True,True,True,True,True,True,True,True,True
/mnt/tank/scratch/okonovalova/AffiTox/analysis/excluding_2z5x_3mjg/tables/posebuster/split_structures/3lxk/boltz2/ligand_sdf/CHEMBL3665120.sdf,,0,True,True,True,True,True,True,True,True,True,True,True,True,True,True,True,True,True,True,True,True,True
/mnt/tank/scratch/okonovalova/AffiTox/analysis/excluding_2z5x_3mjg/tables/posebuster/split_structures/3lxk/boltz2/ligand_sdf/CHEMBL3665134.sdf,,0,True,True,True,True,True,True,True,True,True,True,True,True,True,True,True,True,True,True,True,True,True
/mnt/tank/scratch/okonovalova/AffiTox/analysis/excluding_2z5x_3mjg/tables/posebuster/split_structures/3lxk/boltz2/ligand_sdf/CHEMBL3665132.sdf,,0,True,True,True,True,True,True,True,True,True,True,True,True,True,True,True,True,True,True,True,True,True
/mnt/tank/scratch/okonovalova/AffiTox/analysis/excluding_2z5x_3mjg/tables/posebuster/split_structures/3lxk/boltz2/ligand_sdf/CHEMBL3665126.sdf,,0,True,True,True,True,True,True,True,True,True,True,True,True,True,True,True,True,True,True,True,True,True
/mnt/tank/scratch/okonovalova/AffiTox/analysis/excluding_2z5x_3mjg/tables/posebuster/split_structures/3lxk/boltz2/ligand_sdf/CHEMBL3665135.sdf,,0,True,True,True,True,True,True,True,True,True,True,True,True,True,True,True,True,True,True,True,True,True
/mnt/tank/scratch/okonovalova/AffiTox/analysis/excluding_2z5x_3mjg/tables/posebuster/split_structures/3lxk/boltz2/ligand_sdf/CHEMBL3335699.sdf,,0,True,True,True,True,True,True,True,True,True,True,True,True,True,True,True,True,True,True,True,True,True
/mnt/tank/scratch/okonovalova/AffiTox/analysis/excluding_2z5x_3mjg/tables/posebuster/split_structures/3lxk/boltz2/ligand_sdf/CHEMBL3665127.sdf,,0,True,True,True,True,True,True,True,True,True,True,True,True,True,True,True,True,True,True,True,True,True
/mnt/tank/scratch/okonovalova/AffiTox/analysis/excluding_2z5x_3mjg/tables/posebuster/split_structures/3lxk/boltz2/ligand_sdf/CHEMBL3665130.sdf,,0,True,True,True,True,True,True,True,True,True,True,True,True,True,True,True,True,True,True,True,True,True
/mnt/tank/scratch/okonovalova/AffiTox/analysis/excluding_2z5x_3mjg/tables/posebuster/split_structures/3lxk/boltz2/ligand_sdf/CHEMBL3665133.sdf,,0,True,True,True,True,True,True,True,True,True,True,True,True,True,True,True,True,True,True,True,True,True
/mnt/tank/scratch/okonovalova/AffiTox/analysis/excluding_2z5x_3mjg/tables/posebuster/split_structures/3lxk/boltz2/ligand_sdf/CHEMBL3665131.sdf,,0,True,True,True,True,True,True,True,True,True,True,True,True,True,True,True,True,True,True,True,True,True
/mnt/tank/scratch/okonovalova/AffiTox/analysis/excluding_2z5x_3mjg/tables/posebuster/split_structures/3lxk/boltz2/ligand_sdf/CHEMBL3665129.sdf,,0,True,True,True,True,True,True,True,True,True,True,True,True,True,True,True,True,True,True,True,True,True
/mnt/tank/scratch/okonovalova/AffiTox/analysis/excluding_2z5x_3mjg/tables/posebuster/split_structures/3lxk/boltz2/ligand_sdf/CHEMBL3665141.sdf,,0,True,True,True,True,True,True,True,True,True,True,True,True,True,True,True,True,True,True,True,True,True
/mnt/tank/scratch/okonovalova/AffiTox/analysis/excluding_2z5x_3mjg/tables/posebuster/split_structures/3lxk/boltz2/ligand_sdf/CHEMBL3665138.sdf,,0,True,True,True,True,True,True,True,True,True,True,True,True,True,True,True,True,True,True,True,True,True
/mnt/tank/scratch/okonovalova/AffiTox/analysis/excluding_2z5x_3mjg/tables/posebuster/split_structures/3lxk/boltz2/ligand_sdf/CHEMBL3665137.sdf,,0,True,True,True,True,True,True,True,True,True,True,True,True,True,True,True,True,True,True,True,True,True
/mnt/tank/scratch/okonovalova/AffiTox/analysis/excluding_2z5x_3mjg/tables/posebuster/split_structures/3lxk/boltz2/ligand_sdf/CHEMBL3665139.sdf,,0,True,True,True,True,True,True,True,True,True,True,True,True,True,True,True,True,True,True,True,True,True
/mnt/tank/scratch/okonovalova/AffiTox/analysis/excluding_2z5x_3mjg/tables/posebuster/split_structures/3lxk/boltz2/ligand_sdf/CHEMBL3665154.sdf,,0,True,True,True,True,True,True,True,True,True,True,True,True,True,True,True,True,True,True,True,True,True
/mnt/tank/scratch/okonovalova/AffiTox/analysis/excluding_2z5x_3mjg/tables/posebuster/split_structures/3lxk/boltz2/ligand_sdf/CHEMBL3665151.sdf,,0,True,True,True,True,True,True,True,True,True,True,True,True,True,True,True,True,True,True,True,True,True
/mnt/tank/scratch/okonovalova/AffiTox/analysis/excluding_2z5x_3mjg/tables/posebuster/split_structures/3lxk/boltz2/ligand_sdf/CHEMBL3665143.sdf,,0,True,True,True,True,True,True,True,True,True,True,True,True,True,True,True,True,True,True,True,True,True
/mnt/tank/scratch/okonovalova/AffiTox/analysis/excluding_2z5x_3mjg/tables/posebuster/split_structures/3lxk/boltz2/ligand_sdf/CHEMBL3665156.sdf,,0,True,True,True,True,True,True,True,True,True,True,True,True,True,True,True,True,True,True,True,True,True
/mnt/tank/scratch/okonovalova/AffiTox/analysis/excluding_2z5x_3mjg/tables/posebuster/split_structures/3lxk/boltz2/ligand_sdf/CHEMBL3665136.sdf,,0,True,True,True,True,True,True,True,True,True,True,True,True,True,True,True,True,True,True,True,True,True
/mnt/tank/scratch/okonovalova/AffiTox/analysis/excluding_2z5x_3mjg/tables/posebuster/split_structures/3lxk/boltz2/ligand_sdf/CHEMBL3665157.sdf,,0,True,True,True,True,True,True,True,True,True,True,True,True,True,True,True,True,True,True,True,True,True
/mnt/tank/scratch/okonovalova/AffiTox/analysis/excluding_2z5x_3mjg/tables/posebuster/split_structures/3lxk/boltz2/ligand_sdf/CHEMBL3665147.sdf,,0,True,True,True,True,True,True,True,True,True,True,True,True,True,True,True,True,True,True,True,True,True
/mnt/tank/scratch/okonovalova/AffiTox/analysis/excluding_2z5x_3mjg/tables/posebuster/split_structures/3lxk/boltz2/ligand_sdf/CHEMBL3665153.sdf,,0,True,True,True,True,True,True,True,True,True,True,True,True,True,True,True,True,True,True,True,True,True
/mnt/tank/scratch/okonovalova/AffiTox/analysis/excluding_2z5x_3mjg/tables/posebuster/split_structures/3lxk/boltz2/ligand_sdf/CHEMBL3665155.sdf,,0,True,True,True,True,True,True,True,True,True,True,True,True,True,True,True,True,True,True,True,True,True
/mnt/tank/scratch/okonovalova/AffiTox/analysis/excluding_2z5x_3mjg/tables/posebuster/split_structures/3lxk/boltz2/ligand_sdf/CHEMBL3665159.sdf,,0,True,True,True,True,True,True,True,True,True,True,True,True,True,True,True,True,True,True,True,True,True
/mnt/tank/scratch/okonovalova/AffiTox/analysis/excluding_2z5x_3mjg/tables/posebuster/split_structures/3lxk/boltz2/ligand_sdf/CHEMBL3665145.sdf,,0,True,True,True,True,True,True,True,True,True,True,True,True,True,True,True,True,True,True,True,True,True
/mnt/tank/scratch/okonovalova/AffiTox/analysis/excluding_2z5x_3mjg/tables/posebuster/split_structures/3lxk/boltz2/ligand_sdf/CHEMBL3665149.sdf,,0,True,True,True,True,True,True,True,True,True,True,True,True,True,True,True,True,True,True,True,True,True
/mnt/tank/scratch/okonovalova/AffiTox/analysis/excluding_2z5x_3mjg/tables/posebuster/split_structures/3lxk/boltz2/ligand_sdf/CHEMBL3665158.sdf,,0,True,True,True,True,True,True,True,True,True,True,True,True,True,True,True,True,True,True,True,True,True
/mnt/tank/scratch/okonovalova/AffiTox/analysis/excluding_2z5x_3mjg/tables/posebuster/split_structures/3lxk/boltz2/ligand_sdf/CHEMBL3665144.sdf,,0,True,True,True,True,True,True,True,True,True,True,True,True,True,True,True,True,True,True,True,True,True
/mnt/tank/scratch/okonovalova/AffiTox/analysis/excluding_2z5x_3mjg/tables/posebuster/split_structures/3lxk/boltz2/ligand_sdf/CHEMBL3665167.sdf,,0,True,True,True,True,True,True,True,True,True,True,True,True,True,True,True,True,True,True,True,True,True
/mnt/tank/scratch/okonovalova/AffiTox/analysis/excluding_2z5x_3mjg/tables/posebuster/split_structures/3lxk/boltz2/ligand_sdf/CHEMBL3665170.sdf,,0,True,True,True,True,True,True,True,True,True,True,True,True,True,True,True,True,True,True,True,True,True
/mnt/tank/scratch/okonovalova/AffiTox/analysis/excluding_2z5x_3mjg/tables/posebuster/split_structures/3lxk/boltz2/ligand_sdf/CHEMBL3665148.sdf,,0,True,True,True,True,True,True,True,True,True,True,True,True,True,True,True,True,True,True,True,True,True
/mnt/tank/scratch/okonovalova/AffiTox/analysis/excluding_2z5x_3mjg/tables/posebuster/split_structures/3lxk/boltz2/ligand_sdf/CHEMBL3665189.sdf,,0,True,True,True,True,True,True,True,True,True,True,True,True,True,True,True,True,True,True,True,True,True
/mnt/tank/scratch/okonovalova/AffiTox/analysis/excluding_2z5x_3mjg/tables/posebuster/split_structures/3lxk/boltz2/ligand_sdf/CHEMBL3665177.sdf,,0,True,True,True,True,True,True,True,True,True,True,True,True,True,True,True,True,True,True,True,True,True
/mnt/tank/scratch/okonovalova/AffiTox/analysis/excluding_2z5x_3mjg/tables/posebuster/split_structures/3lxk/boltz2/ligand_sdf/CHEMBL3665161.sdf,,0,True,True,True,True,True,True,True,True,True,True,True,True,True,True,True,True,True,True,True,True,True
/mnt/tank/scratch/okonovalova/AffiTox/analysis/excluding_2z5x_3mjg/tables/posebuster/split_structures/3lxk/boltz2/ligand_sdf/CHEMBL3665173.sdf,,0,True,True,True,True,True,True,True,True,True,True,True,True,True,True,True,True,True,True,True,True,True
/mnt/tank/scratch/okonovalova/AffiTox/analysis/excluding_2z5x_3mjg/tables/posebuster/split_structures/3lxk/boltz2/ligand_sdf/CHEMBL3665168.sdf,,0,True,True,True,True,True,True,True,True,True,True,True,True,True,True,True,True,True,True,True,True,True
/mnt/tank/scratch/okonovalova/AffiTox/analysis/excluding_2z5x_3mjg/tables/posebuster/split_structures/3lxk/boltz2/ligand_sdf/CHEMBL3665185.sdf,,0,True,True,True,True,True,True,True,True,True,True,True,True,True,True,True,True,True,True,True,True,True
/mnt/tank/scratch/okonovalova/AffiTox/analysis/excluding_2z5x_3mjg/tables/posebuster/split_structures/3lxk/boltz2/ligand_sdf/CHEMBL3665187.sdf,,0,True,True,True,True,True,True,True,True,True,True,True,True,True,True,True,True,True,True,True,True,True
/mnt/tank/scratch/okonovalova/AffiTox/analysis/excluding_2z5x_3mjg/tables/posebuster/split_structures/3lxk/boltz2/ligand_sdf/CHEMBL3665160.sdf,,0,True,True,True,True,True,True,True,True,True,True,True,True,True,True,True,True,True,True,True,True,True
/mnt/tank/scratch/okonovalova/AffiTox/analysis/excluding_2z5x_3mjg/tables/posebuster/split_structures/3lxk/boltz2/ligand_sdf/CHEMBL3665194.sdf,,0,True,True,True,True,True,True,True,True,True,True,True,True,True,True,True,True,True,True,True,True,True
/mnt/tank/scratch/okonovalova/AffiTox/analysis/excluding_2z5x_3mjg/tables/posebuster/split_structures/3lxk/boltz2/ligand_sdf/CHEMBL3665186.sdf,,0,True,True,True,True,True,True,True,True,True,True,True,True,True,True,True,True,True,True,True,True,True
/mnt/tank/scratch/okonovalova/AffiTox/analysis/excluding_2z5x_3mjg/tables/posebuster/split_structures/3lxk/boltz2/ligand_sdf/CHEMBL3665178.sdf,,0,True,True,True,True,True,True,True,True,True,True,True,True,True,True,True,True,True,True,True,True,True
/mnt/tank/scratch/okonovalova/AffiTox/analysis/excluding_2z5x_3mjg/tables/posebuster/split_structures/3lxk/boltz2/ligand_sdf/CHEMBL3665195.sdf,,0,True,True,True,True,True,True,True,True,True,True,True,True,True,True,True,True,True,True,True,True,True
/mnt/tank/scratch/okonovalova/AffiTox/analysis/excluding_2z5x_3mjg/tables/posebuster/split_structures/3lxk/boltz2/ligand_sdf/CHEMBL3665190.sdf,,0,True,True,True,True,True,True,True,True,True,True,True,True,True,True,True,True,True,True,True,True,True
/mnt/tank/scratch/okonovalova/AffiTox/analysis/excluding_2z5x_3mjg/tables/posebuster/split_structures/3lxk/boltz2/ligand_sdf/CHEMBL3665198.sdf,,0,True,True,True,True,True,True,True,True,True,True,True,True,True,True,True,True,True,True,True,True,True
/mnt/tank/scratch/okonovalova/AffiTox/analysis/excluding_2z5x_3mjg/tables/posebuster/split_structures/3lxk/boltz2/ligand_sdf/CHEMBL3665196.sdf,,0,True,True,True,True,True,True,True,True,True,True,True,True,True,True,True,True,True,True,True,True,True
/mnt/tank/scratch/okonovalova/AffiTox/analysis/excluding_2z5x_3mjg/tables/posebuster/split_structures/3lxk/boltz2/ligand_sdf/CHEMBL3665197.sdf,,0,True,True,True,True,True,True,True,True,True,True,True,True,True,True,True,True,True,True,True,True,True
/mnt/tank/scratch/okonovalova/AffiTox/analysis/excluding_2z5x_3mjg/tables/posebuster/split_structures/3lxk/boltz2/ligand_sdf/CHEMBL3665201.sdf,,0,True,True,True,True,True,True,True,True,True,True,True,True,True,True,True,True,True,True,True,True,True
/mnt/tank/scratch/okonovalova/AffiTox/analysis/excluding_2z5x_3mjg/tables/posebuster/split_structures/3lxk/boltz2/ligand_sdf/CHEMBL3665191.sdf,,0,True,True,True,True,True,True,True,True,True,True,True,True,True,True,True,True,True,True,True,True,True
/mnt/tank/scratch/okonovalova/AffiTox/analysis/excluding_2z5x_3mjg/tables/posebuster/split_structures/3lxk/boltz2/ligand_sdf/CHEMBL3665204.sdf,,0,True,True,True,True,True,True,True,True,True,True,True,True,True,True,True,True,True,True,True,True,True
/mnt/tank/scratch/okonovalova/AffiTox/analysis/excluding_2z5x_3mjg/tables/posebuster/split_structures/3lxk/boltz2/ligand_sdf/CHEMBL3665210.sdf,,0,True,True,True,True,True,True,True,True,True,True,True,True,True,True,True,True,True,True,True,True,True
/mnt/tank/scratch/okonovalova/AffiTox/analysis/excluding_2z5x_3mjg/tables/posebuster/split_structures/3lxk/boltz2/ligand_sdf/CHEMBL3665208.sdf,,0,True,True,True,True,True,True,True,True,True,True,True,True,True,True,True,True,True,True,True,True,True
/mnt/tank/scratch/okonovalova/AffiTox/analysis/excluding_2z5x_3mjg/tables/posebuster/split_structures/3lxk/boltz2/ligand_sdf/CHEMBL3665213.sdf,,0,True,True,True,True,True,True,True,True,True,True,True,True,True,True,True,True,True,True,True,True,True
/mnt/tank/scratch/okonovalova/AffiTox/analysis/excluding_2z5x_3mjg/tables/posebuster/split_structures/3lxk/boltz2/ligand_sdf/CHEMBL3665211.sdf,,0,True,True,True,True,True,True,True,True,True,True,True,True,True,True,True,True,True,True,True,True,True
/mnt/tank/scratch/okonovalova/AffiTox/analysis/excluding_2z5x_3mjg/tables/posebuster/split_structures/3lxk/boltz2/ligand_sdf/CHEMBL3665209.sdf,,0,True,True,True,True,True,True,True,True,True,True,True,True,True,True,True,True,True,True,True,True,True
/mnt/tank/scratch/okonovalova/AffiTox/analysis/excluding_2z5x_3mjg/tables/posebuster/split_structures/3lxk/boltz2/ligand_sdf/CHEMBL3665212.sdf,,0,True,True,True,True,True,True,True,True,True,True,True,True,True,True,True,True,True,True,True,True,True
/mnt/tank/scratch/okonovalova/AffiTox/analysis/excluding_2z5x_3mjg/tables/posebuster/split_structures/3lxk/boltz2/ligand_sdf/CHEMBL3665203.sdf,,0,True,True,True,True,True,True,True,True,True,True,True,True,True,True,True,True,True,True,True,True,True
/mnt/tank/scratch/okonovalova/AffiTox/analysis/excluding_2z5x_3mjg/tables/posebuster/split_structures/3lxk/boltz2/ligand_sdf/CHEMBL3665215.sdf,,0,True,True,True,True,True,True,True,True,True,True,True,True,True,True,True,True,True,True,True,True,True
/mnt/tank/scratch/okonovalova/AffiTox/analysis/excluding_2z5x_3mjg/tables/posebuster/split_structures/3lxk/boltz2/ligand_sdf/CHEMBL3665205.sdf,,0,True,True,True,True,True,True,True,True,True,True,True,True,True,False,True,True,True,True,True,True,True
/mnt/tank/scratch/okonovalova/AffiTox/analysis/excluding_2z5x_3mjg/tables/posebuster/split_structures/3lxk/boltz2/ligand_sdf/CHEMBL3667512.sdf,,0,True,True,True,True,True,True,True,True,True,True,True,True,True,True,True,True,True,True,True,True,True
/mnt/tank/scratch/okonovalova/AffiTox/analysis/excluding_2z5x_3mjg/tables/posebuster/split_structures/3lxk/boltz2/ligand_sdf/CHEMBL3667514.sdf,,0,True,True,True,True,True,True,True,True,True,True,True,True,True,True,True,True,True,True,True,True,True
/mnt/tank/scratch/okonovalova/AffiTox/analysis/excluding_2z5x_3mjg/tables/posebuster/split_structures/3lxk/boltz2/ligand_sdf/CHEMBL3667509.sdf,,0,True,True,True,True,True,True,True,True,True,True,True,True,True,True,True,True,True,True,True,True,True
/mnt/tank/scratch/okonovalova/AffiTox/analysis/excluding_2z5x_3mjg/tables/posebuster/split_structures/3lxk/boltz2/ligand_sdf/CHEMBL3667510.sdf,,0,True,True,True,True,True,True,True,True,True,True,True,True,True,True,True,True,True,True,True,True,True
/mnt/tank/scratch/okonovalova/AffiTox/analysis/excluding_2z5x_3mjg/tables/posebuster/split_structures/3lxk/boltz2/ligand_sdf/CHEMBL3665223.sdf,,0,True,True,True,True,True,True,True,True,True,True,True,True,True,True,True,True,True,True,True,True,True
/mnt/tank/scratch/okonovalova/AffiTox/analysis/excluding_2z5x_3mjg/tables/posebuster/split_structures/3lxk/boltz2/ligand_sdf/CHEMBL3667518.sdf,,0,True,True,True,True,True,True,True,True,True,True,True,True,True,True,True,True,True,True,True,True,True
/mnt/tank/scratch/okonovalova/AffiTox/analysis/excluding_2z5x_3mjg/tables/posebuster/split_structures/3lxk/boltz2/ligand_sdf/CHEMBL3667508.sdf,,0,True,True,True,True,True,True,True,True,True,True,True,True,True,True,True,True,True,True,True,True,True
/mnt/tank/scratch/okonovalova/AffiTox/analysis/excluding_2z5x_3mjg/tables/posebuster/split_structures/3lxk/boltz2/ligand_sdf/CHEMBL3667521.sdf,,0,True,True,True,True,True,True,True,True,True,True,True,True,True,False,True,True,True,True,True,True,True
/mnt/tank/scratch/okonovalova/AffiTox/analysis/excluding_2z5x_3mjg/tables/posebuster/split_structures/3lxk/boltz2/ligand_sdf/CHEMBL3667519.sdf,,0,True,True,True,True,True,True,True,True,True,True,True,True,True,True,True,True,True,True,True,True,True
/mnt/tank/scratch/okonovalova/AffiTox/analysis/excluding_2z5x_3mjg/tables/posebuster/split_structures/3lxk/boltz2/ligand_sdf/CHEMBL3667516.sdf,,0,True,True,True,True,True,True,True,True,True,True,True,True,True,True,True,True,True,True,True,True,True
/mnt/tank/scratch/okonovalova/AffiTox/analysis/excluding_2z5x_3mjg/tables/posebuster/split_structures/3lxk/boltz2/ligand_sdf/CHEMBL3667515.sdf,,0,True,True,True,True,True,True,True,True,True,True,True,True,True,True,True,True,True,True,True,True,True
/mnt/tank/scratch/okonovalova/AffiTox/analysis/excluding_2z5x_3mjg/tables/posebuster/split_structures/3lxk/boltz2/ligand_sdf/CHEMBL3667517.sdf,,0,True,True,True,True,True,True,True,True,True,True,True,True,True,True,True,True,True,True,True,True,True
/mnt/tank/scratch/okonovalova/AffiTox/analysis/excluding_2z5x_3mjg/tables/posebuster/split_structures/3lxk/boltz2/ligand_sdf/CHEMBL3667511.sdf,,0,True,True,True,True,True,True,True,True,True,True,True,True,True,True,True,True,True,True,True,True,True
/mnt/tank/scratch/okonovalova/AffiTox/analysis/excluding_2z5x_3mjg/tables/posebuster/split_structures/3lxk/boltz2/ligand_sdf/CHEMBL3667520.sdf,,0,True,True,True,True,True,True,True,True,True,True,True,True,True,True,True,True,True,True,True,True,True
/mnt/tank/scratch/okonovalova/AffiTox/analysis/excluding_2z5x_3mjg/tables/posebuster/split_structures/3lxk/boltz2/ligand_sdf/CHEMBL3665221.sdf,,0,True,True,True,True,True,True,True,True,True,True,True,True,True,True,True,True,True,True,True,True,True
/mnt/tank/scratch/okonovalova/AffiTox/analysis/excluding_2z5x_3mjg/tables/posebuster/split_structures/3lxk/boltz2/ligand_sdf/CHEMBL3665219.sdf,,0,True,True,True,True,True,True,True,True,True,True,True,True,True,True,True,True,True,True,True,True,True
/mnt/tank/scratch/okonovalova/AffiTox/analysis/excluding_2z5x_3mjg/tables/posebuster/split_structures/3lxk/boltz2/ligand_sdf/CHEMBL3665220.sdf,,0,True,True,True,True,True,True,True,True,True,True,True,True,True,True,True,True,True,True,True,True,True
/mnt/tank/scratch/okonovalova/AffiTox/analysis/excluding_2z5x_3mjg/tables/posebuster/split_structures/3lxk/boltz2/ligand_sdf/CHEMBL3667529.sdf,,0,True,True,True,True,True,True,True,True,True,True,True,True,True,True,True,True,True,True,True,True,True
/mnt/tank/scratch/okonovalova/AffiTox/analysis/excluding_2z5x_3mjg/tables/posebuster/split_structures/3lxk/boltz2/ligand_sdf/CHEMBL3667523.sdf,,0,True,True,True,True,True,True,True,True,True,True,True,True,True,True,True,True,True,True,True,True,True
/mnt/tank/scratch/okonovalova/AffiTox/analysis/excluding_2z5x_3mjg/tables/posebuster/split_structures/3lxk/boltz2/ligand_sdf/CHEMBL3670392.sdf,,0,True,True,True,True,True,True,True,True,True,True,True,True,True,True,True,True,True,True,True,True,True
/mnt/tank/scratch/okonovalova/AffiTox/analysis/excluding_2z5x_3mjg/tables/posebuster/split_structures/3lxk/boltz2/ligand_sdf/CHEMBL3667525.sdf,,0,True,True,True,True,True,True,True,True,True,True,True,True,True,True,True,True,True,True,True,True,True
/mnt/tank/scratch/okonovalova/AffiTox/analysis/excluding_2z5x_3mjg/tables/posebuster/split_structures/3lxk/boltz2/ligand_sdf/CHEMBL3667527.sdf,,0,True,True,True,True,True,True,True,True,True,True,True,True,True,True,True,True,True,True,True,True,True
/mnt/tank/scratch/okonovalova/AffiTox/analysis/excluding_2z5x_3mjg/tables/posebuster/split_structures/3lxk/boltz2/ligand_sdf/CHEMBL3667528.sdf,,0,True,True,True,True,True,True,True,True,True,True,True,True,True,True,True,True,True,True,True,True,True
/mnt/tank/scratch/okonovalova/AffiTox/analysis/excluding_2z5x_3mjg/tables/posebuster/split_structures/3lxk/boltz2/ligand_sdf/CHEMBL3670393.sdf,,0,True,True,True,True,True,True,True,True,True,True,True,True,True,True,True,True,True,True,True,True,True
/mnt/tank/scratch/okonovalova/AffiTox/analysis/excluding_2z5x_3mjg/tables/posebuster/split_structures/3lxk/boltz2/ligand_sdf/CHEMBL3665218.sdf,,0,True,True,True,True,True,True,True,True,True,True,True,True,True,True,True,True,True,True,True,True,True
/mnt/tank/scratch/okonovalova/AffiTox/analysis/excluding_2z5x_3mjg/tables/posebuster/split_structures/3lxk/boltz2/ligand_sdf/CHEMBL3667522.sdf,,0,True,True,True,True,True,True,True,True,True,True,True,True,True,True,True,True,True,True,True,True,True
/mnt/tank/scratch/okonovalova/AffiTox/analysis/excluding_2z5x_3mjg/tables/posebuster/split_structures/3lxk/boltz2/ligand_sdf/CHEMBL3670390.sdf,,0,True,True,True,True,True,True,True,True,True,True,True,True,True,True,True,True,True,True,True,True,True
/mnt/tank/scratch/okonovalova/AffiTox/analysis/excluding_2z5x_3mjg/tables/posebuster/split_structures/3lxk/boltz2/ligand_sdf/CHEMBL3667526.sdf,,0,True,True,True,True,True,True,True,True,True,True,True,True,True,False,True,True,True,True,True,True,True
/mnt/tank/scratch/okonovalova/AffiTox/analysis/excluding_2z5x_3mjg/tables/posebuster/split_structures/3lxk/boltz2/ligand_sdf/CHEMBL3670391.sdf,,0,True,True,True,True,True,True,True,True,True,True,True,True,True,True,True,True,True,True,True,True,True
/mnt/tank/scratch/okonovalova/AffiTox/analysis/excluding_2z5x_3mjg/tables/posebuster/split_structures/3lxk/boltz2/ligand_sdf/CHEMBL3670394.sdf,,0,True,True,True,True,True,True,True,True,True,True,True,True,True,True,True,True,True,True,True,True,True
/mnt/tank/scratch/okonovalova/AffiTox/analysis/excluding_2z5x_3mjg/tables/posebuster/split_structures/3lxk/boltz2/ligand_sdf/CHEMBL3665217.sdf,,0,True,True,True,True,True,True,True,True,True,True,True,True,True,True,True,True,True,True,True,True,True
/mnt/tank/scratch/okonovalova/AffiTox/analysis/excluding_2z5x_3mjg/tables/posebuster/split_structures/3lxk/boltz2/ligand_sdf/CHEMBL3904911.sdf,,0,True,True,True,True,True,True,True,True,True,True,True,True,True,False,True,True,True,True,True,True,True
/mnt/tank/scratch/okonovalova/AffiTox/analysis/excluding_2z5x_3mjg/tables/posebuster/split_structures/3lxk/boltz2/ligand_sdf/CHEMBL3670397.sdf,,0,True,True,True,True,True,True,True,True,True,True,True,True,True,True,True,True,True,True,True,True,True
/mnt/tank/scratch/okonovalova/AffiTox/analysis/excluding_2z5x_3mjg/tables/posebuster/split_structures/3lxk/boltz2/ligand_sdf/CHEMBL3670395.sdf,,0,True,True,True,True,True,True,True,True,True,True,True,True,True,True,True,True,True,True,True,True,True
/mnt/tank/scratch/okonovalova/AffiTox/analysis/excluding_2z5x_3mjg/tables/posebuster/split_structures/3lxk/boltz2/ligand_sdf/CHEMBL3667524.sdf,,0,True,True,True,True,True,True,True,True,True,True,True,True,True,True,True,True,True,True,True,True,True
/mnt/tank/scratch/okonovalova/AffiTox/analysis/excluding_2z5x_3mjg/tables/posebuster/split_structures/3lxk/boltz2/ligand_sdf/CHEMBL4453941.sdf,,0,True,True,True,True,True,True,True,True,True,True,True,True,True,True,True,True,True,True,True,True,True
/mnt/tank/scratch/okonovalova/AffiTox/analysis/excluding_2z5x_3mjg/tables/posebuster/split_structures/3lxk/boltz2/ligand_sdf/CHEMBL3959457.sdf,,0,True,True,True,True,True,True,True,True,True,True,True,True,True,True,True,True,True,True,True,True,True
/mnt/tank/scratch/okonovalova/AffiTox/analysis/excluding_2z5x_3mjg/tables/posebuster/split_structures/3lxk/boltz2/ligand_sdf/CHEMBL4249925.sdf,,0,True,True,True,True,True,True,True,True,True,True,True,True,True,True,True,True,True,True,True,True,True
/mnt/tank/scratch/okonovalova/AffiTox/analysis/excluding_2z5x_3mjg/tables/posebuster/split_structures/3lxk/boltz2/ligand_sdf/CHEMBL3932905.sdf,,0,True,True,True,True,True,True,True,True,True,True,True,True,True,True,True,True,True,True,True,True,True
/mnt/tank/scratch/okonovalova/AffiTox/analysis/excluding_2z5x_3mjg/tables/posebuster/split_structures/3lxk/boltz2/ligand_sdf/CHEMBL4076947.sdf,,0,True,True,True,True,True,True,True,True,True,True,True,True,True,True,True,True,True,True,True,True,True
/mnt/tank/scratch/okonovalova/AffiTox/analysis/excluding_2z5x_3mjg/tables/posebuster/split_structures/3lxk/boltz2/ligand_sdf/CHEMBL494221.sdf,,0,True,True,True,True,True,True,True,True,True,True,True,True,True,True,True,True,True,True,True,True,True
/mnt/tank/scratch/okonovalova/AffiTox/analysis/excluding_2z5x_3mjg/tables/posebuster/split_structures/3lxk/boltz2/ligand_sdf/CHEMBL4245242.sdf,,0,True,True,True,True,True,True,True,True,True,True,True,True,True,True,True,True,True,True,True,True,True
/mnt/tank/scratch/okonovalova/AffiTox/analysis/excluding_2z5x_3mjg/tables/posebuster/split_structures/3lxk/boltz2/ligand_sdf/CHEMBL3960901.sdf,,0,True,True,True,True,True,True,True,True,True,True,True,True,True,True,True,True,True,True,True,True,True
/mnt/tank/scratch/okonovalova/AffiTox/analysis/excluding_2z5x_3mjg/tables/posebuster/split_structures/3lxk/boltz2/ligand_sdf/CHEMBL4650343.sdf,,0,True,True,True,True,True,True,True,True,True,True,True,True,True,True,True,True,True,True,True,True,True
/mnt/tank/scratch/okonovalova/AffiTox/analysis/excluding_2z5x_3mjg/tables/posebuster/split_structures/3lxk/boltz2/ligand_sdf/CHEMBL4472655.sdf,,0,True,True,True,True,True,True,True,True,True,True,True,True,True,True,True,True,True,True,True,True,True
/mnt/tank/scratch/okonovalova/AffiTox/analysis/excluding_2z5x_3mjg/tables/posebuster/split_structures/3lxk/boltz2/ligand_sdf/CHEMBL4248525.sdf,,0,True,True,True,True,True,True,True,True,True,True,True,True,True,True,True,True,True,True,True,True,True
/mnt/tank/scratch/okonovalova/AffiTox/analysis/excluding_2z5x_3mjg/tables/posebuster/split_structures/3lxk/boltz2/ligand_sdf/CHEMBL5740619.sdf,,0,True,True,True,True,True,True,True,True,True,True,True,True,True,True,True,True,True,True,True,True,True
/mnt/tank/scratch/okonovalova/AffiTox/analysis/excluding_2z5x_3mjg/tables/posebuster/split_structures/3lxk/boltz2/ligand_sdf/CHEMBL458333.sdf,,0,True,True,True,True,True,True,True,True,True,True,True,True,True,True,True,True,True,True,True,True,True
/mnt/tank/scratch/okonovalova/AffiTox/analysis/excluding_2z5x_3mjg/tables/posebuster/split_structures/3lxk/boltz2/ligand_sdf/CHEMBL4802163.sdf,,0,True,True,True,True,True,True,True,True,True,True,True,True,True,True,True,True,True,True,True,True,True
/mnt/tank/scratch/okonovalova/AffiTox/analysis/excluding_2z5x_3mjg/tables/posebuster/split_structures/3lxk/boltz2/ligand_sdf/CHEMBL5741145.sdf,,0,True,True,True,True,True,True,True,True,True,True,True,True,True,False,True,True,True,True,True,True,True
/mnt/tank/scratch/okonovalova/AffiTox/analysis/excluding_2z5x_3mjg/tables/posebuster/split_structures/3lxk/boltz2/ligand_sdf/CHEMBL5740587.sdf,,0,True,True,True,True,True,True,True,True,True,True,True,True,True,False,True,True,True,True,True,True,True
/mnt/tank/scratch/okonovalova/AffiTox/analysis/excluding_2z5x_3mjg/tables/posebuster/split_structures/3lxk/boltz2/ligand_sdf/CHEMBL5180050.sdf,,0,True,True,True,True,True,True,True,True,True,True,True,True,True,True,True,True,True,True,True,True,True
/mnt/tank/scratch/okonovalova/AffiTox/analysis/excluding_2z5x_3mjg/tables/posebuster/split_structures/3lxk/boltz2/ligand_sdf/CHEMBL5740430.sdf,,0,True,True,True,True,True,True,True,True,True,True,True,True,True,True,True,True,True,True,True,True,True
/mnt/tank/scratch/okonovalova/AffiTox/analysis/excluding_2z5x_3mjg/tables/posebuster/split_structures/3lxk/boltz2/ligand_sdf/CHEMBL5740879.sdf,,0,True,True,True,True,True,True,True,True,True,True,True,True,True,True,True,True,True,True,True,True,True
/mnt/tank/scratch/okonovalova/AffiTox/analysis/excluding_2z5x_3mjg/tables/posebuster/split_structures/3lxk/boltz2/ligand_sdf/CHEMBL5745781.sdf,,0,True,True,True,True,True,True,True,True,True,True,True,True,True,False,True,True,True,True,True,True,True
/mnt/tank/scratch/okonovalova/AffiTox/analysis/excluding_2z5x_3mjg/tables/posebuster/split_structures/3lxk/boltz2/ligand_sdf/CHEMBL5741185.sdf,,0,True,True,True,True,True,True,True,True,True,True,True,True,True,True,True,True,True,True,True,True,True
/mnt/tank/scratch/okonovalova/AffiTox/analysis/excluding_2z5x_3mjg/tables/posebuster/split_structures/3lxk/boltz2/ligand_sdf/CHEMBL5746676.sdf,,0,True,True,True,True,True,True,True,True,True,True,True,True,True,True,True,True,True,True,True,True,True
/mnt/tank/scratch/okonovalova/AffiTox/analysis/excluding_2z5x_3mjg/tables/posebuster/split_structures/3lxk/boltz2/ligand_sdf/CHEMBL5742358.sdf,,0,True,True,True,True,True,True,True,True,True,True,True,True,True,True,True,True,True,True,True,True,True
/mnt/tank/scratch/okonovalova/AffiTox/analysis/excluding_2z5x_3mjg/tables/posebuster/split_structures/3lxk/boltz2/ligand_sdf/CHEMBL5741454.sdf,,0,True,True,True,True,True,True,True,True,True,True,True,True,True,True,True,True,True,True,True,True,True
/mnt/tank/scratch/okonovalova/AffiTox/analysis/excluding_2z5x_3mjg/tables/posebuster/split_structures/3lxk/boltz2/ligand_sdf/CHEMBL5751456.sdf,,0,True,True,True,True,True,True,True,True,True,True,True,True,True,False,True,True,True,True,True,True,True
/mnt/tank/scratch/okonovalova/AffiTox/analysis/excluding_2z5x_3mjg/tables/posebuster/split_structures/3lxk/boltz2/ligand_sdf/CHEMBL5749203.sdf,,0,True,True,True,True,True,True,True,True,True,True,True,True,True,True,True,True,True,True,True,True,True
/mnt/tank/scratch/okonovalova/AffiTox/analysis/excluding_2z5x_3mjg/tables/posebuster/split_structures/3lxk/boltz2/ligand_sdf/CHEMBL5746110.sdf,,0,True,True,True,True,True,True,True,True,True,True,True,True,True,True,True,True,True,True,True,True,True
/mnt/tank/scratch/okonovalova/AffiTox/analysis/excluding_2z5x_3mjg/tables/posebuster/split_structures/3lxk/boltz2/ligand_sdf/CHEMBL5744137.sdf,,0,True,True,True,True,True,True,True,True,True,True,True,True,True,True,True,True,True,True,True,True,True
/mnt/tank/scratch/okonovalova/AffiTox/analysis/excluding_2z5x_3mjg/tables/posebuster/split_structures/3lxk/boltz2/ligand_sdf/CHEMBL5742535.sdf,,0,True,True,True,True,True,True,True,True,True,True,True,True,True,True,True,True,True,True,True,True,True
/mnt/tank/scratch/okonovalova/AffiTox/analysis/excluding_2z5x_3mjg/tables/posebuster/split_structures/3lxk/boltz2/ligand_sdf/CHEMBL5742932.sdf,,0,True,True,True,True,True,True,True,True,True,True,True,True,True,True,True,True,True,True,True,True,True
/mnt/tank/scratch/okonovalova/AffiTox/analysis/excluding_2z5x_3mjg/tables/posebuster/split_structures/3lxk/boltz2/ligand_sdf/CHEMBL5753523.sdf,,0,True,True,True,True,True,True,True,True,True,True,True,True,True,False,True,True,True,True,True,True,True
/mnt/tank/scratch/okonovalova/AffiTox/analysis/excluding_2z5x_3mjg/tables/posebuster/split_structures/3lxk/boltz2/ligand_sdf/CHEMBL5753546.sdf,,0,True,True,True,True,True,True,True,True,True,True,True,True,True,True,True,True,True,True,True,True,True
/mnt/tank/scratch/okonovalova/AffiTox/analysis/excluding_2z5x_3mjg/tables/posebuster/split_structures/3lxk/boltz2/ligand_sdf/CHEMBL5747341.sdf,,0,True,True,True,True,True,True,True,True,True,True,True,True,True,True,True,True,True,True,True,True,True
/mnt/tank/scratch/okonovalova/AffiTox/analysis/excluding_2z5x_3mjg/tables/posebuster/split_structures/3lxk/boltz2/ligand_sdf/CHEMBL5740874.sdf,,0,True,True,True,True,True,True,True,True,True,True,True,True,True,True,True,True,True,True,True,True,True
/mnt/tank/scratch/okonovalova/AffiTox/analysis/excluding_2z5x_3mjg/tables/posebuster/split_structures/3lxk/boltz2/ligand_sdf/CHEMBL5753964.sdf,,0,True,True,True,True,True,True,True,True,True,True,True,True,True,True,True,True,True,True,True,True,True
/mnt/tank/scratch/okonovalova/AffiTox/analysis/excluding_2z5x_3mjg/tables/posebuster/split_structures/3lxk/boltz2/ligand_sdf/CHEMBL5750698.sdf,,0,True,True,True,True,True,True,True,True,True,True,True,True,True,False,True,True,True,True,True,True,True
/mnt/tank/scratch/okonovalova/AffiTox/analysis/excluding_2z5x_3mjg/tables/posebuster/split_structures/3lxk/boltz2/ligand_sdf/CHEMBL5753717.sdf,,0,True,True,True,True,True,True,True,True,True,True,True,True,True,True,True,True,True,True,True,True,True
/mnt/tank/scratch/okonovalova/AffiTox/analysis/excluding_2z5x_3mjg/tables/posebuster/split_structures/3lxk/boltz2/ligand_sdf/CHEMBL5755165.sdf,,0,True,True,True,True,True,True,True,True,True,True,True,True,True,False,True,True,True,True,True,True,True
/mnt/tank/scratch/okonovalova/AffiTox/analysis/excluding_2z5x_3mjg/tables/posebuster/split_structures/3lxk/boltz2/ligand_sdf/CHEMBL5757698.sdf,,0,True,True,True,True,True,True,True,True,True,True,True,True,True,False,True,True,True,True,True,True,True
/mnt/tank/scratch/okonovalova/AffiTox/analysis/excluding_2z5x_3mjg/tables/posebuster/split_structures/3lxk/boltz2/ligand_sdf/CHEMBL5758687.sdf,,0,True,True,True,True,True,True,True,True,True,True,True,True,True,False,True,True,True,True,True,True,True
/mnt/tank/scratch/okonovalova/AffiTox/analysis/excluding_2z5x_3mjg/tables/posebuster/split_structures/3lxk/boltz2/ligand_sdf/CHEMBL5754992.sdf,,0,True,True,True,True,True,True,True,True,True,True,True,True,True,True,True,True,True,True,True,True,True
/mnt/tank/scratch/okonovalova/AffiTox/analysis/excluding_2z5x_3mjg/tables/posebuster/split_structures/3lxk/boltz2/ligand_sdf/CHEMBL5745527.sdf,,0,True,True,True,True,True,True,True,True,True,True,True,True,True,True,True,True,True,True,True,True,True
/mnt/tank/scratch/okonovalova/AffiTox/analysis/excluding_2z5x_3mjg/tables/posebuster/split_structures/3lxk/boltz2/ligand_sdf/CHEMBL5759383.sdf,,0,True,True,True,True,True,True,True,True,True,True,True,True,True,True,True,True,True,True,True,True,True
/mnt/tank/scratch/okonovalova/AffiTox/analysis/excluding_2z5x_3mjg/tables/posebuster/split_structures/3lxk/boltz2/ligand_sdf/CHEMBL5751586.sdf,,0,True,True,True,True,True,True,True,True,True,True,True,True,True,True,True,True,True,True,True,True,True
/mnt/tank/scratch/okonovalova/AffiTox/analysis/excluding_2z5x_3mjg/tables/posebuster/split_structures/3lxk/boltz2/ligand_sdf/CHEMBL5754884.sdf,,0,True,True,True,True,True,True,True,True,True,True,True,True,True,False,True,True,True,True,True,True,True
/mnt/tank/scratch/okonovalova/AffiTox/analysis/excluding_2z5x_3mjg/tables/posebuster/split_structures/3lxk/boltz2/ligand_sdf/CHEMBL5755219.sdf,,0,True,True,True,True,True,True,True,True,True,True,True,True,True,True,True,True,True,True,True,True,True
/mnt/tank/scratch/okonovalova/AffiTox/analysis/excluding_2z5x_3mjg/tables/posebuster/split_structures/3lxk/boltz2/ligand_sdf/CHEMBL5760639.sdf,,0,True,True,True,True,True,True,True,True,True,True,True,True,True,True,True,True,True,True,True,True,True
/mnt/tank/scratch/okonovalova/AffiTox/analysis/excluding_2z5x_3mjg/tables/posebuster/split_structures/3lxk/boltz2/ligand_sdf/CHEMBL5756021.sdf,,0,True,True,True,True,True,True,True,True,True,True,True,True,True,True,True,True,True,True,True,True,True
/mnt/tank/scratch/okonovalova/AffiTox/analysis/excluding_2z5x_3mjg/tables/posebuster/split_structures/3lxk/boltz2/ligand_sdf/CHEMBL5755946.sdf,,0,True,True,True,True,True,True,True,True,True,True,True,True,True,True,True,True,True,True,True,True,True
/mnt/tank/scratch/okonovalova/AffiTox/analysis/excluding_2z5x_3mjg/tables/posebuster/split_structures/3lxk/boltz2/ligand_sdf/CHEMBL5760094.sdf,,0,True,True,True,True,True,True,True,True,True,True,True,True,True,False,True,True,True,True,True,True,True
/mnt/tank/scratch/okonovalova/AffiTox/analysis/excluding_2z5x_3mjg/tables/posebuster/split_structures/3lxk/boltz2/ligand_sdf/CHEMBL5760558.sdf,,0,True,True,True,True,True,True,True,True,True,True,True,True,True,True,True,True,True,True,True,True,True
/mnt/tank/scratch/okonovalova/AffiTox/analysis/excluding_2z5x_3mjg/tables/posebuster/split_structures/3lxk/boltz2/ligand_sdf/CHEMBL5760407.sdf,,0,True,True,True,True,True,True,True,True,True,True,True,True,True,True,True,True,True,True,True,True,True
/mnt/tank/scratch/okonovalova/AffiTox/analysis/excluding_2z5x_3mjg/tables/posebuster/split_structures/3lxk/boltz2/ligand_sdf/CHEMBL5763074.sdf,,0,True,True,True,True,True,True,True,True,True,True,True,True,True,False,True,True,True,True,True,True,True
/mnt/tank/scratch/okonovalova/AffiTox/analysis/excluding_2z5x_3mjg/tables/posebuster/split_structures/3lxk/boltz2/ligand_sdf/CHEMBL5761377.sdf,,0,True,True,True,True,True,True,True,True,True,True,True,True,True,True,True,True,True,True,True,True,True
/mnt/tank/scratch/okonovalova/AffiTox/analysis/excluding_2z5x_3mjg/tables/posebuster/split_structures/3lxk/boltz2/ligand_sdf/CHEMBL5761030.sdf,,0,True,True,True,True,True,True,True,True,True,True,True,True,True,True,True,True,True,True,True,True,True
/mnt/tank/scratch/okonovalova/AffiTox/analysis/excluding_2z5x_3mjg/tables/posebuster/split_structures/3lxk/boltz2/ligand_sdf/CHEMBL5761749.sdf,,0,True,True,True,True,True,True,True,True,True,True,True,True,True,True,True,True,True,True,True,True,True
/mnt/tank/scratch/okonovalova/AffiTox/analysis/excluding_2z5x_3mjg/tables/posebuster/split_structures/3lxk/boltz2/ligand_sdf/CHEMBL5756356.sdf,,0,True,True,True,True,True,True,True,True,True,True,True,True,True,True,True,True,True,True,True,True,True
/mnt/tank/scratch/okonovalova/AffiTox/analysis/excluding_2z5x_3mjg/tables/posebuster/split_structures/3lxk/boltz2/ligand_sdf/CHEMBL5761144.sdf,,0,True,True,True,True,True,True,True,True,True,True,True,True,True,True,True,True,True,True,True,True,True
/mnt/tank/scratch/okonovalova/AffiTox/analysis/excluding_2z5x_3mjg/tables/posebuster/split_structures/3lxk/boltz2/ligand_sdf/CHEMBL5754782.sdf,,0,True,True,True,True,True,True,True,True,True,True,True,True,True,True,True,True,True,True,True,True,True
/mnt/tank/scratch/okonovalova/AffiTox/analysis/excluding_2z5x_3mjg/tables/posebuster/split_structures/3lxk/boltz2/ligand_sdf/CHEMBL5763505.sdf,,0,True,True,True,True,True,True,True,True,True,True,True,True,True,True,True,True,True,True,True,True,True
/mnt/tank/scratch/okonovalova/AffiTox/analysis/excluding_2z5x_3mjg/tables/posebuster/split_structures/3lxk/boltz2/ligand_sdf/CHEMBL5765444.sdf,,0,True,True,True,True,True,True,True,True,True,True,True,True,True,True,True,True,True,True,True,True,True
/mnt/tank/scratch/okonovalova/AffiTox/analysis/excluding_2z5x_3mjg/tables/posebuster/split_structures/3lxk/boltz2/ligand_sdf/CHEMBL5764020.sdf,,0,True,True,True,True,True,True,True,True,True,True,True,True,True,True,True,True,True,True,True,True,True
/mnt/tank/scratch/okonovalova/AffiTox/analysis/excluding_2z5x_3mjg/tables/posebuster/split_structures/3lxk/boltz2/ligand_sdf/CHEMBL5761865.sdf,,0,True,True,True,True,True,True,True,True,True,True,True,True,True,True,True,True,True,True,True,True,True
/mnt/tank/scratch/okonovalova/AffiTox/analysis/excluding_2z5x_3mjg/tables/posebuster/split_structures/3lxk/boltz2/ligand_sdf/CHEMBL5762598.sdf,,0,True,True,True,True,True,True,True,True,True,True,True,True,True,True,True,True,True,True,True,True,True
/mnt/tank/scratch/okonovalova/AffiTox/analysis/excluding_2z5x_3mjg/tables/posebuster/split_structures/3lxk/boltz2/ligand_sdf/CHEMBL5765248.sdf,,0,True,True,True,True,True,True,True,True,True,True,True,True,True,True,True,True,True,True,True,True,True
/mnt/tank/scratch/okonovalova/AffiTox/analysis/excluding_2z5x_3mjg/tables/posebuster/split_structures/3lxk/boltz2/ligand_sdf/CHEMBL5772966.sdf,,0,True,True,True,True,True,True,True,True,True,True,True,True,True,False,True,True,True,True,True,True,True
/mnt/tank/scratch/okonovalova/AffiTox/analysis/excluding_2z5x_3mjg/tables/posebuster/split_structures/3lxk/boltz2/ligand_sdf/CHEMBL5768823.sdf,,0,True,True,True,True,True,True,True,True,True,True,True,True,True,False,True,True,True,True,True,True,True
/mnt/tank/scratch/okonovalova/AffiTox/analysis/excluding_2z5x_3mjg/tables/posebuster/split_structures/3lxk/boltz2/ligand_sdf/CHEMBL5768973.sdf,,0,True,True,True,True,True,True,True,True,True,True,True,True,True,False,True,True,True,True,True,True,True
/mnt/tank/scratch/okonovalova/AffiTox/analysis/excluding_2z5x_3mjg/tables/posebuster/split_structures/3lxk/boltz2/ligand_sdf/CHEMBL5765605.sdf,,0,True,True,True,True,True,True,True,True,True,True,True,True,True,False,True,True,True,True,True,True,True
/mnt/tank/scratch/okonovalova/AffiTox/analysis/excluding_2z5x_3mjg/tables/posebuster/split_structures/3lxk/boltz2/ligand_sdf/CHEMBL5769789.sdf,,0,True,True,True,True,True,True,True,True,True,True,True,True,True,True,True,True,True,True,True,True,True
/mnt/tank/scratch/okonovalova/AffiTox/analysis/excluding_2z5x_3mjg/tables/posebuster/split_structures/3lxk/boltz2/ligand_sdf/CHEMBL5768870.sdf,,0,True,True,True,True,True,True,True,True,True,True,True,True,True,True,True,True,True,True,True,True,True
/mnt/tank/scratch/okonovalova/AffiTox/analysis/excluding_2z5x_3mjg/tables/posebuster/split_structures/3lxk/boltz2/ligand_sdf/CHEMBL5770432.sdf,,0,True,True,True,True,True,True,True,True,True,True,True,True,True,True,True,True,True,True,True,True,True
/mnt/tank/scratch/okonovalova/AffiTox/analysis/excluding_2z5x_3mjg/tables/posebuster/split_structures/3lxk/boltz2/ligand_sdf/CHEMBL5770854.sdf,,0,True,True,True,True,True,True,True,True,True,True,True,True,True,True,True,True,True,True,True,True,True
/mnt/tank/scratch/okonovalova/AffiTox/analysis/excluding_2z5x_3mjg/tables/posebuster/split_structures/3lxk/boltz2/ligand_sdf/CHEMBL5770893.sdf,,0,True,True,True,True,True,True,True,True,True,True,True,True,True,True,True,True,True,True,True,True,True
/mnt/tank/scratch/okonovalova/AffiTox/analysis/excluding_2z5x_3mjg/tables/posebuster/split_structures/3lxk/boltz2/ligand_sdf/CHEMBL5768041.sdf,,0,True,True,True,True,True,True,True,True,True,True,True,True,True,True,True,True,True,True,True,True,True
/mnt/tank/scratch/okonovalova/AffiTox/analysis/excluding_2z5x_3mjg/tables/posebuster/split_structures/3lxk/boltz2/ligand_sdf/CHEMBL5771387.sdf,,0,True,True,True,True,True,True,True,True,True,True,True,True,True,True,True,True,True,True,True,True,True
/mnt/tank/scratch/okonovalova/AffiTox/analysis/excluding_2z5x_3mjg/tables/posebuster/split_structures/3lxk/boltz2/ligand_sdf/CHEMBL5770840.sdf,,0,True,True,True,True,True,True,True,True,True,True,True,True,True,True,True,True,True,True,True,True,True
/mnt/tank/scratch/okonovalova/AffiTox/analysis/excluding_2z5x_3mjg/tables/posebuster/split_structures/3lxk/boltz2/ligand_sdf/CHEMBL5766579.sdf,,0,True,True,True,True,True,True,True,True,True,True,True,True,True,True,True,True,True,True,True,True,True
/mnt/tank/scratch/okonovalova/AffiTox/analysis/excluding_2z5x_3mjg/tables/posebuster/split_structures/3lxk/boltz2/ligand_sdf/CHEMBL5779192.sdf,,0,True,True,True,True,True,True,True,True,True,True,True,True,True,True,True,True,True,True,True,True,True
/mnt/tank/scratch/okonovalova/AffiTox/analysis/excluding_2z5x_3mjg/tables/posebuster/split_structures/3lxk/boltz2/ligand_sdf/CHEMBL5776551.sdf,,0,True,True,True,True,True,True,True,True,True,True,True,True,True,False,True,True,True,True,True,True,True
/mnt/tank/scratch/okonovalova/AffiTox/analysis/excluding_2z5x_3mjg/tables/posebuster/split_structures/3lxk/boltz2/ligand_sdf/CHEMBL5773700.sdf,,0,True,True,True,True,True,True,True,True,True,True,True,True,True,True,True,True,True,True,True,True,True
/mnt/tank/scratch/okonovalova/AffiTox/analysis/excluding_2z5x_3mjg/tables/posebuster/split_structures/3lxk/boltz2/ligand_sdf/CHEMBL5774822.sdf,,0,True,True,True,True,True,True,True,True,True,True,True,True,True,True,True,True,True,True,True,True,True
/mnt/tank/scratch/okonovalova/AffiTox/analysis/excluding_2z5x_3mjg/tables/posebuster/split_structures/3lxk/boltz2/ligand_sdf/CHEMBL5772745.sdf,,0,True,True,True,True,True,True,True,True,True,True,True,True,True,True,True,True,True,True,True,True,True
/mnt/tank/scratch/okonovalova/AffiTox/analysis/excluding_2z5x_3mjg/tables/posebuster/split_structures/3lxk/boltz2/ligand_sdf/CHEMBL5765954.sdf,,0,True,True,True,True,True,True,True,True,True,True,True,True,True,True,True,True,True,True,True,True,True
/mnt/tank/scratch/okonovalova/AffiTox/analysis/excluding_2z5x_3mjg/tables/posebuster/split_structures/3lxk/boltz2/ligand_sdf/CHEMBL5780797.sdf,,0,True,True,True,True,True,True,True,True,True,True,True,True,True,False,True,True,True,True,True,True,True
/mnt/tank/scratch/okonovalova/AffiTox/analysis/excluding_2z5x_3mjg/tables/posebuster/split_structures/3lxk/boltz2/ligand_sdf/CHEMBL5776613.sdf,,0,True,True,True,True,True,True,True,True,True,True,True,True,True,True,True,True,True,True,True,True,True
/mnt/tank/scratch/okonovalova/AffiTox/analysis/excluding_2z5x_3mjg/tables/posebuster/split_structures/3lxk/boltz2/ligand_sdf/CHEMBL5773726.sdf,,0,True,True,True,True,True,True,True,True,True,True,True,True,True,True,True,True,True,True,True,True,True
/mnt/tank/scratch/okonovalova/AffiTox/analysis/excluding_2z5x_3mjg/tables/posebuster/split_structures/3lxk/boltz2/ligand_sdf/CHEMBL5776583.sdf,,0,True,True,True,True,True,True,True,True,True,True,True,True,True,True,True,True,True,True,True,True,True
/mnt/tank/scratch/okonovalova/AffiTox/analysis/excluding_2z5x_3mjg/tables/posebuster/split_structures/3lxk/boltz2/ligand_sdf/CHEMBL5775383.sdf,,0,True,True,True,True,True,True,True,True,True,True,True,True,True,True,True,True,True,True,True,True,True
/mnt/tank/scratch/okonovalova/AffiTox/analysis/excluding_2z5x_3mjg/tables/posebuster/split_structures/3lxk/boltz2/ligand_sdf/CHEMBL5775207.sdf,,0,True,True,True,True,True,True,True,True,True,True,True,True,True,True,True,True,True,True,True,True,True
/mnt/tank/scratch/okonovalova/AffiTox/analysis/excluding_2z5x_3mjg/tables/posebuster/split_structures/3lxk/boltz2/ligand_sdf/CHEMBL5778105.sdf,,0,True,True,True,True,True,True,True,True,True,True,True,True,True,True,True,True,True,True,True,True,True
/mnt/tank/scratch/okonovalova/AffiTox/analysis/excluding_2z5x_3mjg/tables/posebuster/split_structures/3lxk/boltz2/ligand_sdf/CHEMBL5779028.sdf,,0,True,True,True,True,True,True,True,True,True,True,True,True,True,True,True,True,True,True,True,True,True
/mnt/tank/scratch/okonovalova/AffiTox/analysis/excluding_2z5x_3mjg/tables/posebuster/split_structures/3lxk/boltz2/ligand_sdf/CHEMBL5776771.sdf,,0,True,True,True,True,True,True,True,True,True,True,True,True,True,True,True,True,True,True,True,True,True
/mnt/tank/scratch/okonovalova/AffiTox/analysis/excluding_2z5x_3mjg/tables/posebuster/split_structures/3lxk/boltz2/ligand_sdf/CHEMBL5781407.sdf,,0,True,True,True,True,True,True,True,True,True,True,True,True,True,False,True,True,True,True,True,True,True
/mnt/tank/scratch/okonovalova/AffiTox/analysis/excluding_2z5x_3mjg/tables/posebuster/split_structures/3lxk/boltz2/ligand_sdf/CHEMBL5785051.sdf,,0,True,True,True,True,True,True,True,True,True,True,True,True,True,False,True,True,True,True,True,True,True
/mnt/tank/scratch/okonovalova/AffiTox/analysis/excluding_2z5x_3mjg/tables/posebuster/split_structures/3lxk/boltz2/ligand_sdf/CHEMBL5779463.sdf,,0,True,True,True,True,True,True,True,True,True,True,True,True,True,True,True,True,True,True,True,True,True
/mnt/tank/scratch/okonovalova/AffiTox/analysis/excluding_2z5x_3mjg/tables/posebuster/split_structures/3lxk/boltz2/ligand_sdf/CHEMBL5783275.sdf,,0,True,True,True,True,True,True,True,True,True,True,True,True,True,True,True,True,True,True,True,True,True
/mnt/tank/scratch/okonovalova/AffiTox/analysis/excluding_2z5x_3mjg/tables/posebuster/split_structures/3lxk/boltz2/ligand_sdf/CHEMBL5780660.sdf,,0,True,True,True,True,True,True,True,True,True,True,True,True,True,True,True,True,True,True,True,True,True
/mnt/tank/scratch/okonovalova/AffiTox/analysis/excluding_2z5x_3mjg/tables/posebuster/split_structures/3lxk/boltz2/ligand_sdf/CHEMBL5785106.sdf,,0,True,True,True,True,True,True,True,True,True,True,True,True,True,True,True,True,True,True,True,True,True
/mnt/tank/scratch/okonovalova/AffiTox/analysis/excluding_2z5x_3mjg/tables/posebuster/split_structures/3lxk/boltz2/ligand_sdf/CHEMBL5786561.sdf,,0,True,True,True,True,True,True,True,True,True,True,True,True,True,False,True,True,True,True,True,True,True
/mnt/tank/scratch/okonovalova/AffiTox/analysis/excluding_2z5x_3mjg/tables/posebuster/split_structures/3lxk/boltz2/ligand_sdf/CHEMBL5782033.sdf,,0,True,True,True,True,True,True,True,True,True,True,True,True,True,True,True,True,True,True,True,True,True
/mnt/tank/scratch/okonovalova/AffiTox/analysis/excluding_2z5x_3mjg/tables/posebuster/split_structures/3lxk/boltz2/ligand_sdf/CHEMBL5785991.sdf,,0,True,True,True,True,True,True,True,True,True,True,True,True,True,True,True,True,True,True,True,True,True
/mnt/tank/scratch/okonovalova/AffiTox/analysis/excluding_2z5x_3mjg/tables/posebuster/split_structures/3lxk/boltz2/ligand_sdf/CHEMBL5783241.sdf,,0,True,True,True,True,True,True,True,True,True,True,True,True,True,True,True,True,True,True,True,True,True
/mnt/tank/scratch/okonovalova/AffiTox/analysis/excluding_2z5x_3mjg/tables/posebuster/split_structures/3lxk/boltz2/ligand_sdf/CHEMBL5786194.sdf,,0,True,True,True,True,True,True,True,True,True,True,True,True,True,False,True,True,True,True,True,True,True
/mnt/tank/scratch/okonovalova/AffiTox/analysis/excluding_2z5x_3mjg/tables/posebuster/split_structures/3lxk/boltz2/ligand_sdf/CHEMBL5783238.sdf,,0,True,True,True,True,True,True,True,True,True,True,True,True,True,True,True,True,True,True,True,True,True
/mnt/tank/scratch/okonovalova/AffiTox/analysis/excluding_2z5x_3mjg/tables/posebuster/split_structures/3lxk/boltz2/ligand_sdf/CHEMBL5786845.sdf,,0,True,True,True,True,True,True,True,True,True,True,True,True,True,False,True,True,True,True,True,True,True
/mnt/tank/scratch/okonovalova/AffiTox/analysis/excluding_2z5x_3mjg/tables/posebuster/split_structures/3lxk/boltz2/ligand_sdf/CHEMBL5785185.sdf,,0,True,True,True,True,True,True,True,True,True,True,True,True,True,True,True,True,True,True,True,True,True
/mnt/tank/scratch/okonovalova/AffiTox/analysis/excluding_2z5x_3mjg/tables/posebuster/split_structures/3lxk/boltz2/ligand_sdf/CHEMBL5782734.sdf,,0,True,True,True,True,True,True,True,True,True,True,True,True,True,True,True,True,True,True,True,True,True
/mnt/tank/scratch/okonovalova/AffiTox/analysis/excluding_2z5x_3mjg/tables/posebuster/split_structures/3lxk/boltz2/ligand_sdf/CHEMBL5785360.sdf,,0,True,True,True,True,True,True,True,True,True,True,True,True,True,True,True,True,True,True,True,True,True
/mnt/tank/scratch/okonovalova/AffiTox/analysis/excluding_2z5x_3mjg/tables/posebuster/split_structures/3lxk/boltz2/ligand_sdf/CHEMBL5787759.sdf,,0,True,True,True,True,True,True,True,True,True,True,True,True,True,True,True,True,True,True,True,True,True
/mnt/tank/scratch/okonovalova/AffiTox/analysis/excluding_2z5x_3mjg/tables/posebuster/split_structures/3lxk/boltz2/ligand_sdf/CHEMBL5788855.sdf,,0,True,True,True,True,True,True,True,True,True,True,True,True,True,True,True,True,True,True,True,True,True
/mnt/tank/scratch/okonovalova/AffiTox/analysis/excluding_2z5x_3mjg/tables/posebuster/split_structures/3lxk/boltz2/ligand_sdf/CHEMBL5790344.sdf,,0,True,True,True,True,True,True,True,True,True,True,True,True,True,True,True,True,True,True,True,True,True
/mnt/tank/scratch/okonovalova/AffiTox/analysis/excluding_2z5x_3mjg/tables/posebuster/split_structures/3lxk/boltz2/ligand_sdf/CHEMBL5792137.sdf,,0,True,True,True,True,True,True,True,True,True,True,True,True,True,True,True,True,True,True,True,True,True
/mnt/tank/scratch/okonovalova/AffiTox/analysis/excluding_2z5x_3mjg/tables/posebuster/split_structures/3lxk/boltz2/ligand_sdf/CHEMBL5792448.sdf,,0,True,True,True,True,True,True,True,True,True,True,True,True,True,False,True,True,True,True,True,True,True
/mnt/tank/scratch/okonovalova/AffiTox/analysis/excluding_2z5x_3mjg/tables/posebuster/split_structures/3lxk/boltz2/ligand_sdf/CHEMBL5787478.sdf,,0,True,True,True,True,True,True,True,True,True,True,True,True,True,True,True,True,True,True,True,True,True
/mnt/tank/scratch/okonovalova/AffiTox/analysis/excluding_2z5x_3mjg/tables/posebuster/split_structures/3lxk/boltz2/ligand_sdf/CHEMBL5791141.sdf,,0,True,True,True,True,True,True,True,True,True,True,True,True,True,True,True,True,True,True,True,True,True
/mnt/tank/scratch/okonovalova/AffiTox/analysis/excluding_2z5x_3mjg/tables/posebuster/split_structures/3lxk/boltz2/ligand_sdf/CHEMBL5790072.sdf,,0,True,True,True,True,True,True,True,True,True,True,True,True,True,True,True,True,True,True,True,True,True
/mnt/tank/scratch/okonovalova/AffiTox/analysis/excluding_2z5x_3mjg/tables/posebuster/split_structures/3lxk/boltz2/ligand_sdf/CHEMBL5795316.sdf,,0,True,True,True,True,True,True,True,True,True,True,True,True,True,True,True,True,True,True,True,True,True
/mnt/tank/scratch/okonovalova/AffiTox/analysis/excluding_2z5x_3mjg/tables/posebuster/split_structures/3lxk/boltz2/ligand_sdf/CHEMBL5796442.sdf,,0,True,True,True,True,True,True,True,True,True,True,True,True,True,False,True,True,True,True,True,True,True
/mnt/tank/scratch/okonovalova/AffiTox/analysis/excluding_2z5x_3mjg/tables/posebuster/split_structures/3lxk/boltz2/ligand_sdf/CHEMBL5788423.sdf,,0,True,True,True,True,True,True,True,True,True,True,True,True,True,True,True,True,True,True,True,True,True
/mnt/tank/scratch/okonovalova/AffiTox/analysis/excluding_2z5x_3mjg/tables/posebuster/split_structures/3lxk/boltz2/ligand_sdf/CHEMBL5795662.sdf,,0,True,True,True,True,True,True,True,True,True,True,True,True,True,False,True,True,True,True,True,True,True
/mnt/tank/scratch/okonovalova/AffiTox/analysis/excluding_2z5x_3mjg/tables/posebuster/split_structures/3lxk/boltz2/ligand_sdf/CHEMBL5795188.sdf,,0,True,True,True,True,True,True,True,True,True,True,True,True,True,True,True,True,True,True,True,True,True
/mnt/tank/scratch/okonovalova/AffiTox/analysis/excluding_2z5x_3mjg/tables/posebuster/split_structures/3lxk/boltz2/ligand_sdf/CHEMBL5790911.sdf,,0,True,True,True,True,True,True,True,True,True,True,True,True,True,True,True,True,True,True,True,True,True
/mnt/tank/scratch/okonovalova/AffiTox/analysis/excluding_2z5x_3mjg/tables/posebuster/split_structures/3lxk/boltz2/ligand_sdf/CHEMBL5797412.sdf,,0,True,True,True,True,True,True,True,True,True,True,True,True,True,True,True,True,True,True,True,True,True
/mnt/tank/scratch/okonovalova/AffiTox/analysis/excluding_2z5x_3mjg/tables/posebuster/split_structures/3lxk/boltz2/ligand_sdf/CHEMBL5801538.sdf,,0,True,True,True,True,True,True,True,True,True,True,True,True,True,True,True,True,True,True,True,True,True
/mnt/tank/scratch/okonovalova/AffiTox/analysis/excluding_2z5x_3mjg/tables/posebuster/split_structures/3lxk/boltz2/ligand_sdf/CHEMBL5796525.sdf,,0,True,True,True,True,True,True,True,True,True,True,True,True,True,True,True,True,True,True,True,True,True
/mnt/tank/scratch/okonovalova/AffiTox/analysis/excluding_2z5x_3mjg/tables/posebuster/split_structures/3lxk/boltz2/ligand_sdf/CHEMBL5800319.sdf,,0,True,True,True,True,True,True,True,True,True,True,True,True,True,True,True,True,True,True,True,True,True
/mnt/tank/scratch/okonovalova/AffiTox/analysis/excluding_2z5x_3mjg/tables/posebuster/split_structures/3lxk/boltz2/ligand_sdf/CHEMBL5798094.sdf,,0,True,True,True,True,True,True,True,True,True,True,True,True,True,True,True,True,True,True,True,True,True
/mnt/tank/scratch/okonovalova/AffiTox/analysis/excluding_2z5x_3mjg/tables/posebuster/split_structures/3lxk/boltz2/ligand_sdf/CHEMBL5806326.sdf,,0,True,True,True,True,True,True,True,True,True,True,True,True,True,False,True,True,True,True,True,True,True
/mnt/tank/scratch/okonovalova/AffiTox/analysis/excluding_2z5x_3mjg/tables/posebuster/split_structures/3lxk/boltz2/ligand_sdf/CHEMBL5803184.sdf,,0,True,True,True,True,True,True,True,True,True,True,True,True,True,False,True,True,True,True,True,True,True
/mnt/tank/scratch/okonovalova/AffiTox/analysis/excluding_2z5x_3mjg/tables/posebuster/split_structures/3lxk/boltz2/ligand_sdf/CHEMBL5804728.sdf,,0,True,True,True,True,True,True,True,True,True,True,True,True,True,True,True,True,True,True,True,True,True
/mnt/tank/scratch/okonovalova/AffiTox/analysis/excluding_2z5x_3mjg/tables/posebuster/split_structures/3lxk/boltz2/ligand_sdf/CHEMBL5797806.sdf,,0,True,True,True,True,True,True,True,True,True,True,True,True,True,True,True,True,True,True,True,True,True
/mnt/tank/scratch/okonovalova/AffiTox/analysis/excluding_2z5x_3mjg/tables/posebuster/split_structures/3lxk/boltz2/ligand_sdf/CHEMBL5800354.sdf,,0,True,True,True,True,True,True,True,True,True,True,True,True,True,True,True,True,True,True,True,True,True
/mnt/tank/scratch/okonovalova/AffiTox/analysis/excluding_2z5x_3mjg/tables/posebuster/split_structures/3lxk/boltz2/ligand_sdf/CHEMBL5803623.sdf,,0,True,True,True,True,True,True,True,True,True,True,True,True,True,True,True,True,True,True,True,True,True
/mnt/tank/scratch/okonovalova/AffiTox/analysis/excluding_2z5x_3mjg/tables/posebuster/split_structures/3lxk/boltz2/ligand_sdf/CHEMBL5803097.sdf,,0,True,True,True,True,True,True,True,True,True,True,True,True,True,True,True,True,True,True,True,True,True
/mnt/tank/scratch/okonovalova/AffiTox/analysis/excluding_2z5x_3mjg/tables/posebuster/split_structures/3lxk/boltz2/ligand_sdf/CHEMBL5807827.sdf,,0,True,True,True,True,True,True,True,True,True,True,True,True,True,True,True,True,True,True,True,True,True
/mnt/tank/scratch/okonovalova/AffiTox/analysis/excluding_2z5x_3mjg/tables/posebuster/split_structures/3lxk/boltz2/ligand_sdf/CHEMBL5805318.sdf,,0,True,True,True,True,True,True,True,True,True,True,True,True,True,True,True,True,True,True,True,True,True
/mnt/tank/scratch/okonovalova/AffiTox/analysis/excluding_2z5x_3mjg/tables/posebuster/split_structures/3lxk/boltz2/ligand_sdf/CHEMBL5811874.sdf,,0,True,True,True,True,True,True,True,True,True,True,True,True,True,True,True,True,True,True,True,True,True
/mnt/tank/scratch/okonovalova/AffiTox/analysis/excluding_2z5x_3mjg/tables/posebuster/split_structures/3lxk/boltz2/ligand_sdf/CHEMBL5814057.sdf,,0,True,True,True,True,True,True,True,True,True,True,True,True,True,False,True,True,True,True,True,True,True
/mnt/tank/scratch/okonovalova/AffiTox/analysis/excluding_2z5x_3mjg/tables/posebuster/split_structures/3lxk/boltz2/ligand_sdf/CHEMBL5809751.sdf,,0,True,True,True,True,True,True,True,True,True,True,True,True,True,True,True,True,True,True,True,True,True
/mnt/tank/scratch/okonovalova/AffiTox/analysis/excluding_2z5x_3mjg/tables/posebuster/split_structures/3lxk/boltz2/ligand_sdf/CHEMBL5807803.sdf,,0,True,True,True,True,True,True,True,True,True,True,True,True,True,True,True,True,True,True,True,True,True
/mnt/tank/scratch/okonovalova/AffiTox/analysis/excluding_2z5x_3mjg/tables/posebuster/split_structures/3lxk/boltz2/ligand_sdf/CHEMBL5815438.sdf,,0,True,True,True,True,True,True,True,True,True,True,True,True,True,False,True,True,True,True,True,True,True
/mnt/tank/scratch/okonovalova/AffiTox/analysis/excluding_2z5x_3mjg/tables/posebuster/split_structures/3lxk/boltz2/ligand_sdf/CHEMBL5807949.sdf,,0,True,True,True,True,True,True,True,True,True,True,True,True,True,True,True,True,True,True,True,True,True
/mnt/tank/scratch/okonovalova/AffiTox/analysis/excluding_2z5x_3mjg/tables/posebuster/split_structures/3lxk/boltz2/ligand_sdf/CHEMBL5808047.sdf,,0,True,True,True,True,True,True,True,True,True,True,True,True,True,True,True,True,True,True,True,True,True
/mnt/tank/scratch/okonovalova/AffiTox/analysis/excluding_2z5x_3mjg/tables/posebuster/split_structures/3lxk/boltz2/ligand_sdf/CHEMBL5813467.sdf,,0,True,True,True,True,True,True,True,True,True,True,True,True,True,True,True,True,True,True,True,True,True
/mnt/tank/scratch/okonovalova/AffiTox/analysis/excluding_2z5x_3mjg/tables/posebuster/split_structures/3lxk/boltz2/ligand_sdf/CHEMBL5817397.sdf,,0,True,True,True,True,True,True,True,True,True,True,True,True,True,False,True,True,True,True,True,True,True
/mnt/tank/scratch/okonovalova/AffiTox/analysis/excluding_2z5x_3mjg/tables/posebuster/split_structures/3lxk/boltz2/ligand_sdf/CHEMBL5817444.sdf,,0,True,True,True,True,True,True,True,True,True,True,True,True,True,False,True,True,True,True,True,True,True
/mnt/tank/scratch/okonovalova/AffiTox/analysis/excluding_2z5x_3mjg/tables/posebuster/split_structures/3lxk/boltz2/ligand_sdf/CHEMBL5818569.sdf,,0,True,True,True,True,True,True,True,True,True,True,True,True,True,False,True,True,True,True,True,True,True
/mnt/tank/scratch/okonovalova/AffiTox/analysis/excluding_2z5x_3mjg/tables/posebuster/split_structures/3lxk/boltz2/ligand_sdf/CHEMBL5814737.sdf,,0,True,True,True,True,True,True,True,True,True,True,True,True,True,True,True,True,True,True,True,True,True
/mnt/tank/scratch/okonovalova/AffiTox/analysis/excluding_2z5x_3mjg/tables/posebuster/split_structures/3lxk/boltz2/ligand_sdf/CHEMBL5816969.sdf,,0,True,True,True,True,True,True,True,True,True,True,True,True,True,True,True,True,True,True,True,True,True
/mnt/tank/scratch/okonovalova/AffiTox/analysis/excluding_2z5x_3mjg/tables/posebuster/split_structures/3lxk/boltz2/ligand_sdf/CHEMBL5819815.sdf,,0,True,True,True,True,True,True,True,True,True,True,True,True,True,True,True,True,True,True,True,True,True
/mnt/tank/scratch/okonovalova/AffiTox/analysis/excluding_2z5x_3mjg/tables/posebuster/split_structures/3lxk/boltz2/ligand_sdf/CHEMBL5817616.sdf,,0,True,True,True,True,True,True,True,True,True,True,True,True,True,True,True,True,True,True,True,True,True
/mnt/tank/scratch/okonovalova/AffiTox/analysis/excluding_2z5x_3mjg/tables/posebuster/split_structures/3lxk/boltz2/ligand_sdf/CHEMBL5821288.sdf,,0,True,True,True,True,True,True,True,True,True,True,True,True,True,True,True,True,True,True,True,True,True
/mnt/tank/scratch/okonovalova/AffiTox/analysis/excluding_2z5x_3mjg/tables/posebuster/split_structures/3lxk/boltz2/ligand_sdf/CHEMBL5819981.sdf,,0,True,True,True,True,True,True,True,True,True,True,True,True,True,True,True,True,True,True,True,True,True
/mnt/tank/scratch/okonovalova/AffiTox/analysis/excluding_2z5x_3mjg/tables/posebuster/split_structures/3lxk/boltz2/ligand_sdf/CHEMBL5807071.sdf,,0,True,True,True,True,True,True,True,True,True,True,True,True,True,True,True,True,True,True,True,True,True
/mnt/tank/scratch/okonovalova/AffiTox/analysis/excluding_2z5x_3mjg/tables/posebuster/split_structures/3lxk/boltz2/ligand_sdf/CHEMBL5815827.sdf,,0,True,True,True,True,True,True,True,True,True,True,True,True,True,True,True,True,True,True,True,True,True
/mnt/tank/scratch/okonovalova/AffiTox/analysis/excluding_2z5x_3mjg/tables/posebuster/split_structures/3lxk/boltz2/ligand_sdf/CHEMBL5814615.sdf,,0,True,True,True,True,True,True,True,True,True,True,True,True,True,True,True,True,True,True,True,True,True
/mnt/tank/scratch/okonovalova/AffiTox/analysis/excluding_2z5x_3mjg/tables/posebuster/split_structures/3lxk/boltz2/ligand_sdf/CHEMBL5820269.sdf,,0,True,True,True,True,True,True,True,True,True,True,True,True,True,False,True,True,True,True,True,True,True
/mnt/tank/scratch/okonovalova/AffiTox/analysis/excluding_2z5x_3mjg/tables/posebuster/split_structures/3lxk/boltz2/ligand_sdf/CHEMBL5817564.sdf,,0,True,True,True,True,True,True,True,True,True,True,True,True,True,True,True,True,True,True,True,True,True
/mnt/tank/scratch/okonovalova/AffiTox/analysis/excluding_2z5x_3mjg/tables/posebuster/split_structures/3lxk/boltz2/ligand_sdf/CHEMBL5820699.sdf,,0,True,True,True,True,True,True,True,True,True,True,True,True,True,False,True,True,True,True,True,True,True
/mnt/tank/scratch/okonovalova/AffiTox/analysis/excluding_2z5x_3mjg/tables/posebuster/split_structures/3lxk/boltz2/ligand_sdf/CHEMBL5818258.sdf,,0,True,True,True,True,True,True,True,True,True,True,True,True,True,True,True,True,True,True,True,True,True
/mnt/tank/scratch/okonovalova/AffiTox/analysis/excluding_2z5x_3mjg/tables/posebuster/split_structures/3lxk/boltz2/ligand_sdf/CHEMBL5821778.sdf,,0,True,True,True,True,True,True,True,True,True,True,True,True,True,True,True,True,True,True,True,True,True
/mnt/tank/scratch/okonovalova/AffiTox/analysis/excluding_2z5x_3mjg/tables/posebuster/split_structures/3lxk/boltz2/ligand_sdf/CHEMBL5820327.sdf,,0,True,True,True,True,True,True,True,True,True,True,True,True,True,True,True,True,True,True,True,True,True
/mnt/tank/scratch/okonovalova/AffiTox/analysis/excluding_2z5x_3mjg/tables/posebuster/split_structures/3lxk/boltz2/ligand_sdf/CHEMBL5822035.sdf,,0,True,True,True,True,True,True,True,True,True,True,True,True,True,True,True,True,True,True,True,True,True
/mnt/tank/scratch/okonovalova/AffiTox/analysis/excluding_2z5x_3mjg/tables/posebuster/split_structures/3lxk/boltz2/ligand_sdf/CHEMBL5821877.sdf,,0,True,True,True,True,True,True,True,True,True,True,True,True,True,True,True,True,True,True,True,True,True
/mnt/tank/scratch/okonovalova/AffiTox/analysis/excluding_2z5x_3mjg/tables/posebuster/split_structures/3lxk/boltz2/ligand_sdf/CHEMBL5826362.sdf,,0,True,True,True,True,True,True,True,True,True,True,True,True,True,False,True,True,True,True,True,True,True
/mnt/tank/scratch/okonovalova/AffiTox/analysis/excluding_2z5x_3mjg/tables/posebuster/split_structures/3lxk/boltz2/ligand_sdf/CHEMBL5830469.sdf,,0,True,True,True,True,True,True,True,True,True,True,True,True,True,False,True,True,True,True,True,True,True
/mnt/tank/scratch/okonovalova/AffiTox/analysis/excluding_2z5x_3mjg/tables/posebuster/split_structures/3lxk/boltz2/ligand_sdf/CHEMBL5826268.sdf,,0,True,True,True,True,True,True,True,True,True,True,True,True,True,False,True,True,True,True,True,True,True
/mnt/tank/scratch/okonovalova/AffiTox/analysis/excluding_2z5x_3mjg/tables/posebuster/split_structures/3lxk/boltz2/ligand_sdf/CHEMBL5823501.sdf,,0,True,True,True,True,True,True,True,True,True,True,True,True,True,True,True,True,True,True,True,True,True
/mnt/tank/scratch/okonovalova/AffiTox/analysis/excluding_2z5x_3mjg/tables/posebuster/split_structures/3lxk/boltz2/ligand_sdf/CHEMBL5830028.sdf,,0,True,True,True,True,True,True,True,True,True,True,True,True,True,False,True,True,True,True,True,True,True
/mnt/tank/scratch/okonovalova/AffiTox/analysis/excluding_2z5x_3mjg/tables/posebuster/split_structures/3lxk/boltz2/ligand_sdf/CHEMBL5823968.sdf,,0,True,True,True,True,True,True,True,True,True,True,True,True,True,True,True,True,True,True,True,True,True
/mnt/tank/scratch/okonovalova/AffiTox/analysis/excluding_2z5x_3mjg/tables/posebuster/split_structures/3lxk/boltz2/ligand_sdf/CHEMBL5829868.sdf,,0,True,True,True,True,True,True,True,True,True,True,True,True,True,False,True,True,True,True,True,True,True
/mnt/tank/scratch/okonovalova/AffiTox/analysis/excluding_2z5x_3mjg/tables/posebuster/split_structures/3lxk/boltz2/ligand_sdf/CHEMBL5828102.sdf,,0,True,True,True,True,True,True,True,True,True,True,True,True,True,True,True,True,True,True,True,True,True
/mnt/tank/scratch/okonovalova/AffiTox/analysis/excluding_2z5x_3mjg/tables/posebuster/split_structures/3lxk/boltz2/ligand_sdf/CHEMBL5826927.sdf,,0,True,True,True,True,True,True,True,True,True,True,True,True,True,True,True,True,True,True,True,True,True
/mnt/tank/scratch/okonovalova/AffiTox/analysis/excluding_2z5x_3mjg/tables/posebuster/split_structures/3lxk/boltz2/ligand_sdf/CHEMBL5830377.sdf,,0,True,True,True,True,True,True,True,True,True,True,True,True,True,True,True,True,True,True,True,True,True
/mnt/tank/scratch/okonovalova/AffiTox/analysis/excluding_2z5x_3mjg/tables/posebuster/split_structures/3lxk/boltz2/ligand_sdf/CHEMBL5827817.sdf,,0,True,True,True,True,True,True,True,True,True,True,True,True,True,True,True,True,True,True,True,True,True
/mnt/tank/scratch/okonovalova/AffiTox/analysis/excluding_2z5x_3mjg/tables/posebuster/split_structures/3lxk/boltz2/ligand_sdf/CHEMBL5827708.sdf,,0,True,True,True,True,True,True,True,True,True,True,True,True,True,True,True,True,True,True,True,True,True
/mnt/tank/scratch/okonovalova/AffiTox/analysis/excluding_2z5x_3mjg/tables/posebuster/split_structures/3lxk/boltz2/ligand_sdf/CHEMBL5825135.sdf,,0,True,True,True,True,True,True,True,True,True,True,True,True,True,True,True,True,True,True,True,True,True
/mnt/tank/scratch/okonovalova/AffiTox/analysis/excluding_2z5x_3mjg/tables/posebuster/split_structures/3lxk/boltz2/ligand_sdf/CHEMBL5830991.sdf,,0,True,True,True,True,True,True,True,True,True,True,True,True,True,True,True,True,True,True,True,True,True
/mnt/tank/scratch/okonovalova/AffiTox/analysis/excluding_2z5x_3mjg/tables/posebuster/split_structures/3lxk/boltz2/ligand_sdf/CHEMBL5825687.sdf,,0,True,True,True,True,True,True,True,True,True,True,True,True,True,True,True,True,True,True,True,True,True
/mnt/tank/scratch/okonovalova/AffiTox/analysis/excluding_2z5x_3mjg/tables/posebuster/split_structures/3lxk/boltz2/ligand_sdf/CHEMBL5828027.sdf,,0,True,True,True,True,True,True,True,True,True,True,True,True,True,True,True,True,True,True,True,True,True
/mnt/tank/scratch/okonovalova/AffiTox/analysis/excluding_2z5x_3mjg/tables/posebuster/split_structures/3lxk/boltz2/ligand_sdf/CHEMBL5832163.sdf,,0,True,True,True,True,True,True,True,True,True,True,True,True,True,True,True,True,True,True,True,True,True
/mnt/tank/scratch/okonovalova/AffiTox/analysis/excluding_2z5x_3mjg/tables/posebuster/split_structures/3lxk/boltz2/ligand_sdf/CHEMBL5824312.sdf,,0,True,True,True,True,True,True,True,True,True,True,True,True,True,True,True,True,True,True,True,True,True
/mnt/tank/scratch/okonovalova/AffiTox/analysis/excluding_2z5x_3mjg/tables/posebuster/split_structures/3lxk/boltz2/ligand_sdf/CHEMBL5834623.sdf,,0,True,True,True,True,True,True,True,True,True,True,False,True,True,False,True,True,True,True,True,True,True
/mnt/tank/scratch/okonovalova/AffiTox/analysis/excluding_2z5x_3mjg/tables/posebuster/split_structures/3lxk/boltz2/ligand_sdf/CHEMBL584052.sdf,,0,True,True,True,True,True,True,True,True,True,True,True,True,True,True,True,True,True,True,True,True,True
/mnt/tank/scratch/okonovalova/AffiTox/analysis/excluding_2z5x_3mjg/tables/posebuster/split_structures/3lxk/boltz2/ligand_sdf/CHEMBL5837308.sdf,,0,True,True,True,True,True,True,True,True,True,True,True,True,True,True,True,True,True,True,True,True,True
/mnt/tank/scratch/okonovalova/AffiTox/analysis/excluding_2z5x_3mjg/tables/posebuster/split_structures/3lxk/boltz2/ligand_sdf/CHEMBL5832301.sdf,,0,True,True,True,True,True,True,True,True,True,True,True,True,True,False,True,True,True,True,True,True,True
/mnt/tank/scratch/okonovalova/AffiTox/analysis/excluding_2z5x_3mjg/tables/posebuster/split_structures/3lxk/boltz2/ligand_sdf/CHEMBL5837867.sdf,,0,True,True,True,True,True,True,True,True,True,True,True,True,True,True,True,True,True,True,True,True,True
/mnt/tank/scratch/okonovalova/AffiTox/analysis/excluding_2z5x_3mjg/tables/posebuster/split_structures/3lxk/boltz2/ligand_sdf/CHEMBL5833020.sdf,,0,True,True,True,True,True,True,True,True,True,True,True,True,True,True,True,True,True,True,True,True,True
/mnt/tank/scratch/okonovalova/AffiTox/analysis/excluding_2z5x_3mjg/tables/posebuster/split_structures/3lxk/boltz2/ligand_sdf/CHEMBL5833198.sdf,,0,True,True,True,True,True,True,True,True,True,True,True,True,True,True,True,True,True,True,True,True,True
/mnt/tank/scratch/okonovalova/AffiTox/analysis/excluding_2z5x_3mjg/tables/posebuster/split_structures/3lxk/boltz2/ligand_sdf/CHEMBL5833647.sdf,,0,True,True,True,True,True,True,True,True,True,True,True,True,True,True,True,True,True,True,True,True,True
/mnt/tank/scratch/okonovalova/AffiTox/analysis/excluding_2z5x_3mjg/tables/posebuster/split_structures/3lxk/boltz2/ligand_sdf/CHEMBL5846199.sdf,,0,True,True,True,True,True,True,True,True,True,True,True,True,True,False,True,True,True,True,True,True,True
/mnt/tank/scratch/okonovalova/AffiTox/analysis/excluding_2z5x_3mjg/tables/posebuster/split_structures/3lxk/boltz2/ligand_sdf/CHEMBL5838804.sdf,,0,True,True,True,True,True,True,True,True,True,True,True,True,True,True,True,True,True,True,True,True,True
/mnt/tank/scratch/okonovalova/AffiTox/analysis/excluding_2z5x_3mjg/tables/posebuster/split_structures/3lxk/boltz2/ligand_sdf/CHEMBL5843865.sdf,,0,True,True,True,True,True,True,True,True,True,True,True,True,True,False,True,True,True,True,True,True,True
/mnt/tank/scratch/okonovalova/AffiTox/analysis/excluding_2z5x_3mjg/tables/posebuster/split_structures/3lxk/boltz2/ligand_sdf/CHEMBL5839828.sdf,,0,True,True,True,True,True,True,True,True,True,True,True,True,True,True,True,True,True,True,True,True,True
/mnt/tank/scratch/okonovalova/AffiTox/analysis/excluding_2z5x_3mjg/tables/posebuster/split_structures/3lxk/boltz2/ligand_sdf/CHEMBL5846572.sdf,,0,True,True,True,True,True,True,True,True,True,True,True,True,True,True,True,True,True,True,True,True,True
/mnt/tank/scratch/okonovalova/AffiTox/analysis/excluding_2z5x_3mjg/tables/posebuster/split_structures/3lxk/boltz2/ligand_sdf/CHEMBL5840269.sdf,,0,True,True,True,True,True,True,True,True,True,True,True,True,True,True,True,True,True,True,True,True,True
/mnt/tank/scratch/okonovalova/AffiTox/analysis/excluding_2z5x_3mjg/tables/posebuster/split_structures/3lxk/boltz2/ligand_sdf/CHEMBL5840920.sdf,,0,True,True,True,True,True,True,True,True,True,True,True,True,True,True,True,True,True,True,True,True,True
/mnt/tank/scratch/okonovalova/AffiTox/analysis/excluding_2z5x_3mjg/tables/posebuster/split_structures/3lxk/boltz2/ligand_sdf/CHEMBL5842828.sdf,,0,True,True,True,True,True,True,True,True,True,True,True,True,True,True,True,True,True,True,True,True,True
/mnt/tank/scratch/okonovalova/AffiTox/analysis/excluding_2z5x_3mjg/tables/posebuster/split_structures/3lxk/boltz2/ligand_sdf/CHEMBL5840570.sdf,,0,True,True,True,True,True,True,True,True,True,True,True,True,True,True,True,True,True,True,True,True,True
/mnt/tank/scratch/okonovalova/AffiTox/analysis/excluding_2z5x_3mjg/tables/posebuster/split_structures/3lxk/boltz2/ligand_sdf/CHEMBL5841033.sdf,,0,True,True,True,True,True,True,True,True,True,True,True,True,True,True,True,True,True,True,True,True,True
/mnt/tank/scratch/okonovalova/AffiTox/analysis/excluding_2z5x_3mjg/tables/posebuster/split_structures/3lxk/boltz2/ligand_sdf/CHEMBL5848296.sdf,,0,True,True,True,True,True,True,True,True,True,True,True,True,True,True,True,True,True,True,True,True,True
/mnt/tank/scratch/okonovalova/AffiTox/analysis/excluding_2z5x_3mjg/tables/posebuster/split_structures/3lxk/boltz2/ligand_sdf/CHEMBL5855387.sdf,,0,True,True,True,True,True,True,True,True,True,True,True,True,True,False,True,True,True,True,True,True,True
/mnt/tank/scratch/okonovalova/AffiTox/analysis/excluding_2z5x_3mjg/tables/posebuster/split_structures/3lxk/boltz2/ligand_sdf/CHEMBL5849795.sdf,,0,True,True,True,True,True,True,True,True,True,True,True,True,True,False,True,True,True,True,True,True,True
/mnt/tank/scratch/okonovalova/AffiTox/analysis/excluding_2z5x_3mjg/tables/posebuster/split_structures/3lxk/boltz2/ligand_sdf/CHEMBL5847280.sdf,,0,True,True,True,True,True,True,True,True,True,True,True,True,True,True,True,True,True,True,True,True,True
/mnt/tank/scratch/okonovalova/AffiTox/analysis/excluding_2z5x_3mjg/tables/posebuster/split_structures/3lxk/boltz2/ligand_sdf/CHEMBL5848406.sdf,,0,True,True,True,True,True,True,True,True,True,True,True,True,True,True,True,True,True,True,True,True,True
/mnt/tank/scratch/okonovalova/AffiTox/analysis/excluding_2z5x_3mjg/tables/posebuster/split_structures/3lxk/boltz2/ligand_sdf/CHEMBL5848780.sdf,,0,True,True,True,True,True,True,True,True,True,True,True,True,True,True,True,True,True,True,True,True,True
/mnt/tank/scratch/okonovalova/AffiTox/analysis/excluding_2z5x_3mjg/tables/posebuster/split_structures/3lxk/boltz2/ligand_sdf/CHEMBL5847416.sdf,,0,True,True,True,True,True,True,True,True,True,True,True,True,True,True,True,True,True,True,True,True,True
/mnt/tank/scratch/okonovalova/AffiTox/analysis/excluding_2z5x_3mjg/tables/posebuster/split_structures/3lxk/boltz2/ligand_sdf/CHEMBL5844386.sdf,,0,True,True,True,True,True,True,True,True,True,True,True,True,True,True,True,True,True,True,True,True,True
/mnt/tank/scratch/okonovalova/AffiTox/analysis/excluding_2z5x_3mjg/tables/posebuster/split_structures/3lxk/boltz2/ligand_sdf/CHEMBL5849447.sdf,,0,True,True,True,True,True,True,True,True,True,True,True,True,True,True,True,True,True,True,True,True,True
/mnt/tank/scratch/okonovalova/AffiTox/analysis/excluding_2z5x_3mjg/tables/posebuster/split_structures/3lxk/boltz2/ligand_sdf/CHEMBL5851855.sdf,,0,True,True,True,True,True,True,True,True,True,True,True,True,True,False,True,True,True,True,True,True,True
/mnt/tank/scratch/okonovalova/AffiTox/analysis/excluding_2z5x_3mjg/tables/posebuster/split_structures/3lxk/boltz2/ligand_sdf/CHEMBL5851201.sdf,,0,True,True,True,True,True,True,True,True,True,True,True,True,True,True,True,True,True,True,True,True,True
/mnt/tank/scratch/okonovalova/AffiTox/analysis/excluding_2z5x_3mjg/tables/posebuster/split_structures/3lxk/boltz2/ligand_sdf/CHEMBL5855645.sdf,,0,True,True,True,True,True,True,True,True,True,True,True,True,True,True,True,True,True,True,True,True,True
/mnt/tank/scratch/okonovalova/AffiTox/analysis/excluding_2z5x_3mjg/tables/posebuster/split_structures/3lxk/boltz2/ligand_sdf/CHEMBL5851343.sdf,,0,True,True,True,True,True,True,True,True,True,True,True,True,True,True,True,True,True,True,True,True,True
/mnt/tank/scratch/okonovalova/AffiTox/analysis/excluding_2z5x_3mjg/tables/posebuster/split_structures/3lxk/boltz2/ligand_sdf/CHEMBL5854861.sdf,,0,True,True,True,True,True,True,True,True,True,True,True,True,True,True,True,True,True,True,True,True,True
/mnt/tank/scratch/okonovalova/AffiTox/analysis/excluding_2z5x_3mjg/tables/posebuster/split_structures/3lxk/boltz2/ligand_sdf/CHEMBL5856715.sdf,,0,True,True,True,True,True,True,True,True,True,True,True,True,True,False,True,True,True,True,True,True,True
/mnt/tank/scratch/okonovalova/AffiTox/analysis/excluding_2z5x_3mjg/tables/posebuster/split_structures/3lxk/boltz2/ligand_sdf/CHEMBL5852131.sdf,,0,True,True,True,True,True,True,True,True,True,True,True,True,True,True,True,True,True,True,True,True,True
/mnt/tank/scratch/okonovalova/AffiTox/analysis/excluding_2z5x_3mjg/tables/posebuster/split_structures/3lxk/boltz2/ligand_sdf/CHEMBL5856150.sdf,,0,True,True,True,True,True,True,True,True,True,True,True,True,True,True,True,True,True,True,True,True,True
/mnt/tank/scratch/okonovalova/AffiTox/analysis/excluding_2z5x_3mjg/tables/posebuster/split_structures/3lxk/boltz2/ligand_sdf/CHEMBL5856368.sdf,,0,True,True,True,True,True,True,True,True,True,True,True,True,True,False,True,True,True,True,True,True,True
/mnt/tank/scratch/okonovalova/AffiTox/analysis/excluding_2z5x_3mjg/tables/posebuster/split_structures/3lxk/boltz2/ligand_sdf/CHEMBL5857224.sdf,,0,True,True,True,True,True,True,True,True,True,True,True,True,True,False,True,True,True,True,True,True,True
/mnt/tank/scratch/okonovalova/AffiTox/analysis/excluding_2z5x_3mjg/tables/posebuster/split_structures/3lxk/boltz2/ligand_sdf/CHEMBL5861758.sdf,,0,True,True,True,True,True,True,True,True,True,True,True,True,True,False,True,True,True,True,True,True,True
/mnt/tank/scratch/okonovalova/AffiTox/analysis/excluding_2z5x_3mjg/tables/posebuster/split_structures/3lxk/boltz2/ligand_sdf/CHEMBL5857330.sdf,,0,True,True,True,True,True,True,True,True,True,True,True,True,True,True,True,True,True,True,True,True,True
/mnt/tank/scratch/okonovalova/AffiTox/analysis/excluding_2z5x_3mjg/tables/posebuster/split_structures/3lxk/boltz2/ligand_sdf/CHEMBL5858191.sdf,,0,True,True,True,True,True,True,True,True,True,True,True,True,True,False,True,True,True,True,True,True,True
/mnt/tank/scratch/okonovalova/AffiTox/analysis/excluding_2z5x_3mjg/tables/posebuster/split_structures/3lxk/boltz2/ligand_sdf/CHEMBL5855617.sdf,,0,True,True,True,True,True,True,True,True,True,True,True,True,True,True,True,True,True,True,True,True,True
/mnt/tank/scratch/okonovalova/AffiTox/analysis/excluding_2z5x_3mjg/tables/posebuster/split_structures/3lxk/boltz2/ligand_sdf/CHEMBL5858641.sdf,,0,True,True,True,True,True,True,True,True,True,True,True,True,True,True,True,True,True,True,True,True,True
/mnt/tank/scratch/okonovalova/AffiTox/analysis/excluding_2z5x_3mjg/tables/posebuster/split_structures/3lxk/boltz2/ligand_sdf/CHEMBL5858870.sdf,,0,True,True,True,True,True,True,True,True,True,True,True,True,True,True,True,True,True,True,True,True,True
/mnt/tank/scratch/okonovalova/AffiTox/analysis/excluding_2z5x_3mjg/tables/posebuster/split_structures/3lxk/boltz2/ligand_sdf/CHEMBL5856145.sdf,,0,True,True,True,True,True,True,True,True,True,True,True,True,True,True,True,True,True,True,True,True,True
/mnt/tank/scratch/okonovalova/AffiTox/analysis/excluding_2z5x_3mjg/tables/posebuster/split_structures/3lxk/boltz2/ligand_sdf/CHEMBL5863971.sdf,,0,True,True,True,True,True,True,True,True,True,True,True,True,True,False,True,True,True,True,True,True,True
/mnt/tank/scratch/okonovalova/AffiTox/analysis/excluding_2z5x_3mjg/tables/posebuster/split_structures/3lxk/boltz2/ligand_sdf/CHEMBL5865180.sdf,,0,True,True,True,True,True,True,True,True,True,True,True,True,True,False,True,True,True,True,True,True,True
/mnt/tank/scratch/okonovalova/AffiTox/analysis/excluding_2z5x_3mjg/tables/posebuster/split_structures/3lxk/boltz2/ligand_sdf/CHEMBL5857646.sdf,,0,True,True,True,True,True,True,True,True,True,True,True,True,True,True,True,True,True,True,True,True,True
/mnt/tank/scratch/okonovalova/AffiTox/analysis/excluding_2z5x_3mjg/tables/posebuster/split_structures/3lxk/boltz2/ligand_sdf/CHEMBL5863249.sdf,,0,True,True,True,True,True,True,True,True,True,True,True,True,True,True,True,True,True,True,True,True,True
/mnt/tank/scratch/okonovalova/AffiTox/analysis/excluding_2z5x_3mjg/tables/posebuster/split_structures/3lxk/boltz2/ligand_sdf/CHEMBL5871147.sdf,,0,True,True,True,True,True,True,True,True,True,True,True,True,True,False,True,True,True,True,True,True,True
/mnt/tank/scratch/okonovalova/AffiTox/analysis/excluding_2z5x_3mjg/tables/posebuster/split_structures/3lxk/boltz2/ligand_sdf/CHEMBL5863426.sdf,,0,True,True,True,True,True,True,True,True,True,True,True,True,True,True,True,True,True,True,True,True,True
/mnt/tank/scratch/okonovalova/AffiTox/analysis/excluding_2z5x_3mjg/tables/posebuster/split_structures/3lxk/boltz2/ligand_sdf/CHEMBL5851666.sdf,,0,True,True,True,True,True,True,True,True,True,True,True,True,True,True,True,True,True,True,True,True,True
/mnt/tank/scratch/okonovalova/AffiTox/analysis/excluding_2z5x_3mjg/tables/posebuster/split_structures/3lxk/boltz2/ligand_sdf/CHEMBL5864536.sdf,,0,True,True,True,True,True,True,True,True,True,True,True,True,True,False,True,True,True,True,True,True,True
/mnt/tank/scratch/okonovalova/AffiTox/analysis/excluding_2z5x_3mjg/tables/posebuster/split_structures/3lxk/boltz2/ligand_sdf/CHEMBL5857523.sdf,,0,True,True,True,True,True,True,True,True,True,True,True,True,True,True,True,True,True,True,True,True,True
/mnt/tank/scratch/okonovalova/AffiTox/analysis/excluding_2z5x_3mjg/tables/posebuster/split_structures/3lxk/boltz2/ligand_sdf/CHEMBL5867787.sdf,,0,True,True,True,True,True,True,True,True,True,True,True,True,True,False,True,True,True,True,True,True,True
/mnt/tank/scratch/okonovalova/AffiTox/analysis/excluding_2z5x_3mjg/tables/posebuster/split_structures/3lxk/boltz2/ligand_sdf/CHEMBL5867893.sdf,,0,True,True,True,True,True,True,True,True,True,True,True,True,True,True,True,True,True,True,True,True,True
/mnt/tank/scratch/okonovalova/AffiTox/analysis/excluding_2z5x_3mjg/tables/posebuster/split_structures/3lxk/boltz2/ligand_sdf/CHEMBL5872436.sdf,,0,True,True,True,True,True,True,True,True,True,True,True,True,True,True,True,True,True,True,True,True,True
/mnt/tank/scratch/okonovalova/AffiTox/analysis/excluding_2z5x_3mjg/tables/posebuster/split_structures/3lxk/boltz2/ligand_sdf/CHEMBL5866266.sdf,,0,True,True,True,True,True,True,True,True,True,True,True,True,True,True,True,True,True,True,True,True,True
/mnt/tank/scratch/okonovalova/AffiTox/analysis/excluding_2z5x_3mjg/tables/posebuster/split_structures/3lxk/boltz2/ligand_sdf/CHEMBL5871726.sdf,,0,True,True,True,True,True,True,True,True,True,True,True,True,True,True,True,True,True,True,True,True,True
/mnt/tank/scratch/okonovalova/AffiTox/analysis/excluding_2z5x_3mjg/tables/posebuster/split_structures/3lxk/boltz2/ligand_sdf/CHEMBL5867421.sdf,,0,True,True,True,True,True,True,True,True,True,True,True,True,True,True,True,True,True,True,True,True,True
/mnt/tank/scratch/okonovalova/AffiTox/analysis/excluding_2z5x_3mjg/tables/posebuster/split_structures/3lxk/boltz2/ligand_sdf/CHEMBL5873330.sdf,,0,True,True,True,True,True,True,True,True,True,True,True,True,True,True,True,True,True,True,True,True,True
/mnt/tank/scratch/okonovalova/AffiTox/analysis/excluding_2z5x_3mjg/tables/posebuster/split_structures/3lxk/boltz2/ligand_sdf/CHEMBL5868274.sdf,,0,True,True,True,True,True,True,True,True,True,True,True,True,True,True,True,True,True,True,True,True,True
/mnt/tank/scratch/okonovalova/AffiTox/analysis/excluding_2z5x_3mjg/tables/posebuster/split_structures/3lxk/boltz2/ligand_sdf/CHEMBL5866655.sdf,,0,True,True,True,True,True,True,True,True,True,True,True,True,True,True,True,True,True,True,True,True,True
/mnt/tank/scratch/okonovalova/AffiTox/analysis/excluding_2z5x_3mjg/tables/posebuster/split_structures/3lxk/boltz2/ligand_sdf/CHEMBL5872812.sdf,,0,True,True,True,True,True,True,True,True,True,True,True,True,True,True,True,True,True,True,True,True,True
/mnt/tank/scratch/okonovalova/AffiTox/analysis/excluding_2z5x_3mjg/tables/posebuster/split_structures/3lxk/boltz2/ligand_sdf/CHEMBL5874623.sdf,,0,True,True,True,True,True,True,True,True,True,True,True,True,True,True,True,True,True,True,True,True,True
/mnt/tank/scratch/okonovalova/AffiTox/analysis/excluding_2z5x_3mjg/tables/posebuster/split_structures/3lxk/boltz2/ligand_sdf/CHEMBL5871165.sdf,,0,True,True,True,True,True,True,True,True,True,True,True,True,True,True,True,True,True,True,True,True,True
/mnt/tank/scratch/okonovalova/AffiTox/analysis/excluding_2z5x_3mjg/tables/posebuster/split_structures/3lxk/boltz2/ligand_sdf/CHEMBL5873669.sdf,,0,True,True,True,True,True,True,True,True,True,True,True,True,True,True,True,True,True,True,True,True,True
/mnt/tank/scratch/okonovalova/AffiTox/analysis/excluding_2z5x_3mjg/tables/posebuster/split_structures/3lxk/boltz2/ligand_sdf/CHEMBL5873289.sdf,,0,True,True,True,True,True,True,True,True,True,True,True,True,True,False,True,True,True,True,True,True,True
/mnt/tank/scratch/okonovalova/AffiTox/analysis/excluding_2z5x_3mjg/tables/posebuster/split_structures/3lxk/boltz2/ligand_sdf/CHEMBL5873901.sdf,,0,True,True,True,True,True,True,True,True,True,True,True,True,True,True,True,True,True,True,True,True,True
/mnt/tank/scratch/okonovalova/AffiTox/analysis/excluding_2z5x_3mjg/tables/posebuster/split_structures/3lxk/boltz2/ligand_sdf/CHEMBL5873918.sdf,,0,True,True,True,True,True,True,True,True,True,True,True,True,True,True,True,True,True,True,True,True,True
/mnt/tank/scratch/okonovalova/AffiTox/analysis/excluding_2z5x_3mjg/tables/posebuster/split_structures/3lxk/boltz2/ligand_sdf/CHEMBL5873656.sdf,,0,True,True,True,True,True,True,True,True,True,True,True,True,True,True,True,True,True,True,True,True,True
/mnt/tank/scratch/okonovalova/AffiTox/analysis/excluding_2z5x_3mjg/tables/posebuster/split_structures/3lxk/boltz2/ligand_sdf/CHEMBL5878108.sdf,,0,True,True,True,True,True,True,True,True,True,True,True,True,True,False,True,True,True,True,True,True,True
/mnt/tank/scratch/okonovalova/AffiTox/analysis/excluding_2z5x_3mjg/tables/posebuster/split_structures/3lxk/boltz2/ligand_sdf/CHEMBL5875211.sdf,,0,True,True,True,True,True,True,True,True,True,True,True,True,True,True,True,True,True,True,True,True,True
/mnt/tank/scratch/okonovalova/AffiTox/analysis/excluding_2z5x_3mjg/tables/posebuster/split_structures/3lxk/boltz2/ligand_sdf/CHEMBL5875507.sdf,,0,True,True,True,True,True,True,True,True,True,True,True,True,True,True,True,True,True,True,True,True,True
/mnt/tank/scratch/okonovalova/AffiTox/analysis/excluding_2z5x_3mjg/tables/posebuster/split_structures/3lxk/boltz2/ligand_sdf/CHEMBL5884872.sdf,,0,True,True,True,True,True,True,True,True,True,True,True,True,True,True,True,True,True,True,True,True,True
/mnt/tank/scratch/okonovalova/AffiTox/analysis/excluding_2z5x_3mjg/tables/posebuster/split_structures/3lxk/boltz2/ligand_sdf/CHEMBL5881510.sdf,,0,True,True,True,True,True,True,True,True,True,True,True,True,True,True,True,True,True,True,True,True,True
/mnt/tank/scratch/okonovalova/AffiTox/analysis/excluding_2z5x_3mjg/tables/posebuster/split_structures/3lxk/boltz2/ligand_sdf/CHEMBL5879603.sdf,,0,True,True,True,True,True,True,True,True,True,True,True,True,True,True,True,True,True,True,True,True,True
/mnt/tank/scratch/okonovalova/AffiTox/analysis/excluding_2z5x_3mjg/tables/posebuster/split_structures/3lxk/boltz2/ligand_sdf/CHEMBL5877444.sdf,,0,True,True,True,True,True,True,True,True,True,True,True,True,True,True,True,True,True,True,True,True,True
/mnt/tank/scratch/okonovalova/AffiTox/analysis/excluding_2z5x_3mjg/tables/posebuster/split_structures/3lxk/boltz2/ligand_sdf/CHEMBL5879753.sdf,,0,True,True,True,True,True,True,True,True,True,True,True,True,True,True,True,True,True,True,True,True,True
/mnt/tank/scratch/okonovalova/AffiTox/analysis/excluding_2z5x_3mjg/tables/posebuster/split_structures/3lxk/boltz2/ligand_sdf/CHEMBL5883675.sdf,,0,True,True,True,True,True,True,True,True,True,True,True,True,True,True,True,True,True,True,True,True,True
/mnt/tank/scratch/okonovalova/AffiTox/analysis/excluding_2z5x_3mjg/tables/posebuster/split_structures/3lxk/boltz2/ligand_sdf/CHEMBL5885588.sdf,,0,True,True,True,True,True,True,True,True,True,True,True,True,True,True,True,True,True,True,True,True,True
/mnt/tank/scratch/okonovalova/AffiTox/analysis/excluding_2z5x_3mjg/tables/posebuster/split_structures/3lxk/boltz2/ligand_sdf/CHEMBL5884204.sdf,,0,True,True,True,True,True,True,True,True,True,True,True,True,True,True,True,True,True,True,True,True,True
/mnt/tank/scratch/okonovalova/AffiTox/analysis/excluding_2z5x_3mjg/tables/posebuster/split_structures/3lxk/boltz2/ligand_sdf/CHEMBL5874630.sdf,,0,True,True,True,True,True,True,True,True,True,True,True,True,True,True,True,True,True,True,True,True,True
/mnt/tank/scratch/okonovalova/AffiTox/analysis/excluding_2z5x_3mjg/tables/posebuster/split_structures/3lxk/boltz2/ligand_sdf/CHEMBL5885673.sdf,,0,True,True,True,True,True,True,True,True,True,True,True,True,True,False,True,True,True,True,True,True,True
/mnt/tank/scratch/okonovalova/AffiTox/analysis/excluding_2z5x_3mjg/tables/posebuster/split_structures/3lxk/boltz2/ligand_sdf/CHEMBL5889049.sdf,,0,True,True,True,True,True,True,True,True,True,True,True,True,True,False,True,True,True,True,True,True,True
/mnt/tank/scratch/okonovalova/AffiTox/analysis/excluding_2z5x_3mjg/tables/posebuster/split_structures/3lxk/boltz2/ligand_sdf/CHEMBL5886854.sdf,,0,True,True,True,True,True,True,True,True,True,True,True,True,True,False,True,True,True,True,True,True,True
/mnt/tank/scratch/okonovalova/AffiTox/analysis/excluding_2z5x_3mjg/tables/posebuster/split_structures/3lxk/boltz2/ligand_sdf/CHEMBL5890851.sdf,,0,True,True,True,True,True,True,True,True,True,True,True,True,True,False,True,True,True,True,True,True,True
/mnt/tank/scratch/okonovalova/AffiTox/analysis/excluding_2z5x_3mjg/tables/posebuster/split_structures/3lxk/boltz2/ligand_sdf/CHEMBL5899483.sdf,,0,True,True,True,True,True,True,True,True,True,True,True,True,True,True,True,True,True,True,True,True,True
/mnt/tank/scratch/okonovalova/AffiTox/analysis/excluding_2z5x_3mjg/tables/posebuster/split_structures/3lxk/boltz2/ligand_sdf/CHEMBL5885866.sdf,,0,True,True,True,True,True,True,True,True,True,True,True,True,True,True,True,True,True,True,True,True,True
/mnt/tank/scratch/okonovalova/AffiTox/analysis/excluding_2z5x_3mjg/tables/posebuster/split_structures/3lxk/boltz2/ligand_sdf/CHEMBL5895920.sdf,,0,True,True,True,True,True,True,True,True,True,True,True,True,True,False,True,True,True,True,True,True,True
/mnt/tank/scratch/okonovalova/AffiTox/analysis/excluding_2z5x_3mjg/tables/posebuster/split_structures/3lxk/boltz2/ligand_sdf/CHEMBL5894302.sdf,,0,True,True,True,True,True,True,True,True,True,True,True,True,True,True,True,True,True,True,True,True,True
/mnt/tank/scratch/okonovalova/AffiTox/analysis/excluding_2z5x_3mjg/tables/posebuster/split_structures/3lxk/boltz2/ligand_sdf/CHEMBL5886194.sdf,,0,True,True,True,True,True,True,True,True,True,True,True,True,True,True,True,True,True,True,True,True,True
/mnt/tank/scratch/okonovalova/AffiTox/analysis/excluding_2z5x_3mjg/tables/posebuster/split_structures/3lxk/boltz2/ligand_sdf/CHEMBL5896174.sdf,,0,True,True,True,True,True,True,True,True,True,True,True,True,True,False,True,True,True,True,True,True,True
/mnt/tank/scratch/okonovalova/AffiTox/analysis/excluding_2z5x_3mjg/tables/posebuster/split_structures/3lxk/boltz2/ligand_sdf/CHEMBL5886460.sdf,,0,True,True,True,True,True,True,True,True,True,True,True,True,True,True,True,True,True,True,True,True,True
/mnt/tank/scratch/okonovalova/AffiTox/analysis/excluding_2z5x_3mjg/tables/posebuster/split_structures/3lxk/boltz2/ligand_sdf/CHEMBL5897828.sdf,,0,True,True,True,True,True,True,True,True,True,True,True,True,True,True,True,True,True,True,True,True,True
/mnt/tank/scratch/okonovalova/AffiTox/analysis/excluding_2z5x_3mjg/tables/posebuster/split_structures/3lxk/boltz2/ligand_sdf/CHEMBL5891908.sdf,,0,True,True,True,True,True,True,True,True,True,True,True,True,True,True,True,True,True,True,True,True,True
/mnt/tank/scratch/okonovalova/AffiTox/analysis/excluding_2z5x_3mjg/tables/posebuster/split_structures/3lxk/boltz2/ligand_sdf/CHEMBL5899521.sdf,,0,True,True,True,True,True,True,True,True,True,True,True,True,True,True,True,True,True,True,True,True,True
/mnt/tank/scratch/okonovalova/AffiTox/analysis/excluding_2z5x_3mjg/tables/posebuster/split_structures/3lxk/boltz2/ligand_sdf/CHEMBL5895143.sdf,,0,True,True,True,True,True,True,True,True,True,True,True,True,True,True,True,True,True,True,True,True,True
/mnt/tank/scratch/okonovalova/AffiTox/analysis/excluding_2z5x_3mjg/tables/posebuster/split_structures/3lxk/boltz2/ligand_sdf/CHEMBL5894845.sdf,,0,True,True,True,True,True,True,True,True,True,True,True,True,True,True,True,True,True,True,True,True,True
/mnt/tank/scratch/okonovalova/AffiTox/analysis/excluding_2z5x_3mjg/tables/posebuster/split_structures/3lxk/boltz2/ligand_sdf/CHEMBL5907014.sdf,,0,True,True,True,True,True,True,True,True,True,True,True,True,True,False,True,True,True,True,True,True,True
/mnt/tank/scratch/okonovalova/AffiTox/analysis/excluding_2z5x_3mjg/tables/posebuster/split_structures/3lxk/boltz2/ligand_sdf/CHEMBL5902336.sdf,,0,True,True,True,True,True,True,True,True,True,True,True,True,True,False,True,True,True,True,True,True,True
/mnt/tank/scratch/okonovalova/AffiTox/analysis/excluding_2z5x_3mjg/tables/posebuster/split_structures/3lxk/boltz2/ligand_sdf/CHEMBL5893474.sdf,,0,True,True,True,True,True,True,True,True,True,True,True,True,True,True,True,True,True,True,True,True,True
/mnt/tank/scratch/okonovalova/AffiTox/analysis/excluding_2z5x_3mjg/tables/posebuster/split_structures/3lxk/boltz2/ligand_sdf/CHEMBL5899602.sdf,,0,True,True,True,True,True,True,True,True,True,True,True,True,True,True,True,True,True,True,True,True,True
/mnt/tank/scratch/okonovalova/AffiTox/analysis/excluding_2z5x_3mjg/tables/posebuster/split_structures/3lxk/boltz2/ligand_sdf/CHEMBL5903530.sdf,,0,True,True,True,True,True,True,True,True,True,True,True,True,True,False,True,True,True,True,True,True,True
/mnt/tank/scratch/okonovalova/AffiTox/analysis/excluding_2z5x_3mjg/tables/posebuster/split_structures/3lxk/boltz2/ligand_sdf/CHEMBL5907400.sdf,,0,True,True,True,True,True,True,True,True,True,True,True,True,True,False,True,True,True,True,True,True,True
/mnt/tank/scratch/okonovalova/AffiTox/analysis/excluding_2z5x_3mjg/tables/posebuster/split_structures/3lxk/boltz2/ligand_sdf/CHEMBL5901707.sdf,,0,True,True,True,True,True,True,True,True,True,True,True,True,True,True,True,True,True,True,True,True,True
/mnt/tank/scratch/okonovalova/AffiTox/analysis/excluding_2z5x_3mjg/tables/posebuster/split_structures/3lxk/boltz2/ligand_sdf/CHEMBL5902207.sdf,,0,True,True,True,True,True,True,True,True,True,True,True,True,True,True,True,True,True,True,True,True,True
/mnt/tank/scratch/okonovalova/AffiTox/analysis/excluding_2z5x_3mjg/tables/posebuster/split_structures/3lxk/boltz2/ligand_sdf/CHEMBL5902746.sdf,,0,True,True,True,True,True,True,True,True,True,True,True,True,True,True,True,True,True,True,True,True,True
/mnt/tank/scratch/okonovalova/AffiTox/analysis/excluding_2z5x_3mjg/tables/posebuster/split_structures/3lxk/boltz2/ligand_sdf/CHEMBL5902681.sdf,,0,True,True,True,True,True,True,True,True,True,True,True,True,True,True,True,True,True,True,True,True,True
/mnt/tank/scratch/okonovalova/AffiTox/analysis/excluding_2z5x_3mjg/tables/posebuster/split_structures/3lxk/boltz2/ligand_sdf/CHEMBL5909121.sdf,,0,True,True,True,True,True,True,True,True,True,True,True,True,True,False,True,True,True,True,True,True,True
/mnt/tank/scratch/okonovalova/AffiTox/analysis/excluding_2z5x_3mjg/tables/posebuster/split_structures/3lxk/boltz2/ligand_sdf/CHEMBL5905186.sdf,,0,True,True,True,True,True,True,True,True,True,True,True,True,True,True,True,True,True,True,True,True,True
/mnt/tank/scratch/okonovalova/AffiTox/analysis/excluding_2z5x_3mjg/tables/posebuster/split_structures/3lxk/boltz2/ligand_sdf/CHEMBL5902880.sdf,,0,True,True,True,True,True,True,True,True,True,True,True,True,True,True,True,True,True,True,True,True,True
/mnt/tank/scratch/okonovalova/AffiTox/analysis/excluding_2z5x_3mjg/tables/posebuster/split_structures/3lxk/boltz2/ligand_sdf/CHEMBL5907043.sdf,,0,True,True,True,True,True,True,True,True,True,True,True,True,True,True,True,True,True,True,True,True,True
/mnt/tank/scratch/okonovalova/AffiTox/analysis/excluding_2z5x_3mjg/tables/posebuster/split_structures/3lxk/boltz2/ligand_sdf/CHEMBL5905057.sdf,,0,True,True,True,True,True,True,True,True,True,True,True,True,True,True,True,True,True,True,True,True,True
/mnt/tank/scratch/okonovalova/AffiTox/analysis/excluding_2z5x_3mjg/tables/posebuster/split_structures/3lxk/boltz2/ligand_sdf/CHEMBL5911770.sdf,,0,True,True,True,True,True,True,True,True,True,True,True,True,True,True,True,True,True,True,True,True,True
/mnt/tank/scratch/okonovalova/AffiTox/analysis/excluding_2z5x_3mjg/tables/posebuster/split_structures/3lxk/boltz2/ligand_sdf/CHEMBL5913141.sdf,,0,True,True,True,True,True,True,True,True,True,True,True,True,True,True,True,True,True,True,True,True,True
/mnt/tank/scratch/okonovalova/AffiTox/analysis/excluding_2z5x_3mjg/tables/posebuster/split_structures/3lxk/boltz2/ligand_sdf/CHEMBL5911027.sdf,,0,True,True,True,True,True,True,True,True,True,True,True,True,True,False,True,True,True,True,True,True,True
/mnt/tank/scratch/okonovalova/AffiTox/analysis/excluding_2z5x_3mjg/tables/posebuster/split_structures/3lxk/boltz2/ligand_sdf/CHEMBL5907719.sdf,,0,True,True,True,True,True,True,True,True,True,True,True,True,True,True,True,True,True,True,True,True,True
/mnt/tank/scratch/okonovalova/AffiTox/analysis/excluding_2z5x_3mjg/tables/posebuster/split_structures/3lxk/boltz2/ligand_sdf/CHEMBL5908311.sdf,,0,True,True,True,True,True,True,True,True,True,True,True,True,True,True,True,True,True,True,True,True,True
/mnt/tank/scratch/okonovalova/AffiTox/analysis/excluding_2z5x_3mjg/tables/posebuster/split_structures/3lxk/boltz2/ligand_sdf/CHEMBL5910404.sdf,,0,True,True,True,True,True,True,True,True,True,True,True,True,True,True,True,True,True,True,True,True,True
/mnt/tank/scratch/okonovalova/AffiTox/analysis/excluding_2z5x_3mjg/tables/posebuster/split_structures/3lxk/boltz2/ligand_sdf/CHEMBL5911079.sdf,,0,True,True,True,True,True,True,True,True,True,True,True,True,True,True,True,True,True,True,True,True,True
/mnt/tank/scratch/okonovalova/AffiTox/analysis/excluding_2z5x_3mjg/tables/posebuster/split_structures/3lxk/boltz2/ligand_sdf/CHEMBL5909265.sdf,,0,True,True,True,True,True,True,True,True,True,True,True,True,True,True,True,True,True,True,True,True,True
/mnt/tank/scratch/okonovalova/AffiTox/analysis/excluding_2z5x_3mjg/tables/posebuster/split_structures/3lxk/boltz2/ligand_sdf/CHEMBL5914655.sdf,,0,True,True,True,True,True,True,True,True,True,True,True,True,True,False,True,True,True,True,True,True,True
/mnt/tank/scratch/okonovalova/AffiTox/analysis/excluding_2z5x_3mjg/tables/posebuster/split_structures/3lxk/boltz2/ligand_sdf/CHEMBL5909813.sdf,,0,True,True,True,True,True,True,True,True,True,True,True,True,True,True,True,True,True,True,True,True,True
/mnt/tank/scratch/okonovalova/AffiTox/analysis/excluding_2z5x_3mjg/tables/posebuster/split_structures/3lxk/boltz2/ligand_sdf/CHEMBL5913487.sdf,,0,True,True,True,True,True,True,True,True,True,True,True,True,True,False,True,True,True,True,True,True,True
/mnt/tank/scratch/okonovalova/AffiTox/analysis/excluding_2z5x_3mjg/tables/posebuster/split_structures/3lxk/boltz2/ligand_sdf/CHEMBL5913288.sdf,,0,True,True,True,True,True,True,True,True,True,True,True,True,True,True,True,True,True,True,True,True,True
/mnt/tank/scratch/okonovalova/AffiTox/analysis/excluding_2z5x_3mjg/tables/posebuster/split_structures/3lxk/boltz2/ligand_sdf/CHEMBL5909748.sdf,,0,True,True,True,True,True,True,True,True,True,True,True,True,True,False,True,True,True,True,True,True,True
/mnt/tank/scratch/okonovalova/AffiTox/analysis/excluding_2z5x_3mjg/tables/posebuster/split_structures/3lxk/boltz2/ligand_sdf/CHEMBL5914135.sdf,,0,True,True,True,True,True,True,True,True,True,True,True,True,True,True,True,True,True,True,True,True,True
/mnt/tank/scratch/okonovalova/AffiTox/analysis/excluding_2z5x_3mjg/tables/posebuster/split_structures/3lxk/boltz2/ligand_sdf/CHEMBL5912432.sdf,,0,True,True,True,True,True,True,True,True,True,True,True,True,True,False,True,True,True,True,True,True,True
/mnt/tank/scratch/okonovalova/AffiTox/analysis/excluding_2z5x_3mjg/tables/posebuster/split_structures/3lxk/boltz2/ligand_sdf/CHEMBL5915513.sdf,,0,True,True,True,True,True,True,True,True,True,True,True,True,True,False,True,True,True,True,True,True,True
/mnt/tank/scratch/okonovalova/AffiTox/analysis/excluding_2z5x_3mjg/tables/posebuster/split_structures/3lxk/boltz2/ligand_sdf/CHEMBL5916191.sdf,,0,True,True,True,True,True,True,True,True,True,True,True,True,True,True,True,True,True,True,True,True,True
/mnt/tank/scratch/okonovalova/AffiTox/analysis/excluding_2z5x_3mjg/tables/posebuster/split_structures/3lxk/boltz2/ligand_sdf/CHEMBL5917312.sdf,,0,True,True,True,True,True,True,True,True,True,True,True,True,True,False,True,True,True,True,True,True,True
/mnt/tank/scratch/okonovalova/AffiTox/analysis/excluding_2z5x_3mjg/tables/posebuster/split_structures/3lxk/boltz2/ligand_sdf/CHEMBL5914818.sdf,,0,True,True,True,True,True,True,True,True,True,True,True,True,True,True,True,True,True,True,True,True,True
/mnt/tank/scratch/okonovalova/AffiTox/analysis/excluding_2z5x_3mjg/tables/posebuster/split_structures/3lxk/boltz2/ligand_sdf/CHEMBL5915327.sdf,,0,True,True,True,True,True,True,True,True,True,True,True,True,True,True,True,True,True,True,True,True,True
/mnt/tank/scratch/okonovalova/AffiTox/analysis/excluding_2z5x_3mjg/tables/posebuster/split_structures/3lxk/boltz2/ligand_sdf/CHEMBL5915221.sdf,,0,True,True,True,True,True,True,True,True,True,True,True,True,True,True,True,True,True,True,True,True,True
/mnt/tank/scratch/okonovalova/AffiTox/analysis/excluding_2z5x_3mjg/tables/posebuster/split_structures/3lxk/boltz2/ligand_sdf/CHEMBL5920928.sdf,,0,True,True,True,True,True,True,True,True,True,True,True,True,True,False,True,True,True,True,True,True,True
/mnt/tank/scratch/okonovalova/AffiTox/analysis/excluding_2z5x_3mjg/tables/posebuster/split_structures/3lxk/boltz2/ligand_sdf/CHEMBL5923620.sdf,,0,True,True,True,True,True,True,True,True,True,True,True,True,True,True,True,True,True,True,True,True,True
/mnt/tank/scratch/okonovalova/AffiTox/analysis/excluding_2z5x_3mjg/tables/posebuster/split_structures/3lxk/boltz2/ligand_sdf/CHEMBL5919147.sdf,,0,True,True,True,True,True,True,True,True,True,True,True,True,True,True,True,True,True,True,True,True,True
/mnt/tank/scratch/okonovalova/AffiTox/analysis/excluding_2z5x_3mjg/tables/posebuster/split_structures/3lxk/boltz2/ligand_sdf/CHEMBL5923651.sdf,,0,True,True,True,True,True,True,True,True,True,True,True,True,True,False,True,True,True,True,True,True,True
/mnt/tank/scratch/okonovalova/AffiTox/analysis/excluding_2z5x_3mjg/tables/posebuster/split_structures/3lxk/boltz2/ligand_sdf/CHEMBL5916574.sdf,,0,True,True,True,True,True,True,True,True,True,True,True,True,True,True,True,True,True,True,True,True,True
/mnt/tank/scratch/okonovalova/AffiTox/analysis/excluding_2z5x_3mjg/tables/posebuster/split_structures/3lxk/boltz2/ligand_sdf/CHEMBL5918752.sdf,,0,True,True,True,True,True,True,True,True,True,True,True,True,True,True,True,True,True,True,True,True,True
/mnt/tank/scratch/okonovalova/AffiTox/analysis/excluding_2z5x_3mjg/tables/posebuster/split_structures/3lxk/boltz2/ligand_sdf/CHEMBL5917749.sdf,,0,True,True,True,True,True,True,True,True,True,True,True,True,True,True,True,True,True,True,True,True,True
/mnt/tank/scratch/okonovalova/AffiTox/analysis/excluding_2z5x_3mjg/tables/posebuster/split_structures/3lxk/boltz2/ligand_sdf/CHEMBL5927640.sdf,,0,True,True,True,True,True,True,True,True,True,True,True,True,True,False,True,True,True,True,True,True,True
/mnt/tank/scratch/okonovalova/AffiTox/analysis/excluding_2z5x_3mjg/tables/posebuster/split_structures/3lxk/boltz2/ligand_sdf/CHEMBL5921058.sdf,,0,True,True,True,True,True,True,True,True,True,True,True,True,True,True,True,True,True,True,True,True,True
/mnt/tank/scratch/okonovalova/AffiTox/analysis/excluding_2z5x_3mjg/tables/posebuster/split_structures/3lxk/boltz2/ligand_sdf/CHEMBL5916497.sdf,,0,True,True,True,True,True,True,True,True,True,True,True,True,True,True,True,True,True,True,True,True,True
/mnt/tank/scratch/okonovalova/AffiTox/analysis/excluding_2z5x_3mjg/tables/posebuster/split_structures/3lxk/boltz2/ligand_sdf/CHEMBL5922189.sdf,,0,True,True,True,True,True,True,True,True,True,True,True,True,True,True,True,True,True,True,True,True,True
/mnt/tank/scratch/okonovalova/AffiTox/analysis/excluding_2z5x_3mjg/tables/posebuster/split_structures/3lxk/boltz2/ligand_sdf/CHEMBL5932839.sdf,,0,True,True,True,True,True,True,True,True,True,True,True,True,True,True,True,True,True,True,True,True,True
/mnt/tank/scratch/okonovalova/AffiTox/analysis/excluding_2z5x_3mjg/tables/posebuster/split_structures/3lxk/boltz2/ligand_sdf/CHEMBL5932049.sdf,,0,True,True,True,True,True,True,True,True,True,True,True,True,True,False,True,True,True,True,True,True,True
/mnt/tank/scratch/okonovalova/AffiTox/analysis/excluding_2z5x_3mjg/tables/posebuster/split_structures/3lxk/boltz2/ligand_sdf/CHEMBL5928332.sdf,,0,True,True,True,True,True,True,True,True,True,True,True,True,True,True,True,True,True,True,True,True,True
/mnt/tank/scratch/okonovalova/AffiTox/analysis/excluding_2z5x_3mjg/tables/posebuster/split_structures/3lxk/boltz2/ligand_sdf/CHEMBL5929986.sdf,,0,True,True,True,True,True,True,True,True,True,True,True,True,True,False,True,True,True,True,True,True,True
/mnt/tank/scratch/okonovalova/AffiTox/analysis/excluding_2z5x_3mjg/tables/posebuster/split_structures/3lxk/boltz2/ligand_sdf/CHEMBL5924111.sdf,,0,True,True,True,True,True,True,True,True,True,True,True,True,True,True,True,True,True,True,True,True,True
/mnt/tank/scratch/okonovalova/AffiTox/analysis/excluding_2z5x_3mjg/tables/posebuster/split_structures/3lxk/boltz2/ligand_sdf/CHEMBL5926299.sdf,,0,True,True,True,True,True,True,True,True,True,True,True,True,True,True,True,True,True,True,True,True,True
/mnt/tank/scratch/okonovalova/AffiTox/analysis/excluding_2z5x_3mjg/tables/posebuster/split_structures/3lxk/boltz2/ligand_sdf/CHEMBL5928345.sdf,,0,True,True,True,True,True,True,True,True,True,True,True,True,True,True,True,True,True,True,True,True,True
/mnt/tank/scratch/okonovalova/AffiTox/analysis/excluding_2z5x_3mjg/tables/posebuster/split_structures/3lxk/boltz2/ligand_sdf/CHEMBL5934722.sdf,,0,True,True,True,True,True,True,True,True,True,True,True,True,True,False,True,True,True,True,True,True,True
/mnt/tank/scratch/okonovalova/AffiTox/analysis/excluding_2z5x_3mjg/tables/posebuster/split_structures/3lxk/boltz2/ligand_sdf/CHEMBL5927214.sdf,,0,True,True,True,True,True,True,True,True,True,True,True,True,True,True,True,True,True,True,True,True,True
/mnt/tank/scratch/okonovalova/AffiTox/analysis/excluding_2z5x_3mjg/tables/posebuster/split_structures/3lxk/boltz2/ligand_sdf/CHEMBL5925950.sdf,,0,True,True,True,True,True,True,True,True,True,True,True,True,True,True,True,True,True,True,True,True,True
/mnt/tank/scratch/okonovalova/AffiTox/analysis/excluding_2z5x_3mjg/tables/posebuster/split_structures/3lxk/boltz2/ligand_sdf/CHEMBL5927674.sdf,,0,True,True,True,True,True,True,True,True,True,True,True,True,True,True,True,True,True,True,True,True,True
/mnt/tank/scratch/okonovalova/AffiTox/analysis/excluding_2z5x_3mjg/tables/posebuster/split_structures/3lxk/boltz2/ligand_sdf/CHEMBL5930192.sdf,,0,True,True,True,True,True,True,True,True,True,True,True,True,True,True,True,True,True,True,True,True,True
/mnt/tank/scratch/okonovalova/AffiTox/analysis/excluding_2z5x_3mjg/tables/posebuster/split_structures/3lxk/boltz2/ligand_sdf/CHEMBL5933359.sdf,,0,True,True,True,True,True,True,True,True,True,True,True,True,True,True,True,True,True,True,True,True,True
/mnt/tank/scratch/okonovalova/AffiTox/analysis/excluding_2z5x_3mjg/tables/posebuster/split_structures/3lxk/boltz2/ligand_sdf/CHEMBL5932860.sdf,,0,True,True,True,True,True,True,True,True,True,True,True,True,True,True,True,True,True,True,True,True,True
/mnt/tank/scratch/okonovalova/AffiTox/analysis/excluding_2z5x_3mjg/tables/posebuster/split_structures/3lxk/boltz2/ligand_sdf/CHEMBL5935072.sdf,,0,True,True,True,True,True,True,True,True,True,True,True,True,True,True,True,True,True,True,True,True,True
/mnt/tank/scratch/okonovalova/AffiTox/analysis/excluding_2z5x_3mjg/tables/posebuster/split_structures/3lxk/boltz2/ligand_sdf/CHEMBL5934490.sdf,,0,True,True,True,True,True,True,True,True,True,True,True,True,True,True,True,True,True,True,True,True,True
/mnt/tank/scratch/okonovalova/AffiTox/analysis/excluding_2z5x_3mjg/tables/posebuster/split_structures/3lxk/boltz2/ligand_sdf/CHEMBL5935374.sdf,,0,True,True,True,True,True,True,True,True,True,True,True,True,True,True,True,True,True,True,True,True,True
/mnt/tank/scratch/okonovalova/AffiTox/analysis/excluding_2z5x_3mjg/tables/posebuster/split_structures/3lxk/boltz2/ligand_sdf/CHEMBL5937057.sdf,,0,True,True,True,True,True,True,True,True,True,True,True,True,True,False,True,True,True,True,True,True,True
/mnt/tank/scratch/okonovalova/AffiTox/analysis/excluding_2z5x_3mjg/tables/posebuster/split_structures/3lxk/boltz2/ligand_sdf/CHEMBL5934283.sdf,,0,True,True,True,True,True,True,True,True,True,True,True,True,True,True,True,True,True,True,True,True,True
/mnt/tank/scratch/okonovalova/AffiTox/analysis/excluding_2z5x_3mjg/tables/posebuster/split_structures/3lxk/boltz2/ligand_sdf/CHEMBL5935885.sdf,,0,True,True,True,True,True,True,True,True,True,True,True,True,True,True,True,True,True,True,True,True,True
/mnt/tank/scratch/okonovalova/AffiTox/analysis/excluding_2z5x_3mjg/tables/posebuster/split_structures/3lxk/boltz2/ligand_sdf/CHEMBL5935548.sdf,,0,True,True,True,True,True,True,True,True,True,True,True,True,True,True,True,True,True,True,True,True,True
/mnt/tank/scratch/okonovalova/AffiTox/analysis/excluding_2z5x_3mjg/tables/posebuster/split_structures/3lxk/boltz2/ligand_sdf/CHEMBL5934770.sdf,,0,True,True,True,True,True,True,True,True,True,True,True,True,True,True,True,True,True,True,True,True,True
/mnt/tank/scratch/okonovalova/AffiTox/analysis/excluding_2z5x_3mjg/tables/posebuster/split_structures/3lxk/boltz2/ligand_sdf/CHEMBL5936821.sdf,,0,True,True,True,True,True,True,True,True,True,True,True,True,True,True,True,True,True,True,True,True,True
/mnt/tank/scratch/okonovalova/AffiTox/analysis/excluding_2z5x_3mjg/tables/posebuster/split_structures/3lxk/boltz2/ligand_sdf/CHEMBL5937971.sdf,,0,True,True,True,True,True,True,True,True,True,True,True,True,True,True,True,True,True,True,True,True,True
/mnt/tank/scratch/okonovalova/AffiTox/analysis/excluding_2z5x_3mjg/tables/posebuster/split_structures/3lxk/boltz2/ligand_sdf/CHEMBL5938951.sdf,,0,True,True,True,True,True,True,True,True,True,True,True,True,True,True,True,True,True,True,True,True,True
/mnt/tank/scratch/okonovalova/AffiTox/analysis/excluding_2z5x_3mjg/tables/posebuster/split_structures/3lxk/boltz2/ligand_sdf/CHEMBL5939237.sdf,,0,True,True,True,True,True,True,True,True,True,True,True,True,True,False,True,True,True,True,True,True,True
/mnt/tank/scratch/okonovalova/AffiTox/analysis/excluding_2z5x_3mjg/tables/posebuster/split_structures/3lxk/boltz2/ligand_sdf/CHEMBL5938591.sdf,,0,True,True,True,True,True,True,True,True,True,True,True,True,True,True,True,True,True,True,True,True,True
/mnt/tank/scratch/okonovalova/AffiTox/analysis/excluding_2z5x_3mjg/tables/posebuster/split_structures/3lxk/boltz2/ligand_sdf/CHEMBL5942366.sdf,,0,True,True,True,True,True,True,True,True,True,True,True,True,True,False,True,True,True,True,True,True,True
/mnt/tank/scratch/okonovalova/AffiTox/analysis/excluding_2z5x_3mjg/tables/posebuster/split_structures/3lxk/boltz2/ligand_sdf/CHEMBL5938763.sdf,,0,True,True,True,True,True,True,True,True,True,True,True,True,True,True,True,True,True,True,True,True,True
/mnt/tank/scratch/okonovalova/AffiTox/analysis/excluding_2z5x_3mjg/tables/posebuster/split_structures/3lxk/boltz2/ligand_sdf/CHEMBL5939385.sdf,,0,True,True,True,True,True,True,True,True,True,True,True,True,True,True,True,True,True,True,True,True,True
/mnt/tank/scratch/okonovalova/AffiTox/analysis/excluding_2z5x_3mjg/tables/posebuster/split_structures/3lxk/boltz2/ligand_sdf/CHEMBL5940374.sdf,,0,True,True,True,True,True,True,True,True,True,True,True,True,True,True,True,True,True,True,True,True,True
/mnt/tank/scratch/okonovalova/AffiTox/analysis/excluding_2z5x_3mjg/tables/posebuster/split_structures/3lxk/boltz2/ligand_sdf/CHEMBL5939388.sdf,,0,True,True,True,True,True,True,True,True,True,True,True,True,True,True,True,True,True,True,True,True,True
/mnt/tank/scratch/okonovalova/AffiTox/analysis/excluding_2z5x_3mjg/tables/posebuster/split_structures/3lxk/boltz2/ligand_sdf/CHEMBL5941466.sdf,,0,True,True,True,True,True,True,True,True,True,True,True,True,True,True,True,True,True,True,True,True,True
/mnt/tank/scratch/okonovalova/AffiTox/analysis/excluding_2z5x_3mjg/tables/posebuster/split_structures/3lxk/boltz2/ligand_sdf/CHEMBL5942671.sdf,,0,True,True,True,True,True,True,True,True,True,True,True,True,True,True,True,True,True,True,True,True,True
/mnt/tank/scratch/okonovalova/AffiTox/analysis/excluding_2z5x_3mjg/tables/posebuster/split_structures/3lxk/boltz2/ligand_sdf/CHEMBL5943970.sdf,,0,True,True,True,True,True,True,True,True,True,True,True,True,True,True,True,True,True,True,True,True,True
/mnt/tank/scratch/okonovalova/AffiTox/analysis/excluding_2z5x_3mjg/tables/posebuster/split_structures/3lxk/boltz2/ligand_sdf/CHEMBL5942517.sdf,,0,True,True,True,True,True,True,True,True,True,True,True,True,True,True,True,True,True,True,True,True,True
/mnt/tank/scratch/okonovalova/AffiTox/analysis/excluding_2z5x_3mjg/tables/posebuster/split_structures/3lxk/boltz2/ligand_sdf/CHEMBL5940808.sdf,,0,True,True,True,True,True,True,True,True,True,True,True,True,True,True,True,True,True,True,True,True,True
/mnt/tank/scratch/okonovalova/AffiTox/analysis/excluding_2z5x_3mjg/tables/posebuster/split_structures/3lxk/boltz2/ligand_sdf/CHEMBL5945722.sdf,,0,True,True,True,True,True,True,True,True,True,True,True,True,True,False,True,True,True,True,True,True,True
/mnt/tank/scratch/okonovalova/AffiTox/analysis/excluding_2z5x_3mjg/tables/posebuster/split_structures/3lxk/boltz2/ligand_sdf/CHEMBL5943996.sdf,,0,True,True,True,True,True,True,True,True,True,True,True,True,True,False,True,True,True,True,True,True,True
/mnt/tank/scratch/okonovalova/AffiTox/analysis/excluding_2z5x_3mjg/tables/posebuster/split_structures/3lxk/boltz2/ligand_sdf/CHEMBL5945783.sdf,,0,True,True,True,True,True,True,True,True,True,True,True,True,True,False,True,True,True,True,True,True,True
/mnt/tank/scratch/okonovalova/AffiTox/analysis/excluding_2z5x_3mjg/tables/posebuster/split_structures/3lxk/boltz2/ligand_sdf/CHEMBL5948890.sdf,,0,True,True,True,True,True,True,True,True,True,True,True,True,True,False,True,True,True,True,True,True,True
/mnt/tank/scratch/okonovalova/AffiTox/analysis/excluding_2z5x_3mjg/tables/posebuster/split_structures/3lxk/boltz2/ligand_sdf/CHEMBL5949161.sdf,,0,True,True,True,True,True,True,True,True,True,True,True,True,True,False,True,True,True,True,True,True,True
/mnt/tank/scratch/okonovalova/AffiTox/analysis/excluding_2z5x_3mjg/tables/posebuster/split_structures/3lxk/boltz2/ligand_sdf/CHEMBL5946368.sdf,,0,True,True,True,True,True,True,True,True,True,True,True,True,True,False,True,True,True,True,True,True,True
/mnt/tank/scratch/okonovalova/AffiTox/analysis/excluding_2z5x_3mjg/tables/posebuster/split_structures/3lxk/boltz2/ligand_sdf/CHEMBL5946452.sdf,,0,True,True,True,True,True,True,True,True,True,True,True,True,True,False,True,True,True,True,True,True,True
/mnt/tank/scratch/okonovalova/AffiTox/analysis/excluding_2z5x_3mjg/tables/posebuster/split_structures/3lxk/boltz2/ligand_sdf/CHEMBL5946284.sdf,,0,True,True,True,True,True,True,True,True,True,True,True,True,True,True,True,True,True,True,True,True,True
/mnt/tank/scratch/okonovalova/AffiTox/analysis/excluding_2z5x_3mjg/tables/posebuster/split_structures/3lxk/boltz2/ligand_sdf/CHEMBL5952598.sdf,,0,True,True,True,True,True,True,True,True,True,True,True,True,True,True,True,True,True,True,True,True,True
/mnt/tank/scratch/okonovalova/AffiTox/analysis/excluding_2z5x_3mjg/tables/posebuster/split_structures/3lxk/boltz2/ligand_sdf/CHEMBL5948142.sdf,,0,True,True,True,True,True,True,True,True,True,True,True,True,True,True,True,True,True,True,True,True,True
/mnt/tank/scratch/okonovalova/AffiTox/analysis/excluding_2z5x_3mjg/tables/posebuster/split_structures/3lxk/boltz2/ligand_sdf/CHEMBL5944873.sdf,,0,True,True,True,True,True,True,True,True,True,True,True,True,True,True,True,True,True,True,True,True,True
/mnt/tank/scratch/okonovalova/AffiTox/analysis/excluding_2z5x_3mjg/tables/posebuster/split_structures/3lxk/boltz2/ligand_sdf/CHEMBL5947876.sdf,,0,True,True,True,True,True,True,True,True,True,True,True,True,True,True,True,True,True,True,True,True,True
/mnt/tank/scratch/okonovalova/AffiTox/analysis/excluding_2z5x_3mjg/tables/posebuster/split_structures/3lxk/boltz2/ligand_sdf/CHEMBL5947396.sdf,,0,True,True,True,True,True,True,True,True,True,True,True,True,True,True,True,True,True,True,True,True,True
/mnt/tank/scratch/okonovalova/AffiTox/analysis/excluding_2z5x_3mjg/tables/posebuster/split_structures/3lxk/boltz2/ligand_sdf/CHEMBL5948195.sdf,,0,True,True,True,True,True,True,True,True,True,True,True,True,True,False,True,True,True,True,True,True,True
/mnt/tank/scratch/okonovalova/AffiTox/analysis/excluding_2z5x_3mjg/tables/posebuster/split_structures/3lxk/boltz2/ligand_sdf/CHEMBL5948963.sdf,,0,True,True,True,True,True,True,True,True,True,True,True,True,True,True,True,True,True,True,True,True,True
/mnt/tank/scratch/okonovalova/AffiTox/analysis/excluding_2z5x_3mjg/tables/posebuster/split_structures/3lxk/boltz2/ligand_sdf/CHEMBL5949644.sdf,,0,True,True,True,True,True,True,True,True,True,True,True,True,True,True,True,True,True,True,True,True,True
/mnt/tank/scratch/okonovalova/AffiTox/analysis/excluding_2z5x_3mjg/tables/posebuster/split_structures/3lxk/boltz2/ligand_sdf/CHEMBL5954283.sdf,,0,True,True,True,True,True,True,True,True,True,True,True,True,True,True,True,True,True,True,True,True,True
/mnt/tank/scratch/okonovalova/AffiTox/analysis/excluding_2z5x_3mjg/tables/posebuster/split_structures/3lxk/boltz2/ligand_sdf/CHEMBL5952063.sdf,,0,True,True,True,True,True,True,True,True,True,True,True,True,True,True,True,True,True,True,True,True,True
/mnt/tank/scratch/okonovalova/AffiTox/analysis/excluding_2z5x_3mjg/tables/posebuster/split_structures/3lxk/boltz2/ligand_sdf/CHEMBL5946497.sdf,,0,True,True,True,True,True,True,True,True,True,True,True,True,True,True,True,True,True,True,True,True,True
/mnt/tank/scratch/okonovalova/AffiTox/analysis/excluding_2z5x_3mjg/tables/posebuster/split_structures/3lxk/boltz2/ligand_sdf/CHEMBL5956603.sdf,,0,True,True,True,True,True,True,True,True,True,True,True,True,True,True,True,True,True,True,True,True,True
/mnt/tank/scratch/okonovalova/AffiTox/analysis/excluding_2z5x_3mjg/tables/posebuster/split_structures/3lxk/boltz2/ligand_sdf/CHEMBL5957358.sdf,,0,True,True,True,True,True,True,True,True,True,True,True,True,True,False,True,True,True,True,True,True,True
/mnt/tank/scratch/okonovalova/AffiTox/analysis/excluding_2z5x_3mjg/tables/posebuster/split_structures/3lxk/boltz2/ligand_sdf/CHEMBL5956612.sdf,,0,True,True,True,True,True,True,True,True,True,True,True,True,True,False,True,True,True,True,True,True,True
/mnt/tank/scratch/okonovalova/AffiTox/analysis/excluding_2z5x_3mjg/tables/posebuster/split_structures/3lxk/boltz2/ligand_sdf/CHEMBL5956961.sdf,,0,True,True,True,True,True,True,True,True,True,True,True,True,True,False,True,True,True,True,True,True,True
/mnt/tank/scratch/okonovalova/AffiTox/analysis/excluding_2z5x_3mjg/tables/posebuster/split_structures/3lxk/boltz2/ligand_sdf/CHEMBL5945609.sdf,,0,True,True,True,True,True,True,True,True,True,True,True,True,True,True,True,True,True,True,True,True,True
/mnt/tank/scratch/okonovalova/AffiTox/analysis/excluding_2z5x_3mjg/tables/posebuster/split_structures/3lxk/boltz2/ligand_sdf/CHEMBL5954739.sdf,,0,True,True,True,True,True,True,True,True,True,True,True,True,True,True,True,True,True,True,True,True,True
/mnt/tank/scratch/okonovalova/AffiTox/analysis/excluding_2z5x_3mjg/tables/posebuster/split_structures/3lxk/boltz2/ligand_sdf/CHEMBL5957273.sdf,,0,True,True,True,True,True,True,True,True,True,True,True,True,True,True,True,True,True,True,True,True,True
/mnt/tank/scratch/okonovalova/AffiTox/analysis/excluding_2z5x_3mjg/tables/posebuster/split_structures/3lxk/boltz2/ligand_sdf/CHEMBL5956884.sdf,,0,True,True,True,True,True,True,True,True,True,True,True,True,True,True,True,True,True,True,True,True,True
/mnt/tank/scratch/okonovalova/AffiTox/analysis/excluding_2z5x_3mjg/tables/posebuster/split_structures/3lxk/boltz2/ligand_sdf/CHEMBL5959452.sdf,,0,True,True,True,True,True,True,True,True,True,True,True,True,True,True,True,True,True,True,True,True,True
/mnt/tank/scratch/okonovalova/AffiTox/analysis/excluding_2z5x_3mjg/tables/posebuster/split_structures/3lxk/boltz2/ligand_sdf/CHEMBL5961360.sdf,,0,True,True,True,True,True,True,True,True,True,True,True,True,True,False,True,True,True,True,True,True,True
/mnt/tank/scratch/okonovalova/AffiTox/analysis/excluding_2z5x_3mjg/tables/posebuster/split_structures/3lxk/boltz2/ligand_sdf/CHEMBL5956972.sdf,,0,True,True,True,True,True,True,True,True,True,True,True,True,True,True,True,True,True,True,True,True,True
/mnt/tank/scratch/okonovalova/AffiTox/analysis/excluding_2z5x_3mjg/tables/posebuster/split_structures/3lxk/boltz2/ligand_sdf/CHEMBL5958721.sdf,,0,True,True,True,True,True,True,True,True,True,True,True,True,True,True,True,True,True,True,True,True,True
/mnt/tank/scratch/okonovalova/AffiTox/analysis/excluding_2z5x_3mjg/tables/posebuster/split_structures/3lxk/boltz2/ligand_sdf/CHEMBL5958745.sdf,,0,True,True,True,True,True,True,True,True,True,True,True,True,True,True,True,True,True,True,True,True,True
/mnt/tank/scratch/okonovalova/AffiTox/analysis/excluding_2z5x_3mjg/tables/posebuster/split_structures/3lxk/boltz2/ligand_sdf/CHEMBL5958890.sdf,,0,True,True,True,True,True,True,True,True,True,True,True,True,True,True,True,True,True,True,True,True,True
/mnt/tank/scratch/okonovalova/AffiTox/analysis/excluding_2z5x_3mjg/tables/posebuster/split_structures/3lxk/boltz2/ligand_sdf/CHEMBL5958112.sdf,,0,True,True,True,True,True,True,True,True,True,True,True,True,True,True,True,True,True,True,True,True,True
/mnt/tank/scratch/okonovalova/AffiTox/analysis/excluding_2z5x_3mjg/tables/posebuster/split_structures/3lxk/boltz2/ligand_sdf/CHEMBL5960536.sdf,,0,True,True,True,True,True,True,True,True,True,True,True,True,True,True,True,True,True,True,True,True,True
/mnt/tank/scratch/okonovalova/AffiTox/analysis/excluding_2z5x_3mjg/tables/posebuster/split_structures/3lxk/boltz2/ligand_sdf/CHEMBL5961330.sdf,,0,True,True,True,True,True,True,True,True,True,True,True,True,True,True,True,True,True,True,True,True,True
/mnt/tank/scratch/okonovalova/AffiTox/analysis/excluding_2z5x_3mjg/tables/posebuster/split_structures/3lxk/boltz2/ligand_sdf/CHEMBL5959594.sdf,,0,True,True,True,True,True,True,True,True,True,True,True,True,True,True,True,True,True,True,True,True,True
/mnt/tank/scratch/okonovalova/AffiTox/analysis/excluding_2z5x_3mjg/tables/posebuster/split_structures/3lxk/boltz2/ligand_sdf/CHEMBL5960141.sdf,,0,True,True,True,True,True,True,True,True,True,True,True,True,True,True,True,True,True,True,True,True,True
/mnt/tank/scratch/okonovalova/AffiTox/analysis/excluding_2z5x_3mjg/tables/posebuster/split_structures/3lxk/boltz2/ligand_sdf/CHEMBL5962274.sdf,,0,True,True,True,True,True,True,True,True,True,True,True,True,True,True,True,True,True,True,True,True,True
/mnt/tank/scratch/okonovalova/AffiTox/analysis/excluding_2z5x_3mjg/tables/posebuster/split_structures/3lxk/boltz2/ligand_sdf/CHEMBL5959436.sdf,,0,True,True,True,True,True,True,True,True,True,True,True,True,True,True,True,True,True,True,True,True,True
/mnt/tank/scratch/okonovalova/AffiTox/analysis/excluding_2z5x_3mjg/tables/posebuster/split_structures/3lxk/boltz2/ligand_sdf/CHEMBL5964465.sdf,,0,True,True,True,True,True,True,True,True,True,True,True,True,True,True,True,True,True,True,True,True,True
/mnt/tank/scratch/okonovalova/AffiTox/analysis/excluding_2z5x_3mjg/tables/posebuster/split_structures/3lxk/boltz2/ligand_sdf/CHEMBL5962967.sdf,,0,True,True,True,True,True,True,True,True,True,True,True,True,True,True,True,True,True,True,True,True,True
/mnt/tank/scratch/okonovalova/AffiTox/analysis/excluding_2z5x_3mjg/tables/posebuster/split_structures/3lxk/boltz2/ligand_sdf/CHEMBL5963075.sdf,,0,True,True,True,True,True,True,True,True,True,True,True,True,True,True,True,True,True,True,True,True,True
/mnt/tank/scratch/okonovalova/AffiTox/analysis/excluding_2z5x_3mjg/tables/posebuster/split_structures/3lxk/boltz2/ligand_sdf/CHEMBL5961719.sdf,,0,True,True,True,True,True,True,True,True,True,True,True,True,True,True,True,True,True,True,True,True,True
/mnt/tank/scratch/okonovalova/AffiTox/analysis/excluding_2z5x_3mjg/tables/posebuster/split_structures/3lxk/boltz2/ligand_sdf/CHEMBL5967156.sdf,,0,True,True,True,True,True,True,True,True,True,True,True,True,True,False,True,True,True,True,True,True,True
/mnt/tank/scratch/okonovalova/AffiTox/analysis/excluding_2z5x_3mjg/tables/posebuster/split_structures/3lxk/boltz2/ligand_sdf/CHEMBL5963197.sdf,,0,True,True,True,True,True,True,True,True,True,True,True,True,True,True,True,True,True,True,True,True,True
/mnt/tank/scratch/okonovalova/AffiTox/analysis/excluding_2z5x_3mjg/tables/posebuster/split_structures/3lxk/boltz2/ligand_sdf/CHEMBL5964616.sdf,,0,True,True,True,True,True,True,True,True,True,True,True,True,True,True,True,True,True,True,True,True,True
/mnt/tank/scratch/okonovalova/AffiTox/analysis/excluding_2z5x_3mjg/tables/posebuster/split_structures/3lxk/boltz2/ligand_sdf/CHEMBL5966832.sdf,,0,True,True,True,True,True,True,True,True,True,True,True,True,True,False,True,True,True,True,True,True,True
/mnt/tank/scratch/okonovalova/AffiTox/analysis/excluding_2z5x_3mjg/tables/posebuster/split_structures/3lxk/boltz2/ligand_sdf/CHEMBL5963390.sdf,,0,True,True,True,True,True,True,True,True,True,True,True,True,True,False,True,True,True,True,True,True,True
/mnt/tank/scratch/okonovalova/AffiTox/analysis/excluding_2z5x_3mjg/tables/posebuster/split_structures/3lxk/boltz2/ligand_sdf/CHEMBL5963652.sdf,,0,True,True,True,True,True,True,True,True,True,True,True,True,True,True,True,True,True,True,True,True,True
/mnt/tank/scratch/okonovalova/AffiTox/analysis/excluding_2z5x_3mjg/tables/posebuster/split_structures/3lxk/boltz2/ligand_sdf/CHEMBL5963013.sdf,,0,True,True,True,True,True,True,True,True,True,True,True,True,True,True,True,True,True,True,True,True,True
/mnt/tank/scratch/okonovalova/AffiTox/analysis/excluding_2z5x_3mjg/tables/posebuster/split_structures/3lxk/boltz2/ligand_sdf/CHEMBL5968810.sdf,,0,True,True,True,True,True,True,True,True,True,True,True,True,True,False,True,True,True,True,True,True,True
/mnt/tank/scratch/okonovalova/AffiTox/analysis/excluding_2z5x_3mjg/tables/posebuster/split_structures/3lxk/boltz2/ligand_sdf/CHEMBL5965784.sdf,,0,True,True,True,True,True,True,True,True,True,True,True,True,True,True,True,True,True,True,True,True,True
/mnt/tank/scratch/okonovalova/AffiTox/analysis/excluding_2z5x_3mjg/tables/posebuster/split_structures/3lxk/boltz2/ligand_sdf/CHEMBL5969483.sdf,,0,True,True,True,True,True,True,True,True,True,True,True,True,True,True,True,True,True,True,True,True,True
/mnt/tank/scratch/okonovalova/AffiTox/analysis/excluding_2z5x_3mjg/tables/posebuster/split_structures/3lxk/boltz2/ligand_sdf/CHEMBL5967027.sdf,,0,True,True,True,True,True,True,True,True,True,True,True,True,True,True,True,True,True,True,True,True,True
/mnt/tank/scratch/okonovalova/AffiTox/analysis/excluding_2z5x_3mjg/tables/posebuster/split_structures/3lxk/boltz2/ligand_sdf/CHEMBL5967472.sdf,,0,True,True,True,True,True,True,True,True,True,True,True,True,True,True,True,True,True,True,True,True,True
/mnt/tank/scratch/okonovalova/AffiTox/analysis/excluding_2z5x_3mjg/tables/posebuster/split_structures/3lxk/boltz2/ligand_sdf/CHEMBL5965574.sdf,,0,True,True,True,True,True,True,True,True,True,True,True,True,True,True,True,True,True,True,True,True,True
/mnt/tank/scratch/okonovalova/AffiTox/analysis/excluding_2z5x_3mjg/tables/posebuster/split_structures/3lxk/boltz2/ligand_sdf/CHEMBL5969901.sdf,,0,True,True,True,True,True,True,True,True,True,True,True,True,True,False,True,True,True,True,True,True,True
/mnt/tank/scratch/okonovalova/AffiTox/analysis/excluding_2z5x_3mjg/tables/posebuster/split_structures/3lxk/boltz2/ligand_sdf/CHEMBL5970048.sdf,,0,True,True,True,True,True,True,True,True,True,True,True,True,True,False,True,True,True,True,True,True,True
/mnt/tank/scratch/okonovalova/AffiTox/analysis/excluding_2z5x_3mjg/tables/posebuster/split_structures/3lxk/boltz2/ligand_sdf/CHEMBL5969390.sdf,,0,True,True,True,True,True,True,True,True,True,True,True,True,True,True,True,True,True,True,True,True,True
/mnt/tank/scratch/okonovalova/AffiTox/analysis/excluding_2z5x_3mjg/tables/posebuster/split_structures/3lxk/boltz2/ligand_sdf/CHEMBL5973717.sdf,,0,True,True,True,True,True,True,True,True,True,True,True,True,True,True,True,True,True,True,True,True,True
/mnt/tank/scratch/okonovalova/AffiTox/analysis/excluding_2z5x_3mjg/tables/posebuster/split_structures/3lxk/boltz2/ligand_sdf/CHEMBL5973885.sdf,,0,True,True,True,True,True,True,True,True,True,True,True,True,True,True,True,True,True,True,True,True,True
/mnt/tank/scratch/okonovalova/AffiTox/analysis/excluding_2z5x_3mjg/tables/posebuster/split_structures/3lxk/boltz2/ligand_sdf/CHEMBL5968445.sdf,,0,True,True,True,True,True,True,True,True,True,True,True,True,True,True,True,True,True,True,True,True,True
/mnt/tank/scratch/okonovalova/AffiTox/analysis/excluding_2z5x_3mjg/tables/posebuster/split_structures/3lxk/boltz2/ligand_sdf/CHEMBL5976635.sdf,,0,True,True,True,True,True,True,True,True,True,True,True,True,True,True,True,True,True,True,True,True,True
/mnt/tank/scratch/okonovalova/AffiTox/analysis/excluding_2z5x_3mjg/tables/posebuster/split_structures/3lxk/boltz2/ligand_sdf/CHEMBL5976688.sdf,,0,True,True,True,True,True,True,True,True,True,True,True,True,True,False,True,True,True,True,True,True,True
/mnt/tank/scratch/okonovalova/AffiTox/analysis/excluding_2z5x_3mjg/tables/posebuster/split_structures/3lxk/boltz2/ligand_sdf/CHEMBL5970510.sdf,,0,True,True,True,True,True,True,True,True,True,True,True,True,True,True,True,True,True,True,True,True,True
/mnt/tank/scratch/okonovalova/AffiTox/analysis/excluding_2z5x_3mjg/tables/posebuster/split_structures/3lxk/boltz2/ligand_sdf/CHEMBL5979544.sdf,,0,True,True,True,True,True,True,True,True,True,True,True,True,True,False,True,True,True,True,True,True,True
/mnt/tank/scratch/okonovalova/AffiTox/analysis/excluding_2z5x_3mjg/tables/posebuster/split_structures/3lxk/boltz2/ligand_sdf/CHEMBL5978431.sdf,,0,True,True,True,True,True,True,True,True,True,True,True,True,True,False,True,True,True,True,True,True,True
/mnt/tank/scratch/okonovalova/AffiTox/analysis/excluding_2z5x_3mjg/tables/posebuster/split_structures/3lxk/boltz2/ligand_sdf/CHEMBL5972952.sdf,,0,True,True,True,True,True,True,True,True,True,True,True,True,True,True,True,True,True,True,True,True,True
/mnt/tank/scratch/okonovalova/AffiTox/analysis/excluding_2z5x_3mjg/tables/posebuster/split_structures/3lxk/boltz2/ligand_sdf/CHEMBL5974067.sdf,,0,True,True,True,True,True,True,True,True,True,True,True,True,True,True,True,True,True,True,True,True,True
/mnt/tank/scratch/okonovalova/AffiTox/analysis/excluding_2z5x_3mjg/tables/posebuster/split_structures/3lxk/boltz2/ligand_sdf/CHEMBL5978608.sdf,,0,True,True,True,True,True,True,True,True,True,True,True,True,True,True,True,True,True,True,True,True,True
/mnt/tank/scratch/okonovalova/AffiTox/analysis/excluding_2z5x_3mjg/tables/posebuster/split_structures/3lxk/boltz2/ligand_sdf/CHEMBL5980232.sdf,,0,True,True,True,True,True,True,True,True,True,True,True,True,True,False,True,True,True,True,True,True,True
/mnt/tank/scratch/okonovalova/AffiTox/analysis/excluding_2z5x_3mjg/tables/posebuster/split_structures/3lxk/boltz2/ligand_sdf/CHEMBL5974229.sdf,,0,True,True,True,True,True,True,True,True,True,True,True,True,True,True,True,True,True,True,True,True,True
/mnt/tank/scratch/okonovalova/AffiTox/analysis/excluding_2z5x_3mjg/tables/posebuster/split_structures/3lxk/boltz2/ligand_sdf/CHEMBL5973994.sdf,,0,True,True,True,True,True,True,True,True,True,True,True,True,True,True,True,True,True,True,True,True,True
/mnt/tank/scratch/okonovalova/AffiTox/analysis/excluding_2z5x_3mjg/tables/posebuster/split_structures/3lxk/boltz2/ligand_sdf/CHEMBL5981121.sdf,,0,True,True,True,True,True,True,True,True,True,True,True,True,True,False,True,True,True,True,True,True,True
/mnt/tank/scratch/okonovalova/AffiTox/analysis/excluding_2z5x_3mjg/tables/posebuster/split_structures/3lxk/boltz2/ligand_sdf/CHEMBL5979811.sdf,,0,True,True,True,True,True,True,True,True,True,True,True,True,True,True,True,True,True,True,True,True,True
/mnt/tank/scratch/okonovalova/AffiTox/analysis/excluding_2z5x_3mjg/tables/posebuster/split_structures/3lxk/boltz2/ligand_sdf/CHEMBL5974419.sdf,,0,True,True,True,True,True,True,True,True,True,True,True,True,True,True,True,True,True,True,True,True,True
/mnt/tank/scratch/okonovalova/AffiTox/analysis/excluding_2z5x_3mjg/tables/posebuster/split_structures/3lxk/boltz2/ligand_sdf/CHEMBL5979950.sdf,,0,True,True,True,True,True,True,True,True,True,True,True,True,True,True,True,True,True,True,True,True,True
/mnt/tank/scratch/okonovalova/AffiTox/analysis/excluding_2z5x_3mjg/tables/posebuster/split_structures/3lxk/boltz2/ligand_sdf/CHEMBL5977518.sdf,,0,True,True,True,True,True,True,True,True,True,True,True,True,True,True,True,True,True,True,True,True,True
/mnt/tank/scratch/okonovalova/AffiTox/analysis/excluding_2z5x_3mjg/tables/posebuster/split_structures/3lxk/boltz2/ligand_sdf/CHEMBL5983427.sdf,,0,True,True,True,True,True,True,True,True,True,True,True,True,True,True,True,True,True,True,True,True,True
/mnt/tank/scratch/okonovalova/AffiTox/analysis/excluding_2z5x_3mjg/tables/posebuster/split_structures/3lxk/boltz2/ligand_sdf/CHEMBL5983727.sdf,,0,True,True,True,True,True,True,True,True,True,True,True,True,True,False,True,True,True,True,True,True,True
/mnt/tank/scratch/okonovalova/AffiTox/analysis/excluding_2z5x_3mjg/tables/posebuster/split_structures/3lxk/boltz2/ligand_sdf/CHEMBL5983517.sdf,,0,True,True,True,True,True,True,True,True,True,True,True,True,True,True,True,True,True,True,True,True,True
/mnt/tank/scratch/okonovalova/AffiTox/analysis/excluding_2z5x_3mjg/tables/posebuster/split_structures/3lxk/boltz2/ligand_sdf/CHEMBL5983871.sdf,,0,True,True,True,True,True,True,True,True,True,True,True,True,True,False,True,True,True,True,True,True,True
/mnt/tank/scratch/okonovalova/AffiTox/analysis/excluding_2z5x_3mjg/tables/posebuster/split_structures/3lxk/boltz2/ligand_sdf/CHEMBL5981455.sdf,,0,True,True,True,True,True,True,True,True,True,True,True,True,True,True,True,True,True,True,True,True,True
/mnt/tank/scratch/okonovalova/AffiTox/analysis/excluding_2z5x_3mjg/tables/posebuster/split_structures/3lxk/boltz2/ligand_sdf/CHEMBL5982946.sdf,,0,True,True,True,True,True,True,True,True,True,True,True,True,True,True,True,True,True,True,True,True,True
/mnt/tank/scratch/okonovalova/AffiTox/analysis/excluding_2z5x_3mjg/tables/posebuster/split_structures/3lxk/boltz2/ligand_sdf/CHEMBL5983951.sdf,,0,True,True,True,True,True,True,True,True,True,True,True,True,True,True,True,True,True,True,True,True,True
/mnt/tank/scratch/okonovalova/AffiTox/analysis/excluding_2z5x_3mjg/tables/posebuster/split_structures/3lxk/boltz2/ligand_sdf/CHEMBL5983748.sdf,,0,True,True,True,True,True,True,True,True,True,True,True,True,True,True,True,True,True,True,True,True,True
/mnt/tank/scratch/okonovalova/AffiTox/analysis/excluding_2z5x_3mjg/tables/posebuster/split_structures/3lxk/boltz2/ligand_sdf/CHEMBL5986896.sdf,,0,True,True,True,True,True,True,True,True,True,True,True,True,True,True,True,True,True,True,True,True,True
/mnt/tank/scratch/okonovalova/AffiTox/analysis/excluding_2z5x_3mjg/tables/posebuster/split_structures/3lxk/boltz2/ligand_sdf/CHEMBL5984544.sdf,,0,True,True,True,True,True,True,True,True,True,True,True,True,True,True,True,True,True,True,True,True,True
/mnt/tank/scratch/okonovalova/AffiTox/analysis/excluding_2z5x_3mjg/tables/posebuster/split_structures/3lxk/boltz2/ligand_sdf/CHEMBL5984931.sdf,,0,True,True,True,True,True,True,True,True,True,True,True,True,True,False,True,True,True,True,True,True,True
/mnt/tank/scratch/okonovalova/AffiTox/analysis/excluding_2z5x_3mjg/tables/posebuster/split_structures/3lxk/boltz2/ligand_sdf/CHEMBL5983039.sdf,,0,True,True,True,True,True,True,True,True,True,True,True,True,True,True,True,True,True,True,True,True,True
/mnt/tank/scratch/okonovalova/AffiTox/analysis/excluding_2z5x_3mjg/tables/posebuster/split_structures/3lxk/boltz2/ligand_sdf/CHEMBL5980772.sdf,,0,True,True,True,True,True,True,True,True,True,True,True,True,True,True,True,True,True,True,True,True,True
/mnt/tank/scratch/okonovalova/AffiTox/analysis/excluding_2z5x_3mjg/tables/posebuster/split_structures/3lxk/boltz2/ligand_sdf/CHEMBL5980131.sdf,,0,True,True,True,True,True,True,True,True,True,True,True,True,True,True,True,True,True,True,True,True,True
/mnt/tank/scratch/okonovalova/AffiTox/analysis/excluding_2z5x_3mjg/tables/posebuster/split_structures/3lxk/boltz2/ligand_sdf/CHEMBL5984979.sdf,,0,True,True,True,True,True,True,True,True,True,True,True,True,True,True,True,True,True,True,True,True,True
/mnt/tank/scratch/okonovalova/AffiTox/analysis/excluding_2z5x_3mjg/tables/posebuster/split_structures/3lxk/boltz2/ligand_sdf/CHEMBL5984366.sdf,,0,True,True,True,True,True,True,True,True,True,True,True,True,True,True,True,True,True,True,True,True,True
/mnt/tank/scratch/okonovalova/AffiTox/analysis/excluding_2z5x_3mjg/tables/posebuster/split_structures/3lxk/boltz2/ligand_sdf/CHEMBL5985330.sdf,,0,True,True,True,True,True,True,True,True,True,True,True,True,True,True,True,True,True,True,True,True,True
/mnt/tank/scratch/okonovalova/AffiTox/analysis/excluding_2z5x_3mjg/tables/posebuster/split_structures/3lxk/boltz2/ligand_sdf/CHEMBL5985427.sdf,,0,True,True,True,True,True,True,True,True,True,True,True,True,True,True,True,True,True,True,True,True,True
/mnt/tank/scratch/okonovalova/AffiTox/analysis/excluding_2z5x_3mjg/tables/posebuster/split_structures/3lxk/boltz2/ligand_sdf/CHEMBL5984023.sdf,,0,True,True,True,True,True,True,True,True,True,True,True,True,True,True,True,True,True,True,True,True,True
/mnt/tank/scratch/okonovalova/AffiTox/analysis/excluding_2z5x_3mjg/tables/posebuster/split_structures/3lxk/boltz2/ligand_sdf/CHEMBL5987058.sdf,,0,True,True,True,True,True,True,True,True,True,True,True,True,True,True,True,True,True,True,True,True,True
/mnt/tank/scratch/okonovalova/AffiTox/analysis/excluding_2z5x_3mjg/tables/posebuster/split_structures/3lxk/boltz2/ligand_sdf/CHEMBL5986994.sdf,,0,True,True,True,True,True,True,True,True,True,True,True,True,True,True,True,True,True,True,True,True,True
/mnt/tank/scratch/okonovalova/AffiTox/analysis/excluding_2z5x_3mjg/tables/posebuster/split_structures/3lxk/boltz2/ligand_sdf/CHEMBL5991556.sdf,,0,True,True,True,True,True,True,True,True,True,True,True,True,True,False,True,True,True,True,True,True,True
/mnt/tank/scratch/okonovalova/AffiTox/analysis/excluding_2z5x_3mjg/tables/posebuster/split_structures/3lxk/boltz2/ligand_sdf/CHEMBL5991494.sdf,,0,True,True,True,True,True,True,True,True,True,True,True,True,True,True,True,True,True,True,True,True,True
/mnt/tank/scratch/okonovalova/AffiTox/analysis/excluding_2z5x_3mjg/tables/posebuster/split_structures/3lxk/boltz2/ligand_sdf/CHEMBL5994646.sdf,,0,True,True,True,True,True,True,True,True,True,True,True,True,True,False,True,True,True,True,True,True,True
/mnt/tank/scratch/okonovalova/AffiTox/analysis/excluding_2z5x_3mjg/tables/posebuster/split_structures/3lxk/boltz2/ligand_sdf/CHEMBL5992686.sdf,,0,True,True,True,True,True,True,True,True,True,True,True,True,True,False,True,True,True,True,True,True,True
/mnt/tank/scratch/okonovalova/AffiTox/analysis/excluding_2z5x_3mjg/tables/posebuster/split_structures/3lxk/boltz2/ligand_sdf/CHEMBL5993649.sdf,,0,True,True,True,True,True,True,True,True,True,True,True,True,True,True,True,True,True,True,True,True,True
/mnt/tank/scratch/okonovalova/AffiTox/analysis/excluding_2z5x_3mjg/tables/posebuster/split_structures/3lxk/boltz2/ligand_sdf/CHEMBL5993342.sdf,,0,True,True,True,True,True,True,True,True,True,True,True,True,True,True,True,True,True,True,True,True,True
/mnt/tank/scratch/okonovalova/AffiTox/analysis/excluding_2z5x_3mjg/tables/posebuster/split_structures/3lxk/boltz2/ligand_sdf/CHEMBL5996059.sdf,,0,True,True,True,True,True,True,True,True,True,True,True,True,True,True,True,True,True,True,True,True,True
/mnt/tank/scratch/okonovalova/AffiTox/analysis/excluding_2z5x_3mjg/tables/posebuster/split_structures/3lxk/boltz2/ligand_sdf/CHEMBL5990313.sdf,,0,True,True,True,True,True,True,True,True,True,True,True,True,True,True,True,True,True,True,True,True,True
/mnt/tank/scratch/okonovalova/AffiTox/analysis/excluding_2z5x_3mjg/tables/posebuster/split_structures/3lxk/boltz2/ligand_sdf/CHEMBL5992579.sdf,,0,True,True,True,True,True,True,True,True,True,True,True,True,True,True,True,True,True,True,True,True,True
/mnt/tank/scratch/okonovalova/AffiTox/analysis/excluding_2z5x_3mjg/tables/posebuster/split_structures/3lxk/boltz2/ligand_sdf/CHEMBL5999423.sdf,,0,True,True,True,True,True,True,True,True,True,True,True,True,True,False,True,True,True,True,True,True,True
/mnt/tank/scratch/okonovalova/AffiTox/analysis/excluding_2z5x_3mjg/tables/posebuster/split_structures/3lxk/boltz2/ligand_sdf/CHEMBL5993182.sdf,,0,True,True,True,True,True,True,True,True,True,True,True,True,True,True,True,True,True,True,True,True,True
/mnt/tank/scratch/okonovalova/AffiTox/analysis/excluding_2z5x_3mjg/tables/posebuster/split_structures/3lxk/boltz2/ligand_sdf/CHEMBL5995207.sdf,,0,True,True,True,True,True,True,True,True,True,True,True,True,True,True,True,True,True,True,True,True,True
/mnt/tank/scratch/okonovalova/AffiTox/analysis/excluding_2z5x_3mjg/tables/posebuster/split_structures/3lxk/boltz2/ligand_sdf/CHEMBL5989186.sdf,,0,True,True,True,True,True,True,True,True,True,True,True,True,True,True,True,True,True,True,True,True,True
/mnt/tank/scratch/okonovalova/AffiTox/analysis/excluding_2z5x_3mjg/tables/posebuster/split_structures/3lxk/boltz2/ligand_sdf/CHEMBL5991655.sdf,,0,True,True,True,True,True,True,True,True,True,True,True,True,True,True,True,True,True,True,True,True,True
/mnt/tank/scratch/okonovalova/AffiTox/analysis/excluding_2z5x_3mjg/tables/posebuster/split_structures/3lxk/boltz2/ligand_sdf/CHEMBL5993958.sdf,,0,True,True,True,True,True,True,True,True,True,True,True,True,True,True,True,True,True,True,True,True,True
/mnt/tank/scratch/okonovalova/AffiTox/analysis/excluding_2z5x_3mjg/tables/posebuster/split_structures/3lxk/boltz2/ligand_sdf/CHEMBL5993741.sdf,,0,True,True,True,True,True,True,True,True,True,True,True,True,True,True,True,True,True,True,True,True,True
/mnt/tank/scratch/okonovalova/AffiTox/analysis/excluding_2z5x_3mjg/tables/posebuster/split_structures/3lxk/boltz2/ligand_sdf/CHEMBL5996190.sdf,,0,True,True,True,True,True,True,True,True,True,True,True,True,True,True,True,True,True,True,True,True,True
/mnt/tank/scratch/okonovalova/AffiTox/analysis/excluding_2z5x_3mjg/tables/posebuster/split_structures/3lxk/boltz2/ligand_sdf/CHEMBL5997443.sdf,,0,True,True,True,True,True,True,True,True,True,True,True,True,True,True,True,True,True,True,True,True,True
/mnt/tank/scratch/okonovalova/AffiTox/analysis/excluding_2z5x_3mjg/tables/posebuster/split_structures/3lxk/boltz2/ligand_sdf/CHEMBL5997591.sdf,,0,True,True,True,True,True,True,True,True,True,True,True,True,True,True,True,True,True,True,True,True,True
/mnt/tank/scratch/okonovalova/AffiTox/analysis/excluding_2z5x_3mjg/tables/posebuster/split_structures/3lxk/boltz2/ligand_sdf/CHEMBL5993634.sdf,,0,True,True,True,True,True,True,True,True,True,True,True,True,True,True,True,True,True,True,True,True,True
/mnt/tank/scratch/okonovalova/AffiTox/analysis/excluding_2z5x_3mjg/tables/posebuster/split_structures/3lxk/boltz2/ligand_sdf/CHEMBL6000641.sdf,,0,True,True,True,True,True,True,True,True,True,True,True,True,True,True,True,True,True,True,True,True,True
/mnt/tank/scratch/okonovalova/AffiTox/analysis/excluding_2z5x_3mjg/tables/posebuster/split_structures/3lxk/boltz2/ligand_sdf/CHEMBL6003134.sdf,,0,True,True,True,True,True,True,True,True,True,True,True,True,True,True,True,True,True,True,True,True,True
/mnt/tank/scratch/okonovalova/AffiTox/analysis/excluding_2z5x_3mjg/tables/posebuster/split_structures/3lxk/boltz2/ligand_sdf/CHEMBL5999450.sdf,,0,True,True,True,True,True,True,True,True,True,True,True,True,True,False,True,True,True,True,True,True,True
/mnt/tank/scratch/okonovalova/AffiTox/analysis/excluding_2z5x_3mjg/tables/posebuster/split_structures/3lxk/boltz2/ligand_sdf/CHEMBL6008609.sdf,,0,True,True,True,True,True,True,True,True,True,True,True,True,True,False,True,True,True,True,True,True,True
/mnt/tank/scratch/okonovalova/AffiTox/analysis/excluding_2z5x_3mjg/tables/posebuster/split_structures/3lxk/boltz2/ligand_sdf/CHEMBL6005291.sdf,,0,True,True,True,True,True,True,True,True,True,True,True,True,True,False,True,True,True,True,True,True,True
/mnt/tank/scratch/okonovalova/AffiTox/analysis/excluding_2z5x_3mjg/tables/posebuster/split_structures/3lxk/boltz2/ligand_sdf/CHEMBL6009638.sdf,,0,True,True,True,True,True,True,True,True,True,True,True,True,True,True,True,True,True,True,True,True,True
/mnt/tank/scratch/okonovalova/AffiTox/analysis/excluding_2z5x_3mjg/tables/posebuster/split_structures/3lxk/boltz2/ligand_sdf/CHEMBL6000721.sdf,,0,True,True,True,True,True,True,True,True,True,True,True,True,True,True,True,True,True,True,True,True,True
/mnt/tank/scratch/okonovalova/AffiTox/analysis/excluding_2z5x_3mjg/tables/posebuster/split_structures/3lxk/boltz2/ligand_sdf/CHEMBL6005467.sdf,,0,True,True,True,True,True,True,True,True,True,True,True,True,True,True,True,True,True,True,True,True,True
/mnt/tank/scratch/okonovalova/AffiTox/analysis/excluding_2z5x_3mjg/tables/posebuster/split_structures/3lxk/boltz2/ligand_sdf/CHEMBL5997656.sdf,,0,True,True,True,True,True,True,True,True,True,True,True,True,True,True,True,True,True,True,True,True,True
/mnt/tank/scratch/okonovalova/AffiTox/analysis/excluding_2z5x_3mjg/tables/posebuster/split_structures/3lxk/boltz2/ligand_sdf/CHEMBL6008867.sdf,,0,True,True,True,True,True,True,True,True,True,True,True,True,True,True,True,True,True,True,True,True,True
/mnt/tank/scratch/okonovalova/AffiTox/analysis/excluding_2z5x_3mjg/tables/posebuster/split_structures/3lxk/boltz2/ligand_sdf/CHEMBL6003559.sdf,,0,True,True,True,True,True,True,True,True,True,True,True,True,True,True,True,True,True,True,True,True,True
/mnt/tank/scratch/okonovalova/AffiTox/analysis/excluding_2z5x_3mjg/tables/posebuster/split_structures/3lxk/boltz2/ligand_sdf/CHEMBL6004918.sdf,,0,True,True,True,True,True,True,True,True,True,True,True,True,True,True,True,True,True,True,True,True,True
/mnt/tank/scratch/okonovalova/AffiTox/analysis/excluding_2z5x_3mjg/tables/posebuster/split_structures/3lxk/boltz2/ligand_sdf/CHEMBL6005317.sdf,,0,True,True,True,True,True,True,True,True,True,True,True,True,True,True,True,True,True,True,True,True,True
/mnt/tank/scratch/okonovalova/AffiTox/analysis/excluding_2z5x_3mjg/tables/posebuster/split_structures/3lxk/boltz2/ligand_sdf/CHEMBL6003682.sdf,,0,True,True,True,True,True,True,True,True,True,True,True,True,True,True,True,True,True,True,True,True,True
/mnt/tank/scratch/okonovalova/AffiTox/analysis/excluding_2z5x_3mjg/tables/posebuster/split_structures/3lxk/boltz2/ligand_sdf/CHEMBL6000467.sdf,,0,True,True,True,True,True,True,True,True,True,True,True,True,True,True,True,True,True,True,True,True,True
/mnt/tank/scratch/okonovalova/AffiTox/analysis/excluding_2z5x_3mjg/tables/posebuster/split_structures/3lxk/boltz2/ligand_sdf/CHEMBL6000308.sdf,,0,True,True,True,True,True,True,True,True,True,True,True,True,True,True,True,True,True,True,True,True,True
/mnt/tank/scratch/okonovalova/AffiTox/analysis/excluding_2z5x_3mjg/tables/posebuster/split_structures/3lxk/boltz2/ligand_sdf/CHEMBL6012018.sdf,,0,True,True,True,True,True,True,True,True,True,True,True,True,True,False,True,True,True,True,True,True,True
/mnt/tank/scratch/okonovalova/AffiTox/analysis/excluding_2z5x_3mjg/tables/posebuster/split_structures/3lxk/boltz2/ligand_sdf/CHEMBL6010932.sdf,,0,True,True,True,True,True,True,True,True,True,True,True,True,True,True,True,True,True,True,True,True,True
/mnt/tank/scratch/okonovalova/AffiTox/analysis/excluding_2z5x_3mjg/tables/posebuster/split_structures/3lxk/boltz2/ligand_sdf/CHEMBL6013716.sdf,,0,True,True,True,True,True,True,True,True,True,True,True,True,True,False,True,True,True,True,True,True,True
/mnt/tank/scratch/okonovalova/AffiTox/analysis/excluding_2z5x_3mjg/tables/posebuster/split_structures/3lxk/boltz2/ligand_sdf/CHEMBL6009898.sdf,,0,True,True,True,True,True,True,True,True,True,True,True,True,True,True,True,True,True,True,True,True,True
/mnt/tank/scratch/okonovalova/AffiTox/analysis/excluding_2z5x_3mjg/tables/posebuster/split_structures/3lxk/boltz2/ligand_sdf/CHEMBL6010802.sdf,,0,True,True,True,True,True,True,True,True,True,True,True,True,True,True,True,True,True,True,True,True,True
/mnt/tank/scratch/okonovalova/AffiTox/analysis/excluding_2z5x_3mjg/tables/posebuster/split_structures/3lxk/boltz2/ligand_sdf/CHEMBL6012138.sdf,,0,True,True,True,True,True,True,True,True,True,True,True,True,True,True,True,True,True,True,True,True,True
/mnt/tank/scratch/okonovalova/AffiTox/analysis/excluding_2z5x_3mjg/tables/posebuster/split_structures/3lxk/boltz2/ligand_sdf/CHEMBL6013054.sdf,,0,True,True,True,True,True,True,True,True,True,True,True,True,True,True,True,True,True,True,True,True,True
/mnt/tank/scratch/okonovalova/AffiTox/analysis/excluding_2z5x_3mjg/tables/posebuster/split_structures/3lxk/boltz2/ligand_sdf/CHEMBL6010684.sdf,,0,True,True,True,True,True,True,True,True,True,True,True,True,True,True,True,True,True,True,True,True,True
/mnt/tank/scratch/okonovalova/AffiTox/analysis/excluding_2z5x_3mjg/tables/posebuster/split_structures/3lxk/boltz2/ligand_sdf/CHEMBL6010057.sdf,,0,True,True,True,True,True,True,True,True,True,True,True,True,True,True,True,True,True,True,True,True,True
/mnt/tank/scratch/okonovalova/AffiTox/analysis/excluding_2z5x_3mjg/tables/posebuster/split_structures/3lxk/boltz2/ligand_sdf/CHEMBL6012745.sdf,,0,True,True,True,True,True,True,True,True,True,True,True,True,True,True,True,True,True,True,True,True,True
/mnt/tank/scratch/okonovalova/AffiTox/analysis/excluding_2z5x_3mjg/tables/posebuster/split_structures/3lxk/boltz2/ligand_sdf/CHEMBL6010882.sdf,,0,True,True,True,True,True,True,True,True,True,True,True,True,True,True,True,True,True,True,True,True,True
/mnt/tank/scratch/okonovalova/AffiTox/analysis/excluding_2z5x_3mjg/tables/posebuster/split_structures/3lxk/boltz2/ligand_sdf/CHEMBL6012897.sdf,,0,True,True,True,True,True,True,True,True,True,True,True,True,True,True,True,True,True,True,True,True,True
/mnt/tank/scratch/okonovalova/AffiTox/analysis/excluding_2z5x_3mjg/tables/posebuster/split_structures/3lxk/boltz2/ligand_sdf/CHEMBL6014951.sdf,,0,True,True,True,True,True,True,True,True,True,True,True,True,True,False,True,True,True,True,True,True,True
/mnt/tank/scratch/okonovalova/AffiTox/analysis/excluding_2z5x_3mjg/tables/posebuster/split_structures/3lxk/boltz2/ligand_sdf/CHEMBL6011655.sdf,,0,True,True,True,True,True,True,True,True,True,True,True,True,True,True,True,True,True,True,True,True,True
/mnt/tank/scratch/okonovalova/AffiTox/analysis/excluding_2z5x_3mjg/tables/posebuster/split_structures/3lxk/boltz2/ligand_sdf/CHEMBL6016828.sdf,,0,True,True,True,True,True,True,True,True,True,True,True,True,True,True,True,True,True,True,True,True,True
/mnt/tank/scratch/okonovalova/AffiTox/analysis/excluding_2z5x_3mjg/tables/posebuster/split_structures/3lxk/boltz2/ligand_sdf/CHEMBL6015077.sdf,,0,True,True,True,True,True,True,True,True,True,True,True,True,True,True,True,True,True,True,True,True,True
/mnt/tank/scratch/okonovalova/AffiTox/analysis/excluding_2z5x_3mjg/tables/posebuster/split_structures/3lxk/boltz2/ligand_sdf/CHEMBL6019171.sdf,,0,True,True,True,True,True,True,True,True,True,True,True,True,True,True,True,True,True,True,True,True,True
/mnt/tank/scratch/okonovalova/AffiTox/analysis/excluding_2z5x_3mjg/tables/posebuster/split_structures/3lxk/boltz2/ligand_sdf/CHEMBL6018029.sdf,,0,True,True,True,True,True,True,True,True,True,True,True,True,True,True,True,True,True,True,True,True,True
/mnt/tank/scratch/okonovalova/AffiTox/analysis/excluding_2z5x_3mjg/tables/posebuster/split_structures/3lxk/boltz2/ligand_sdf/CHEMBL6014558.sdf,,0,True,True,True,True,True,True,True,True,True,True,True,True,True,True,True,True,True,True,True,True,True
/mnt/tank/scratch/okonovalova/AffiTox/analysis/excluding_2z5x_3mjg/tables/posebuster/split_structures/3lxk/boltz2/ligand_sdf/CHEMBL6018648.sdf,,0,True,True,True,True,True,True,True,True,True,True,True,True,True,True,True,True,True,True,True,True,True
/mnt/tank/scratch/okonovalova/AffiTox/analysis/excluding_2z5x_3mjg/tables/posebuster/split_structures/3lxk/boltz2/ligand_sdf/CHEMBL6011249.sdf,,0,True,True,True,True,True,True,True,True,True,True,True,True,True,True,True,True,True,True,True,True,True
/mnt/tank/scratch/okonovalova/AffiTox/analysis/excluding_2z5x_3mjg/tables/posebuster/split_structures/3lxk/boltz2/ligand_sdf/CHEMBL6025573.sdf,,0,True,True,True,True,True,True,True,True,True,True,True,True,True,False,True,True,True,True,True,True,True
/mnt/tank/scratch/okonovalova/AffiTox/analysis/excluding_2z5x_3mjg/tables/posebuster/split_structures/3lxk/boltz2/ligand_sdf/CHEMBL6015069.sdf,,0,True,True,True,True,True,True,True,True,True,True,True,True,True,True,True,True,True,True,True,True,True
/mnt/tank/scratch/okonovalova/AffiTox/analysis/excluding_2z5x_3mjg/tables/posebuster/split_structures/3lxk/boltz2/ligand_sdf/CHEMBL6020000.sdf,,0,True,True,True,True,True,True,True,True,True,True,True,True,True,True,True,True,True,True,True,True,True
/mnt/tank/scratch/okonovalova/AffiTox/analysis/excluding_2z5x_3mjg/tables/posebuster/split_structures/3lxk/boltz2/ligand_sdf/CHEMBL6024693.sdf,,0,True,True,True,True,True,True,True,True,True,True,True,True,True,True,True,True,True,True,True,True,True
/mnt/tank/scratch/okonovalova/AffiTox/analysis/excluding_2z5x_3mjg/tables/posebuster/split_structures/3lxk/boltz2/ligand_sdf/CHEMBL6024859.sdf,,0,True,True,True,True,True,True,True,True,True,True,True,True,True,False,True,True,True,True,True,True,True
/mnt/tank/scratch/okonovalova/AffiTox/analysis/excluding_2z5x_3mjg/tables/posebuster/split_structures/3lxk/boltz2/ligand_sdf/CHEMBL6024184.sdf,,0,True,True,True,True,True,True,True,True,True,True,True,True,True,True,True,True,True,True,True,True,True
/mnt/tank/scratch/okonovalova/AffiTox/analysis/excluding_2z5x_3mjg/tables/posebuster/split_structures/3lxk/boltz2/ligand_sdf/CHEMBL6028025.sdf,,0,True,True,True,True,True,True,True,True,True,True,True,True,True,False,True,True,True,True,True,True,True
/mnt/tank/scratch/okonovalova/AffiTox/analysis/excluding_2z5x_3mjg/tables/posebuster/split_structures/3lxk/boltz2/ligand_sdf/CHEMBL6021986.sdf,,0,True,True,True,True,True,True,True,True,True,True,True,True,True,True,True,True,True,True,True,True,True
/mnt/tank/scratch/okonovalova/AffiTox/analysis/excluding_2z5x_3mjg/tables/posebuster/split_structures/3lxk/boltz2/ligand_sdf/CHEMBL6014797.sdf,,0,True,True,True,True,True,True,True,True,True,True,True,True,True,True,True,True,True,True,True,True,True
/mnt/tank/scratch/okonovalova/AffiTox/analysis/excluding_2z5x_3mjg/tables/posebuster/split_structures/3lxk/boltz2/ligand_sdf/CHEMBL6023518.sdf,,0,True,True,True,True,True,True,True,True,True,True,True,True,True,False,True,True,True,True,True,True,True
/mnt/tank/scratch/okonovalova/AffiTox/analysis/excluding_2z5x_3mjg/tables/posebuster/split_structures/3lxk/boltz2/ligand_sdf/CHEMBL6019950.sdf,,0,True,True,True,True,True,True,True,True,True,True,True,True,True,True,True,True,True,True,True,True,True
/mnt/tank/scratch/okonovalova/AffiTox/analysis/excluding_2z5x_3mjg/tables/posebuster/split_structures/3lxk/boltz2/ligand_sdf/CHEMBL6026622.sdf,,0,True,True,True,True,True,True,True,True,True,True,True,True,True,True,True,True,True,True,True,True,True
/mnt/tank/scratch/okonovalova/AffiTox/analysis/excluding_2z5x_3mjg/tables/posebuster/split_structures/3lxk/boltz2/ligand_sdf/CHEMBL6028126.sdf,,0,True,True,True,True,True,True,True,True,True,True,True,True,True,False,True,True,True,True,True,True,True
/mnt/tank/scratch/okonovalova/AffiTox/analysis/excluding_2z5x_3mjg/tables/posebuster/split_structures/3lxk/boltz2/ligand_sdf/CHEMBL6027091.sdf,,0,True,True,True,True,True,True,True,True,True,True,True,True,True,True,True,True,True,True,True,True,True
/mnt/tank/scratch/okonovalova/AffiTox/analysis/excluding_2z5x_3mjg/tables/posebuster/split_structures/3lxk/boltz2/ligand_sdf/CHEMBL6025940.sdf,,0,True,True,True,True,True,True,True,True,True,True,True,True,True,True,True,True,True,True,True,True,True
/mnt/tank/scratch/okonovalova/AffiTox/analysis/excluding_2z5x_3mjg/tables/posebuster/split_structures/3lxk/boltz2/ligand_sdf/CHEMBL6019702.sdf,,0,True,True,True,True,True,True,True,True,True,True,True,True,True,True,True,True,True,True,True,True,True
/mnt/tank/scratch/okonovalova/AffiTox/analysis/excluding_2z5x_3mjg/tables/posebuster/split_structures/3lxk/boltz2/ligand_sdf/CHEMBL6020152.sdf,,0,True,True,True,True,True,True,True,True,True,True,True,True,True,False,True,True,True,True,True,True,True
/mnt/tank/scratch/okonovalova/AffiTox/analysis/excluding_2z5x_3mjg/tables/posebuster/split_structures/3lxk/boltz2/ligand_sdf/CHEMBL6029908.sdf,,0,True,True,True,True,True,True,True,True,True,True,True,True,True,True,True,True,True,True,True,True,True
/mnt/tank/scratch/okonovalova/AffiTox/analysis/excluding_2z5x_3mjg/tables/posebuster/split_structures/3lxk/boltz2/ligand_sdf/CHEMBL6028555.sdf,,0,True,True,True,True,True,True,True,True,True,True,True,True,True,True,True,True,True,True,True,True,True
/mnt/tank/scratch/okonovalova/AffiTox/analysis/excluding_2z5x_3mjg/tables/posebuster/split_structures/3lxk/boltz2/ligand_sdf/CHEMBL6031133.sdf,,0,True,True,True,True,True,True,True,True,True,True,True,True,True,True,True,True,True,True,True,True,True
/mnt/tank/scratch/okonovalova/AffiTox/analysis/excluding_2z5x_3mjg/tables/posebuster/split_structures/3lxk/boltz2/ligand_sdf/CHEMBL6028397.sdf,,0,True,True,True,True,True,True,True,True,True,True,True,True,True,True,True,True,True,True,True,True,True
/mnt/tank/scratch/okonovalova/AffiTox/analysis/excluding_2z5x_3mjg/tables/posebuster/split_structures/3lxk/boltz2/ligand_sdf/CHEMBL6033001.sdf,,0,True,True,True,True,True,True,True,True,True,True,True,True,True,False,True,True,True,True,True,True,True
/mnt/tank/scratch/okonovalova/AffiTox/analysis/excluding_2z5x_3mjg/tables/posebuster/split_structures/3lxk/boltz2/ligand_sdf/CHEMBL6031653.sdf,,0,True,True,True,True,True,True,True,True,True,True,True,True,True,True,True,True,True,True,True,True,True
/mnt/tank/scratch/okonovalova/AffiTox/analysis/excluding_2z5x_3mjg/tables/posebuster/split_structures/3lxk/boltz2/ligand_sdf/CHEMBL6034793.sdf,,0,True,True,True,True,True,True,True,True,True,True,True,True,True,True,True,True,True,True,True,True,True
/mnt/tank/scratch/okonovalova/AffiTox/analysis/excluding_2z5x_3mjg/tables/posebuster/split_structures/3lxk/boltz2/ligand_sdf/CHEMBL6030363.sdf,,0,True,True,True,True,True,True,True,True,True,True,True,True,True,True,True,True,True,True,True,True,True
/mnt/tank/scratch/okonovalova/AffiTox/analysis/excluding_2z5x_3mjg/tables/posebuster/split_structures/3lxk/boltz2/ligand_sdf/CHEMBL6033171.sdf,,0,True,True,True,True,True,True,True,True,True,True,True,True,True,True,True,True,True,True,True,True,True
/mnt/tank/scratch/okonovalova/AffiTox/analysis/excluding_2z5x_3mjg/tables/posebuster/split_structures/3lxk/boltz2/ligand_sdf/CHEMBL6035646.sdf,,0,True,True,True,True,True,True,True,True,True,True,True,True,True,True,True,True,True,True,True,True,True
/mnt/tank/scratch/okonovalova/AffiTox/analysis/excluding_2z5x_3mjg/tables/posebuster/split_structures/3lxk/boltz2/ligand_sdf/CHEMBL6033984.sdf,,0,True,True,True,True,True,True,True,True,True,True,True,True,True,True,True,True,True,True,True,True,True
/mnt/tank/scratch/okonovalova/AffiTox/analysis/excluding_2z5x_3mjg/tables/posebuster/split_structures/3lxk/boltz2/ligand_sdf/CHEMBL6035756.sdf,,0,True,True,True,True,True,True,True,True,True,True,True,True,True,False,True,True,True,True,True,True,True
/mnt/tank/scratch/okonovalova/AffiTox/analysis/excluding_2z5x_3mjg/tables/posebuster/split_structures/3lxk/boltz2/ligand_sdf/CHEMBL6032608.sdf,,0,True,True,True,True,True,True,True,True,True,True,True,True,True,False,True,True,True,True,True,True,True
/mnt/tank/scratch/okonovalova/AffiTox/analysis/excluding_2z5x_3mjg/tables/posebuster/split_structures/3lxk/boltz2/ligand_sdf/CHEMBL6032834.sdf,,0,True,True,True,True,True,True,True,True,True,True,True,True,True,True,True,True,True,True,True,True,True
/mnt/tank/scratch/okonovalova/AffiTox/analysis/excluding_2z5x_3mjg/tables/posebuster/split_structures/3lxk/boltz2/ligand_sdf/CHEMBL6030935.sdf,,0,True,True,True,True,True,True,True,True,True,True,True,True,True,True,True,True,True,True,True,True,True
/mnt/tank/scratch/okonovalova/AffiTox/analysis/excluding_2z5x_3mjg/tables/posebuster/split_structures/3lxk/boltz2/ligand_sdf/CHEMBL6036912.sdf,,0,True,True,True,True,True,True,True,True,True,True,True,True,True,True,True,True,True,True,True,True,True
/mnt/tank/scratch/okonovalova/AffiTox/analysis/excluding_2z5x_3mjg/tables/posebuster/split_structures/3lxk/boltz2/ligand_sdf/CHEMBL6038085.sdf,,0,True,True,True,True,True,True,True,True,True,True,True,True,True,False,True,True,True,True,True,True,True
/mnt/tank/scratch/okonovalova/AffiTox/analysis/excluding_2z5x_3mjg/tables/posebuster/split_structures/3lxk/boltz2/ligand_sdf/CHEMBL6031893.sdf,,0,True,True,True,True,True,True,True,True,True,True,True,True,True,True,True,True,True,True,True,True,True
/mnt/tank/scratch/okonovalova/AffiTox/analysis/excluding_2z5x_3mjg/tables/posebuster/split_structures/3lxk/boltz2/ligand_sdf/CHEMBL6038400.sdf,,0,True,True,True,True,True,True,True,True,True,True,True,True,True,True,True,True,True,True,True,True,True
/mnt/tank/scratch/okonovalova/AffiTox/analysis/excluding_2z5x_3mjg/tables/posebuster/split_structures/3lxk/boltz2/ligand_sdf/CHEMBL6036451.sdf,,0,True,True,True,True,True,True,True,True,True,True,True,True,True,True,True,True,True,True,True,True,True
/mnt/tank/scratch/okonovalova/AffiTox/analysis/excluding_2z5x_3mjg/tables/posebuster/split_structures/3lxk/boltz2/ligand_sdf/CHEMBL6036273.sdf,,0,True,True,True,True,True,True,True,True,True,True,True,True,True,True,True,True,True,True,True,True,True
/mnt/tank/scratch/okonovalova/AffiTox/analysis/excluding_2z5x_3mjg/tables/posebuster/split_structures/3lxk/boltz2/ligand_sdf/CHEMBL6037681.sdf,,0,True,True,True,True,True,True,True,True,True,True,True,True,True,True,True,True,True,True,True,True,True
/mnt/tank/scratch/okonovalova/AffiTox/analysis/excluding_2z5x_3mjg/tables/posebuster/split_structures/3lxk/boltz2/ligand_sdf/CHEMBL6036687.sdf,,0,True,True,True,True,True,True,True,True,True,True,True,True,True,False,True,True,True,True,True,True,True
/mnt/tank/scratch/okonovalova/AffiTox/analysis/excluding_2z5x_3mjg/tables/posebuster/split_structures/3lxk/boltz2/ligand_sdf/CHEMBL6038546.sdf,,0,True,True,True,True,True,True,True,True,True,True,True,True,True,True,True,True,True,True,True,True,True
/mnt/tank/scratch/okonovalova/AffiTox/analysis/excluding_2z5x_3mjg/tables/posebuster/split_structures/3lxk/boltz2/ligand_sdf/CHEMBL6039081.sdf,,0,True,True,True,True,True,True,True,True,True,True,True,True,True,True,True,True,True,True,True,True,True
/mnt/tank/scratch/okonovalova/AffiTox/analysis/excluding_2z5x_3mjg/tables/posebuster/split_structures/3lxk/boltz2/ligand_sdf/CHEMBL6038888.sdf,,0,True,True,True,True,True,True,True,True,True,True,True,True,True,True,True,True,True,True,True,True,True
/mnt/tank/scratch/okonovalova/AffiTox/analysis/excluding_2z5x_3mjg/tables/posebuster/split_structures/3lxk/boltz2/ligand_sdf/CHEMBL6045757.sdf,,0,True,True,True,True,True,True,True,True,True,True,True,True,True,False,True,True,True,True,True,True,True
/mnt/tank/scratch/okonovalova/AffiTox/analysis/excluding_2z5x_3mjg/tables/posebuster/split_structures/3lxk/boltz2/ligand_sdf/CHEMBL6042262.sdf,,0,True,True,True,True,True,True,True,True,True,True,True,True,True,True,True,True,True,True,True,True,True
/mnt/tank/scratch/okonovalova/AffiTox/analysis/excluding_2z5x_3mjg/tables/posebuster/split_structures/3lxk/boltz2/ligand_sdf/CHEMBL6039817.sdf,,0,True,True,True,True,True,True,True,True,True,True,True,True,True,True,True,True,True,True,True,True,True
/mnt/tank/scratch/okonovalova/AffiTox/analysis/excluding_2z5x_3mjg/tables/posebuster/split_structures/3lxk/boltz2/ligand_sdf/CHEMBL6048947.sdf,,0,True,True,True,True,True,True,True,True,True,True,True,True,True,True,True,True,True,True,True,True,True
/mnt/tank/scratch/okonovalova/AffiTox/analysis/excluding_2z5x_3mjg/tables/posebuster/split_structures/3lxk/boltz2/ligand_sdf/CHEMBL6039128.sdf,,0,True,True,True,True,True,True,True,True,True,True,True,True,True,True,True,True,True,True,True,True,True
/mnt/tank/scratch/okonovalova/AffiTox/analysis/excluding_2z5x_3mjg/tables/posebuster/split_structures/3lxk/boltz2/ligand_sdf/CHEMBL6042110.sdf,,0,True,True,True,True,True,True,True,True,True,True,True,True,True,True,True,True,True,True,True,True,True
/mnt/tank/scratch/okonovalova/AffiTox/analysis/excluding_2z5x_3mjg/tables/posebuster/split_structures/3lxk/boltz2/ligand_sdf/CHEMBL6045109.sdf,,0,True,True,True,True,True,True,True,True,True,True,True,True,True,True,True,True,True,True,True,True,True
/mnt/tank/scratch/okonovalova/AffiTox/analysis/excluding_2z5x_3mjg/tables/posebuster/split_structures/3lxk/boltz2/ligand_sdf/CHEMBL6049275.sdf,,0,True,True,True,True,True,True,True,True,True,True,True,True,True,False,True,True,True,True,True,True,True
/mnt/tank/scratch/okonovalova/AffiTox/analysis/excluding_2z5x_3mjg/tables/posebuster/split_structures/3lxk/boltz2/ligand_sdf/CHEMBL6041113.sdf,,0,True,True,True,True,True,True,True,True,True,True,True,True,True,True,True,True,True,True,True,True,True
/mnt/tank/scratch/okonovalova/AffiTox/analysis/excluding_2z5x_3mjg/tables/posebuster/split_structures/3lxk/boltz2/ligand_sdf/CHEMBL6039236.sdf,,0,True,True,True,True,True,True,True,True,True,True,True,True,True,True,True,True,True,True,True,True,True
/mnt/tank/scratch/okonovalova/AffiTox/analysis/excluding_2z5x_3mjg/tables/posebuster/split_structures/3lxk/boltz2/ligand_sdf/CHEMBL6042260.sdf,,0,True,True,True,True,True,True,True,True,True,True,True,True,True,True,True,True,True,True,True,True,True
/mnt/tank/scratch/okonovalova/AffiTox/analysis/excluding_2z5x_3mjg/tables/posebuster/split_structures/3lxk/boltz2/ligand_sdf/CHEMBL6049594.sdf,,0,True,True,True,True,True,True,True,True,True,True,True,True,True,True,True,True,True,True,True,True,True
/mnt/tank/scratch/okonovalova/AffiTox/analysis/excluding_2z5x_3mjg/tables/posebuster/split_structures/3lxk/boltz2/ligand_sdf/CHEMBL6045725.sdf,,0,True,True,True,True,True,True,True,True,True,True,True,True,True,True,True,True,True,True,True,True,True
/mnt/tank/scratch/okonovalova/AffiTox/analysis/excluding_2z5x_3mjg/tables/posebuster/split_structures/3lxk/boltz2/ligand_sdf/CHEMBL6050727.sdf,,0,True,True,True,True,True,True,True,True,True,True,True,True,True,True,True,True,True,True,True,True,True
/mnt/tank/scratch/okonovalova/AffiTox/analysis/excluding_2z5x_3mjg/tables/posebuster/split_structures/3lxk/boltz2/ligand_sdf/CHEMBL6042192.sdf,,0,True,True,True,True,True,True,True,True,True,True,True,True,True,True,True,True,True,True,True,True,True
/mnt/tank/scratch/okonovalova/AffiTox/analysis/excluding_2z5x_3mjg/tables/posebuster/split_structures/3lxk/boltz2/ligand_sdf/CHEMBL6041658.sdf,,0,True,True,True,True,True,True,True,True,True,True,True,True,True,True,True,True,True,True,True,True,True
/mnt/tank/scratch/okonovalova/AffiTox/analysis/excluding_2z5x_3mjg/tables/posebuster/split_structures/3lxk/boltz2/ligand_sdf/CHEMBL6050772.sdf,,0,True,True,True,True,True,True,True,True,True,True,True,True,True,True,True,True,True,True,True,True,True
/mnt/tank/scratch/okonovalova/AffiTox/analysis/excluding_2z5x_3mjg/tables/posebuster/split_structures/3lxk/boltz2/ligand_sdf/CHEMBL6050767.sdf,,0,True,True,True,True,True,True,True,True,True,True,True,True,True,True,True,True,True,True,True,True,True
/mnt/tank/scratch/okonovalova/AffiTox/analysis/excluding_2z5x_3mjg/tables/posebuster/split_structures/3lxk/boltz2/ligand_sdf/CHEMBL6042860.sdf,,0,True,True,True,True,True,True,True,True,True,True,True,True,True,True,True,True,True,True,True,True,True
/mnt/tank/scratch/okonovalova/AffiTox/analysis/excluding_2z5x_3mjg/tables/posebuster/split_structures/3lxk/boltz2/ligand_sdf/CHEMBL6048835.sdf,,0,True,True,True,True,True,True,True,True,True,True,True,True,True,True,True,True,True,True,True,True,True
/mnt/tank/scratch/okonovalova/AffiTox/analysis/excluding_2z5x_3mjg/tables/posebuster/split_structures/3lxk/boltz2/ligand_sdf/CHEMBL6056458.sdf,,0,True,True,True,True,True,True,True,True,True,True,True,True,True,False,True,True,True,True,True,True,True
/mnt/tank/scratch/okonovalova/AffiTox/analysis/excluding_2z5x_3mjg/tables/posebuster/split_structures/3lxk/boltz2/ligand_sdf/CHEMBL6048787.sdf,,0,True,True,True,True,True,True,True,True,True,True,True,True,True,True,True,True,True,True,True,True,True
/mnt/tank/scratch/okonovalova/AffiTox/analysis/excluding_2z5x_3mjg/tables/posebuster/split_structures/3lxk/boltz2/ligand_sdf/CHEMBL6052137.sdf,,0,True,True,True,True,True,True,True,True,True,True,True,True,True,True,True,True,True,True,True,True,True
/mnt/tank/scratch/okonovalova/AffiTox/analysis/excluding_2z5x_3mjg/tables/posebuster/split_structures/3lxk/boltz2/ligand_sdf/CHEMBL6052959.sdf,,0,True,True,True,True,True,True,True,True,True,True,True,True,True,False,True,True,True,True,True,True,True
/mnt/tank/scratch/okonovalova/AffiTox/analysis/excluding_2z5x_3mjg/tables/posebuster/split_structures/3lxk/boltz2/ligand_sdf/CHEMBL6055028.sdf,,0,True,True,True,True,True,True,True,True,True,True,True,True,True,True,True,True,True,True,True,True,True
/mnt/tank/scratch/okonovalova/AffiTox/analysis/excluding_2z5x_3mjg/tables/posebuster/split_structures/3lxk/boltz2/ligand_sdf/CHEMBL6050796.sdf,,0,True,True,True,True,True,True,True,True,True,True,True,True,True,True,True,True,True,True,True,True,True
/mnt/tank/scratch/okonovalova/AffiTox/analysis/excluding_2z5x_3mjg/tables/posebuster/split_structures/3lxk/boltz2/ligand_sdf/CHEMBL6053881.sdf,,0,True,True,True,True,True,True,True,True,True,True,True,True,True,True,True,True,True,True,True,True,True
/mnt/tank/scratch/okonovalova/AffiTox/analysis/excluding_2z5x_3mjg/tables/posebuster/split_structures/3lxk/boltz2/ligand_sdf/CHEMBL6055264.sdf,,0,True,True,True,True,True,True,True,True,True,True,True,True,True,False,True,True,True,True,True,True,True
/mnt/tank/scratch/okonovalova/AffiTox/analysis/excluding_2z5x_3mjg/tables/posebuster/split_structures/3lxk/boltz2/ligand_sdf/CHEMBL6059168.sdf,,0,True,True,True,True,True,True,True,True,True,True,True,True,True,False,True,True,True,True,True,True,True
/mnt/tank/scratch/okonovalova/AffiTox/analysis/excluding_2z5x_3mjg/tables/posebuster/split_structures/3lxk/boltz2/ligand_sdf/CHEMBL6057341.sdf,,0,True,True,True,True,True,True,True,True,True,True,True,True,True,True,True,True,True,True,True,True,True
/mnt/tank/scratch/okonovalova/AffiTox/analysis/excluding_2z5x_3mjg/tables/posebuster/split_structures/3lxk/boltz2/ligand_sdf/CHEMBL6055176.sdf,,0,True,True,True,True,True,True,True,True,True,True,True,True,True,True,True,True,True,True,True,True,True
/mnt/tank/scratch/okonovalova/AffiTox/analysis/excluding_2z5x_3mjg/tables/posebuster/split_structures/3lxk/boltz2/ligand_sdf/CHEMBL6055756.sdf,,0,True,True,True,True,True,True,True,True,True,True,True,True,True,True,True,True,True,True,True,True,True
/mnt/tank/scratch/okonovalova/AffiTox/analysis/excluding_2z5x_3mjg/tables/posebuster/split_structures/3lxk/boltz2/ligand_sdf/CHEMBL6052284.sdf,,0,True,True,True,True,True,True,True,True,True,True,True,True,True,True,True,True,True,True,True,True,True
/mnt/tank/scratch/okonovalova/AffiTox/analysis/excluding_2z5x_3mjg/tables/posebuster/split_structures/3lxk/boltz2/ligand_sdf/CHEMBL6050795.sdf,,0,True,True,True,True,True,True,True,True,True,True,True,True,True,True,True,True,True,True,True,True,True
/mnt/tank/scratch/okonovalova/AffiTox/analysis/excluding_2z5x_3mjg/tables/posebuster/split_structures/3lxk/boltz2/ligand_sdf/CHEMBL6055446.sdf,,0,True,True,True,True,True,True,True,True,True,True,True,True,True,True,True,True,True,True,True,True,True
/mnt/tank/scratch/okonovalova/AffiTox/analysis/excluding_2z5x_3mjg/tables/posebuster/split_structures/3lxk/boltz2/ligand_sdf/CHEMBL6058812.sdf,,0,True,True,True,True,True,True,True,True,True,True,True,True,True,True,True,True,True,True,True,True,True
/mnt/tank/scratch/okonovalova/AffiTox/analysis/excluding_2z5x_3mjg/tables/posebuster/split_structures/3lxk/boltz2/ligand_sdf/CHEMBL6052596.sdf,,0,True,True,True,True,True,True,True,True,True,True,True,True,True,True,True,True,True,True,True,True,True
/mnt/tank/scratch/okonovalova/AffiTox/analysis/excluding_2z5x_3mjg/tables/posebuster/split_structures/3lxk/boltz2/ligand_sdf/CHEMBL6059721.sdf,,0,True,True,True,True,True,True,True,True,True,True,True,True,True,True,True,True,True,True,True,True,True
/mnt/tank/scratch/okonovalova/AffiTox/analysis/excluding_2z5x_3mjg/tables/posebuster/split_structures/3lxk/boltz2/ligand_sdf/CHEMBL6059171.sdf,,0,True,True,True,True,True,True,True,True,True,True,True,True,True,True,True,True,True,True,True,True,True
/mnt/tank/scratch/okonovalova/AffiTox/analysis/excluding_2z5x_3mjg/tables/posebuster/split_structures/3lxk/boltz2/ligand_sdf/CHEMBL6056763.sdf,,0,True,True,True,True,True,True,True,True,True,True,True,True,True,True,True,True,True,True,True,True,True
/mnt/tank/scratch/okonovalova/AffiTox/analysis/excluding_2z5x_3mjg/tables/posebuster/split_structures/3lxk/boltz2/ligand_sdf/CHEMBL6058756.sdf,,0,True,True,True,True,True,True,True,True,True,True,True,True,True,True,True,True,True,True,True,True,True
/mnt/tank/scratch/okonovalova/AffiTox/analysis/excluding_2z5x_3mjg/tables/posebuster/split_structures/3lxk/boltz2/ligand_sdf/CHEMBL6060263.sdf,,0,True,True,True,True,True,True,True,True,True,True,True,True,True,True,True,True,True,True,True,True,True
/mnt/tank/scratch/okonovalova/AffiTox/analysis/excluding_2z5x_3mjg/tables/posebuster/split_structures/3lxk/boltz2/ligand_sdf/CHEMBL6060094.sdf,,0,True,True,True,True,True,True,True,True,True,True,True,True,True,True,True,True,True,True,True,True,True
/mnt/tank/scratch/okonovalova/AffiTox/analysis/excluding_2z5x_3mjg/tables/posebuster/split_structures/3lxk/boltz2/ligand_sdf/CHEMBL6063489.sdf,,0,True,True,True,True,True,True,True,True,True,True,True,True,True,True,True,True,True,True,True,True,True
/mnt/tank/scratch/okonovalova/AffiTox/analysis/excluding_2z5x_3mjg/tables/posebuster/split_structures/3lxk/boltz2/ligand_sdf/CHEMBL6063601.sdf,,0,True,True,True,True,True,True,True,True,True,True,True,True,True,False,True,True,True,True,True,True,True
/mnt/tank/scratch/okonovalova/AffiTox/analysis/excluding_2z5x_3mjg/tables/posebuster/split_structures/3lxk/boltz2/ligand_sdf/CHEMBL6061730.sdf,,0,True,True,True,True,True,True,True,True,True,True,True,True,True,False,True,True,True,True,True,True,True
/mnt/tank/scratch/okonovalova/AffiTox/analysis/excluding_2z5x_3mjg/tables/posebuster/split_structures/3lxk/boltz2/ligand_sdf/CHEMBL6061112.sdf,,0,True,True,True,True,True,True,True,True,True,True,True,True,True,True,True,True,True,True,True,True,True
/mnt/tank/scratch/okonovalova/AffiTox/analysis/excluding_2z5x_3mjg/tables/posebuster/split_structures/3lxk/boltz2/ligand_sdf/CHEMBL6064937.sdf,,0,True,True,True,True,True,True,True,True,True,True,True,True,True,True,True,True,True,True,True,True,True
/mnt/tank/scratch/okonovalova/AffiTox/analysis/excluding_2z5x_3mjg/tables/posebuster/split_structures/3lxk/boltz2/ligand_sdf/CHEMBL6064118.sdf,,0,True,True,True,True,True,True,True,True,True,True,True,True,True,True,True,True,True,True,True,True,True
/mnt/tank/scratch/okonovalova/AffiTox/analysis/excluding_2z5x_3mjg/tables/posebuster/split_structures/3lxk/boltz2/ligand_sdf/CHEMBL6060589.sdf,,0,True,True,True,True,True,True,True,True,True,True,True,True,True,True,True,True,True,True,True,True,True
/mnt/tank/scratch/okonovalova/AffiTox/analysis/excluding_2z5x_3mjg/tables/posebuster/split_structures/3lxk/boltz2/ligand_sdf/CHEMBL6062038.sdf,,0,True,True,True,True,True,True,True,True,True,True,True,True,True,False,True,True,True,True,True,True,True
/mnt/tank/scratch/okonovalova/AffiTox/analysis/excluding_2z5x_3mjg/tables/posebuster/split_structures/3lxk/boltz2/ligand_sdf/CHEMBL6064233.sdf,,0,True,True,True,True,True,True,True,True,True,True,True,True,True,False,True,True,True,True,True,True,True
/mnt/tank/scratch/okonovalova/AffiTox/analysis/excluding_2z5x_3mjg/tables/posebuster/split_structures/3lxk/boltz2/ligand_sdf/CHEMBL6061798.sdf,,0,True,True,True,True,True,True,True,True,True,True,True,True,True,True,True,True,True,True,True,True,True
/mnt/tank/scratch/okonovalova/AffiTox/analysis/excluding_2z5x_3mjg/tables/posebuster/split_structures/3lxk/boltz2/ligand_sdf/CHEMBL6067741.sdf,,0,True,True,True,True,True,True,True,True,True,True,True,True,True,True,True,True,True,True,True,True,True
/mnt/tank/scratch/okonovalova/AffiTox/analysis/excluding_2z5x_3mjg/tables/posebuster/split_structures/3lxk/boltz2/ligand_sdf/CHEMBL6060767.sdf,,0,True,True,True,True,True,True,True,True,True,True,True,True,True,True,True,True,True,True,True,True,True
/mnt/tank/scratch/okonovalova/AffiTox/analysis/excluding_2z5x_3mjg/tables/posebuster/split_structures/3lxk/boltz2/ligand_sdf/CHEMBL6060519.sdf,,0,True,True,True,True,True,True,True,True,True,True,True,True,True,True,True,True,True,True,True,True,True
