file,molecule,position,mol_pred_loaded,mol_cond_loaded,sanitization,inchi_convertible,all_atoms_connected,bond_lengths,bond_angles,internal_steric_clash,aromatic_ring_flatness,non-aromatic_ring_non-flatness,double_bond_flatness,internal_energy,protein-ligand_maximum_distance,minimum_distance_to_protein,minimum_distance_to_organic_cofactors,minimum_distance_to_inorganic_cofactors,minimum_distance_to_waters,volume_overlap_with_protein,volume_overlap_with_organic_cofactors,volume_overlap_with_inorganic_cofactors,volume_overlap_with_waters
/mnt/tank/scratch/okonovalova/AffiTox/analysis/excluding_2z5x_3mjg/tables/posebuster/sdf/5jkv/qvina/ligand_102.sdf,,0,True,True,True,True,True,True,True,True,True,True,True,True,True,True,True,True,True,True,True,True,True
/mnt/tank/scratch/okonovalova/AffiTox/analysis/excluding_2z5x_3mjg/tables/posebuster/sdf/5jkv/qvina/ligand_113.sdf,,0,True,True,True,True,True,True,True,True,True,True,True,True,True,True,True,True,True,True,True,True,True
/mnt/tank/scratch/okonovalova/AffiTox/analysis/excluding_2z5x_3mjg/tables/posebuster/sdf/5jkv/qvina/ligand_110.sdf,,0,True,True,True,True,True,True,True,True,True,True,True,True,True,True,True,True,True,True,True,True,True
/mnt/tank/scratch/okonovalova/AffiTox/analysis/excluding_2z5x_3mjg/tables/posebuster/sdf/5jkv/qvina/ligand_114.sdf,,0,True,True,True,True,True,True,True,True,True,True,True,True,True,True,True,True,True,True,True,True,True
/mnt/tank/scratch/okonovalova/AffiTox/analysis/excluding_2z5x_3mjg/tables/posebuster/sdf/5jkv/qvina/ligand_100.sdf,,0,True,True,True,True,True,True,True,True,True,True,True,True,True,True,True,True,True,True,True,True,True
/mnt/tank/scratch/okonovalova/AffiTox/analysis/excluding_2z5x_3mjg/tables/posebuster/sdf/5jkv/qvina/ligand_112.sdf,,0,True,True,True,True,True,True,True,True,True,True,True,True,True,True,True,True,True,True,True,True,True
/mnt/tank/scratch/okonovalova/AffiTox/analysis/excluding_2z5x_3mjg/tables/posebuster/sdf/5jkv/qvina/ligand_103.sdf,,0,True,True,True,True,True,True,True,True,True,True,True,True,True,True,True,True,True,True,True,True,True
/mnt/tank/scratch/okonovalova/AffiTox/analysis/excluding_2z5x_3mjg/tables/posebuster/sdf/5jkv/qvina/ligand_101.sdf,,0,True,True,True,True,True,True,True,True,True,True,True,True,True,True,True,True,True,True,True,True,True
/mnt/tank/scratch/okonovalova/AffiTox/analysis/excluding_2z5x_3mjg/tables/posebuster/sdf/5jkv/qvina/ligand_111.sdf,,0,True,True,True,True,True,True,True,True,True,True,True,True,True,True,True,True,True,True,True,True,True
/mnt/tank/scratch/okonovalova/AffiTox/analysis/excluding_2z5x_3mjg/tables/posebuster/sdf/5jkv/qvina/ligand_107.sdf,,0,True,True,True,True,True,True,True,True,True,True,True,True,True,True,True,True,True,True,True,True,True
/mnt/tank/scratch/okonovalova/AffiTox/analysis/excluding_2z5x_3mjg/tables/posebuster/sdf/5jkv/qvina/ligand_117.sdf,,0,True,True,True,True,True,True,True,True,True,True,True,True,True,True,True,True,True,True,True,True,True
/mnt/tank/scratch/okonovalova/AffiTox/analysis/excluding_2z5x_3mjg/tables/posebuster/sdf/5jkv/qvina/ligand_105.sdf,,0,True,True,True,True,True,True,True,True,True,True,True,True,True,True,True,True,True,True,True,True,True
/mnt/tank/scratch/okonovalova/AffiTox/analysis/excluding_2z5x_3mjg/tables/posebuster/sdf/5jkv/qvina/ligand_116.sdf,,0,True,True,True,True,True,True,True,True,True,True,True,True,True,True,True,True,True,True,True,True,True
/mnt/tank/scratch/okonovalova/AffiTox/analysis/excluding_2z5x_3mjg/tables/posebuster/sdf/5jkv/qvina/ligand_115.sdf,,0,True,True,True,True,True,True,True,True,True,True,True,True,True,True,True,True,True,True,True,True,True
/mnt/tank/scratch/okonovalova/AffiTox/analysis/excluding_2z5x_3mjg/tables/posebuster/sdf/5jkv/qvina/ligand_121.sdf,,0,True,True,True,True,True,True,True,True,True,True,True,True,True,True,True,True,True,True,True,True,True
/mnt/tank/scratch/okonovalova/AffiTox/analysis/excluding_2z5x_3mjg/tables/posebuster/sdf/5jkv/qvina/ligand_106.sdf,,0,True,True,True,True,True,True,True,True,True,True,True,True,True,True,True,True,True,True,True,True,True
/mnt/tank/scratch/okonovalova/AffiTox/analysis/excluding_2z5x_3mjg/tables/posebuster/sdf/5jkv/qvina/ligand_119.sdf,,0,True,True,True,True,True,True,True,True,True,True,True,True,True,True,True,True,True,True,True,True,True
/mnt/tank/scratch/okonovalova/AffiTox/analysis/excluding_2z5x_3mjg/tables/posebuster/sdf/5jkv/qvina/ligand_118.sdf,,0,True,True,True,True,True,True,True,True,True,True,True,True,True,True,True,True,True,True,True,True,True
/mnt/tank/scratch/okonovalova/AffiTox/analysis/excluding_2z5x_3mjg/tables/posebuster/sdf/5jkv/qvina/ligand_108.sdf,,0,True,True,True,True,True,True,True,True,True,True,True,True,True,True,True,True,True,True,True,True,True
/mnt/tank/scratch/okonovalova/AffiTox/analysis/excluding_2z5x_3mjg/tables/posebuster/sdf/5jkv/qvina/ligand_11.sdf,,0,True,True,True,True,True,True,True,True,True,True,True,True,True,True,True,True,True,True,True,True,True
/mnt/tank/scratch/okonovalova/AffiTox/analysis/excluding_2z5x_3mjg/tables/posebuster/sdf/5jkv/qvina/ligand_10.sdf,,0,True,True,True,True,True,True,True,True,True,True,True,True,True,True,True,True,True,True,True,True,True
/mnt/tank/scratch/okonovalova/AffiTox/analysis/excluding_2z5x_3mjg/tables/posebuster/sdf/5jkv/qvina/ligand_122.sdf,,0,True,True,True,True,True,True,True,True,True,True,True,True,True,True,True,True,True,True,True,True,True
/mnt/tank/scratch/okonovalova/AffiTox/analysis/excluding_2z5x_3mjg/tables/posebuster/sdf/5jkv/qvina/ligand_127.sdf,,0,True,True,True,True,True,True,True,True,True,True,True,True,True,True,True,True,True,True,True,True,True
/mnt/tank/scratch/okonovalova/AffiTox/analysis/excluding_2z5x_3mjg/tables/posebuster/sdf/5jkv/qvina/ligand_109.sdf,,0,True,True,True,True,True,True,True,True,True,True,True,True,True,True,True,True,True,True,True,True,True
/mnt/tank/scratch/okonovalova/AffiTox/analysis/excluding_2z5x_3mjg/tables/posebuster/sdf/5jkv/qvina/ligand_120.sdf,,0,True,True,True,True,True,True,True,True,True,True,True,True,True,True,True,True,True,True,True,True,True
/mnt/tank/scratch/okonovalova/AffiTox/analysis/excluding_2z5x_3mjg/tables/posebuster/sdf/5jkv/qvina/ligand_129.sdf,,0,True,True,True,True,True,True,True,True,True,True,True,True,True,True,True,True,True,True,True,True,True
/mnt/tank/scratch/okonovalova/AffiTox/analysis/excluding_2z5x_3mjg/tables/posebuster/sdf/5jkv/qvina/ligand_126.sdf,,0,True,True,True,True,True,True,True,True,True,True,True,True,True,True,True,True,True,True,True,True,True
/mnt/tank/scratch/okonovalova/AffiTox/analysis/excluding_2z5x_3mjg/tables/posebuster/sdf/5jkv/qvina/ligand_133.sdf,,0,True,True,True,True,True,True,True,True,True,True,True,True,True,True,True,True,True,True,True,True,True
/mnt/tank/scratch/okonovalova/AffiTox/analysis/excluding_2z5x_3mjg/tables/posebuster/sdf/5jkv/qvina/ligand_132.sdf,,0,True,True,True,True,True,True,True,True,True,True,True,True,True,True,True,True,True,True,True,True,True
/mnt/tank/scratch/okonovalova/AffiTox/analysis/excluding_2z5x_3mjg/tables/posebuster/sdf/5jkv/qvina/ligand_125.sdf,,0,True,True,True,True,True,True,True,True,True,True,True,True,True,True,True,True,True,True,True,True,True
/mnt/tank/scratch/okonovalova/AffiTox/analysis/excluding_2z5x_3mjg/tables/posebuster/sdf/5jkv/qvina/ligand_134.sdf,,0,True,True,True,True,True,True,True,True,True,True,True,True,True,True,True,True,True,True,True,True,True
/mnt/tank/scratch/okonovalova/AffiTox/analysis/excluding_2z5x_3mjg/tables/posebuster/sdf/5jkv/qvina/ligand_123.sdf,,0,True,True,True,True,True,True,True,True,True,True,True,True,True,True,True,True,True,True,True,True,True
/mnt/tank/scratch/okonovalova/AffiTox/analysis/excluding_2z5x_3mjg/tables/posebuster/sdf/5jkv/qvina/ligand_135.sdf,,0,True,True,True,True,True,True,True,True,True,True,True,True,True,True,True,True,True,True,True,True,True
/mnt/tank/scratch/okonovalova/AffiTox/analysis/excluding_2z5x_3mjg/tables/posebuster/sdf/5jkv/qvina/ligand_136.sdf,,0,True,True,True,True,True,True,True,True,True,True,True,True,True,True,True,True,True,True,True,True,True
/mnt/tank/scratch/okonovalova/AffiTox/analysis/excluding_2z5x_3mjg/tables/posebuster/sdf/5jkv/qvina/ligand_140.sdf,,0,True,True,True,True,True,True,True,True,True,True,True,True,True,True,True,True,True,True,True,True,True
/mnt/tank/scratch/okonovalova/AffiTox/analysis/excluding_2z5x_3mjg/tables/posebuster/sdf/5jkv/qvina/ligand_104.sdf,,0,True,True,True,True,True,True,True,True,True,True,True,True,True,True,True,True,True,True,True,True,True
/mnt/tank/scratch/okonovalova/AffiTox/analysis/excluding_2z5x_3mjg/tables/posebuster/sdf/5jkv/qvina/ligand_143.sdf,,0,True,True,True,True,True,True,True,True,True,True,True,True,True,True,True,True,True,True,True,True,True
/mnt/tank/scratch/okonovalova/AffiTox/analysis/excluding_2z5x_3mjg/tables/posebuster/sdf/5jkv/qvina/ligand_145.sdf,,0,True,True,True,True,True,True,True,True,True,True,True,True,True,True,True,True,True,True,True,True,True
/mnt/tank/scratch/okonovalova/AffiTox/analysis/excluding_2z5x_3mjg/tables/posebuster/sdf/5jkv/qvina/ligand_146.sdf,,0,True,True,True,True,True,True,True,True,True,True,True,True,True,True,True,True,True,True,True,True,True
/mnt/tank/scratch/okonovalova/AffiTox/analysis/excluding_2z5x_3mjg/tables/posebuster/sdf/5jkv/qvina/ligand_131.sdf,,0,True,True,True,True,True,True,True,True,True,True,True,True,True,True,True,True,True,True,True,True,True
/mnt/tank/scratch/okonovalova/AffiTox/analysis/excluding_2z5x_3mjg/tables/posebuster/sdf/5jkv/qvina/ligand_128.sdf,,0,True,True,True,True,True,True,True,True,True,True,True,True,True,True,True,True,True,True,True,True,True
/mnt/tank/scratch/okonovalova/AffiTox/analysis/excluding_2z5x_3mjg/tables/posebuster/sdf/5jkv/qvina/ligand_144.sdf,,0,True,True,True,True,True,True,True,True,True,True,True,True,True,True,True,True,True,True,True,True,True
/mnt/tank/scratch/okonovalova/AffiTox/analysis/excluding_2z5x_3mjg/tables/posebuster/sdf/5jkv/qvina/ligand_124.sdf,,0,True,True,True,True,True,True,True,True,True,True,True,True,True,True,True,True,True,True,True,True,True
/mnt/tank/scratch/okonovalova/AffiTox/analysis/excluding_2z5x_3mjg/tables/posebuster/sdf/5jkv/qvina/ligand_130.sdf,,0,True,True,True,True,True,True,True,True,True,True,True,True,True,True,True,True,True,True,True,True,True
/mnt/tank/scratch/okonovalova/AffiTox/analysis/excluding_2z5x_3mjg/tables/posebuster/sdf/5jkv/qvina/ligand_14.sdf,,0,True,True,True,True,True,True,True,True,True,True,True,True,True,True,True,True,True,True,True,True,True
/mnt/tank/scratch/okonovalova/AffiTox/analysis/excluding_2z5x_3mjg/tables/posebuster/sdf/5jkv/qvina/ligand_139.sdf,,0,True,True,True,True,True,True,True,True,True,True,True,True,True,True,True,True,True,True,True,True,True
/mnt/tank/scratch/okonovalova/AffiTox/analysis/excluding_2z5x_3mjg/tables/posebuster/sdf/5jkv/qvina/ligand_141.sdf,,0,True,True,True,True,True,True,True,True,True,True,True,True,True,True,True,True,True,True,True,True,True
/mnt/tank/scratch/okonovalova/AffiTox/analysis/excluding_2z5x_3mjg/tables/posebuster/sdf/5jkv/qvina/ligand_149.sdf,,0,True,True,True,True,True,True,True,True,True,True,True,True,True,True,True,True,True,True,True,True,True
/mnt/tank/scratch/okonovalova/AffiTox/analysis/excluding_2z5x_3mjg/tables/posebuster/sdf/5jkv/qvina/ligand_152.sdf,,0,True,True,True,True,True,True,True,True,True,True,True,False,True,True,True,True,True,True,True,True,True
/mnt/tank/scratch/okonovalova/AffiTox/analysis/excluding_2z5x_3mjg/tables/posebuster/sdf/5jkv/qvina/ligand_138.sdf,,0,True,True,True,True,True,True,True,True,True,True,True,True,True,True,True,True,True,True,True,True,True
/mnt/tank/scratch/okonovalova/AffiTox/analysis/excluding_2z5x_3mjg/tables/posebuster/sdf/5jkv/qvina/ligand_12.sdf,,0,True,True,True,True,True,True,True,True,True,True,True,True,True,True,True,True,True,True,True,True,True
/mnt/tank/scratch/okonovalova/AffiTox/analysis/excluding_2z5x_3mjg/tables/posebuster/sdf/5jkv/qvina/ligand_137.sdf,,0,True,True,True,True,True,True,True,True,True,True,True,True,True,True,True,True,True,True,True,True,True
/mnt/tank/scratch/okonovalova/AffiTox/analysis/excluding_2z5x_3mjg/tables/posebuster/sdf/5jkv/qvina/ligand_148.sdf,,0,True,True,True,True,True,True,True,True,True,True,True,True,True,True,True,True,True,True,True,True,True
/mnt/tank/scratch/okonovalova/AffiTox/analysis/excluding_2z5x_3mjg/tables/posebuster/sdf/5jkv/qvina/ligand_13.sdf,,0,True,True,True,True,True,True,True,True,True,True,True,True,True,True,True,True,True,True,True,True,True
/mnt/tank/scratch/okonovalova/AffiTox/analysis/excluding_2z5x_3mjg/tables/posebuster/sdf/5jkv/qvina/ligand_142.sdf,,0,True,True,True,True,True,True,True,True,True,True,True,True,True,True,True,True,True,True,True,True,True
/mnt/tank/scratch/okonovalova/AffiTox/analysis/excluding_2z5x_3mjg/tables/posebuster/sdf/5jkv/qvina/ligand_150.sdf,,0,True,True,True,True,True,True,True,True,True,True,True,True,True,True,True,True,True,True,True,True,True
/mnt/tank/scratch/okonovalova/AffiTox/analysis/excluding_2z5x_3mjg/tables/posebuster/sdf/5jkv/qvina/ligand_147.sdf,,0,True,True,True,True,True,True,True,True,True,True,True,True,True,True,True,True,True,True,True,True,True
/mnt/tank/scratch/okonovalova/AffiTox/analysis/excluding_2z5x_3mjg/tables/posebuster/sdf/5jkv/qvina/ligand_157.sdf,,0,True,True,True,True,True,True,True,True,True,True,True,True,True,True,True,True,True,True,True,True,True
/mnt/tank/scratch/okonovalova/AffiTox/analysis/excluding_2z5x_3mjg/tables/posebuster/sdf/5jkv/qvina/ligand_158.sdf,,0,True,True,True,True,True,True,True,True,True,True,True,True,True,True,True,True,True,True,True,True,True
/mnt/tank/scratch/okonovalova/AffiTox/analysis/excluding_2z5x_3mjg/tables/posebuster/sdf/5jkv/qvina/ligand_155.sdf,,0,True,True,True,True,True,True,True,True,True,True,True,True,True,True,True,True,True,True,True,True,True
/mnt/tank/scratch/okonovalova/AffiTox/analysis/excluding_2z5x_3mjg/tables/posebuster/sdf/5jkv/qvina/ligand_159.sdf,,0,True,True,True,True,True,True,True,True,True,True,True,True,True,True,True,True,True,True,True,True,True
/mnt/tank/scratch/okonovalova/AffiTox/analysis/excluding_2z5x_3mjg/tables/posebuster/sdf/5jkv/qvina/ligand_161.sdf,,0,True,True,True,True,True,True,True,True,True,True,True,True,True,True,True,True,True,True,True,True,True
/mnt/tank/scratch/okonovalova/AffiTox/analysis/excluding_2z5x_3mjg/tables/posebuster/sdf/5jkv/qvina/ligand_15.sdf,,0,True,True,True,True,True,True,True,True,True,True,True,True,True,True,True,True,True,True,True,True,True
/mnt/tank/scratch/okonovalova/AffiTox/analysis/excluding_2z5x_3mjg/tables/posebuster/sdf/5jkv/qvina/ligand_162.sdf,,0,True,True,True,True,True,True,True,True,True,True,True,True,True,True,True,True,True,True,True,True,True
/mnt/tank/scratch/okonovalova/AffiTox/analysis/excluding_2z5x_3mjg/tables/posebuster/sdf/5jkv/qvina/ligand_166.sdf,,0,True,True,True,True,True,True,True,True,True,True,True,True,True,True,True,True,True,True,True,True,True
/mnt/tank/scratch/okonovalova/AffiTox/analysis/excluding_2z5x_3mjg/tables/posebuster/sdf/5jkv/qvina/ligand_153.sdf,,0,True,True,True,True,True,True,True,True,True,True,True,True,True,True,True,True,True,True,True,True,True
/mnt/tank/scratch/okonovalova/AffiTox/analysis/excluding_2z5x_3mjg/tables/posebuster/sdf/5jkv/qvina/ligand_167.sdf,,0,True,True,True,True,True,True,True,True,True,True,True,True,True,True,True,True,True,True,True,True,True
/mnt/tank/scratch/okonovalova/AffiTox/analysis/excluding_2z5x_3mjg/tables/posebuster/sdf/5jkv/qvina/ligand_151.sdf,,0,True,True,True,True,True,True,True,True,True,True,True,True,True,True,True,True,True,True,True,True,True
/mnt/tank/scratch/okonovalova/AffiTox/analysis/excluding_2z5x_3mjg/tables/posebuster/sdf/5jkv/qvina/ligand_154.sdf,,0,True,True,True,True,True,True,True,True,True,True,True,True,True,True,True,True,True,True,True,True,True
/mnt/tank/scratch/okonovalova/AffiTox/analysis/excluding_2z5x_3mjg/tables/posebuster/sdf/5jkv/qvina/ligand_165.sdf,,0,True,True,True,True,True,True,True,True,True,True,True,True,True,True,True,True,True,True,True,True,True
/mnt/tank/scratch/okonovalova/AffiTox/analysis/excluding_2z5x_3mjg/tables/posebuster/sdf/5jkv/qvina/ligand_164.sdf,,0,True,True,True,True,True,True,True,True,True,True,True,True,True,True,True,True,True,True,True,True,True
/mnt/tank/scratch/okonovalova/AffiTox/analysis/excluding_2z5x_3mjg/tables/posebuster/sdf/5jkv/qvina/ligand_160.sdf,,0,True,True,True,True,True,True,True,True,True,True,True,False,True,True,True,True,True,True,True,True,True
/mnt/tank/scratch/okonovalova/AffiTox/analysis/excluding_2z5x_3mjg/tables/posebuster/sdf/5jkv/qvina/ligand_173.sdf,,0,True,True,True,True,True,True,True,True,True,True,True,True,True,True,True,True,True,True,True,True,True
/mnt/tank/scratch/okonovalova/AffiTox/analysis/excluding_2z5x_3mjg/tables/posebuster/sdf/5jkv/qvina/ligand_175.sdf,,0,True,True,True,True,True,True,True,True,True,True,True,True,True,True,True,True,True,True,True,True,True
/mnt/tank/scratch/okonovalova/AffiTox/analysis/excluding_2z5x_3mjg/tables/posebuster/sdf/5jkv/qvina/ligand_174.sdf,,0,True,True,True,True,True,True,True,True,True,True,True,True,True,True,True,True,True,True,True,True,True
/mnt/tank/scratch/okonovalova/AffiTox/analysis/excluding_2z5x_3mjg/tables/posebuster/sdf/5jkv/qvina/ligand_156.sdf,,0,True,True,True,True,True,True,True,True,True,True,True,True,True,True,True,True,True,True,True,True,True
/mnt/tank/scratch/okonovalova/AffiTox/analysis/excluding_2z5x_3mjg/tables/posebuster/sdf/5jkv/qvina/ligand_163.sdf,,0,True,True,True,True,True,True,True,True,True,True,True,True,True,True,True,True,True,True,True,True,True
/mnt/tank/scratch/okonovalova/AffiTox/analysis/excluding_2z5x_3mjg/tables/posebuster/sdf/5jkv/qvina/ligand_168.sdf,,0,True,True,True,True,True,True,True,True,True,True,True,True,True,True,True,True,True,True,True,True,True
/mnt/tank/scratch/okonovalova/AffiTox/analysis/excluding_2z5x_3mjg/tables/posebuster/sdf/5jkv/qvina/ligand_179.sdf,,0,True,True,True,True,True,True,True,True,True,True,True,True,True,True,True,True,True,True,True,True,True
/mnt/tank/scratch/okonovalova/AffiTox/analysis/excluding_2z5x_3mjg/tables/posebuster/sdf/5jkv/qvina/ligand_176.sdf,,0,True,True,True,True,True,True,True,True,True,True,True,True,True,True,True,True,True,True,True,True,True
/mnt/tank/scratch/okonovalova/AffiTox/analysis/excluding_2z5x_3mjg/tables/posebuster/sdf/5jkv/qvina/ligand_178.sdf,,0,True,True,True,True,True,True,True,True,True,True,True,False,True,True,True,True,True,True,True,True,True
/mnt/tank/scratch/okonovalova/AffiTox/analysis/excluding_2z5x_3mjg/tables/posebuster/sdf/5jkv/qvina/ligand_181.sdf,,0,True,True,True,True,True,True,True,True,True,True,True,True,True,True,True,True,True,True,True,True,True
/mnt/tank/scratch/okonovalova/AffiTox/analysis/excluding_2z5x_3mjg/tables/posebuster/sdf/5jkv/qvina/ligand_16.sdf,,0,True,True,True,True,True,True,True,True,True,True,True,True,True,True,True,True,True,True,True,True,True
/mnt/tank/scratch/okonovalova/AffiTox/analysis/excluding_2z5x_3mjg/tables/posebuster/sdf/5jkv/qvina/ligand_177.sdf,,0,True,True,True,True,True,True,True,True,True,True,True,True,True,True,True,True,True,True,True,True,True
/mnt/tank/scratch/okonovalova/AffiTox/analysis/excluding_2z5x_3mjg/tables/posebuster/sdf/5jkv/qvina/ligand_182.sdf,,0,True,True,True,True,True,True,True,True,True,True,True,True,True,True,True,True,True,True,True,True,True
/mnt/tank/scratch/okonovalova/AffiTox/analysis/excluding_2z5x_3mjg/tables/posebuster/sdf/5jkv/qvina/ligand_169.sdf,,0,True,True,True,True,True,True,True,True,True,True,True,True,True,True,True,True,True,True,True,True,True
/mnt/tank/scratch/okonovalova/AffiTox/analysis/excluding_2z5x_3mjg/tables/posebuster/sdf/5jkv/qvina/ligand_172.sdf,,0,True,True,True,True,True,True,True,True,True,True,True,True,True,True,True,True,True,True,True,True,True
/mnt/tank/scratch/okonovalova/AffiTox/analysis/excluding_2z5x_3mjg/tables/posebuster/sdf/5jkv/qvina/ligand_170.sdf,,0,True,True,True,True,True,True,True,True,True,True,True,True,True,True,True,True,True,True,True,True,True
/mnt/tank/scratch/okonovalova/AffiTox/analysis/excluding_2z5x_3mjg/tables/posebuster/sdf/5jkv/qvina/ligand_171.sdf,,0,True,True,True,True,True,True,True,True,True,True,True,True,True,True,True,True,True,True,True,True,True
/mnt/tank/scratch/okonovalova/AffiTox/analysis/excluding_2z5x_3mjg/tables/posebuster/sdf/5jkv/qvina/ligand_184.sdf,,0,True,True,True,True,True,True,True,True,True,True,True,True,True,True,True,True,True,True,True,True,True
/mnt/tank/scratch/okonovalova/AffiTox/analysis/excluding_2z5x_3mjg/tables/posebuster/sdf/5jkv/qvina/ligand_189.sdf,,0,True,True,True,True,True,True,True,True,True,True,True,True,True,True,True,True,True,True,True,True,True
/mnt/tank/scratch/okonovalova/AffiTox/analysis/excluding_2z5x_3mjg/tables/posebuster/sdf/5jkv/qvina/ligand_187.sdf,,0,True,True,True,True,True,True,True,True,True,True,True,True,True,True,True,True,True,True,True,True,True
/mnt/tank/scratch/okonovalova/AffiTox/analysis/excluding_2z5x_3mjg/tables/posebuster/sdf/5jkv/qvina/ligand_17.sdf,,0,True,True,True,True,True,True,True,True,True,True,True,True,True,True,True,True,True,True,True,True,True
/mnt/tank/scratch/okonovalova/AffiTox/analysis/excluding_2z5x_3mjg/tables/posebuster/sdf/5jkv/qvina/ligand_180.sdf,,0,True,True,True,True,True,True,True,True,True,True,True,True,True,True,True,True,True,True,True,True,True
/mnt/tank/scratch/okonovalova/AffiTox/analysis/excluding_2z5x_3mjg/tables/posebuster/sdf/5jkv/qvina/ligand_185.sdf,,0,True,True,True,True,True,True,True,True,True,True,True,True,True,True,True,True,True,True,True,True,True
/mnt/tank/scratch/okonovalova/AffiTox/analysis/excluding_2z5x_3mjg/tables/posebuster/sdf/5jkv/qvina/ligand_186.sdf,,0,True,True,True,True,True,True,True,True,True,True,True,True,True,True,True,True,True,True,True,True,True
/mnt/tank/scratch/okonovalova/AffiTox/analysis/excluding_2z5x_3mjg/tables/posebuster/sdf/5jkv/qvina/ligand_183.sdf,,0,True,True,True,True,True,True,True,True,True,True,True,True,True,True,True,True,True,True,True,True,True
/mnt/tank/scratch/okonovalova/AffiTox/analysis/excluding_2z5x_3mjg/tables/posebuster/sdf/5jkv/qvina/ligand_18.sdf,,0,True,True,True,True,True,True,True,True,True,True,True,True,True,True,True,True,True,True,True,True,True
/mnt/tank/scratch/okonovalova/AffiTox/analysis/excluding_2z5x_3mjg/tables/posebuster/sdf/5jkv/qvina/ligand_188.sdf,,0,True,True,True,True,True,True,True,True,True,True,True,True,True,True,True,True,True,True,True,True,True
/mnt/tank/scratch/okonovalova/AffiTox/analysis/excluding_2z5x_3mjg/tables/posebuster/sdf/5jkv/qvina/ligand_190.sdf,,0,True,True,True,True,True,True,True,True,True,True,True,True,True,True,True,True,True,True,True,True,True
/mnt/tank/scratch/okonovalova/AffiTox/analysis/excluding_2z5x_3mjg/tables/posebuster/sdf/5jkv/qvina/ligand_203.sdf,,0,True,True,True,True,True,True,True,True,True,True,True,True,True,True,True,True,True,True,True,True,True
/mnt/tank/scratch/okonovalova/AffiTox/analysis/excluding_2z5x_3mjg/tables/posebuster/sdf/5jkv/qvina/ligand_194.sdf,,0,True,True,True,True,True,True,True,True,True,True,True,True,True,True,True,True,True,True,True,True,True
/mnt/tank/scratch/okonovalova/AffiTox/analysis/excluding_2z5x_3mjg/tables/posebuster/sdf/5jkv/qvina/ligand_199.sdf,,0,True,True,True,True,True,True,True,True,True,True,True,True,True,True,True,True,True,True,True,True,True
/mnt/tank/scratch/okonovalova/AffiTox/analysis/excluding_2z5x_3mjg/tables/posebuster/sdf/5jkv/qvina/ligand_192.sdf,,0,True,True,True,True,True,True,True,True,True,True,True,True,True,True,True,True,True,True,True,True,True
/mnt/tank/scratch/okonovalova/AffiTox/analysis/excluding_2z5x_3mjg/tables/posebuster/sdf/5jkv/qvina/ligand_200.sdf,,0,True,True,True,True,True,True,True,True,True,True,True,True,True,True,True,True,True,True,True,True,True
/mnt/tank/scratch/okonovalova/AffiTox/analysis/excluding_2z5x_3mjg/tables/posebuster/sdf/5jkv/qvina/ligand_197.sdf,,0,True,True,True,True,True,True,True,True,True,True,True,True,True,True,True,True,True,True,True,True,True
/mnt/tank/scratch/okonovalova/AffiTox/analysis/excluding_2z5x_3mjg/tables/posebuster/sdf/5jkv/qvina/ligand_195.sdf,,0,True,True,True,True,True,True,True,True,True,True,True,True,True,True,True,True,True,True,True,True,True
/mnt/tank/scratch/okonovalova/AffiTox/analysis/excluding_2z5x_3mjg/tables/posebuster/sdf/5jkv/qvina/ligand_196.sdf,,0,True,True,True,True,True,True,True,True,True,True,True,True,True,True,True,True,True,True,True,True,True
/mnt/tank/scratch/okonovalova/AffiTox/analysis/excluding_2z5x_3mjg/tables/posebuster/sdf/5jkv/qvina/ligand_204.sdf,,0,True,True,True,True,True,True,True,True,True,True,True,True,True,True,True,True,True,True,True,True,True
/mnt/tank/scratch/okonovalova/AffiTox/analysis/excluding_2z5x_3mjg/tables/posebuster/sdf/5jkv/qvina/ligand_205.sdf,,0,True,True,True,True,True,True,True,True,True,True,True,True,True,True,True,True,True,True,True,True,True
/mnt/tank/scratch/okonovalova/AffiTox/analysis/excluding_2z5x_3mjg/tables/posebuster/sdf/5jkv/qvina/ligand_209.sdf,,0,True,True,True,True,True,True,True,True,True,True,True,True,True,True,True,True,True,True,True,True,True
/mnt/tank/scratch/okonovalova/AffiTox/analysis/excluding_2z5x_3mjg/tables/posebuster/sdf/5jkv/qvina/ligand_198.sdf,,0,True,True,True,True,True,True,True,True,True,True,True,True,True,True,True,True,True,True,True,True,True
/mnt/tank/scratch/okonovalova/AffiTox/analysis/excluding_2z5x_3mjg/tables/posebuster/sdf/5jkv/qvina/ligand_202.sdf,,0,True,True,True,True,True,True,True,True,True,True,True,True,True,True,True,True,True,True,True,True,True
/mnt/tank/scratch/okonovalova/AffiTox/analysis/excluding_2z5x_3mjg/tables/posebuster/sdf/5jkv/qvina/ligand_1.sdf,,0,True,True,True,True,True,True,True,True,True,True,True,True,True,True,True,True,True,True,True,True,True
/mnt/tank/scratch/okonovalova/AffiTox/analysis/excluding_2z5x_3mjg/tables/posebuster/sdf/5jkv/qvina/ligand_208.sdf,,0,True,True,True,True,True,True,True,True,True,True,True,True,True,True,True,True,True,True,True,True,True
/mnt/tank/scratch/okonovalova/AffiTox/analysis/excluding_2z5x_3mjg/tables/posebuster/sdf/5jkv/qvina/ligand_191.sdf,,0,True,True,True,True,True,True,True,True,True,True,True,True,True,True,True,True,True,True,True,True,True
/mnt/tank/scratch/okonovalova/AffiTox/analysis/excluding_2z5x_3mjg/tables/posebuster/sdf/5jkv/qvina/ligand_193.sdf,,0,True,True,True,True,True,True,True,True,True,True,True,True,True,True,True,True,True,True,True,True,True
/mnt/tank/scratch/okonovalova/AffiTox/analysis/excluding_2z5x_3mjg/tables/posebuster/sdf/5jkv/qvina/ligand_201.sdf,,0,True,True,True,True,True,True,True,True,True,True,True,True,True,True,True,True,True,True,True,True,True
/mnt/tank/scratch/okonovalova/AffiTox/analysis/excluding_2z5x_3mjg/tables/posebuster/sdf/5jkv/qvina/ligand_210.sdf,,0,True,True,True,True,True,True,True,True,True,True,True,True,True,True,True,True,True,True,True,True,True
/mnt/tank/scratch/okonovalova/AffiTox/analysis/excluding_2z5x_3mjg/tables/posebuster/sdf/5jkv/qvina/ligand_19.sdf,,0,True,True,True,True,True,True,True,True,True,True,True,True,True,True,True,True,True,True,True,True,True
/mnt/tank/scratch/okonovalova/AffiTox/analysis/excluding_2z5x_3mjg/tables/posebuster/sdf/5jkv/qvina/ligand_216.sdf,,0,True,True,True,True,True,True,True,True,True,True,True,True,True,True,True,True,True,True,True,True,True
/mnt/tank/scratch/okonovalova/AffiTox/analysis/excluding_2z5x_3mjg/tables/posebuster/sdf/5jkv/qvina/ligand_20.sdf,,0,True,True,True,True,True,True,True,True,True,True,True,True,True,True,True,True,True,True,True,True,True
/mnt/tank/scratch/okonovalova/AffiTox/analysis/excluding_2z5x_3mjg/tables/posebuster/sdf/5jkv/qvina/ligand_213.sdf,,0,True,True,True,True,True,True,True,True,True,True,True,True,True,True,True,True,True,True,True,True,True
/mnt/tank/scratch/okonovalova/AffiTox/analysis/excluding_2z5x_3mjg/tables/posebuster/sdf/5jkv/qvina/ligand_207.sdf,,0,True,True,True,True,True,True,True,True,True,True,True,True,True,True,True,True,True,True,True,True,True
/mnt/tank/scratch/okonovalova/AffiTox/analysis/excluding_2z5x_3mjg/tables/posebuster/sdf/5jkv/qvina/ligand_212.sdf,,0,True,True,True,True,True,True,True,True,True,True,True,True,True,True,True,True,True,True,True,True,True
/mnt/tank/scratch/okonovalova/AffiTox/analysis/excluding_2z5x_3mjg/tables/posebuster/sdf/5jkv/qvina/ligand_220.sdf,,0,True,True,True,True,True,True,True,True,True,True,True,True,True,True,True,True,True,True,True,True,True
/mnt/tank/scratch/okonovalova/AffiTox/analysis/excluding_2z5x_3mjg/tables/posebuster/sdf/5jkv/qvina/ligand_211.sdf,,0,True,True,True,True,True,True,True,True,True,True,True,True,True,True,True,True,True,True,True,True,True
/mnt/tank/scratch/okonovalova/AffiTox/analysis/excluding_2z5x_3mjg/tables/posebuster/sdf/5jkv/qvina/ligand_206.sdf,,0,True,True,True,True,True,True,True,True,True,True,True,True,True,True,True,True,True,True,True,True,True
/mnt/tank/scratch/okonovalova/AffiTox/analysis/excluding_2z5x_3mjg/tables/posebuster/sdf/5jkv/qvina/ligand_222.sdf,,0,True,True,True,True,True,True,True,True,True,True,True,True,True,True,True,True,True,True,True,True,True
/mnt/tank/scratch/okonovalova/AffiTox/analysis/excluding_2z5x_3mjg/tables/posebuster/sdf/5jkv/qvina/ligand_214.sdf,,0,True,True,True,True,True,True,True,True,True,True,True,True,True,True,True,True,True,True,True,True,True
/mnt/tank/scratch/okonovalova/AffiTox/analysis/excluding_2z5x_3mjg/tables/posebuster/sdf/5jkv/qvina/ligand_215.sdf,,0,True,True,True,True,True,True,True,True,True,True,True,True,True,True,True,True,True,True,True,True,True
/mnt/tank/scratch/okonovalova/AffiTox/analysis/excluding_2z5x_3mjg/tables/posebuster/sdf/5jkv/qvina/ligand_221.sdf,,0,True,True,True,True,True,True,True,True,True,True,True,True,True,True,True,True,True,True,True,True,True
/mnt/tank/scratch/okonovalova/AffiTox/analysis/excluding_2z5x_3mjg/tables/posebuster/sdf/5jkv/qvina/ligand_218.sdf,,0,True,True,True,True,True,True,True,True,True,True,True,True,True,True,True,True,True,True,True,True,True
/mnt/tank/scratch/okonovalova/AffiTox/analysis/excluding_2z5x_3mjg/tables/posebuster/sdf/5jkv/qvina/ligand_225.sdf,,0,True,True,True,True,True,True,True,True,True,True,True,True,True,True,True,True,True,True,True,True,True
/mnt/tank/scratch/okonovalova/AffiTox/analysis/excluding_2z5x_3mjg/tables/posebuster/sdf/5jkv/qvina/ligand_217.sdf,,0,True,True,True,True,True,True,True,True,True,True,True,True,True,True,True,True,True,True,True,True,True
/mnt/tank/scratch/okonovalova/AffiTox/analysis/excluding_2z5x_3mjg/tables/posebuster/sdf/5jkv/qvina/ligand_223.sdf,,0,True,True,True,True,True,True,True,True,True,True,True,True,True,True,True,True,True,True,True,True,True
/mnt/tank/scratch/okonovalova/AffiTox/analysis/excluding_2z5x_3mjg/tables/posebuster/sdf/5jkv/qvina/ligand_219.sdf,,0,True,True,True,True,True,True,True,True,True,True,True,True,True,True,True,True,True,True,True,True,True
/mnt/tank/scratch/okonovalova/AffiTox/analysis/excluding_2z5x_3mjg/tables/posebuster/sdf/5jkv/qvina/ligand_21.sdf,,0,True,True,True,True,True,True,True,True,True,True,True,True,True,True,True,True,True,True,True,True,True
/mnt/tank/scratch/okonovalova/AffiTox/analysis/excluding_2z5x_3mjg/tables/posebuster/sdf/5jkv/qvina/ligand_226.sdf,,0,True,True,True,True,True,True,True,True,True,True,True,True,True,True,True,True,True,True,True,True,True
/mnt/tank/scratch/okonovalova/AffiTox/analysis/excluding_2z5x_3mjg/tables/posebuster/sdf/5jkv/qvina/ligand_227.sdf,,0,True,True,True,True,True,True,True,True,True,True,True,True,True,True,True,True,True,True,True,True,True
/mnt/tank/scratch/okonovalova/AffiTox/analysis/excluding_2z5x_3mjg/tables/posebuster/sdf/5jkv/qvina/ligand_229.sdf,,0,True,True,True,True,True,True,True,True,True,True,True,True,True,True,True,True,True,True,True,True,True
/mnt/tank/scratch/okonovalova/AffiTox/analysis/excluding_2z5x_3mjg/tables/posebuster/sdf/5jkv/qvina/ligand_224.sdf,,0,True,True,True,True,True,True,True,True,True,True,True,True,True,True,True,True,True,True,True,True,True
/mnt/tank/scratch/okonovalova/AffiTox/analysis/excluding_2z5x_3mjg/tables/posebuster/sdf/5jkv/qvina/ligand_237.sdf,,0,True,True,True,True,True,True,True,True,True,True,True,True,True,True,True,True,True,True,True,True,True
/mnt/tank/scratch/okonovalova/AffiTox/analysis/excluding_2z5x_3mjg/tables/posebuster/sdf/5jkv/qvina/ligand_234.sdf,,0,True,True,True,True,True,True,True,True,True,True,True,True,True,True,True,True,True,True,True,True,True
/mnt/tank/scratch/okonovalova/AffiTox/analysis/excluding_2z5x_3mjg/tables/posebuster/sdf/5jkv/qvina/ligand_22.sdf,,0,True,True,True,True,True,True,True,True,True,True,True,True,True,True,True,True,True,True,True,True,True
/mnt/tank/scratch/okonovalova/AffiTox/analysis/excluding_2z5x_3mjg/tables/posebuster/sdf/5jkv/qvina/ligand_230.sdf,,0,True,True,True,True,True,True,True,True,True,True,True,True,True,True,True,True,True,True,True,True,True
/mnt/tank/scratch/okonovalova/AffiTox/analysis/excluding_2z5x_3mjg/tables/posebuster/sdf/5jkv/qvina/ligand_228.sdf,,0,True,True,True,True,True,True,True,True,True,True,True,True,True,True,True,True,True,True,True,True,True
/mnt/tank/scratch/okonovalova/AffiTox/analysis/excluding_2z5x_3mjg/tables/posebuster/sdf/5jkv/qvina/ligand_231.sdf,,0,True,True,True,True,True,True,True,True,True,True,True,True,True,True,True,True,True,True,True,True,True
/mnt/tank/scratch/okonovalova/AffiTox/analysis/excluding_2z5x_3mjg/tables/posebuster/sdf/5jkv/qvina/ligand_238.sdf,,0,True,True,True,True,True,True,True,True,True,True,True,True,True,True,True,True,True,True,True,True,True
/mnt/tank/scratch/okonovalova/AffiTox/analysis/excluding_2z5x_3mjg/tables/posebuster/sdf/5jkv/qvina/ligand_233.sdf,,0,True,True,True,True,True,True,True,True,True,True,True,True,True,True,True,True,True,True,True,True,True
/mnt/tank/scratch/okonovalova/AffiTox/analysis/excluding_2z5x_3mjg/tables/posebuster/sdf/5jkv/qvina/ligand_241.sdf,,0,True,True,True,True,True,True,True,True,True,True,True,True,True,True,True,True,True,True,True,True,True
/mnt/tank/scratch/okonovalova/AffiTox/analysis/excluding_2z5x_3mjg/tables/posebuster/sdf/5jkv/qvina/ligand_236.sdf,,0,True,True,True,True,True,True,True,True,True,True,True,True,True,True,True,True,True,True,True,True,True
/mnt/tank/scratch/okonovalova/AffiTox/analysis/excluding_2z5x_3mjg/tables/posebuster/sdf/5jkv/qvina/ligand_239.sdf,,0,True,True,True,True,True,True,True,True,True,True,True,True,True,True,True,True,True,True,True,True,True
/mnt/tank/scratch/okonovalova/AffiTox/analysis/excluding_2z5x_3mjg/tables/posebuster/sdf/5jkv/qvina/ligand_23.sdf,,0,True,True,True,True,True,True,True,True,True,True,True,True,True,True,True,True,True,True,True,True,True
/mnt/tank/scratch/okonovalova/AffiTox/analysis/excluding_2z5x_3mjg/tables/posebuster/sdf/5jkv/qvina/ligand_232.sdf,,0,True,True,True,True,True,True,True,True,True,True,True,True,True,True,True,True,True,True,True,True,True
/mnt/tank/scratch/okonovalova/AffiTox/analysis/excluding_2z5x_3mjg/tables/posebuster/sdf/5jkv/qvina/ligand_246.sdf,,0,True,True,True,True,True,True,True,True,True,True,True,True,True,True,True,True,True,True,True,True,True
/mnt/tank/scratch/okonovalova/AffiTox/analysis/excluding_2z5x_3mjg/tables/posebuster/sdf/5jkv/qvina/ligand_242.sdf,,0,True,True,True,True,True,True,True,True,True,True,True,True,True,True,True,True,True,True,True,True,True
/mnt/tank/scratch/okonovalova/AffiTox/analysis/excluding_2z5x_3mjg/tables/posebuster/sdf/5jkv/qvina/ligand_245.sdf,,0,True,True,True,True,True,True,True,True,True,True,True,True,True,True,True,True,True,True,True,True,True
/mnt/tank/scratch/okonovalova/AffiTox/analysis/excluding_2z5x_3mjg/tables/posebuster/sdf/5jkv/qvina/ligand_235.sdf,,0,True,True,True,True,True,True,True,True,True,True,True,True,True,True,True,True,True,True,True,True,True
/mnt/tank/scratch/okonovalova/AffiTox/analysis/excluding_2z5x_3mjg/tables/posebuster/sdf/5jkv/qvina/ligand_247.sdf,,0,True,True,True,True,True,True,True,True,True,True,True,True,True,True,True,True,True,True,True,True,True
/mnt/tank/scratch/okonovalova/AffiTox/analysis/excluding_2z5x_3mjg/tables/posebuster/sdf/5jkv/qvina/ligand_240.sdf,,0,True,True,True,True,True,True,True,True,True,True,True,True,True,True,True,True,True,True,True,True,True
/mnt/tank/scratch/okonovalova/AffiTox/analysis/excluding_2z5x_3mjg/tables/posebuster/sdf/5jkv/qvina/ligand_248.sdf,,0,True,True,True,True,True,True,True,True,True,True,True,True,True,True,True,True,True,True,True,True,True
/mnt/tank/scratch/okonovalova/AffiTox/analysis/excluding_2z5x_3mjg/tables/posebuster/sdf/5jkv/qvina/ligand_254.sdf,,0,True,True,True,True,True,True,True,True,True,True,True,True,True,True,True,True,True,True,True,True,True
/mnt/tank/scratch/okonovalova/AffiTox/analysis/excluding_2z5x_3mjg/tables/posebuster/sdf/5jkv/qvina/ligand_256.sdf,,0,True,True,True,True,True,True,True,True,True,True,True,True,True,True,True,True,True,True,True,True,True
/mnt/tank/scratch/okonovalova/AffiTox/analysis/excluding_2z5x_3mjg/tables/posebuster/sdf/5jkv/qvina/ligand_249.sdf,,0,True,True,True,True,True,True,True,True,True,True,True,True,True,True,True,True,True,True,True,True,True
/mnt/tank/scratch/okonovalova/AffiTox/analysis/excluding_2z5x_3mjg/tables/posebuster/sdf/5jkv/qvina/ligand_257.sdf,,0,True,True,True,True,True,True,True,True,True,True,True,True,True,True,True,True,True,True,True,True,True
/mnt/tank/scratch/okonovalova/AffiTox/analysis/excluding_2z5x_3mjg/tables/posebuster/sdf/5jkv/qvina/ligand_243.sdf,,0,True,True,True,True,True,True,True,True,True,True,True,True,True,True,True,True,True,True,True,True,True
/mnt/tank/scratch/okonovalova/AffiTox/analysis/excluding_2z5x_3mjg/tables/posebuster/sdf/5jkv/qvina/ligand_244.sdf,,0,True,True,True,True,True,True,True,True,True,True,True,True,True,True,True,True,True,True,True,True,True
/mnt/tank/scratch/okonovalova/AffiTox/analysis/excluding_2z5x_3mjg/tables/posebuster/sdf/5jkv/qvina/ligand_259.sdf,,0,True,True,True,True,True,True,True,True,True,True,True,True,True,True,True,True,True,True,True,True,True
/mnt/tank/scratch/okonovalova/AffiTox/analysis/excluding_2z5x_3mjg/tables/posebuster/sdf/5jkv/qvina/ligand_251.sdf,,0,True,True,True,True,True,True,True,True,True,True,True,True,True,True,True,True,True,True,True,True,True
/mnt/tank/scratch/okonovalova/AffiTox/analysis/excluding_2z5x_3mjg/tables/posebuster/sdf/5jkv/qvina/ligand_262.sdf,,0,True,True,True,True,True,True,True,True,True,True,True,True,True,True,True,True,True,True,True,True,True
/mnt/tank/scratch/okonovalova/AffiTox/analysis/excluding_2z5x_3mjg/tables/posebuster/sdf/5jkv/qvina/ligand_261.sdf,,0,True,True,True,True,True,True,True,True,True,True,True,True,True,True,True,True,True,True,True,True,True
/mnt/tank/scratch/okonovalova/AffiTox/analysis/excluding_2z5x_3mjg/tables/posebuster/sdf/5jkv/qvina/ligand_25.sdf,,0,True,True,True,True,True,True,True,True,True,True,True,True,True,True,True,True,True,True,True,True,True
/mnt/tank/scratch/okonovalova/AffiTox/analysis/excluding_2z5x_3mjg/tables/posebuster/sdf/5jkv/qvina/ligand_258.sdf,,0,True,True,True,True,True,True,True,True,True,True,True,True,True,True,True,True,True,True,True,True,True
/mnt/tank/scratch/okonovalova/AffiTox/analysis/excluding_2z5x_3mjg/tables/posebuster/sdf/5jkv/qvina/ligand_263.sdf,,0,True,True,True,True,True,True,True,True,True,True,True,True,True,True,True,True,True,True,True,True,True
/mnt/tank/scratch/okonovalova/AffiTox/analysis/excluding_2z5x_3mjg/tables/posebuster/sdf/5jkv/qvina/ligand_24.sdf,,0,True,True,True,True,True,True,True,True,True,True,True,True,True,True,True,True,True,True,True,True,True
/mnt/tank/scratch/okonovalova/AffiTox/analysis/excluding_2z5x_3mjg/tables/posebuster/sdf/5jkv/qvina/ligand_265.sdf,,0,True,True,True,True,True,True,True,True,True,True,True,True,True,True,True,True,True,True,True,True,True
/mnt/tank/scratch/okonovalova/AffiTox/analysis/excluding_2z5x_3mjg/tables/posebuster/sdf/5jkv/qvina/ligand_266.sdf,,0,True,True,True,True,True,True,True,True,True,True,True,True,True,True,True,True,True,True,True,True,True
/mnt/tank/scratch/okonovalova/AffiTox/analysis/excluding_2z5x_3mjg/tables/posebuster/sdf/5jkv/qvina/ligand_260.sdf,,0,True,True,True,True,True,True,True,True,True,True,True,True,True,True,True,True,True,True,True,True,True
/mnt/tank/scratch/okonovalova/AffiTox/analysis/excluding_2z5x_3mjg/tables/posebuster/sdf/5jkv/qvina/ligand_269.sdf,,0,True,True,True,True,True,True,True,True,True,True,True,True,True,True,True,True,True,True,True,True,True
/mnt/tank/scratch/okonovalova/AffiTox/analysis/excluding_2z5x_3mjg/tables/posebuster/sdf/5jkv/qvina/ligand_250.sdf,,0,True,True,True,True,True,True,True,True,True,True,True,True,True,True,True,True,True,True,True,True,True
/mnt/tank/scratch/okonovalova/AffiTox/analysis/excluding_2z5x_3mjg/tables/posebuster/sdf/5jkv/qvina/ligand_253.sdf,,0,True,True,True,True,True,True,True,True,True,True,True,True,True,True,True,True,True,True,True,True,True
/mnt/tank/scratch/okonovalova/AffiTox/analysis/excluding_2z5x_3mjg/tables/posebuster/sdf/5jkv/qvina/ligand_255.sdf,,0,True,True,True,True,True,True,True,True,True,True,True,True,True,True,True,True,True,True,True,True,True
/mnt/tank/scratch/okonovalova/AffiTox/analysis/excluding_2z5x_3mjg/tables/posebuster/sdf/5jkv/qvina/ligand_273.sdf,,0,True,True,True,True,True,True,True,True,True,True,True,True,True,True,True,True,True,True,True,True,True
/mnt/tank/scratch/okonovalova/AffiTox/analysis/excluding_2z5x_3mjg/tables/posebuster/sdf/5jkv/qvina/ligand_276.sdf,,0,True,True,True,True,True,True,True,True,True,True,True,True,True,True,True,True,True,True,True,True,True
/mnt/tank/scratch/okonovalova/AffiTox/analysis/excluding_2z5x_3mjg/tables/posebuster/sdf/5jkv/qvina/ligand_267.sdf,,0,True,True,True,True,True,True,True,True,True,True,True,True,True,True,True,True,True,True,True,True,True
/mnt/tank/scratch/okonovalova/AffiTox/analysis/excluding_2z5x_3mjg/tables/posebuster/sdf/5jkv/qvina/ligand_268.sdf,,0,True,True,True,True,True,True,True,True,True,True,True,True,True,True,True,True,True,True,True,True,True
/mnt/tank/scratch/okonovalova/AffiTox/analysis/excluding_2z5x_3mjg/tables/posebuster/sdf/5jkv/qvina/ligand_26.sdf,,0,True,True,True,True,True,True,True,True,True,True,True,True,True,True,True,True,True,True,True,True,True
/mnt/tank/scratch/okonovalova/AffiTox/analysis/excluding_2z5x_3mjg/tables/posebuster/sdf/5jkv/qvina/ligand_270.sdf,,0,True,True,True,True,True,True,True,True,True,True,True,True,True,True,True,True,True,True,True,True,True
/mnt/tank/scratch/okonovalova/AffiTox/analysis/excluding_2z5x_3mjg/tables/posebuster/sdf/5jkv/qvina/ligand_252.sdf,,0,True,True,True,True,True,True,True,True,True,True,True,True,True,True,True,True,True,True,True,True,True
/mnt/tank/scratch/okonovalova/AffiTox/analysis/excluding_2z5x_3mjg/tables/posebuster/sdf/5jkv/qvina/ligand_264.sdf,,0,True,True,True,True,True,True,True,True,True,True,True,True,True,True,True,True,True,True,True,True,True
/mnt/tank/scratch/okonovalova/AffiTox/analysis/excluding_2z5x_3mjg/tables/posebuster/sdf/5jkv/qvina/ligand_278.sdf,,0,True,True,True,True,True,True,True,True,True,True,True,True,True,True,True,True,True,True,True,True,True
/mnt/tank/scratch/okonovalova/AffiTox/analysis/excluding_2z5x_3mjg/tables/posebuster/sdf/5jkv/qvina/ligand_279.sdf,,0,True,True,True,True,True,True,True,True,True,True,True,True,True,True,True,True,True,True,True,True,True
/mnt/tank/scratch/okonovalova/AffiTox/analysis/excluding_2z5x_3mjg/tables/posebuster/sdf/5jkv/qvina/ligand_277.sdf,,0,True,True,True,True,True,True,True,True,True,True,True,True,True,True,True,True,True,True,True,True,True
/mnt/tank/scratch/okonovalova/AffiTox/analysis/excluding_2z5x_3mjg/tables/posebuster/sdf/5jkv/qvina/ligand_280.sdf,,0,True,True,True,True,True,True,True,True,True,True,True,True,True,True,True,True,True,True,True,True,True
/mnt/tank/scratch/okonovalova/AffiTox/analysis/excluding_2z5x_3mjg/tables/posebuster/sdf/5jkv/qvina/ligand_272.sdf,,0,True,True,True,True,True,True,True,True,True,True,True,True,True,True,True,True,True,True,True,True,True
/mnt/tank/scratch/okonovalova/AffiTox/analysis/excluding_2z5x_3mjg/tables/posebuster/sdf/5jkv/qvina/ligand_271.sdf,,0,True,True,True,True,True,True,True,True,True,True,True,True,True,True,True,True,True,True,True,True,True
/mnt/tank/scratch/okonovalova/AffiTox/analysis/excluding_2z5x_3mjg/tables/posebuster/sdf/5jkv/qvina/ligand_275.sdf,,0,True,True,True,True,True,True,True,True,True,True,True,True,True,True,True,True,True,True,True,True,True
/mnt/tank/scratch/okonovalova/AffiTox/analysis/excluding_2z5x_3mjg/tables/posebuster/sdf/5jkv/qvina/ligand_274.sdf,,0,True,True,True,True,True,True,True,True,True,True,True,True,True,True,True,True,True,True,True,True,True
/mnt/tank/scratch/okonovalova/AffiTox/analysis/excluding_2z5x_3mjg/tables/posebuster/sdf/5jkv/qvina/ligand_27.sdf,,0,True,True,True,True,True,True,True,True,True,True,True,True,True,True,True,True,True,True,True,True,True
/mnt/tank/scratch/okonovalova/AffiTox/analysis/excluding_2z5x_3mjg/tables/posebuster/sdf/5jkv/qvina/ligand_289.sdf,,0,True,True,True,True,True,True,True,True,True,True,True,True,True,True,True,True,True,True,True,True,True
/mnt/tank/scratch/okonovalova/AffiTox/analysis/excluding_2z5x_3mjg/tables/posebuster/sdf/5jkv/qvina/ligand_294.sdf,,0,True,True,True,True,True,True,True,True,True,True,True,True,True,True,True,True,True,True,True,True,True
/mnt/tank/scratch/okonovalova/AffiTox/analysis/excluding_2z5x_3mjg/tables/posebuster/sdf/5jkv/qvina/ligand_291.sdf,,0,True,True,True,True,True,True,True,True,True,True,True,True,True,True,True,True,True,True,True,True,True
/mnt/tank/scratch/okonovalova/AffiTox/analysis/excluding_2z5x_3mjg/tables/posebuster/sdf/5jkv/qvina/ligand_292.sdf,,0,True,True,True,True,True,True,True,True,True,True,True,True,True,True,True,True,True,True,True,True,True
/mnt/tank/scratch/okonovalova/AffiTox/analysis/excluding_2z5x_3mjg/tables/posebuster/sdf/5jkv/qvina/ligand_288.sdf,,0,True,True,True,True,True,True,True,True,True,True,True,True,True,True,True,True,True,True,True,True,True
/mnt/tank/scratch/okonovalova/AffiTox/analysis/excluding_2z5x_3mjg/tables/posebuster/sdf/5jkv/qvina/ligand_293.sdf,,0,True,True,True,True,True,True,True,True,True,True,True,True,True,True,True,True,True,True,True,True,True
/mnt/tank/scratch/okonovalova/AffiTox/analysis/excluding_2z5x_3mjg/tables/posebuster/sdf/5jkv/qvina/ligand_290.sdf,,0,True,True,True,True,True,True,True,True,True,True,True,True,True,True,True,True,True,True,True,True,True
/mnt/tank/scratch/okonovalova/AffiTox/analysis/excluding_2z5x_3mjg/tables/posebuster/sdf/5jkv/qvina/ligand_282.sdf,,0,True,True,True,True,True,True,True,True,True,True,True,True,True,True,True,True,True,True,True,True,True
/mnt/tank/scratch/okonovalova/AffiTox/analysis/excluding_2z5x_3mjg/tables/posebuster/sdf/5jkv/qvina/ligand_287.sdf,,0,True,True,True,True,True,True,True,True,True,True,True,True,True,True,True,True,True,True,True,True,True
/mnt/tank/scratch/okonovalova/AffiTox/analysis/excluding_2z5x_3mjg/tables/posebuster/sdf/5jkv/qvina/ligand_284.sdf,,0,True,True,True,True,True,True,True,True,True,True,True,True,True,True,True,True,True,True,True,True,True
/mnt/tank/scratch/okonovalova/AffiTox/analysis/excluding_2z5x_3mjg/tables/posebuster/sdf/5jkv/qvina/ligand_300.sdf,,0,True,True,True,True,True,True,True,True,True,True,True,True,True,True,True,True,True,True,True,True,True
/mnt/tank/scratch/okonovalova/AffiTox/analysis/excluding_2z5x_3mjg/tables/posebuster/sdf/5jkv/qvina/ligand_28.sdf,,0,True,True,True,True,True,True,True,True,True,True,True,True,True,True,True,True,True,True,True,True,True
/mnt/tank/scratch/okonovalova/AffiTox/analysis/excluding_2z5x_3mjg/tables/posebuster/sdf/5jkv/qvina/ligand_296.sdf,,0,True,True,True,True,True,True,True,True,True,True,True,True,True,True,True,True,True,True,True,True,True
/mnt/tank/scratch/okonovalova/AffiTox/analysis/excluding_2z5x_3mjg/tables/posebuster/sdf/5jkv/qvina/ligand_301.sdf,,0,True,True,True,True,True,True,True,True,True,True,True,True,True,True,True,True,True,True,True,True,True
/mnt/tank/scratch/okonovalova/AffiTox/analysis/excluding_2z5x_3mjg/tables/posebuster/sdf/5jkv/qvina/ligand_2.sdf,,0,True,True,True,True,True,True,True,True,True,True,True,True,True,True,True,True,True,True,True,True,True
/mnt/tank/scratch/okonovalova/AffiTox/analysis/excluding_2z5x_3mjg/tables/posebuster/sdf/5jkv/qvina/ligand_29.sdf,,0,True,True,True,True,True,True,True,True,True,True,True,True,True,True,True,True,True,True,True,True,True
/mnt/tank/scratch/okonovalova/AffiTox/analysis/excluding_2z5x_3mjg/tables/posebuster/sdf/5jkv/qvina/ligand_283.sdf,,0,True,True,True,True,True,True,True,True,True,True,True,True,True,True,True,True,True,True,True,True,True
/mnt/tank/scratch/okonovalova/AffiTox/analysis/excluding_2z5x_3mjg/tables/posebuster/sdf/5jkv/qvina/ligand_295.sdf,,0,True,True,True,True,True,True,True,True,True,True,True,True,True,True,True,True,True,True,True,True,True
/mnt/tank/scratch/okonovalova/AffiTox/analysis/excluding_2z5x_3mjg/tables/posebuster/sdf/5jkv/qvina/ligand_285.sdf,,0,True,True,True,True,True,True,True,True,True,True,True,True,True,True,True,True,True,True,True,True,True
/mnt/tank/scratch/okonovalova/AffiTox/analysis/excluding_2z5x_3mjg/tables/posebuster/sdf/5jkv/qvina/ligand_281.sdf,,0,True,True,True,True,True,True,True,True,True,True,True,True,True,True,True,True,True,True,True,True,True
/mnt/tank/scratch/okonovalova/AffiTox/analysis/excluding_2z5x_3mjg/tables/posebuster/sdf/5jkv/qvina/ligand_286.sdf,,0,True,True,True,True,True,True,True,True,True,True,True,True,True,True,True,True,True,True,True,True,True
/mnt/tank/scratch/okonovalova/AffiTox/analysis/excluding_2z5x_3mjg/tables/posebuster/sdf/5jkv/qvina/ligand_307.sdf,,0,True,True,True,True,True,True,True,True,True,True,True,True,True,True,True,True,True,True,True,True,True
/mnt/tank/scratch/okonovalova/AffiTox/analysis/excluding_2z5x_3mjg/tables/posebuster/sdf/5jkv/qvina/ligand_304.sdf,,0,True,True,True,True,True,True,True,True,True,True,True,True,True,True,True,True,True,True,True,True,True
/mnt/tank/scratch/okonovalova/AffiTox/analysis/excluding_2z5x_3mjg/tables/posebuster/sdf/5jkv/qvina/ligand_308.sdf,,0,True,True,True,True,True,True,True,True,True,True,True,True,True,True,True,True,True,True,True,True,True
/mnt/tank/scratch/okonovalova/AffiTox/analysis/excluding_2z5x_3mjg/tables/posebuster/sdf/5jkv/qvina/ligand_303.sdf,,0,True,True,True,True,True,True,True,True,True,True,True,True,True,True,True,True,True,True,True,True,True
/mnt/tank/scratch/okonovalova/AffiTox/analysis/excluding_2z5x_3mjg/tables/posebuster/sdf/5jkv/qvina/ligand_312.sdf,,0,True,True,True,True,True,True,True,True,True,True,True,True,True,True,True,True,True,True,True,True,True
/mnt/tank/scratch/okonovalova/AffiTox/analysis/excluding_2z5x_3mjg/tables/posebuster/sdf/5jkv/qvina/ligand_299.sdf,,0,True,True,True,True,True,True,True,True,True,True,True,True,True,True,True,True,True,True,True,True,True
/mnt/tank/scratch/okonovalova/AffiTox/analysis/excluding_2z5x_3mjg/tables/posebuster/sdf/5jkv/qvina/ligand_310.sdf,,0,True,True,True,True,True,True,True,True,True,True,True,True,True,True,True,True,True,True,True,True,True
/mnt/tank/scratch/okonovalova/AffiTox/analysis/excluding_2z5x_3mjg/tables/posebuster/sdf/5jkv/qvina/ligand_298.sdf,,0,True,True,True,True,True,True,True,True,True,True,True,True,True,True,True,True,True,True,True,True,True
/mnt/tank/scratch/okonovalova/AffiTox/analysis/excluding_2z5x_3mjg/tables/posebuster/sdf/5jkv/qvina/ligand_311.sdf,,0,True,True,True,True,True,True,True,True,True,True,True,True,True,True,True,True,True,True,True,True,True
/mnt/tank/scratch/okonovalova/AffiTox/analysis/excluding_2z5x_3mjg/tables/posebuster/sdf/5jkv/qvina/ligand_297.sdf,,0,True,True,True,True,True,True,True,True,True,True,True,True,True,True,True,True,True,True,True,True,True
/mnt/tank/scratch/okonovalova/AffiTox/analysis/excluding_2z5x_3mjg/tables/posebuster/sdf/5jkv/qvina/ligand_313.sdf,,0,True,True,True,True,True,True,True,True,True,True,True,True,True,True,True,True,True,True,True,True,True
/mnt/tank/scratch/okonovalova/AffiTox/analysis/excluding_2z5x_3mjg/tables/posebuster/sdf/5jkv/qvina/ligand_306.sdf,,0,True,True,True,True,True,True,True,True,True,True,True,True,True,True,True,True,True,True,True,True,True
/mnt/tank/scratch/okonovalova/AffiTox/analysis/excluding_2z5x_3mjg/tables/posebuster/sdf/5jkv/qvina/ligand_317.sdf,,0,True,True,True,True,True,True,True,True,True,True,True,True,True,True,True,True,True,True,True,True,True
/mnt/tank/scratch/okonovalova/AffiTox/analysis/excluding_2z5x_3mjg/tables/posebuster/sdf/5jkv/qvina/ligand_30.sdf,,0,True,True,True,True,True,True,True,True,True,True,True,True,True,True,True,True,True,True,True,True,True
/mnt/tank/scratch/okonovalova/AffiTox/analysis/excluding_2z5x_3mjg/tables/posebuster/sdf/5jkv/qvina/ligand_314.sdf,,0,True,True,True,True,True,True,True,True,True,True,True,True,True,True,True,True,True,True,True,True,True
/mnt/tank/scratch/okonovalova/AffiTox/analysis/excluding_2z5x_3mjg/tables/posebuster/sdf/5jkv/qvina/ligand_302.sdf,,0,True,True,True,True,True,True,True,True,True,True,True,True,True,True,True,True,True,True,True,True,True
/mnt/tank/scratch/okonovalova/AffiTox/analysis/excluding_2z5x_3mjg/tables/posebuster/sdf/5jkv/qvina/ligand_305.sdf,,0,True,True,True,True,True,True,True,True,True,True,True,True,True,True,True,True,True,True,True,True,True
/mnt/tank/scratch/okonovalova/AffiTox/analysis/excluding_2z5x_3mjg/tables/posebuster/sdf/5jkv/qvina/ligand_309.sdf,,0,True,True,True,True,True,True,True,True,True,True,True,True,True,True,True,True,True,True,True,True,True
/mnt/tank/scratch/okonovalova/AffiTox/analysis/excluding_2z5x_3mjg/tables/posebuster/sdf/5jkv/qvina/ligand_31.sdf,,0,True,True,True,True,True,True,True,True,True,True,True,True,True,True,True,True,True,True,True,True,True
/mnt/tank/scratch/okonovalova/AffiTox/analysis/excluding_2z5x_3mjg/tables/posebuster/sdf/5jkv/qvina/ligand_318.sdf,,0,True,True,True,True,True,True,True,True,True,True,True,True,True,True,True,True,True,True,True,True,True
/mnt/tank/scratch/okonovalova/AffiTox/analysis/excluding_2z5x_3mjg/tables/posebuster/sdf/5jkv/qvina/ligand_321.sdf,,0,True,True,True,True,True,True,True,True,True,True,True,True,True,True,True,True,True,True,True,True,True
/mnt/tank/scratch/okonovalova/AffiTox/analysis/excluding_2z5x_3mjg/tables/posebuster/sdf/5jkv/qvina/ligand_319.sdf,,0,True,True,True,True,True,True,True,True,True,True,True,True,True,True,True,True,True,True,True,True,True
/mnt/tank/scratch/okonovalova/AffiTox/analysis/excluding_2z5x_3mjg/tables/posebuster/sdf/5jkv/qvina/ligand_322.sdf,,0,True,True,True,True,True,True,True,True,True,True,True,True,True,True,True,True,True,True,True,True,True
/mnt/tank/scratch/okonovalova/AffiTox/analysis/excluding_2z5x_3mjg/tables/posebuster/sdf/5jkv/qvina/ligand_323.sdf,,0,True,True,True,True,True,True,True,True,True,True,True,True,True,True,True,True,True,True,True,True,True
/mnt/tank/scratch/okonovalova/AffiTox/analysis/excluding_2z5x_3mjg/tables/posebuster/sdf/5jkv/qvina/ligand_329.sdf,,0,True,True,True,True,True,True,True,True,True,True,True,True,True,True,True,True,True,True,True,True,True
/mnt/tank/scratch/okonovalova/AffiTox/analysis/excluding_2z5x_3mjg/tables/posebuster/sdf/5jkv/qvina/ligand_315.sdf,,0,True,True,True,True,True,True,True,True,True,True,True,True,True,True,True,True,True,True,True,True,True
/mnt/tank/scratch/okonovalova/AffiTox/analysis/excluding_2z5x_3mjg/tables/posebuster/sdf/5jkv/qvina/ligand_316.sdf,,0,True,True,True,True,True,True,True,True,True,True,True,True,True,True,True,True,True,True,True,True,True
/mnt/tank/scratch/okonovalova/AffiTox/analysis/excluding_2z5x_3mjg/tables/posebuster/sdf/5jkv/qvina/ligand_32.sdf,,0,True,True,True,True,True,True,True,True,True,True,True,True,True,True,True,True,True,True,True,True,True
/mnt/tank/scratch/okonovalova/AffiTox/analysis/excluding_2z5x_3mjg/tables/posebuster/sdf/5jkv/qvina/ligand_320.sdf,,0,True,True,True,True,True,True,True,True,True,True,True,True,True,True,True,True,True,True,True,True,True
/mnt/tank/scratch/okonovalova/AffiTox/analysis/excluding_2z5x_3mjg/tables/posebuster/sdf/5jkv/qvina/ligand_333.sdf,,0,True,True,True,True,True,True,True,True,True,True,True,True,True,True,True,True,True,True,True,True,True
/mnt/tank/scratch/okonovalova/AffiTox/analysis/excluding_2z5x_3mjg/tables/posebuster/sdf/5jkv/qvina/ligand_332.sdf,,0,True,True,True,True,True,True,True,True,True,True,True,True,True,True,True,True,True,True,True,True,True
/mnt/tank/scratch/okonovalova/AffiTox/analysis/excluding_2z5x_3mjg/tables/posebuster/sdf/5jkv/qvina/ligand_328.sdf,,0,True,True,True,True,True,True,True,True,True,True,True,True,True,True,True,True,True,True,True,True,True
/mnt/tank/scratch/okonovalova/AffiTox/analysis/excluding_2z5x_3mjg/tables/posebuster/sdf/5jkv/qvina/ligand_327.sdf,,0,True,True,True,True,True,True,True,True,True,True,True,True,True,True,True,True,True,True,True,True,True
/mnt/tank/scratch/okonovalova/AffiTox/analysis/excluding_2z5x_3mjg/tables/posebuster/sdf/5jkv/qvina/ligand_335.sdf,,0,True,True,True,True,True,True,True,True,True,True,True,True,True,True,True,True,True,True,True,True,True
/mnt/tank/scratch/okonovalova/AffiTox/analysis/excluding_2z5x_3mjg/tables/posebuster/sdf/5jkv/qvina/ligand_339.sdf,,0,True,True,True,True,True,True,True,True,True,True,True,True,True,True,True,True,True,True,True,True,True
/mnt/tank/scratch/okonovalova/AffiTox/analysis/excluding_2z5x_3mjg/tables/posebuster/sdf/5jkv/qvina/ligand_330.sdf,,0,True,True,True,True,True,True,True,True,True,True,True,True,True,True,True,True,True,True,True,True,True
/mnt/tank/scratch/okonovalova/AffiTox/analysis/excluding_2z5x_3mjg/tables/posebuster/sdf/5jkv/qvina/ligand_324.sdf,,0,True,True,True,True,True,True,True,True,True,True,True,True,True,True,True,True,True,True,True,True,True
/mnt/tank/scratch/okonovalova/AffiTox/analysis/excluding_2z5x_3mjg/tables/posebuster/sdf/5jkv/qvina/ligand_331.sdf,,0,True,True,True,True,True,True,True,True,True,True,True,True,True,True,True,True,True,True,True,True,True
/mnt/tank/scratch/okonovalova/AffiTox/analysis/excluding_2z5x_3mjg/tables/posebuster/sdf/5jkv/qvina/ligand_325.sdf,,0,True,True,True,True,True,True,True,True,True,True,True,True,True,True,True,True,True,True,True,True,True
/mnt/tank/scratch/okonovalova/AffiTox/analysis/excluding_2z5x_3mjg/tables/posebuster/sdf/5jkv/qvina/ligand_336.sdf,,0,True,True,True,True,True,True,True,True,True,True,True,True,True,True,True,True,True,True,True,True,True
/mnt/tank/scratch/okonovalova/AffiTox/analysis/excluding_2z5x_3mjg/tables/posebuster/sdf/5jkv/qvina/ligand_326.sdf,,0,True,True,True,True,True,True,True,True,True,True,True,True,True,True,True,True,True,True,True,True,True
/mnt/tank/scratch/okonovalova/AffiTox/analysis/excluding_2z5x_3mjg/tables/posebuster/sdf/5jkv/qvina/ligand_334.sdf,,0,True,True,True,True,True,True,True,True,True,True,True,True,True,True,True,True,True,True,True,True,True
/mnt/tank/scratch/okonovalova/AffiTox/analysis/excluding_2z5x_3mjg/tables/posebuster/sdf/5jkv/qvina/ligand_337.sdf,,0,True,True,True,True,True,True,True,True,True,True,True,True,True,True,True,True,True,True,True,True,True
/mnt/tank/scratch/okonovalova/AffiTox/analysis/excluding_2z5x_3mjg/tables/posebuster/sdf/5jkv/qvina/ligand_342.sdf,,0,True,True,True,True,True,True,True,True,True,True,True,True,True,True,True,True,True,True,True,True,True
/mnt/tank/scratch/okonovalova/AffiTox/analysis/excluding_2z5x_3mjg/tables/posebuster/sdf/5jkv/qvina/ligand_344.sdf,,0,True,True,True,True,True,True,True,True,True,True,True,True,True,True,True,True,True,True,True,True,True
/mnt/tank/scratch/okonovalova/AffiTox/analysis/excluding_2z5x_3mjg/tables/posebuster/sdf/5jkv/qvina/ligand_340.sdf,,0,True,True,True,True,True,True,True,True,True,True,True,True,True,True,True,True,True,True,True,True,True
/mnt/tank/scratch/okonovalova/AffiTox/analysis/excluding_2z5x_3mjg/tables/posebuster/sdf/5jkv/qvina/ligand_341.sdf,,0,True,True,True,True,True,True,True,True,True,True,True,True,True,True,True,True,True,True,True,True,True
/mnt/tank/scratch/okonovalova/AffiTox/analysis/excluding_2z5x_3mjg/tables/posebuster/sdf/5jkv/qvina/ligand_338.sdf,,0,True,True,True,True,True,True,True,True,True,True,True,True,True,True,True,True,True,True,True,True,True
/mnt/tank/scratch/okonovalova/AffiTox/analysis/excluding_2z5x_3mjg/tables/posebuster/sdf/5jkv/qvina/ligand_345.sdf,,0,True,True,True,True,True,True,True,True,True,True,True,True,True,True,True,True,True,True,True,True,True
/mnt/tank/scratch/okonovalova/AffiTox/analysis/excluding_2z5x_3mjg/tables/posebuster/sdf/5jkv/qvina/ligand_348.sdf,,0,True,True,True,True,True,True,True,True,True,True,True,True,True,True,True,True,True,True,True,True,True
/mnt/tank/scratch/okonovalova/AffiTox/analysis/excluding_2z5x_3mjg/tables/posebuster/sdf/5jkv/qvina/ligand_34.sdf,,0,True,True,True,True,True,True,True,True,True,True,True,True,True,True,True,True,True,True,True,True,True
/mnt/tank/scratch/okonovalova/AffiTox/analysis/excluding_2z5x_3mjg/tables/posebuster/sdf/5jkv/qvina/ligand_349.sdf,,0,True,True,True,True,True,True,True,True,True,True,True,True,True,True,True,True,True,True,True,True,True
/mnt/tank/scratch/okonovalova/AffiTox/analysis/excluding_2z5x_3mjg/tables/posebuster/sdf/5jkv/qvina/ligand_343.sdf,,0,True,True,True,True,True,True,True,True,True,True,True,True,True,True,True,True,True,True,True,True,True
/mnt/tank/scratch/okonovalova/AffiTox/analysis/excluding_2z5x_3mjg/tables/posebuster/sdf/5jkv/qvina/ligand_351.sdf,,0,True,True,True,True,True,True,True,True,True,True,True,True,True,True,True,True,True,True,True,True,True
/mnt/tank/scratch/okonovalova/AffiTox/analysis/excluding_2z5x_3mjg/tables/posebuster/sdf/5jkv/qvina/ligand_350.sdf,,0,True,True,True,True,True,True,True,True,True,True,True,True,True,True,True,True,True,True,True,True,True
/mnt/tank/scratch/okonovalova/AffiTox/analysis/excluding_2z5x_3mjg/tables/posebuster/sdf/5jkv/qvina/ligand_346.sdf,,0,True,True,True,True,True,True,True,True,True,True,True,True,True,True,True,True,True,True,True,True,True
/mnt/tank/scratch/okonovalova/AffiTox/analysis/excluding_2z5x_3mjg/tables/posebuster/sdf/5jkv/qvina/ligand_358.sdf,,0,True,True,True,True,True,True,True,True,True,True,True,True,True,True,True,True,True,True,True,True,True
/mnt/tank/scratch/okonovalova/AffiTox/analysis/excluding_2z5x_3mjg/tables/posebuster/sdf/5jkv/qvina/ligand_347.sdf,,0,True,True,True,True,True,True,True,True,True,True,True,True,True,True,True,True,True,True,True,True,True
/mnt/tank/scratch/okonovalova/AffiTox/analysis/excluding_2z5x_3mjg/tables/posebuster/sdf/5jkv/qvina/ligand_357.sdf,,0,True,True,True,True,True,True,True,True,True,True,True,True,True,True,True,True,True,True,True,True,True
/mnt/tank/scratch/okonovalova/AffiTox/analysis/excluding_2z5x_3mjg/tables/posebuster/sdf/5jkv/qvina/ligand_359.sdf,,0,True,True,True,True,True,True,True,True,True,True,True,True,True,True,True,True,True,True,True,True,True
/mnt/tank/scratch/okonovalova/AffiTox/analysis/excluding_2z5x_3mjg/tables/posebuster/sdf/5jkv/qvina/ligand_353.sdf,,0,True,True,True,True,True,True,True,True,True,True,True,True,True,True,True,True,True,True,True,True,True
/mnt/tank/scratch/okonovalova/AffiTox/analysis/excluding_2z5x_3mjg/tables/posebuster/sdf/5jkv/qvina/ligand_364.sdf,,0,True,True,True,True,True,True,True,True,True,True,True,True,True,True,True,True,True,True,True,True,True
/mnt/tank/scratch/okonovalova/AffiTox/analysis/excluding_2z5x_3mjg/tables/posebuster/sdf/5jkv/qvina/ligand_35.sdf,,0,True,True,True,True,True,True,True,True,True,True,True,True,True,True,True,True,True,True,True,True,True
/mnt/tank/scratch/okonovalova/AffiTox/analysis/excluding_2z5x_3mjg/tables/posebuster/sdf/5jkv/qvina/ligand_360.sdf,,0,True,True,True,True,True,True,True,True,True,True,True,True,True,True,True,True,True,True,True,True,True
/mnt/tank/scratch/okonovalova/AffiTox/analysis/excluding_2z5x_3mjg/tables/posebuster/sdf/5jkv/qvina/ligand_356.sdf,,0,True,True,True,True,True,True,True,True,True,True,True,True,True,True,True,True,True,True,True,True,True
/mnt/tank/scratch/okonovalova/AffiTox/analysis/excluding_2z5x_3mjg/tables/posebuster/sdf/5jkv/qvina/ligand_352.sdf,,0,True,True,True,True,True,True,True,True,True,True,True,True,True,True,True,True,True,True,True,True,True
/mnt/tank/scratch/okonovalova/AffiTox/analysis/excluding_2z5x_3mjg/tables/posebuster/sdf/5jkv/qvina/ligand_363.sdf,,0,True,True,True,True,True,True,True,True,True,True,True,True,True,True,True,True,True,True,True,True,True
/mnt/tank/scratch/okonovalova/AffiTox/analysis/excluding_2z5x_3mjg/tables/posebuster/sdf/5jkv/qvina/ligand_368.sdf,,0,True,True,True,True,True,True,True,True,True,True,True,True,True,True,True,True,True,True,True,True,True
/mnt/tank/scratch/okonovalova/AffiTox/analysis/excluding_2z5x_3mjg/tables/posebuster/sdf/5jkv/qvina/ligand_367.sdf,,0,True,True,True,True,True,True,True,True,True,True,True,True,True,True,True,True,True,True,True,True,True
/mnt/tank/scratch/okonovalova/AffiTox/analysis/excluding_2z5x_3mjg/tables/posebuster/sdf/5jkv/qvina/ligand_366.sdf,,0,True,True,True,True,True,True,True,True,True,True,True,True,True,True,True,True,True,True,True,True,True
/mnt/tank/scratch/okonovalova/AffiTox/analysis/excluding_2z5x_3mjg/tables/posebuster/sdf/5jkv/qvina/ligand_365.sdf,,0,True,True,True,True,True,True,True,True,True,True,True,True,True,True,True,True,True,True,True,True,True
/mnt/tank/scratch/okonovalova/AffiTox/analysis/excluding_2z5x_3mjg/tables/posebuster/sdf/5jkv/qvina/ligand_362.sdf,,0,True,True,True,True,True,True,True,True,True,True,True,True,True,True,True,True,True,True,True,True,True
/mnt/tank/scratch/okonovalova/AffiTox/analysis/excluding_2z5x_3mjg/tables/posebuster/sdf/5jkv/qvina/ligand_36.sdf,,0,True,True,True,True,True,True,True,True,True,True,True,True,True,True,True,True,True,True,True,True,True
/mnt/tank/scratch/okonovalova/AffiTox/analysis/excluding_2z5x_3mjg/tables/posebuster/sdf/5jkv/qvina/ligand_361.sdf,,0,True,True,True,True,True,True,True,True,True,True,True,True,True,True,True,True,True,True,True,True,True
/mnt/tank/scratch/okonovalova/AffiTox/analysis/excluding_2z5x_3mjg/tables/posebuster/sdf/5jkv/qvina/ligand_354.sdf,,0,True,True,True,True,True,True,True,True,True,True,True,True,True,True,True,True,True,True,True,True,True
/mnt/tank/scratch/okonovalova/AffiTox/analysis/excluding_2z5x_3mjg/tables/posebuster/sdf/5jkv/qvina/ligand_355.sdf,,0,True,True,True,True,True,True,True,True,True,True,True,True,True,True,True,True,True,True,True,True,True
/mnt/tank/scratch/okonovalova/AffiTox/analysis/excluding_2z5x_3mjg/tables/posebuster/sdf/5jkv/qvina/ligand_371.sdf,,0,True,True,True,True,True,True,True,True,True,True,True,True,True,True,True,True,True,True,True,True,True
/mnt/tank/scratch/okonovalova/AffiTox/analysis/excluding_2z5x_3mjg/tables/posebuster/sdf/5jkv/qvina/ligand_369.sdf,,0,True,True,True,True,True,True,True,True,True,True,True,True,True,True,True,True,True,True,True,True,True
/mnt/tank/scratch/okonovalova/AffiTox/analysis/excluding_2z5x_3mjg/tables/posebuster/sdf/5jkv/qvina/ligand_370.sdf,,0,True,True,True,True,True,True,True,True,True,True,True,True,True,True,True,True,True,True,True,True,True
/mnt/tank/scratch/okonovalova/AffiTox/analysis/excluding_2z5x_3mjg/tables/posebuster/sdf/5jkv/qvina/ligand_379.sdf,,0,True,True,True,True,True,True,True,True,True,True,True,True,True,True,True,True,True,True,True,True,True
/mnt/tank/scratch/okonovalova/AffiTox/analysis/excluding_2z5x_3mjg/tables/posebuster/sdf/5jkv/qvina/ligand_37.sdf,,0,True,True,True,True,True,True,True,True,True,True,True,True,True,True,True,True,True,True,True,True,True
/mnt/tank/scratch/okonovalova/AffiTox/analysis/excluding_2z5x_3mjg/tables/posebuster/sdf/5jkv/qvina/ligand_373.sdf,,0,True,True,True,True,True,True,True,True,True,True,True,True,True,True,True,True,True,True,True,True,True
/mnt/tank/scratch/okonovalova/AffiTox/analysis/excluding_2z5x_3mjg/tables/posebuster/sdf/5jkv/qvina/ligand_374.sdf,,0,True,True,True,True,True,True,True,True,True,True,True,True,True,True,True,True,True,True,True,True,True
/mnt/tank/scratch/okonovalova/AffiTox/analysis/excluding_2z5x_3mjg/tables/posebuster/sdf/5jkv/qvina/ligand_372.sdf,,0,True,True,True,True,True,True,True,True,True,True,True,True,True,True,True,True,True,True,True,True,True
/mnt/tank/scratch/okonovalova/AffiTox/analysis/excluding_2z5x_3mjg/tables/posebuster/sdf/5jkv/qvina/ligand_378.sdf,,0,True,True,True,True,True,True,True,True,True,True,True,True,True,True,True,True,True,True,True,True,True
/mnt/tank/scratch/okonovalova/AffiTox/analysis/excluding_2z5x_3mjg/tables/posebuster/sdf/5jkv/qvina/ligand_375.sdf,,0,True,True,True,True,True,True,True,True,True,True,True,False,True,True,True,True,True,True,True,True,True
/mnt/tank/scratch/okonovalova/AffiTox/analysis/excluding_2z5x_3mjg/tables/posebuster/sdf/5jkv/qvina/ligand_376.sdf,,0,True,True,True,True,True,True,True,True,True,True,True,False,True,True,True,True,True,True,True,True,True
/mnt/tank/scratch/okonovalova/AffiTox/analysis/excluding_2z5x_3mjg/tables/posebuster/sdf/5jkv/qvina/ligand_386.sdf,,0,True,True,True,True,True,True,True,True,True,True,True,True,True,True,True,True,True,True,True,True,True
/mnt/tank/scratch/okonovalova/AffiTox/analysis/excluding_2z5x_3mjg/tables/posebuster/sdf/5jkv/qvina/ligand_382.sdf,,0,True,True,True,True,True,True,True,True,True,True,True,True,True,True,True,True,True,True,True,True,True
/mnt/tank/scratch/okonovalova/AffiTox/analysis/excluding_2z5x_3mjg/tables/posebuster/sdf/5jkv/qvina/ligand_387.sdf,,0,True,True,True,True,True,True,True,True,True,True,True,True,True,True,True,True,True,True,True,True,True
/mnt/tank/scratch/okonovalova/AffiTox/analysis/excluding_2z5x_3mjg/tables/posebuster/sdf/5jkv/qvina/ligand_380.sdf,,0,True,True,True,True,True,True,True,True,True,True,True,True,True,True,True,True,True,True,True,True,True
/mnt/tank/scratch/okonovalova/AffiTox/analysis/excluding_2z5x_3mjg/tables/posebuster/sdf/5jkv/qvina/ligand_388.sdf,,0,True,True,True,True,True,True,True,True,True,True,True,True,True,True,True,True,True,True,True,True,True
/mnt/tank/scratch/okonovalova/AffiTox/analysis/excluding_2z5x_3mjg/tables/posebuster/sdf/5jkv/qvina/ligand_389.sdf,,0,True,True,True,True,True,True,True,True,True,True,True,True,True,True,True,True,True,True,True,True,True
/mnt/tank/scratch/okonovalova/AffiTox/analysis/excluding_2z5x_3mjg/tables/posebuster/sdf/5jkv/qvina/ligand_38.sdf,,0,True,True,True,True,True,True,True,True,True,True,True,True,True,True,True,True,True,True,True,True,True
/mnt/tank/scratch/okonovalova/AffiTox/analysis/excluding_2z5x_3mjg/tables/posebuster/sdf/5jkv/qvina/ligand_381.sdf,,0,True,True,True,True,True,True,True,True,True,True,True,True,True,True,True,True,True,True,True,True,True
/mnt/tank/scratch/okonovalova/AffiTox/analysis/excluding_2z5x_3mjg/tables/posebuster/sdf/5jkv/qvina/ligand_383.sdf,,0,True,True,True,True,True,True,True,True,True,True,True,True,True,True,True,True,True,True,True,True,True
/mnt/tank/scratch/okonovalova/AffiTox/analysis/excluding_2z5x_3mjg/tables/posebuster/sdf/5jkv/qvina/ligand_384.sdf,,0,True,True,True,True,True,True,True,True,True,True,True,True,True,True,True,True,True,True,True,True,True
/mnt/tank/scratch/okonovalova/AffiTox/analysis/excluding_2z5x_3mjg/tables/posebuster/sdf/5jkv/qvina/ligand_390.sdf,,0,True,True,True,True,True,True,True,True,True,True,True,True,True,True,True,True,True,True,True,True,True
/mnt/tank/scratch/okonovalova/AffiTox/analysis/excluding_2z5x_3mjg/tables/posebuster/sdf/5jkv/qvina/ligand_377.sdf,,0,True,True,True,True,True,True,True,True,True,True,True,True,True,True,True,True,True,True,True,True,True
/mnt/tank/scratch/okonovalova/AffiTox/analysis/excluding_2z5x_3mjg/tables/posebuster/sdf/5jkv/qvina/ligand_393.sdf,,0,True,True,True,True,True,True,True,True,True,True,True,True,True,True,True,True,True,True,True,True,True
/mnt/tank/scratch/okonovalova/AffiTox/analysis/excluding_2z5x_3mjg/tables/posebuster/sdf/5jkv/qvina/ligand_385.sdf,,0,True,True,True,True,True,True,True,True,True,True,True,True,True,True,True,True,True,True,True,True,True
/mnt/tank/scratch/okonovalova/AffiTox/analysis/excluding_2z5x_3mjg/tables/posebuster/sdf/5jkv/qvina/ligand_39.sdf,,0,True,True,True,True,True,True,True,True,True,True,True,True,True,True,True,True,True,True,True,True,True
/mnt/tank/scratch/okonovalova/AffiTox/analysis/excluding_2z5x_3mjg/tables/posebuster/sdf/5jkv/qvina/ligand_394.sdf,,0,True,True,True,True,True,True,True,True,True,True,True,True,True,True,True,True,True,True,True,True,True
/mnt/tank/scratch/okonovalova/AffiTox/analysis/excluding_2z5x_3mjg/tables/posebuster/sdf/5jkv/qvina/ligand_400.sdf,,0,True,True,True,True,True,True,True,True,True,True,True,True,True,True,True,True,True,True,True,True,True
/mnt/tank/scratch/okonovalova/AffiTox/analysis/excluding_2z5x_3mjg/tables/posebuster/sdf/5jkv/qvina/ligand_395.sdf,,0,True,True,True,True,True,True,True,True,True,True,True,True,True,True,True,True,True,True,True,True,True
/mnt/tank/scratch/okonovalova/AffiTox/analysis/excluding_2z5x_3mjg/tables/posebuster/sdf/5jkv/qvina/ligand_402.sdf,,0,True,True,True,True,True,True,True,True,True,True,True,True,True,True,True,True,True,True,True,True,True
/mnt/tank/scratch/okonovalova/AffiTox/analysis/excluding_2z5x_3mjg/tables/posebuster/sdf/5jkv/qvina/ligand_392.sdf,,0,True,True,True,True,True,True,True,True,True,True,True,False,True,True,True,True,True,True,True,True,True
/mnt/tank/scratch/okonovalova/AffiTox/analysis/excluding_2z5x_3mjg/tables/posebuster/sdf/5jkv/qvina/ligand_391.sdf,,0,True,True,True,True,True,True,True,True,True,True,True,True,True,True,True,True,True,True,True,True,True
/mnt/tank/scratch/okonovalova/AffiTox/analysis/excluding_2z5x_3mjg/tables/posebuster/sdf/5jkv/qvina/ligand_403.sdf,,0,True,True,True,True,True,True,True,True,True,True,True,True,True,True,True,True,True,True,True,True,True
/mnt/tank/scratch/okonovalova/AffiTox/analysis/excluding_2z5x_3mjg/tables/posebuster/sdf/5jkv/qvina/ligand_405.sdf,,0,True,True,True,True,True,True,True,True,True,True,True,True,True,True,True,True,True,True,True,True,True
/mnt/tank/scratch/okonovalova/AffiTox/analysis/excluding_2z5x_3mjg/tables/posebuster/sdf/5jkv/qvina/ligand_396.sdf,,0,True,True,True,True,True,True,True,True,True,True,True,True,True,True,True,True,True,True,True,True,True
/mnt/tank/scratch/okonovalova/AffiTox/analysis/excluding_2z5x_3mjg/tables/posebuster/sdf/5jkv/qvina/ligand_3.sdf,,0,True,True,True,True,True,True,True,True,True,True,True,True,True,True,True,True,True,True,True,True,True
/mnt/tank/scratch/okonovalova/AffiTox/analysis/excluding_2z5x_3mjg/tables/posebuster/sdf/5jkv/qvina/ligand_398.sdf,,0,True,True,True,True,True,True,True,True,True,True,True,True,True,True,True,True,True,True,True,True,True
/mnt/tank/scratch/okonovalova/AffiTox/analysis/excluding_2z5x_3mjg/tables/posebuster/sdf/5jkv/qvina/ligand_397.sdf,,0,True,True,True,True,True,True,True,True,True,True,True,True,True,True,True,True,True,True,True,True,True
/mnt/tank/scratch/okonovalova/AffiTox/analysis/excluding_2z5x_3mjg/tables/posebuster/sdf/5jkv/qvina/ligand_399.sdf,,0,True,True,True,True,True,True,True,True,True,True,True,True,True,True,True,True,True,True,True,True,True
/mnt/tank/scratch/okonovalova/AffiTox/analysis/excluding_2z5x_3mjg/tables/posebuster/sdf/5jkv/qvina/ligand_40.sdf,,0,True,True,True,True,True,True,True,False,True,True,True,True,True,True,True,True,True,True,True,True,True
/mnt/tank/scratch/okonovalova/AffiTox/analysis/excluding_2z5x_3mjg/tables/posebuster/sdf/5jkv/qvina/ligand_406.sdf,,0,True,True,True,True,True,True,True,True,True,True,True,True,True,True,True,True,True,True,True,True,True
/mnt/tank/scratch/okonovalova/AffiTox/analysis/excluding_2z5x_3mjg/tables/posebuster/sdf/5jkv/qvina/ligand_410.sdf,,0,True,True,True,True,True,True,True,True,True,True,True,True,True,True,True,True,True,True,True,True,True
/mnt/tank/scratch/okonovalova/AffiTox/analysis/excluding_2z5x_3mjg/tables/posebuster/sdf/5jkv/qvina/ligand_409.sdf,,0,True,True,True,True,True,True,True,True,True,True,True,True,True,True,True,True,True,True,True,True,True
/mnt/tank/scratch/okonovalova/AffiTox/analysis/excluding_2z5x_3mjg/tables/posebuster/sdf/5jkv/qvina/ligand_413.sdf,,0,True,True,True,True,True,True,True,True,True,True,True,True,True,True,True,True,True,True,True,True,True
/mnt/tank/scratch/okonovalova/AffiTox/analysis/excluding_2z5x_3mjg/tables/posebuster/sdf/5jkv/qvina/ligand_401.sdf,,0,True,True,True,True,True,True,True,True,True,True,True,True,True,True,True,True,True,True,True,True,True
/mnt/tank/scratch/okonovalova/AffiTox/analysis/excluding_2z5x_3mjg/tables/posebuster/sdf/5jkv/qvina/ligand_408.sdf,,0,True,True,True,True,True,True,True,True,True,True,True,True,True,True,True,True,True,True,True,True,True
/mnt/tank/scratch/okonovalova/AffiTox/analysis/excluding_2z5x_3mjg/tables/posebuster/sdf/5jkv/qvina/ligand_404.sdf,,0,True,True,True,True,True,True,True,True,True,True,True,True,True,True,True,True,True,True,True,True,True
/mnt/tank/scratch/okonovalova/AffiTox/analysis/excluding_2z5x_3mjg/tables/posebuster/sdf/5jkv/qvina/ligand_411.sdf,,0,True,True,True,True,True,True,True,True,True,True,True,True,True,True,True,True,True,True,True,True,True
/mnt/tank/scratch/okonovalova/AffiTox/analysis/excluding_2z5x_3mjg/tables/posebuster/sdf/5jkv/qvina/ligand_407.sdf,,0,True,True,True,True,True,True,True,True,True,True,True,True,True,True,True,True,True,True,True,True,True
/mnt/tank/scratch/okonovalova/AffiTox/analysis/excluding_2z5x_3mjg/tables/posebuster/sdf/5jkv/qvina/ligand_414.sdf,,0,True,True,True,True,True,True,True,True,True,True,True,True,True,True,True,True,True,True,True,True,True
/mnt/tank/scratch/okonovalova/AffiTox/analysis/excluding_2z5x_3mjg/tables/posebuster/sdf/5jkv/qvina/ligand_415.sdf,,0,True,True,True,True,True,True,True,True,True,True,True,True,True,True,True,True,True,True,True,True,True
/mnt/tank/scratch/okonovalova/AffiTox/analysis/excluding_2z5x_3mjg/tables/posebuster/sdf/5jkv/qvina/ligand_412.sdf,,0,True,True,True,True,True,True,True,True,True,True,True,True,True,True,True,True,True,True,True,True,True
/mnt/tank/scratch/okonovalova/AffiTox/analysis/excluding_2z5x_3mjg/tables/posebuster/sdf/5jkv/qvina/ligand_416.sdf,,0,True,True,True,True,True,True,True,True,True,True,True,True,True,True,True,True,True,True,True,True,True
/mnt/tank/scratch/okonovalova/AffiTox/analysis/excluding_2z5x_3mjg/tables/posebuster/sdf/5jkv/qvina/ligand_41.sdf,,0,True,True,True,True,True,True,True,False,True,True,True,True,True,True,True,True,True,True,True,True,True
/mnt/tank/scratch/okonovalova/AffiTox/analysis/excluding_2z5x_3mjg/tables/posebuster/sdf/5jkv/qvina/ligand_419.sdf,,0,True,True,True,True,True,True,True,True,True,True,True,True,True,True,True,True,True,True,True,True,True
/mnt/tank/scratch/okonovalova/AffiTox/analysis/excluding_2z5x_3mjg/tables/posebuster/sdf/5jkv/qvina/ligand_425.sdf,,0,True,True,True,True,True,True,True,True,True,True,True,True,True,True,True,True,True,True,True,True,True
/mnt/tank/scratch/okonovalova/AffiTox/analysis/excluding_2z5x_3mjg/tables/posebuster/sdf/5jkv/qvina/ligand_428.sdf,,0,True,True,True,True,True,True,True,True,True,True,True,True,True,True,True,True,True,True,True,True,True
/mnt/tank/scratch/okonovalova/AffiTox/analysis/excluding_2z5x_3mjg/tables/posebuster/sdf/5jkv/qvina/ligand_42.sdf,,0,True,True,True,True,True,True,True,True,True,True,True,True,True,True,True,True,True,True,True,True,True
/mnt/tank/scratch/okonovalova/AffiTox/analysis/excluding_2z5x_3mjg/tables/posebuster/sdf/5jkv/qvina/ligand_417.sdf,,0,True,True,True,True,True,True,True,True,True,True,True,True,True,True,True,True,True,True,True,True,True
/mnt/tank/scratch/okonovalova/AffiTox/analysis/excluding_2z5x_3mjg/tables/posebuster/sdf/5jkv/qvina/ligand_421.sdf,,0,True,True,True,True,True,True,True,True,True,True,True,True,True,True,True,True,True,True,True,True,True
/mnt/tank/scratch/okonovalova/AffiTox/analysis/excluding_2z5x_3mjg/tables/posebuster/sdf/5jkv/qvina/ligand_422.sdf,,0,True,True,True,True,True,True,True,True,True,True,True,True,True,True,True,True,True,True,True,True,True
/mnt/tank/scratch/okonovalova/AffiTox/analysis/excluding_2z5x_3mjg/tables/posebuster/sdf/5jkv/qvina/ligand_432.sdf,,0,True,True,True,True,True,True,True,True,True,True,True,True,True,False,True,True,True,True,True,True,True
/mnt/tank/scratch/okonovalova/AffiTox/analysis/excluding_2z5x_3mjg/tables/posebuster/sdf/5jkv/qvina/ligand_430.sdf,,0,True,True,True,True,True,True,True,True,True,True,True,True,True,True,True,True,True,True,True,True,True
/mnt/tank/scratch/okonovalova/AffiTox/analysis/excluding_2z5x_3mjg/tables/posebuster/sdf/5jkv/qvina/ligand_418.sdf,,0,True,True,True,True,True,True,True,True,True,True,True,True,True,True,True,True,True,True,True,True,True
/mnt/tank/scratch/okonovalova/AffiTox/analysis/excluding_2z5x_3mjg/tables/posebuster/sdf/5jkv/qvina/ligand_433.sdf,,0,True,True,True,True,True,True,True,True,True,True,True,True,True,True,True,True,True,True,True,True,True
/mnt/tank/scratch/okonovalova/AffiTox/analysis/excluding_2z5x_3mjg/tables/posebuster/sdf/5jkv/qvina/ligand_436.sdf,,0,True,True,True,True,True,True,True,True,True,True,True,True,True,True,True,True,True,True,True,True,True
/mnt/tank/scratch/okonovalova/AffiTox/analysis/excluding_2z5x_3mjg/tables/posebuster/sdf/5jkv/qvina/ligand_431.sdf,,0,True,True,True,True,True,True,True,True,True,True,True,True,True,True,True,True,True,True,True,True,True
/mnt/tank/scratch/okonovalova/AffiTox/analysis/excluding_2z5x_3mjg/tables/posebuster/sdf/5jkv/qvina/ligand_420.sdf,,0,True,True,True,True,True,True,True,True,True,True,True,True,True,True,True,True,True,True,True,True,True
/mnt/tank/scratch/okonovalova/AffiTox/analysis/excluding_2z5x_3mjg/tables/posebuster/sdf/5jkv/qvina/ligand_43.sdf,,0,True,True,True,True,True,True,True,True,True,True,True,True,True,True,True,True,True,True,True,True,True
/mnt/tank/scratch/okonovalova/AffiTox/analysis/excluding_2z5x_3mjg/tables/posebuster/sdf/5jkv/qvina/ligand_438.sdf,,0,True,True,True,True,True,True,True,True,True,True,True,True,True,True,True,True,True,True,True,True,True
/mnt/tank/scratch/okonovalova/AffiTox/analysis/excluding_2z5x_3mjg/tables/posebuster/sdf/5jkv/qvina/ligand_423.sdf,,0,True,True,True,True,True,True,True,True,True,True,True,True,True,True,True,True,True,True,True,True,True
/mnt/tank/scratch/okonovalova/AffiTox/analysis/excluding_2z5x_3mjg/tables/posebuster/sdf/5jkv/qvina/ligand_429.sdf,,0,True,True,True,True,True,True,True,True,True,True,True,True,True,True,True,True,True,True,True,True,True
/mnt/tank/scratch/okonovalova/AffiTox/analysis/excluding_2z5x_3mjg/tables/posebuster/sdf/5jkv/qvina/ligand_424.sdf,,0,True,True,True,True,True,True,True,True,True,True,True,True,True,True,True,True,True,True,True,True,True
/mnt/tank/scratch/okonovalova/AffiTox/analysis/excluding_2z5x_3mjg/tables/posebuster/sdf/5jkv/qvina/ligand_426.sdf,,0,True,True,True,True,True,True,True,True,True,True,True,True,True,True,True,True,True,True,True,True,True
/mnt/tank/scratch/okonovalova/AffiTox/analysis/excluding_2z5x_3mjg/tables/posebuster/sdf/5jkv/qvina/ligand_434.sdf,,0,True,True,True,True,True,True,True,True,True,True,True,True,True,True,True,True,True,True,True,True,True
/mnt/tank/scratch/okonovalova/AffiTox/analysis/excluding_2z5x_3mjg/tables/posebuster/sdf/5jkv/qvina/ligand_427.sdf,,0,True,True,True,True,True,True,True,True,True,True,True,True,True,True,True,True,True,True,True,True,True
/mnt/tank/scratch/okonovalova/AffiTox/analysis/excluding_2z5x_3mjg/tables/posebuster/sdf/5jkv/qvina/ligand_437.sdf,,0,True,True,True,True,True,True,True,True,True,True,True,True,True,True,True,True,True,True,True,True,True
/mnt/tank/scratch/okonovalova/AffiTox/analysis/excluding_2z5x_3mjg/tables/posebuster/sdf/5jkv/qvina/ligand_439.sdf,,0,True,True,True,True,True,True,True,True,True,True,True,True,True,True,True,True,True,True,True,True,True
/mnt/tank/scratch/okonovalova/AffiTox/analysis/excluding_2z5x_3mjg/tables/posebuster/sdf/5jkv/qvina/ligand_448.sdf,,0,True,True,True,True,True,True,True,True,True,True,True,True,True,True,True,True,True,True,True,True,True
/mnt/tank/scratch/okonovalova/AffiTox/analysis/excluding_2z5x_3mjg/tables/posebuster/sdf/5jkv/qvina/ligand_446.sdf,,0,True,True,True,True,True,True,True,True,True,True,True,True,True,True,True,True,True,True,True,True,True
/mnt/tank/scratch/okonovalova/AffiTox/analysis/excluding_2z5x_3mjg/tables/posebuster/sdf/5jkv/qvina/ligand_440.sdf,,0,True,True,True,True,True,True,True,True,True,True,True,True,True,True,True,True,True,True,True,True,True
/mnt/tank/scratch/okonovalova/AffiTox/analysis/excluding_2z5x_3mjg/tables/posebuster/sdf/5jkv/qvina/ligand_445.sdf,,0,True,True,True,True,True,True,True,True,True,True,True,True,True,True,True,True,True,True,True,True,True
/mnt/tank/scratch/okonovalova/AffiTox/analysis/excluding_2z5x_3mjg/tables/posebuster/sdf/5jkv/qvina/ligand_441.sdf,,0,True,True,True,True,True,True,True,True,True,True,True,True,True,True,True,True,True,True,True,True,True
/mnt/tank/scratch/okonovalova/AffiTox/analysis/excluding_2z5x_3mjg/tables/posebuster/sdf/5jkv/qvina/ligand_450.sdf,,0,True,True,True,True,True,True,True,True,True,True,True,True,True,True,True,True,True,True,True,True,True
/mnt/tank/scratch/okonovalova/AffiTox/analysis/excluding_2z5x_3mjg/tables/posebuster/sdf/5jkv/qvina/ligand_455.sdf,,0,True,True,True,True,True,True,True,True,True,True,True,True,True,True,True,True,True,True,True,True,True
/mnt/tank/scratch/okonovalova/AffiTox/analysis/excluding_2z5x_3mjg/tables/posebuster/sdf/5jkv/qvina/ligand_435.sdf,,0,True,True,True,True,True,True,True,True,True,True,True,True,True,True,True,True,True,True,True,True,True
/mnt/tank/scratch/okonovalova/AffiTox/analysis/excluding_2z5x_3mjg/tables/posebuster/sdf/5jkv/qvina/ligand_451.sdf,,0,True,True,True,True,True,True,True,True,True,True,True,True,True,True,True,True,True,True,True,True,True
/mnt/tank/scratch/okonovalova/AffiTox/analysis/excluding_2z5x_3mjg/tables/posebuster/sdf/5jkv/qvina/ligand_453.sdf,,0,True,True,True,True,True,True,True,True,True,True,True,True,True,True,True,True,True,True,True,True,True
/mnt/tank/scratch/okonovalova/AffiTox/analysis/excluding_2z5x_3mjg/tables/posebuster/sdf/5jkv/qvina/ligand_456.sdf,,0,True,True,True,True,True,True,True,True,True,True,True,True,True,True,True,True,True,True,True,True,True
/mnt/tank/scratch/okonovalova/AffiTox/analysis/excluding_2z5x_3mjg/tables/posebuster/sdf/5jkv/qvina/ligand_449.sdf,,0,True,True,True,True,True,True,True,True,True,True,True,True,True,True,True,True,True,True,True,True,True
/mnt/tank/scratch/okonovalova/AffiTox/analysis/excluding_2z5x_3mjg/tables/posebuster/sdf/5jkv/qvina/ligand_457.sdf,,0,True,True,True,True,True,True,True,True,True,True,True,True,True,True,True,True,True,True,True,True,True
/mnt/tank/scratch/okonovalova/AffiTox/analysis/excluding_2z5x_3mjg/tables/posebuster/sdf/5jkv/qvina/ligand_442.sdf,,0,True,True,True,True,True,True,True,True,True,True,True,True,True,True,True,True,True,True,True,True,True
/mnt/tank/scratch/okonovalova/AffiTox/analysis/excluding_2z5x_3mjg/tables/posebuster/sdf/5jkv/qvina/ligand_454.sdf,,0,True,True,True,True,True,True,True,True,True,True,True,True,True,True,True,True,True,True,True,True,True
/mnt/tank/scratch/okonovalova/AffiTox/analysis/excluding_2z5x_3mjg/tables/posebuster/sdf/5jkv/qvina/ligand_45.sdf,,0,True,True,True,True,True,True,True,True,True,True,True,True,True,True,True,True,True,True,True,True,True
/mnt/tank/scratch/okonovalova/AffiTox/analysis/excluding_2z5x_3mjg/tables/posebuster/sdf/5jkv/qvina/ligand_444.sdf,,0,True,True,True,True,True,True,True,True,True,True,True,True,True,True,True,True,True,True,True,True,True
/mnt/tank/scratch/okonovalova/AffiTox/analysis/excluding_2z5x_3mjg/tables/posebuster/sdf/5jkv/qvina/ligand_458.sdf,,0,True,True,True,True,True,True,True,True,True,True,True,True,True,True,True,True,True,True,True,True,True
/mnt/tank/scratch/okonovalova/AffiTox/analysis/excluding_2z5x_3mjg/tables/posebuster/sdf/5jkv/qvina/ligand_452.sdf,,0,True,True,True,True,True,True,True,True,True,True,True,True,True,True,True,True,True,True,True,True,True
/mnt/tank/scratch/okonovalova/AffiTox/analysis/excluding_2z5x_3mjg/tables/posebuster/sdf/5jkv/qvina/ligand_447.sdf,,0,True,True,True,True,True,True,True,True,True,True,True,True,True,True,True,True,True,True,True,True,True
/mnt/tank/scratch/okonovalova/AffiTox/analysis/excluding_2z5x_3mjg/tables/posebuster/sdf/5jkv/qvina/ligand_443.sdf,,0,True,True,True,True,True,True,True,True,True,True,True,True,True,True,True,True,True,True,True,True,True
/mnt/tank/scratch/okonovalova/AffiTox/analysis/excluding_2z5x_3mjg/tables/posebuster/sdf/5jkv/qvina/ligand_44.sdf,,0,True,True,True,True,True,True,True,True,True,True,True,True,True,True,True,True,True,True,True,True,True
/mnt/tank/scratch/okonovalova/AffiTox/analysis/excluding_2z5x_3mjg/tables/posebuster/sdf/5jkv/qvina/ligand_459.sdf,,0,True,True,True,True,True,True,True,True,True,True,True,True,True,True,True,True,True,True,True,True,True
/mnt/tank/scratch/okonovalova/AffiTox/analysis/excluding_2z5x_3mjg/tables/posebuster/sdf/5jkv/qvina/ligand_460.sdf,,0,True,True,True,True,True,True,True,True,True,True,True,True,True,True,True,True,True,True,True,True,True
/mnt/tank/scratch/okonovalova/AffiTox/analysis/excluding_2z5x_3mjg/tables/posebuster/sdf/5jkv/qvina/ligand_461.sdf,,0,True,True,True,True,True,True,True,True,True,True,True,True,True,True,True,True,True,True,True,True,True
/mnt/tank/scratch/okonovalova/AffiTox/analysis/excluding_2z5x_3mjg/tables/posebuster/sdf/5jkv/qvina/ligand_475.sdf,,0,True,True,True,True,True,True,True,True,True,True,True,True,True,True,True,True,True,True,True,True,True
/mnt/tank/scratch/okonovalova/AffiTox/analysis/excluding_2z5x_3mjg/tables/posebuster/sdf/5jkv/qvina/ligand_463.sdf,,0,True,True,True,True,True,True,True,True,True,True,True,True,True,True,True,True,True,True,True,True,True
/mnt/tank/scratch/okonovalova/AffiTox/analysis/excluding_2z5x_3mjg/tables/posebuster/sdf/5jkv/qvina/ligand_468.sdf,,0,True,True,True,True,True,True,True,True,True,True,True,True,True,True,True,True,True,True,True,True,True
/mnt/tank/scratch/okonovalova/AffiTox/analysis/excluding_2z5x_3mjg/tables/posebuster/sdf/5jkv/qvina/ligand_474.sdf,,0,True,True,True,True,True,True,True,True,True,True,True,True,True,True,True,True,True,True,True,True,True
/mnt/tank/scratch/okonovalova/AffiTox/analysis/excluding_2z5x_3mjg/tables/posebuster/sdf/5jkv/qvina/ligand_470.sdf,,0,True,True,True,True,True,True,True,True,True,True,True,True,True,True,True,True,True,True,True,True,True
/mnt/tank/scratch/okonovalova/AffiTox/analysis/excluding_2z5x_3mjg/tables/posebuster/sdf/5jkv/qvina/ligand_469.sdf,,0,True,True,True,True,True,True,True,True,True,True,True,True,True,True,True,True,True,True,True,True,True
/mnt/tank/scratch/okonovalova/AffiTox/analysis/excluding_2z5x_3mjg/tables/posebuster/sdf/5jkv/qvina/ligand_472.sdf,,0,True,True,True,True,True,True,True,True,True,True,True,True,True,True,True,True,True,True,True,True,True
/mnt/tank/scratch/okonovalova/AffiTox/analysis/excluding_2z5x_3mjg/tables/posebuster/sdf/5jkv/qvina/ligand_473.sdf,,0,True,True,True,True,True,True,True,True,True,True,True,True,True,True,True,True,True,True,True,True,True
/mnt/tank/scratch/okonovalova/AffiTox/analysis/excluding_2z5x_3mjg/tables/posebuster/sdf/5jkv/qvina/ligand_462.sdf,,0,True,True,True,True,True,True,True,True,True,True,True,True,True,True,True,True,True,True,True,True,True
/mnt/tank/scratch/okonovalova/AffiTox/analysis/excluding_2z5x_3mjg/tables/posebuster/sdf/5jkv/qvina/ligand_46.sdf,,0,True,True,True,True,True,True,True,True,True,True,True,True,True,True,True,True,True,True,True,True,True
/mnt/tank/scratch/okonovalova/AffiTox/analysis/excluding_2z5x_3mjg/tables/posebuster/sdf/5jkv/qvina/ligand_465.sdf,,0,True,True,True,True,True,True,True,True,True,True,True,True,True,True,True,True,True,True,True,True,True
/mnt/tank/scratch/okonovalova/AffiTox/analysis/excluding_2z5x_3mjg/tables/posebuster/sdf/5jkv/qvina/ligand_471.sdf,,0,True,True,True,True,True,True,True,True,True,True,True,True,True,True,True,True,True,True,True,True,True
/mnt/tank/scratch/okonovalova/AffiTox/analysis/excluding_2z5x_3mjg/tables/posebuster/sdf/5jkv/qvina/ligand_464.sdf,,0,True,True,True,True,True,True,True,True,True,True,True,True,True,True,True,True,True,True,True,True,True
/mnt/tank/scratch/okonovalova/AffiTox/analysis/excluding_2z5x_3mjg/tables/posebuster/sdf/5jkv/qvina/ligand_467.sdf,,0,True,True,True,True,True,True,True,True,True,True,True,True,True,True,True,True,True,True,True,True,True
/mnt/tank/scratch/okonovalova/AffiTox/analysis/excluding_2z5x_3mjg/tables/posebuster/sdf/5jkv/qvina/ligand_47.sdf,,0,True,True,True,True,True,True,True,False,True,True,True,True,True,True,True,True,True,True,True,True,True
/mnt/tank/scratch/okonovalova/AffiTox/analysis/excluding_2z5x_3mjg/tables/posebuster/sdf/5jkv/qvina/ligand_481.sdf,,0,True,True,True,True,True,True,True,True,True,True,True,True,True,True,True,True,True,True,True,True,True
/mnt/tank/scratch/okonovalova/AffiTox/analysis/excluding_2z5x_3mjg/tables/posebuster/sdf/5jkv/qvina/ligand_479.sdf,,0,True,True,True,True,True,True,True,True,True,True,True,True,True,True,True,True,True,True,True,True,True
/mnt/tank/scratch/okonovalova/AffiTox/analysis/excluding_2z5x_3mjg/tables/posebuster/sdf/5jkv/qvina/ligand_476.sdf,,0,True,True,True,True,True,True,True,True,True,True,True,True,True,True,True,True,True,True,True,True,True
/mnt/tank/scratch/okonovalova/AffiTox/analysis/excluding_2z5x_3mjg/tables/posebuster/sdf/5jkv/qvina/ligand_466.sdf,,0,True,True,True,True,True,True,True,True,True,True,True,True,True,True,True,True,True,True,True,True,True
/mnt/tank/scratch/okonovalova/AffiTox/analysis/excluding_2z5x_3mjg/tables/posebuster/sdf/5jkv/qvina/ligand_477.sdf,,0,True,True,True,True,True,True,True,True,True,True,True,True,True,True,True,True,True,True,True,True,True
/mnt/tank/scratch/okonovalova/AffiTox/analysis/excluding_2z5x_3mjg/tables/posebuster/sdf/5jkv/qvina/ligand_478.sdf,,0,True,True,True,True,True,True,True,True,True,True,True,True,True,True,True,True,True,True,True,True,True
/mnt/tank/scratch/okonovalova/AffiTox/analysis/excluding_2z5x_3mjg/tables/posebuster/sdf/5jkv/qvina/ligand_480.sdf,,0,True,True,True,True,True,True,True,True,True,True,True,True,True,True,True,True,True,True,True,True,True
/mnt/tank/scratch/okonovalova/AffiTox/analysis/excluding_2z5x_3mjg/tables/posebuster/sdf/5jkv/qvina/ligand_48.sdf,,0,True,True,True,True,True,True,True,True,True,True,True,True,True,True,True,True,True,True,True,True,True
/mnt/tank/scratch/okonovalova/AffiTox/analysis/excluding_2z5x_3mjg/tables/posebuster/sdf/5jkv/qvina/ligand_485.sdf,,0,True,True,True,True,True,True,True,True,True,True,True,True,True,True,True,True,True,True,True,True,True
/mnt/tank/scratch/okonovalova/AffiTox/analysis/excluding_2z5x_3mjg/tables/posebuster/sdf/5jkv/qvina/ligand_484.sdf,,0,True,True,True,True,True,True,True,True,True,True,True,True,True,True,True,True,True,True,True,True,True
/mnt/tank/scratch/okonovalova/AffiTox/analysis/excluding_2z5x_3mjg/tables/posebuster/sdf/5jkv/qvina/ligand_487.sdf,,0,True,True,True,True,True,True,True,True,True,True,True,True,True,True,True,True,True,True,True,True,True
/mnt/tank/scratch/okonovalova/AffiTox/analysis/excluding_2z5x_3mjg/tables/posebuster/sdf/5jkv/qvina/ligand_489.sdf,,0,True,True,True,True,True,True,True,True,True,True,True,True,True,True,True,True,True,True,True,True,True
/mnt/tank/scratch/okonovalova/AffiTox/analysis/excluding_2z5x_3mjg/tables/posebuster/sdf/5jkv/qvina/ligand_483.sdf,,0,True,True,True,True,True,True,True,True,True,True,True,True,True,True,True,True,True,True,True,True,True
/mnt/tank/scratch/okonovalova/AffiTox/analysis/excluding_2z5x_3mjg/tables/posebuster/sdf/5jkv/qvina/ligand_491.sdf,,0,True,True,True,True,True,True,True,True,True,True,True,False,True,True,True,True,True,True,True,True,True
/mnt/tank/scratch/okonovalova/AffiTox/analysis/excluding_2z5x_3mjg/tables/posebuster/sdf/5jkv/qvina/ligand_496.sdf,,0,True,True,True,True,True,True,True,True,True,True,True,True,True,True,True,True,True,True,True,True,True
/mnt/tank/scratch/okonovalova/AffiTox/analysis/excluding_2z5x_3mjg/tables/posebuster/sdf/5jkv/qvina/ligand_482.sdf,,0,True,True,True,True,True,True,True,True,True,True,True,True,True,True,True,True,True,True,True,True,True
/mnt/tank/scratch/okonovalova/AffiTox/analysis/excluding_2z5x_3mjg/tables/posebuster/sdf/5jkv/qvina/ligand_4.sdf,,0,True,True,True,True,True,True,True,True,True,True,True,True,True,True,True,True,True,True,True,True,True
/mnt/tank/scratch/okonovalova/AffiTox/analysis/excluding_2z5x_3mjg/tables/posebuster/sdf/5jkv/qvina/ligand_490.sdf,,0,True,True,True,True,True,True,True,True,True,True,True,True,True,True,True,True,True,True,True,True,True
/mnt/tank/scratch/okonovalova/AffiTox/analysis/excluding_2z5x_3mjg/tables/posebuster/sdf/5jkv/qvina/ligand_498.sdf,,0,True,True,True,True,True,True,True,True,True,True,True,True,True,True,True,True,True,True,True,True,True
/mnt/tank/scratch/okonovalova/AffiTox/analysis/excluding_2z5x_3mjg/tables/posebuster/sdf/5jkv/qvina/ligand_495.sdf,,0,True,True,True,True,True,True,True,True,True,True,True,True,True,True,True,True,True,True,True,True,True
/mnt/tank/scratch/okonovalova/AffiTox/analysis/excluding_2z5x_3mjg/tables/posebuster/sdf/5jkv/qvina/ligand_500.sdf,,0,True,True,True,True,True,True,True,True,True,True,True,True,True,True,True,True,True,True,True,True,True
/mnt/tank/scratch/okonovalova/AffiTox/analysis/excluding_2z5x_3mjg/tables/posebuster/sdf/5jkv/qvina/ligand_492.sdf,,0,True,True,True,True,True,True,True,True,True,True,True,True,True,True,True,True,True,True,True,True,True
/mnt/tank/scratch/okonovalova/AffiTox/analysis/excluding_2z5x_3mjg/tables/posebuster/sdf/5jkv/qvina/ligand_486.sdf,,0,True,True,True,True,True,True,True,True,True,True,True,True,True,True,True,True,True,True,True,True,True
/mnt/tank/scratch/okonovalova/AffiTox/analysis/excluding_2z5x_3mjg/tables/posebuster/sdf/5jkv/qvina/ligand_49.sdf,,0,True,True,True,True,True,True,True,True,True,True,True,True,True,True,True,True,True,True,True,True,True
/mnt/tank/scratch/okonovalova/AffiTox/analysis/excluding_2z5x_3mjg/tables/posebuster/sdf/5jkv/qvina/ligand_494.sdf,,0,True,True,True,True,True,True,True,True,True,True,True,True,True,True,True,True,True,True,True,True,True
/mnt/tank/scratch/okonovalova/AffiTox/analysis/excluding_2z5x_3mjg/tables/posebuster/sdf/5jkv/qvina/ligand_501.sdf,,0,True,True,True,True,True,True,True,True,True,True,True,True,True,True,True,True,True,True,True,True,True
/mnt/tank/scratch/okonovalova/AffiTox/analysis/excluding_2z5x_3mjg/tables/posebuster/sdf/5jkv/qvina/ligand_488.sdf,,0,True,True,True,True,True,True,True,True,True,True,True,True,True,True,True,True,True,True,True,True,True
/mnt/tank/scratch/okonovalova/AffiTox/analysis/excluding_2z5x_3mjg/tables/posebuster/sdf/5jkv/qvina/ligand_504.sdf,,0,True,True,True,True,True,True,True,True,True,True,True,True,True,True,True,True,True,True,True,True,True
/mnt/tank/scratch/okonovalova/AffiTox/analysis/excluding_2z5x_3mjg/tables/posebuster/sdf/5jkv/qvina/ligand_499.sdf,,0,True,True,True,True,True,True,True,True,True,True,True,True,True,True,True,True,True,True,True,True,True
/mnt/tank/scratch/okonovalova/AffiTox/analysis/excluding_2z5x_3mjg/tables/posebuster/sdf/5jkv/qvina/ligand_503.sdf,,0,True,True,True,True,True,True,True,True,True,True,True,True,True,True,True,True,True,True,True,True,True
/mnt/tank/scratch/okonovalova/AffiTox/analysis/excluding_2z5x_3mjg/tables/posebuster/sdf/5jkv/qvina/ligand_508.sdf,,0,True,True,True,True,True,True,True,True,True,True,True,True,True,True,True,True,True,True,True,True,True
/mnt/tank/scratch/okonovalova/AffiTox/analysis/excluding_2z5x_3mjg/tables/posebuster/sdf/5jkv/qvina/ligand_497.sdf,,0,True,True,True,True,True,True,True,True,True,True,True,True,True,True,True,True,True,True,True,True,True
/mnt/tank/scratch/okonovalova/AffiTox/analysis/excluding_2z5x_3mjg/tables/posebuster/sdf/5jkv/qvina/ligand_509.sdf,,0,True,True,True,True,True,True,True,True,True,True,True,True,True,True,True,True,True,True,True,True,True
/mnt/tank/scratch/okonovalova/AffiTox/analysis/excluding_2z5x_3mjg/tables/posebuster/sdf/5jkv/qvina/ligand_493.sdf,,0,True,True,True,True,True,True,True,True,True,True,True,True,True,True,True,True,True,True,True,True,True
/mnt/tank/scratch/okonovalova/AffiTox/analysis/excluding_2z5x_3mjg/tables/posebuster/sdf/5jkv/qvina/ligand_512.sdf,,0,True,True,True,True,True,True,True,True,True,True,True,True,True,True,True,True,True,True,True,True,True
/mnt/tank/scratch/okonovalova/AffiTox/analysis/excluding_2z5x_3mjg/tables/posebuster/sdf/5jkv/qvina/ligand_502.sdf,,0,True,True,True,True,True,True,True,True,True,True,True,True,True,True,True,True,True,True,True,True,True
/mnt/tank/scratch/okonovalova/AffiTox/analysis/excluding_2z5x_3mjg/tables/posebuster/sdf/5jkv/qvina/ligand_510.sdf,,0,True,True,True,True,True,True,True,True,True,True,True,True,True,True,True,True,True,True,True,True,True
/mnt/tank/scratch/okonovalova/AffiTox/analysis/excluding_2z5x_3mjg/tables/posebuster/sdf/5jkv/qvina/ligand_515.sdf,,0,True,True,True,True,True,True,True,True,True,True,True,True,True,True,True,True,True,True,True,True,True
/mnt/tank/scratch/okonovalova/AffiTox/analysis/excluding_2z5x_3mjg/tables/posebuster/sdf/5jkv/qvina/ligand_518.sdf,,0,True,True,True,True,True,True,True,True,True,True,True,True,True,True,True,True,True,True,True,True,True
/mnt/tank/scratch/okonovalova/AffiTox/analysis/excluding_2z5x_3mjg/tables/posebuster/sdf/5jkv/qvina/ligand_517.sdf,,0,True,True,True,True,True,True,True,True,True,True,True,True,True,True,True,True,True,True,True,True,True
/mnt/tank/scratch/okonovalova/AffiTox/analysis/excluding_2z5x_3mjg/tables/posebuster/sdf/5jkv/qvina/ligand_521.sdf,,0,True,True,True,True,True,True,True,True,True,True,True,True,True,True,True,True,True,True,True,True,True
/mnt/tank/scratch/okonovalova/AffiTox/analysis/excluding_2z5x_3mjg/tables/posebuster/sdf/5jkv/qvina/ligand_51.sdf,,0,True,True,True,True,True,True,True,False,True,True,True,False,True,True,True,True,True,True,True,True,True
/mnt/tank/scratch/okonovalova/AffiTox/analysis/excluding_2z5x_3mjg/tables/posebuster/sdf/5jkv/qvina/ligand_524.sdf,,0,True,True,True,True,True,True,True,True,True,True,True,True,True,True,True,True,True,True,True,True,True
/mnt/tank/scratch/okonovalova/AffiTox/analysis/excluding_2z5x_3mjg/tables/posebuster/sdf/5jkv/qvina/ligand_522.sdf,,0,True,True,True,True,True,True,True,True,True,True,True,True,True,True,True,True,True,True,True,True,True
/mnt/tank/scratch/okonovalova/AffiTox/analysis/excluding_2z5x_3mjg/tables/posebuster/sdf/5jkv/qvina/ligand_507.sdf,,0,True,True,True,True,True,True,True,True,True,True,True,True,True,True,True,True,True,True,True,True,True
/mnt/tank/scratch/okonovalova/AffiTox/analysis/excluding_2z5x_3mjg/tables/posebuster/sdf/5jkv/qvina/ligand_525.sdf,,0,True,True,True,True,True,True,True,True,True,True,True,True,True,True,True,True,True,True,True,True,True
/mnt/tank/scratch/okonovalova/AffiTox/analysis/excluding_2z5x_3mjg/tables/posebuster/sdf/5jkv/qvina/ligand_513.sdf,,0,True,True,True,True,True,True,True,True,True,True,True,True,True,True,True,True,True,True,True,True,True
/mnt/tank/scratch/okonovalova/AffiTox/analysis/excluding_2z5x_3mjg/tables/posebuster/sdf/5jkv/qvina/ligand_506.sdf,,0,True,True,True,True,True,True,True,True,True,True,True,True,True,True,True,True,True,True,True,True,True
/mnt/tank/scratch/okonovalova/AffiTox/analysis/excluding_2z5x_3mjg/tables/posebuster/sdf/5jkv/qvina/ligand_50.sdf,,0,True,True,True,True,True,True,True,True,True,True,True,True,True,True,True,True,True,True,True,True,True
/mnt/tank/scratch/okonovalova/AffiTox/analysis/excluding_2z5x_3mjg/tables/posebuster/sdf/5jkv/qvina/ligand_526.sdf,,0,True,True,True,True,True,True,True,True,True,True,True,True,True,True,True,True,True,True,True,True,True
/mnt/tank/scratch/okonovalova/AffiTox/analysis/excluding_2z5x_3mjg/tables/posebuster/sdf/5jkv/qvina/ligand_511.sdf,,0,True,True,True,True,True,True,True,True,True,True,True,True,True,True,True,True,True,True,True,True,True
/mnt/tank/scratch/okonovalova/AffiTox/analysis/excluding_2z5x_3mjg/tables/posebuster/sdf/5jkv/qvina/ligand_523.sdf,,0,True,True,True,True,True,True,True,True,True,True,True,True,True,True,True,True,True,True,True,True,True
/mnt/tank/scratch/okonovalova/AffiTox/analysis/excluding_2z5x_3mjg/tables/posebuster/sdf/5jkv/qvina/ligand_528.sdf,,0,True,True,True,True,True,True,True,True,True,True,True,True,True,True,True,True,True,True,True,True,True
/mnt/tank/scratch/okonovalova/AffiTox/analysis/excluding_2z5x_3mjg/tables/posebuster/sdf/5jkv/qvina/ligand_516.sdf,,0,True,True,True,True,True,True,True,True,True,True,True,True,True,True,True,True,True,True,True,True,True
/mnt/tank/scratch/okonovalova/AffiTox/analysis/excluding_2z5x_3mjg/tables/posebuster/sdf/5jkv/qvina/ligand_529.sdf,,0,True,True,True,True,True,True,True,True,True,True,True,True,True,True,True,True,True,True,True,True,True
/mnt/tank/scratch/okonovalova/AffiTox/analysis/excluding_2z5x_3mjg/tables/posebuster/sdf/5jkv/qvina/ligand_527.sdf,,0,True,True,True,True,True,True,True,True,True,True,True,True,True,True,True,True,True,True,True,True,True
/mnt/tank/scratch/okonovalova/AffiTox/analysis/excluding_2z5x_3mjg/tables/posebuster/sdf/5jkv/qvina/ligand_514.sdf,,0,True,True,True,True,True,True,True,True,True,True,True,True,True,True,True,True,True,True,True,True,True
/mnt/tank/scratch/okonovalova/AffiTox/analysis/excluding_2z5x_3mjg/tables/posebuster/sdf/5jkv/qvina/ligand_519.sdf,,0,True,True,True,True,True,True,True,True,True,True,True,True,True,True,True,True,True,True,True,True,True
/mnt/tank/scratch/okonovalova/AffiTox/analysis/excluding_2z5x_3mjg/tables/posebuster/sdf/5jkv/qvina/ligand_535.sdf,,0,True,True,True,True,True,True,True,True,True,True,True,True,True,True,True,True,True,True,True,True,True
/mnt/tank/scratch/okonovalova/AffiTox/analysis/excluding_2z5x_3mjg/tables/posebuster/sdf/5jkv/qvina/ligand_532.sdf,,0,True,True,True,True,True,True,True,True,True,True,True,True,True,True,True,True,True,True,True,True,True
/mnt/tank/scratch/okonovalova/AffiTox/analysis/excluding_2z5x_3mjg/tables/posebuster/sdf/5jkv/qvina/ligand_520.sdf,,0,True,True,True,True,True,True,True,True,True,True,True,True,True,True,True,True,True,True,True,True,True
/mnt/tank/scratch/okonovalova/AffiTox/analysis/excluding_2z5x_3mjg/tables/posebuster/sdf/5jkv/qvina/ligand_531.sdf,,0,True,True,True,True,True,True,True,True,True,True,True,True,True,True,True,True,True,True,True,True,True
/mnt/tank/scratch/okonovalova/AffiTox/analysis/excluding_2z5x_3mjg/tables/posebuster/sdf/5jkv/qvina/ligand_52.sdf,,0,True,True,True,True,True,True,True,True,True,True,True,True,True,True,True,True,True,True,True,True,True
/mnt/tank/scratch/okonovalova/AffiTox/analysis/excluding_2z5x_3mjg/tables/posebuster/sdf/5jkv/qvina/ligand_537.sdf,,0,True,True,True,True,True,True,True,True,True,True,True,True,True,True,True,True,True,True,True,True,True
/mnt/tank/scratch/okonovalova/AffiTox/analysis/excluding_2z5x_3mjg/tables/posebuster/sdf/5jkv/qvina/ligand_536.sdf,,0,True,True,True,True,True,True,True,True,True,True,True,True,True,True,True,True,True,True,True,True,True
/mnt/tank/scratch/okonovalova/AffiTox/analysis/excluding_2z5x_3mjg/tables/posebuster/sdf/5jkv/qvina/ligand_538.sdf,,0,True,True,True,True,True,True,True,True,True,True,True,True,True,True,True,True,True,True,True,True,True
/mnt/tank/scratch/okonovalova/AffiTox/analysis/excluding_2z5x_3mjg/tables/posebuster/sdf/5jkv/qvina/ligand_539.sdf,,0,True,True,True,True,True,True,True,True,True,True,True,True,True,True,True,True,True,True,True,True,True
/mnt/tank/scratch/okonovalova/AffiTox/analysis/excluding_2z5x_3mjg/tables/posebuster/sdf/5jkv/qvina/ligand_533.sdf,,0,True,True,True,True,True,True,True,True,True,True,True,True,True,True,True,True,True,True,True,True,True
/mnt/tank/scratch/okonovalova/AffiTox/analysis/excluding_2z5x_3mjg/tables/posebuster/sdf/5jkv/qvina/ligand_530.sdf,,0,True,True,True,True,True,True,True,True,True,True,True,True,True,True,True,True,True,True,True,True,True
/mnt/tank/scratch/okonovalova/AffiTox/analysis/excluding_2z5x_3mjg/tables/posebuster/sdf/5jkv/qvina/ligand_534.sdf,,0,True,True,True,True,True,True,True,True,True,True,True,True,True,True,True,True,True,True,True,True,True
/mnt/tank/scratch/okonovalova/AffiTox/analysis/excluding_2z5x_3mjg/tables/posebuster/sdf/5jkv/qvina/ligand_53.sdf,,0,True,True,True,True,True,True,True,True,True,True,True,True,True,True,True,True,True,True,True,True,True
/mnt/tank/scratch/okonovalova/AffiTox/analysis/excluding_2z5x_3mjg/tables/posebuster/sdf/5jkv/qvina/ligand_540.sdf,,0,True,True,True,True,True,True,True,True,True,True,True,True,True,True,True,True,True,True,True,True,True
/mnt/tank/scratch/okonovalova/AffiTox/analysis/excluding_2z5x_3mjg/tables/posebuster/sdf/5jkv/qvina/ligand_543.sdf,,0,True,True,True,True,True,True,True,True,True,True,True,True,True,True,True,True,True,True,True,True,True
/mnt/tank/scratch/okonovalova/AffiTox/analysis/excluding_2z5x_3mjg/tables/posebuster/sdf/5jkv/qvina/ligand_542.sdf,,0,True,True,True,True,True,True,True,True,True,True,True,True,True,True,True,True,True,True,True,True,True
/mnt/tank/scratch/okonovalova/AffiTox/analysis/excluding_2z5x_3mjg/tables/posebuster/sdf/5jkv/qvina/ligand_541.sdf,,0,True,True,True,True,True,True,True,True,True,True,True,True,True,True,True,True,True,True,True,True,True
/mnt/tank/scratch/okonovalova/AffiTox/analysis/excluding_2z5x_3mjg/tables/posebuster/sdf/5jkv/qvina/ligand_544.sdf,,0,True,True,True,True,True,True,True,True,True,True,True,True,True,True,True,True,True,True,True,True,True
/mnt/tank/scratch/okonovalova/AffiTox/analysis/excluding_2z5x_3mjg/tables/posebuster/sdf/5jkv/qvina/ligand_545.sdf,,0,True,True,True,True,True,True,True,True,True,True,True,True,True,True,True,True,True,True,True,True,True
/mnt/tank/scratch/okonovalova/AffiTox/analysis/excluding_2z5x_3mjg/tables/posebuster/sdf/5jkv/qvina/ligand_548.sdf,,0,True,True,True,True,True,True,True,True,True,True,True,True,True,True,True,True,True,True,True,True,True
/mnt/tank/scratch/okonovalova/AffiTox/analysis/excluding_2z5x_3mjg/tables/posebuster/sdf/5jkv/qvina/ligand_547.sdf,,0,True,True,True,True,True,True,True,True,True,True,True,True,True,True,True,True,True,True,True,True,True
/mnt/tank/scratch/okonovalova/AffiTox/analysis/excluding_2z5x_3mjg/tables/posebuster/sdf/5jkv/qvina/ligand_546.sdf,,0,True,True,True,True,True,True,True,True,True,True,True,True,True,True,True,True,True,True,True,True,True
/mnt/tank/scratch/okonovalova/AffiTox/analysis/excluding_2z5x_3mjg/tables/posebuster/sdf/5jkv/qvina/ligand_54.sdf,,0,True,True,True,True,True,True,True,True,True,True,True,True,True,True,True,True,True,True,True,True,True
/mnt/tank/scratch/okonovalova/AffiTox/analysis/excluding_2z5x_3mjg/tables/posebuster/sdf/5jkv/qvina/ligand_55.sdf,,0,True,True,True,True,True,True,True,True,True,True,True,True,True,True,True,True,True,True,True,True,True
/mnt/tank/scratch/okonovalova/AffiTox/analysis/excluding_2z5x_3mjg/tables/posebuster/sdf/5jkv/qvina/ligand_58.sdf,,0,True,True,True,True,True,True,True,True,True,True,True,True,True,True,True,True,True,True,True,True,True
/mnt/tank/scratch/okonovalova/AffiTox/analysis/excluding_2z5x_3mjg/tables/posebuster/sdf/5jkv/qvina/ligand_57.sdf,,0,True,True,True,True,True,True,True,True,True,True,True,True,True,True,True,True,True,True,True,True,True
/mnt/tank/scratch/okonovalova/AffiTox/analysis/excluding_2z5x_3mjg/tables/posebuster/sdf/5jkv/qvina/ligand_56.sdf,,0,True,True,True,True,True,True,True,False,True,True,True,True,True,True,True,True,True,True,True,True,True
/mnt/tank/scratch/okonovalova/AffiTox/analysis/excluding_2z5x_3mjg/tables/posebuster/sdf/5jkv/qvina/ligand_6.sdf,,0,True,True,True,True,True,True,True,True,True,True,True,True,True,True,True,True,True,True,True,True,True
/mnt/tank/scratch/okonovalova/AffiTox/analysis/excluding_2z5x_3mjg/tables/posebuster/sdf/5jkv/qvina/ligand_60.sdf,,0,True,True,True,True,True,True,True,True,True,True,True,True,True,True,True,True,True,True,True,True,True
/mnt/tank/scratch/okonovalova/AffiTox/analysis/excluding_2z5x_3mjg/tables/posebuster/sdf/5jkv/qvina/ligand_64.sdf,,0,True,True,True,True,True,True,True,True,True,True,True,True,True,True,True,True,True,True,True,True,True
/mnt/tank/scratch/okonovalova/AffiTox/analysis/excluding_2z5x_3mjg/tables/posebuster/sdf/5jkv/qvina/ligand_5.sdf,,0,True,True,True,True,True,True,True,True,True,True,True,True,True,True,True,True,True,True,True,True,True
/mnt/tank/scratch/okonovalova/AffiTox/analysis/excluding_2z5x_3mjg/tables/posebuster/sdf/5jkv/qvina/ligand_72.sdf,,0,True,True,True,True,True,True,True,True,True,True,True,True,True,True,True,True,True,True,True,True,True
/mnt/tank/scratch/okonovalova/AffiTox/analysis/excluding_2z5x_3mjg/tables/posebuster/sdf/5jkv/qvina/ligand_63.sdf,,0,True,True,True,True,True,True,True,True,True,True,True,True,True,True,True,True,True,True,True,True,True
/mnt/tank/scratch/okonovalova/AffiTox/analysis/excluding_2z5x_3mjg/tables/posebuster/sdf/5jkv/qvina/ligand_71.sdf,,0,True,True,True,True,True,True,True,True,True,True,True,True,True,True,True,True,True,True,True,True,True
/mnt/tank/scratch/okonovalova/AffiTox/analysis/excluding_2z5x_3mjg/tables/posebuster/sdf/5jkv/qvina/ligand_61.sdf,,0,True,True,True,True,True,True,True,True,True,True,True,True,True,True,True,True,True,True,True,True,True
/mnt/tank/scratch/okonovalova/AffiTox/analysis/excluding_2z5x_3mjg/tables/posebuster/sdf/5jkv/qvina/ligand_65.sdf,,0,True,True,True,True,True,True,True,True,True,True,True,True,True,True,True,True,True,True,True,True,True
/mnt/tank/scratch/okonovalova/AffiTox/analysis/excluding_2z5x_3mjg/tables/posebuster/sdf/5jkv/qvina/ligand_67.sdf,,0,True,True,True,True,True,True,True,True,True,True,True,True,True,True,True,True,True,True,True,True,True
/mnt/tank/scratch/okonovalova/AffiTox/analysis/excluding_2z5x_3mjg/tables/posebuster/sdf/5jkv/qvina/ligand_62.sdf,,0,True,True,True,True,True,True,True,True,True,True,True,True,True,True,True,True,True,True,True,True,True
/mnt/tank/scratch/okonovalova/AffiTox/analysis/excluding_2z5x_3mjg/tables/posebuster/sdf/5jkv/qvina/ligand_66.sdf,,0,True,True,True,True,True,True,True,True,True,True,True,True,True,True,True,True,True,True,True,True,True
/mnt/tank/scratch/okonovalova/AffiTox/analysis/excluding_2z5x_3mjg/tables/posebuster/sdf/5jkv/qvina/ligand_70.sdf,,0,True,True,True,True,True,True,True,True,True,True,True,True,True,True,True,True,True,True,True,True,True
/mnt/tank/scratch/okonovalova/AffiTox/analysis/excluding_2z5x_3mjg/tables/posebuster/sdf/5jkv/qvina/ligand_59.sdf,,0,True,True,True,True,True,True,True,True,True,True,True,True,True,True,True,True,True,True,True,True,True
/mnt/tank/scratch/okonovalova/AffiTox/analysis/excluding_2z5x_3mjg/tables/posebuster/sdf/5jkv/qvina/ligand_69.sdf,,0,True,True,True,True,True,True,True,True,True,True,True,True,True,True,True,True,True,True,True,True,True
/mnt/tank/scratch/okonovalova/AffiTox/analysis/excluding_2z5x_3mjg/tables/posebuster/sdf/5jkv/qvina/ligand_68.sdf,,0,True,True,True,True,True,True,True,True,True,True,True,True,True,True,True,True,True,True,True,True,True
/mnt/tank/scratch/okonovalova/AffiTox/analysis/excluding_2z5x_3mjg/tables/posebuster/sdf/5jkv/qvina/ligand_73.sdf,,0,True,True,True,True,True,True,True,True,True,True,True,True,True,True,True,True,True,True,True,True,True
/mnt/tank/scratch/okonovalova/AffiTox/analysis/excluding_2z5x_3mjg/tables/posebuster/sdf/5jkv/qvina/ligand_80.sdf,,0,True,True,True,True,True,True,True,True,True,True,True,True,True,True,True,True,True,True,True,True,True
/mnt/tank/scratch/okonovalova/AffiTox/analysis/excluding_2z5x_3mjg/tables/posebuster/sdf/5jkv/qvina/ligand_79.sdf,,0,True,True,True,True,True,True,True,True,True,True,True,True,True,True,True,True,True,True,True,True,True
/mnt/tank/scratch/okonovalova/AffiTox/analysis/excluding_2z5x_3mjg/tables/posebuster/sdf/5jkv/qvina/ligand_75.sdf,,0,True,True,True,True,True,True,True,True,True,True,True,True,True,True,True,True,True,True,True,True,True
/mnt/tank/scratch/okonovalova/AffiTox/analysis/excluding_2z5x_3mjg/tables/posebuster/sdf/5jkv/qvina/ligand_81.sdf,,0,True,True,True,True,True,True,True,True,True,True,True,True,True,True,True,True,True,True,True,True,True
/mnt/tank/scratch/okonovalova/AffiTox/analysis/excluding_2z5x_3mjg/tables/posebuster/sdf/5jkv/qvina/ligand_7.sdf,,0,True,True,True,True,True,True,True,True,True,True,True,True,True,True,True,True,True,True,True,True,True
/mnt/tank/scratch/okonovalova/AffiTox/analysis/excluding_2z5x_3mjg/tables/posebuster/sdf/5jkv/qvina/ligand_77.sdf,,0,True,True,True,True,True,True,True,True,True,True,True,True,True,True,True,True,True,True,True,True,True
/mnt/tank/scratch/okonovalova/AffiTox/analysis/excluding_2z5x_3mjg/tables/posebuster/sdf/5jkv/qvina/ligand_85.sdf,,0,True,True,True,True,True,True,True,True,True,True,True,True,True,True,True,True,True,True,True,True,True
/mnt/tank/scratch/okonovalova/AffiTox/analysis/excluding_2z5x_3mjg/tables/posebuster/sdf/5jkv/qvina/ligand_82.sdf,,0,True,True,True,True,True,True,True,True,True,True,True,True,True,True,True,True,True,True,True,True,True
/mnt/tank/scratch/okonovalova/AffiTox/analysis/excluding_2z5x_3mjg/tables/posebuster/sdf/5jkv/qvina/ligand_74.sdf,,0,True,True,True,True,True,True,True,True,True,True,True,True,True,True,True,True,True,True,True,True,True
/mnt/tank/scratch/okonovalova/AffiTox/analysis/excluding_2z5x_3mjg/tables/posebuster/sdf/5jkv/qvina/ligand_76.sdf,,0,True,True,True,True,True,True,True,True,True,True,True,True,True,True,True,True,True,True,True,True,True
/mnt/tank/scratch/okonovalova/AffiTox/analysis/excluding_2z5x_3mjg/tables/posebuster/sdf/5jkv/qvina/ligand_78.sdf,,0,True,True,True,True,True,True,True,True,True,True,True,True,True,True,True,True,True,True,True,True,True
/mnt/tank/scratch/okonovalova/AffiTox/analysis/excluding_2z5x_3mjg/tables/posebuster/sdf/5jkv/qvina/ligand_83.sdf,,0,True,True,True,True,True,True,True,True,True,True,True,True,True,True,True,True,True,True,True,True,True
/mnt/tank/scratch/okonovalova/AffiTox/analysis/excluding_2z5x_3mjg/tables/posebuster/sdf/5jkv/qvina/ligand_86.sdf,,0,True,True,True,True,True,True,True,True,True,True,True,True,True,True,True,True,True,True,True,True,True
/mnt/tank/scratch/okonovalova/AffiTox/analysis/excluding_2z5x_3mjg/tables/posebuster/sdf/5jkv/qvina/ligand_84.sdf,,0,True,True,True,True,True,True,True,True,True,True,True,True,True,True,True,True,True,True,True,True,True
/mnt/tank/scratch/okonovalova/AffiTox/analysis/excluding_2z5x_3mjg/tables/posebuster/sdf/5jkv/qvina/ligand_88.sdf,,0,True,True,True,True,True,True,True,True,True,True,True,True,True,True,True,True,True,True,True,True,True
/mnt/tank/scratch/okonovalova/AffiTox/analysis/excluding_2z5x_3mjg/tables/posebuster/sdf/5jkv/qvina/ligand_8.sdf,,0,True,True,True,True,True,True,True,True,True,True,True,True,True,True,True,True,True,True,True,True,True
/mnt/tank/scratch/okonovalova/AffiTox/analysis/excluding_2z5x_3mjg/tables/posebuster/sdf/5jkv/qvina/ligand_87.sdf,,0,True,True,True,True,True,True,True,True,True,True,True,True,True,True,True,True,True,True,True,True,True
/mnt/tank/scratch/okonovalova/AffiTox/analysis/excluding_2z5x_3mjg/tables/posebuster/sdf/5jkv/qvina/ligand_89.sdf,,0,True,True,True,True,True,True,True,True,True,True,True,True,True,True,True,True,True,True,True,True,True
/mnt/tank/scratch/okonovalova/AffiTox/analysis/excluding_2z5x_3mjg/tables/posebuster/sdf/5jkv/qvina/ligand_97.sdf,,0,True,True,True,True,True,True,True,True,True,True,True,True,True,True,True,True,True,True,True,True,True
/mnt/tank/scratch/okonovalova/AffiTox/analysis/excluding_2z5x_3mjg/tables/posebuster/sdf/5jkv/qvina/ligand_94.sdf,,0,True,True,True,True,True,True,True,True,True,True,True,True,True,True,True,True,True,True,True,True,True
/mnt/tank/scratch/okonovalova/AffiTox/analysis/excluding_2z5x_3mjg/tables/posebuster/sdf/5jkv/qvina/ligand_93.sdf,,0,True,True,True,True,True,True,True,True,True,True,True,True,True,True,True,True,True,True,True,True,True
/mnt/tank/scratch/okonovalova/AffiTox/analysis/excluding_2z5x_3mjg/tables/posebuster/sdf/5jkv/qvina/ligand_90.sdf,,0,True,True,True,True,True,True,True,True,True,True,True,True,True,True,True,True,True,True,True,True,True
/mnt/tank/scratch/okonovalova/AffiTox/analysis/excluding_2z5x_3mjg/tables/posebuster/sdf/5jkv/qvina/ligand_95.sdf,,0,True,True,True,True,True,True,True,True,True,True,True,True,True,True,True,True,True,True,True,True,True
/mnt/tank/scratch/okonovalova/AffiTox/analysis/excluding_2z5x_3mjg/tables/posebuster/sdf/5jkv/qvina/ligand_92.sdf,,0,True,True,True,True,True,True,True,True,True,True,True,True,True,True,True,True,True,True,True,True,True
/mnt/tank/scratch/okonovalova/AffiTox/analysis/excluding_2z5x_3mjg/tables/posebuster/sdf/5jkv/qvina/ligand_91.sdf,,0,True,True,True,True,True,True,True,True,True,True,True,True,True,True,True,True,True,True,True,True,True
/mnt/tank/scratch/okonovalova/AffiTox/analysis/excluding_2z5x_3mjg/tables/posebuster/sdf/5jkv/qvina/ligand_9.sdf,,0,True,True,True,True,True,True,True,True,True,True,True,True,True,True,True,True,True,True,True,True,True
/mnt/tank/scratch/okonovalova/AffiTox/analysis/excluding_2z5x_3mjg/tables/posebuster/sdf/5jkv/qvina/ligand_96.sdf,,0,True,True,True,True,True,True,True,True,True,True,True,True,True,True,True,True,True,True,True,True,True
/mnt/tank/scratch/okonovalova/AffiTox/analysis/excluding_2z5x_3mjg/tables/posebuster/sdf/5jkv/qvina/ligand_98.sdf,,0,True,True,True,True,True,True,True,True,True,True,True,True,True,True,True,True,True,True,True,True,True
/mnt/tank/scratch/okonovalova/AffiTox/analysis/excluding_2z5x_3mjg/tables/posebuster/sdf/5jkv/qvina/ligand_99.sdf,,0,True,True,True,True,True,True,True,True,True,True,True,True,True,True,True,True,True,True,True,True,True
