file,molecule,position,mol_pred_loaded,mol_cond_loaded,sanitization,inchi_convertible,all_atoms_connected,bond_lengths,bond_angles,internal_steric_clash,aromatic_ring_flatness,non-aromatic_ring_non-flatness,double_bond_flatness,internal_energy,protein-ligand_maximum_distance,minimum_distance_to_protein,minimum_distance_to_organic_cofactors,minimum_distance_to_inorganic_cofactors,minimum_distance_to_waters,volume_overlap_with_protein,volume_overlap_with_organic_cofactors,volume_overlap_with_inorganic_cofactors,volume_overlap_with_waters
/mnt/tank/scratch/okonovalova/AffiTox/analysis/excluding_2z5x_3mjg/tables/posebuster/sdf/6gqj/gnina/ligand_1002.sdf,,0,True,True,True,True,True,True,True,True,True,True,True,True,True,True,True,True,True,True,True,True,True
/mnt/tank/scratch/okonovalova/AffiTox/analysis/excluding_2z5x_3mjg/tables/posebuster/sdf/6gqj/gnina/ligand_1008.sdf,,0,True,True,True,True,True,True,True,True,True,True,True,True,True,False,True,True,True,True,True,True,True
/mnt/tank/scratch/okonovalova/AffiTox/analysis/excluding_2z5x_3mjg/tables/posebuster/sdf/6gqj/gnina/ligand_1007.sdf,,0,True,True,True,True,True,True,True,True,True,True,True,True,True,False,True,True,True,True,True,True,True
/mnt/tank/scratch/okonovalova/AffiTox/analysis/excluding_2z5x_3mjg/tables/posebuster/sdf/6gqj/gnina/ligand_1009.sdf,,0,True,True,True,True,True,True,True,True,True,True,True,True,True,True,True,True,True,True,True,True,True
/mnt/tank/scratch/okonovalova/AffiTox/analysis/excluding_2z5x_3mjg/tables/posebuster/sdf/6gqj/gnina/ligand_1001.sdf,,0,True,True,True,True,True,True,True,True,True,True,True,True,True,True,True,True,True,True,True,True,True
/mnt/tank/scratch/okonovalova/AffiTox/analysis/excluding_2z5x_3mjg/tables/posebuster/sdf/6gqj/gnina/ligand_1005.sdf,,0,True,True,True,True,True,True,True,True,True,True,True,True,True,True,True,True,True,True,True,True,True
/mnt/tank/scratch/okonovalova/AffiTox/analysis/excluding_2z5x_3mjg/tables/posebuster/sdf/6gqj/gnina/ligand_1003.sdf,,0,True,True,True,True,True,True,True,True,True,True,True,True,True,True,True,True,True,True,True,True,True
/mnt/tank/scratch/okonovalova/AffiTox/analysis/excluding_2z5x_3mjg/tables/posebuster/sdf/6gqj/gnina/ligand_1004.sdf,,0,True,True,True,True,True,True,True,True,True,True,True,True,True,True,True,True,True,True,True,True,True
/mnt/tank/scratch/okonovalova/AffiTox/analysis/excluding_2z5x_3mjg/tables/posebuster/sdf/6gqj/gnina/ligand_1006.sdf,,0,True,True,True,True,True,True,True,True,True,True,True,True,True,True,True,True,True,True,True,True,True
/mnt/tank/scratch/okonovalova/AffiTox/analysis/excluding_2z5x_3mjg/tables/posebuster/sdf/6gqj/gnina/ligand_1014.sdf,,0,True,True,True,True,True,True,True,True,True,True,True,True,True,True,True,True,True,True,True,True,True
/mnt/tank/scratch/okonovalova/AffiTox/analysis/excluding_2z5x_3mjg/tables/posebuster/sdf/6gqj/gnina/ligand_1012.sdf,,0,True,True,True,True,True,True,True,True,True,True,True,True,True,True,True,True,True,True,True,True,True
/mnt/tank/scratch/okonovalova/AffiTox/analysis/excluding_2z5x_3mjg/tables/posebuster/sdf/6gqj/gnina/ligand_1000.sdf,,0,True,True,True,True,True,True,True,True,True,True,True,True,True,True,True,True,True,True,True,True,True
/mnt/tank/scratch/okonovalova/AffiTox/analysis/excluding_2z5x_3mjg/tables/posebuster/sdf/6gqj/gnina/ligand_1010.sdf,,0,True,True,True,True,True,True,True,True,True,True,True,True,True,True,True,True,True,True,True,True,True
/mnt/tank/scratch/okonovalova/AffiTox/analysis/excluding_2z5x_3mjg/tables/posebuster/sdf/6gqj/gnina/ligand_1013.sdf,,0,True,True,True,True,True,True,True,True,True,True,True,True,True,True,True,True,True,True,True,True,True
/mnt/tank/scratch/okonovalova/AffiTox/analysis/excluding_2z5x_3mjg/tables/posebuster/sdf/6gqj/gnina/ligand_1011.sdf,,0,True,True,True,True,True,True,True,True,True,True,True,True,True,False,True,True,True,True,True,True,True
/mnt/tank/scratch/okonovalova/AffiTox/analysis/excluding_2z5x_3mjg/tables/posebuster/sdf/6gqj/gnina/ligand_100.sdf,,0,True,True,True,True,True,True,True,True,True,True,True,True,True,False,True,True,True,False,True,True,True
/mnt/tank/scratch/okonovalova/AffiTox/analysis/excluding_2z5x_3mjg/tables/posebuster/sdf/6gqj/gnina/ligand_1019.sdf,,0,True,True,True,True,True,True,True,True,True,True,True,True,True,True,True,True,True,True,True,True,True
/mnt/tank/scratch/okonovalova/AffiTox/analysis/excluding_2z5x_3mjg/tables/posebuster/sdf/6gqj/gnina/ligand_1016.sdf,,0,True,True,True,True,True,True,True,True,True,True,True,True,True,True,True,True,True,True,True,True,True
/mnt/tank/scratch/okonovalova/AffiTox/analysis/excluding_2z5x_3mjg/tables/posebuster/sdf/6gqj/gnina/ligand_1022.sdf,,0,True,True,True,True,True,True,True,True,True,True,True,True,True,True,True,True,True,True,True,True,True
/mnt/tank/scratch/okonovalova/AffiTox/analysis/excluding_2z5x_3mjg/tables/posebuster/sdf/6gqj/gnina/ligand_1021.sdf,,0,True,True,True,True,True,True,True,True,True,True,True,True,True,True,True,True,True,True,True,True,True
/mnt/tank/scratch/okonovalova/AffiTox/analysis/excluding_2z5x_3mjg/tables/posebuster/sdf/6gqj/gnina/ligand_1020.sdf,,0,True,True,True,True,True,True,True,True,True,True,True,True,True,True,True,True,True,True,True,True,True
/mnt/tank/scratch/okonovalova/AffiTox/analysis/excluding_2z5x_3mjg/tables/posebuster/sdf/6gqj/gnina/ligand_1024.sdf,,0,True,True,True,True,True,True,True,True,True,True,True,True,True,False,True,True,True,True,True,True,True
/mnt/tank/scratch/okonovalova/AffiTox/analysis/excluding_2z5x_3mjg/tables/posebuster/sdf/6gqj/gnina/ligand_1028.sdf,,0,True,True,True,True,True,True,True,True,True,True,True,True,True,True,True,True,True,True,True,True,True
/mnt/tank/scratch/okonovalova/AffiTox/analysis/excluding_2z5x_3mjg/tables/posebuster/sdf/6gqj/gnina/ligand_1025.sdf,,0,True,True,True,True,True,True,True,True,True,True,True,True,True,True,True,True,True,True,True,True,True
/mnt/tank/scratch/okonovalova/AffiTox/analysis/excluding_2z5x_3mjg/tables/posebuster/sdf/6gqj/gnina/ligand_102.sdf,,0,True,True,True,True,True,True,True,True,True,True,True,True,True,True,True,True,True,True,True,True,True
/mnt/tank/scratch/okonovalova/AffiTox/analysis/excluding_2z5x_3mjg/tables/posebuster/sdf/6gqj/gnina/ligand_1026.sdf,,0,True,True,True,True,True,True,True,True,True,True,True,True,True,True,True,True,True,True,True,True,True
/mnt/tank/scratch/okonovalova/AffiTox/analysis/excluding_2z5x_3mjg/tables/posebuster/sdf/6gqj/gnina/ligand_1015.sdf,,0,True,True,True,True,True,True,True,True,True,True,True,True,True,True,True,True,True,True,True,True,True
/mnt/tank/scratch/okonovalova/AffiTox/analysis/excluding_2z5x_3mjg/tables/posebuster/sdf/6gqj/gnina/ligand_1018.sdf,,0,True,True,True,True,True,True,True,True,True,True,True,True,True,True,True,True,True,True,True,True,True
/mnt/tank/scratch/okonovalova/AffiTox/analysis/excluding_2z5x_3mjg/tables/posebuster/sdf/6gqj/gnina/ligand_1023.sdf,,0,True,True,True,True,True,True,True,True,True,True,True,True,True,True,True,True,True,True,True,True,True
/mnt/tank/scratch/okonovalova/AffiTox/analysis/excluding_2z5x_3mjg/tables/posebuster/sdf/6gqj/gnina/ligand_1033.sdf,,0,True,True,True,True,True,True,True,True,True,True,True,True,True,False,True,True,True,True,True,True,True
/mnt/tank/scratch/okonovalova/AffiTox/analysis/excluding_2z5x_3mjg/tables/posebuster/sdf/6gqj/gnina/ligand_1031.sdf,,0,True,True,True,True,True,True,True,True,True,True,True,True,True,True,True,True,True,True,True,True,True
/mnt/tank/scratch/okonovalova/AffiTox/analysis/excluding_2z5x_3mjg/tables/posebuster/sdf/6gqj/gnina/ligand_1034.sdf,,0,True,True,True,True,True,True,True,True,True,True,True,False,True,True,True,True,True,True,True,True,True
/mnt/tank/scratch/okonovalova/AffiTox/analysis/excluding_2z5x_3mjg/tables/posebuster/sdf/6gqj/gnina/ligand_1027.sdf,,0,True,True,True,True,True,True,True,True,True,True,True,True,True,True,True,True,True,True,True,True,True
/mnt/tank/scratch/okonovalova/AffiTox/analysis/excluding_2z5x_3mjg/tables/posebuster/sdf/6gqj/gnina/ligand_101.sdf,,0,True,True,True,True,True,True,True,True,True,True,True,True,True,False,True,True,True,True,True,True,True
/mnt/tank/scratch/okonovalova/AffiTox/analysis/excluding_2z5x_3mjg/tables/posebuster/sdf/6gqj/gnina/ligand_1017.sdf,,0,True,True,True,True,True,True,True,True,True,True,True,True,True,True,True,True,True,True,True,True,True
/mnt/tank/scratch/okonovalova/AffiTox/analysis/excluding_2z5x_3mjg/tables/posebuster/sdf/6gqj/gnina/ligand_1036.sdf,,0,True,True,True,True,True,True,True,True,True,True,True,True,True,True,True,True,True,True,True,True,True
/mnt/tank/scratch/okonovalova/AffiTox/analysis/excluding_2z5x_3mjg/tables/posebuster/sdf/6gqj/gnina/ligand_1029.sdf,,0,True,True,True,True,True,True,True,True,True,True,True,True,True,True,True,True,True,True,True,True,True
/mnt/tank/scratch/okonovalova/AffiTox/analysis/excluding_2z5x_3mjg/tables/posebuster/sdf/6gqj/gnina/ligand_1030.sdf,,0,True,True,True,True,True,True,True,True,True,True,True,True,True,True,True,True,True,True,True,True,True
/mnt/tank/scratch/okonovalova/AffiTox/analysis/excluding_2z5x_3mjg/tables/posebuster/sdf/6gqj/gnina/ligand_1035.sdf,,0,True,True,True,True,True,True,True,True,True,True,True,True,True,True,True,True,True,True,True,True,True
/mnt/tank/scratch/okonovalova/AffiTox/analysis/excluding_2z5x_3mjg/tables/posebuster/sdf/6gqj/gnina/ligand_1032.sdf,,0,True,True,True,True,True,True,True,True,True,True,True,True,True,True,True,True,True,True,True,True,True
/mnt/tank/scratch/okonovalova/AffiTox/analysis/excluding_2z5x_3mjg/tables/posebuster/sdf/6gqj/gnina/ligand_1038.sdf,,0,True,True,True,True,True,True,True,True,True,True,True,True,True,True,True,True,True,True,True,True,True
/mnt/tank/scratch/okonovalova/AffiTox/analysis/excluding_2z5x_3mjg/tables/posebuster/sdf/6gqj/gnina/ligand_1037.sdf,,0,True,True,True,True,True,True,True,True,True,True,True,True,True,True,True,True,True,True,True,True,True
/mnt/tank/scratch/okonovalova/AffiTox/analysis/excluding_2z5x_3mjg/tables/posebuster/sdf/6gqj/gnina/ligand_1047.sdf,,0,True,True,True,True,True,True,True,True,True,True,True,True,True,True,True,True,True,True,True,True,True
/mnt/tank/scratch/okonovalova/AffiTox/analysis/excluding_2z5x_3mjg/tables/posebuster/sdf/6gqj/gnina/ligand_103.sdf,,0,True,True,True,True,True,True,True,True,True,True,True,True,True,True,True,True,True,True,True,True,True
/mnt/tank/scratch/okonovalova/AffiTox/analysis/excluding_2z5x_3mjg/tables/posebuster/sdf/6gqj/gnina/ligand_1045.sdf,,0,True,True,True,True,True,True,True,True,True,True,True,True,True,True,True,True,True,True,True,True,True
/mnt/tank/scratch/okonovalova/AffiTox/analysis/excluding_2z5x_3mjg/tables/posebuster/sdf/6gqj/gnina/ligand_1041.sdf,,0,True,True,True,True,True,True,True,True,True,True,True,True,True,True,True,True,True,True,True,True,True
/mnt/tank/scratch/okonovalova/AffiTox/analysis/excluding_2z5x_3mjg/tables/posebuster/sdf/6gqj/gnina/ligand_1042.sdf,,0,True,True,True,True,True,True,True,True,True,True,True,True,True,True,True,True,True,True,True,True,True
/mnt/tank/scratch/okonovalova/AffiTox/analysis/excluding_2z5x_3mjg/tables/posebuster/sdf/6gqj/gnina/ligand_1043.sdf,,0,True,True,True,True,True,True,True,True,True,True,True,True,True,True,True,True,True,True,True,True,True
/mnt/tank/scratch/okonovalova/AffiTox/analysis/excluding_2z5x_3mjg/tables/posebuster/sdf/6gqj/gnina/ligand_1040.sdf,,0,True,True,True,True,True,True,True,True,True,True,True,True,True,True,True,True,True,True,True,True,True
/mnt/tank/scratch/okonovalova/AffiTox/analysis/excluding_2z5x_3mjg/tables/posebuster/sdf/6gqj/gnina/ligand_1039.sdf,,0,True,True,True,True,True,True,True,True,True,True,True,True,True,True,True,True,True,True,True,True,True
/mnt/tank/scratch/okonovalova/AffiTox/analysis/excluding_2z5x_3mjg/tables/posebuster/sdf/6gqj/gnina/ligand_1044.sdf,,0,True,True,True,True,True,True,True,True,True,True,True,True,True,True,True,True,True,True,True,True,True
/mnt/tank/scratch/okonovalova/AffiTox/analysis/excluding_2z5x_3mjg/tables/posebuster/sdf/6gqj/gnina/ligand_1046.sdf,,0,True,True,True,True,True,True,True,True,True,True,True,True,True,True,True,True,True,True,True,True,True
/mnt/tank/scratch/okonovalova/AffiTox/analysis/excluding_2z5x_3mjg/tables/posebuster/sdf/6gqj/gnina/ligand_1048.sdf,,0,True,True,True,True,True,True,True,True,True,True,True,True,True,True,True,True,True,True,True,True,True
/mnt/tank/scratch/okonovalova/AffiTox/analysis/excluding_2z5x_3mjg/tables/posebuster/sdf/6gqj/gnina/ligand_1050.sdf,,0,True,True,True,True,True,True,True,True,True,True,True,True,True,True,True,True,True,True,True,True,True
/mnt/tank/scratch/okonovalova/AffiTox/analysis/excluding_2z5x_3mjg/tables/posebuster/sdf/6gqj/gnina/ligand_104.sdf,,0,True,True,True,True,True,True,True,True,True,True,True,True,True,True,True,True,True,True,True,True,True
/mnt/tank/scratch/okonovalova/AffiTox/analysis/excluding_2z5x_3mjg/tables/posebuster/sdf/6gqj/gnina/ligand_1049.sdf,,0,True,True,True,True,True,True,True,True,True,True,True,True,True,True,True,True,True,True,True,True,True
/mnt/tank/scratch/okonovalova/AffiTox/analysis/excluding_2z5x_3mjg/tables/posebuster/sdf/6gqj/gnina/ligand_1051.sdf,,0,True,True,True,True,True,True,True,True,True,True,True,True,True,True,True,True,True,True,True,True,True
/mnt/tank/scratch/okonovalova/AffiTox/analysis/excluding_2z5x_3mjg/tables/posebuster/sdf/6gqj/gnina/ligand_1053.sdf,,0,True,True,True,True,True,True,True,True,True,True,True,True,True,True,True,True,True,True,True,True,True
/mnt/tank/scratch/okonovalova/AffiTox/analysis/excluding_2z5x_3mjg/tables/posebuster/sdf/6gqj/gnina/ligand_1058.sdf,,0,True,True,True,True,True,True,True,True,True,True,True,True,True,True,True,True,True,True,True,True,True
/mnt/tank/scratch/okonovalova/AffiTox/analysis/excluding_2z5x_3mjg/tables/posebuster/sdf/6gqj/gnina/ligand_1056.sdf,,0,True,True,True,True,True,True,True,True,True,True,True,True,True,True,True,True,True,True,True,True,True
/mnt/tank/scratch/okonovalova/AffiTox/analysis/excluding_2z5x_3mjg/tables/posebuster/sdf/6gqj/gnina/ligand_1052.sdf,,0,True,True,True,True,True,True,True,True,True,True,True,True,True,True,True,True,True,True,True,True,True
/mnt/tank/scratch/okonovalova/AffiTox/analysis/excluding_2z5x_3mjg/tables/posebuster/sdf/6gqj/gnina/ligand_105.sdf,,0,True,True,True,True,True,True,True,True,True,True,True,True,True,True,True,True,True,True,True,True,True
/mnt/tank/scratch/okonovalova/AffiTox/analysis/excluding_2z5x_3mjg/tables/posebuster/sdf/6gqj/gnina/ligand_1055.sdf,,0,True,True,True,True,True,True,True,True,True,True,True,True,True,True,True,True,True,True,True,True,True
/mnt/tank/scratch/okonovalova/AffiTox/analysis/excluding_2z5x_3mjg/tables/posebuster/sdf/6gqj/gnina/ligand_1057.sdf,,0,True,True,True,True,True,True,True,True,True,True,True,True,True,True,True,True,True,True,True,True,True
/mnt/tank/scratch/okonovalova/AffiTox/analysis/excluding_2z5x_3mjg/tables/posebuster/sdf/6gqj/gnina/ligand_1054.sdf,,0,True,True,True,True,True,True,True,True,True,True,True,True,True,True,True,True,True,True,True,True,True
/mnt/tank/scratch/okonovalova/AffiTox/analysis/excluding_2z5x_3mjg/tables/posebuster/sdf/6gqj/gnina/ligand_1059.sdf,,0,True,True,True,True,True,True,True,True,True,True,True,True,True,True,True,True,True,True,True,True,True
/mnt/tank/scratch/okonovalova/AffiTox/analysis/excluding_2z5x_3mjg/tables/posebuster/sdf/6gqj/gnina/ligand_1060.sdf,,0,True,True,True,True,True,True,True,True,True,True,True,True,True,True,True,True,True,True,True,True,True
/mnt/tank/scratch/okonovalova/AffiTox/analysis/excluding_2z5x_3mjg/tables/posebuster/sdf/6gqj/gnina/ligand_1061.sdf,,0,True,True,True,True,True,True,True,True,True,True,True,True,True,True,True,True,True,True,True,True,True
/mnt/tank/scratch/okonovalova/AffiTox/analysis/excluding_2z5x_3mjg/tables/posebuster/sdf/6gqj/gnina/ligand_1062.sdf,,0,True,True,True,True,True,True,True,True,True,True,True,True,True,True,True,True,True,True,True,True,True
/mnt/tank/scratch/okonovalova/AffiTox/analysis/excluding_2z5x_3mjg/tables/posebuster/sdf/6gqj/gnina/ligand_1064.sdf,,0,True,True,True,True,True,True,True,True,True,True,True,True,True,True,True,True,True,True,True,True,True
/mnt/tank/scratch/okonovalova/AffiTox/analysis/excluding_2z5x_3mjg/tables/posebuster/sdf/6gqj/gnina/ligand_106.sdf,,0,True,True,True,True,True,True,True,True,True,True,True,True,True,True,True,True,True,True,True,True,True
/mnt/tank/scratch/okonovalova/AffiTox/analysis/excluding_2z5x_3mjg/tables/posebuster/sdf/6gqj/gnina/ligand_1066.sdf,,0,True,True,True,True,True,True,True,True,True,True,True,True,True,True,True,True,True,True,True,True,True
/mnt/tank/scratch/okonovalova/AffiTox/analysis/excluding_2z5x_3mjg/tables/posebuster/sdf/6gqj/gnina/ligand_1065.sdf,,0,True,True,True,True,True,True,True,True,True,True,True,True,True,True,True,True,True,True,True,True,True
/mnt/tank/scratch/okonovalova/AffiTox/analysis/excluding_2z5x_3mjg/tables/posebuster/sdf/6gqj/gnina/ligand_1063.sdf,,0,True,True,True,True,True,True,True,True,True,True,True,True,True,True,True,True,True,True,True,True,True
/mnt/tank/scratch/okonovalova/AffiTox/analysis/excluding_2z5x_3mjg/tables/posebuster/sdf/6gqj/gnina/ligand_1072.sdf,,0,True,True,True,True,True,True,True,True,True,True,True,True,True,True,True,True,True,True,True,True,True
/mnt/tank/scratch/okonovalova/AffiTox/analysis/excluding_2z5x_3mjg/tables/posebuster/sdf/6gqj/gnina/ligand_1067.sdf,,0,True,True,True,True,True,True,True,True,True,True,True,True,True,True,True,True,True,True,True,True,True
/mnt/tank/scratch/okonovalova/AffiTox/analysis/excluding_2z5x_3mjg/tables/posebuster/sdf/6gqj/gnina/ligand_1069.sdf,,0,True,True,True,True,True,True,True,True,True,True,True,True,True,True,True,True,True,True,True,True,True
/mnt/tank/scratch/okonovalova/AffiTox/analysis/excluding_2z5x_3mjg/tables/posebuster/sdf/6gqj/gnina/ligand_1068.sdf,,0,True,True,True,True,True,True,True,True,True,True,True,True,True,True,True,True,True,True,True,True,True
/mnt/tank/scratch/okonovalova/AffiTox/analysis/excluding_2z5x_3mjg/tables/posebuster/sdf/6gqj/gnina/ligand_1076.sdf,,0,True,True,True,True,True,True,True,True,True,True,True,True,True,True,True,True,True,True,True,True,True
/mnt/tank/scratch/okonovalova/AffiTox/analysis/excluding_2z5x_3mjg/tables/posebuster/sdf/6gqj/gnina/ligand_1073.sdf,,0,True,True,True,True,True,True,True,True,True,True,True,True,True,True,True,True,True,True,True,True,True
/mnt/tank/scratch/okonovalova/AffiTox/analysis/excluding_2z5x_3mjg/tables/posebuster/sdf/6gqj/gnina/ligand_1071.sdf,,0,True,True,True,True,True,True,True,True,True,True,True,True,True,False,True,True,True,True,True,True,True
/mnt/tank/scratch/okonovalova/AffiTox/analysis/excluding_2z5x_3mjg/tables/posebuster/sdf/6gqj/gnina/ligand_1070.sdf,,0,True,True,True,True,True,True,True,True,True,True,True,True,True,True,True,True,True,True,True,True,True
/mnt/tank/scratch/okonovalova/AffiTox/analysis/excluding_2z5x_3mjg/tables/posebuster/sdf/6gqj/gnina/ligand_1079.sdf,,0,True,True,True,True,True,True,True,True,True,True,True,True,True,True,True,True,True,True,True,True,True
/mnt/tank/scratch/okonovalova/AffiTox/analysis/excluding_2z5x_3mjg/tables/posebuster/sdf/6gqj/gnina/ligand_1075.sdf,,0,True,True,True,True,True,True,True,True,True,True,True,True,True,True,True,True,True,True,True,True,True
/mnt/tank/scratch/okonovalova/AffiTox/analysis/excluding_2z5x_3mjg/tables/posebuster/sdf/6gqj/gnina/ligand_1074.sdf,,0,True,True,True,True,True,True,True,True,True,True,True,False,True,False,True,True,True,True,True,True,True
/mnt/tank/scratch/okonovalova/AffiTox/analysis/excluding_2z5x_3mjg/tables/posebuster/sdf/6gqj/gnina/ligand_1082.sdf,,0,True,True,True,True,True,True,True,True,True,True,True,True,True,True,True,True,True,True,True,True,True
/mnt/tank/scratch/okonovalova/AffiTox/analysis/excluding_2z5x_3mjg/tables/posebuster/sdf/6gqj/gnina/ligand_1077.sdf,,0,True,True,True,True,True,True,True,True,True,True,True,False,True,True,True,True,True,True,True,True,True
/mnt/tank/scratch/okonovalova/AffiTox/analysis/excluding_2z5x_3mjg/tables/posebuster/sdf/6gqj/gnina/ligand_1083.sdf,,0,True,True,True,True,True,True,True,True,True,True,True,True,True,True,True,True,True,True,True,True,True
/mnt/tank/scratch/okonovalova/AffiTox/analysis/excluding_2z5x_3mjg/tables/posebuster/sdf/6gqj/gnina/ligand_1084.sdf,,0,True,True,True,True,True,True,True,True,True,True,True,True,True,True,True,True,True,True,True,True,True
/mnt/tank/scratch/okonovalova/AffiTox/analysis/excluding_2z5x_3mjg/tables/posebuster/sdf/6gqj/gnina/ligand_1080.sdf,,0,True,True,True,True,True,True,True,True,True,True,True,True,True,True,True,True,True,True,True,True,True
/mnt/tank/scratch/okonovalova/AffiTox/analysis/excluding_2z5x_3mjg/tables/posebuster/sdf/6gqj/gnina/ligand_1081.sdf,,0,True,True,True,True,True,True,True,True,True,True,True,True,True,True,True,True,True,True,True,True,True
/mnt/tank/scratch/okonovalova/AffiTox/analysis/excluding_2z5x_3mjg/tables/posebuster/sdf/6gqj/gnina/ligand_1085.sdf,,0,True,True,True,True,True,True,True,True,True,True,True,True,True,True,True,True,True,True,True,True,True
/mnt/tank/scratch/okonovalova/AffiTox/analysis/excluding_2z5x_3mjg/tables/posebuster/sdf/6gqj/gnina/ligand_1089.sdf,,0,True,True,True,True,True,True,True,True,True,True,True,True,True,True,True,True,True,True,True,True,True
/mnt/tank/scratch/okonovalova/AffiTox/analysis/excluding_2z5x_3mjg/tables/posebuster/sdf/6gqj/gnina/ligand_107.sdf,,0,True,True,True,True,True,True,True,True,True,True,True,True,True,True,True,True,True,True,True,True,True
/mnt/tank/scratch/okonovalova/AffiTox/analysis/excluding_2z5x_3mjg/tables/posebuster/sdf/6gqj/gnina/ligand_1090.sdf,,0,True,True,True,True,True,True,True,True,True,True,True,True,True,True,True,True,True,True,True,True,True
/mnt/tank/scratch/okonovalova/AffiTox/analysis/excluding_2z5x_3mjg/tables/posebuster/sdf/6gqj/gnina/ligand_1088.sdf,,0,True,True,True,True,True,True,True,True,True,True,True,True,True,True,True,True,True,True,True,True,True
/mnt/tank/scratch/okonovalova/AffiTox/analysis/excluding_2z5x_3mjg/tables/posebuster/sdf/6gqj/gnina/ligand_1078.sdf,,0,True,True,True,True,True,True,True,True,True,True,True,False,True,True,True,True,True,True,True,True,True
/mnt/tank/scratch/okonovalova/AffiTox/analysis/excluding_2z5x_3mjg/tables/posebuster/sdf/6gqj/gnina/ligand_1086.sdf,,0,True,True,True,True,True,True,True,True,True,True,True,True,True,True,True,True,True,True,True,True,True
/mnt/tank/scratch/okonovalova/AffiTox/analysis/excluding_2z5x_3mjg/tables/posebuster/sdf/6gqj/gnina/ligand_1087.sdf,,0,True,True,True,True,True,True,True,True,True,True,True,True,True,True,True,True,True,True,True,True,True
/mnt/tank/scratch/okonovalova/AffiTox/analysis/excluding_2z5x_3mjg/tables/posebuster/sdf/6gqj/gnina/ligand_108.sdf,,0,True,True,True,True,True,True,True,True,True,True,True,True,True,True,True,True,True,True,True,True,True
/mnt/tank/scratch/okonovalova/AffiTox/analysis/excluding_2z5x_3mjg/tables/posebuster/sdf/6gqj/gnina/ligand_1103.sdf,,0,True,True,True,True,True,True,True,True,True,True,True,True,True,True,True,True,True,True,True,True,True
/mnt/tank/scratch/okonovalova/AffiTox/analysis/excluding_2z5x_3mjg/tables/posebuster/sdf/6gqj/gnina/ligand_1104.sdf,,0,True,True,True,True,True,True,True,True,True,True,True,True,True,True,True,True,True,True,True,True,True
/mnt/tank/scratch/okonovalova/AffiTox/analysis/excluding_2z5x_3mjg/tables/posebuster/sdf/6gqj/gnina/ligand_1092.sdf,,0,True,True,True,True,True,True,True,True,True,True,True,True,True,True,True,True,True,True,True,True,True
/mnt/tank/scratch/okonovalova/AffiTox/analysis/excluding_2z5x_3mjg/tables/posebuster/sdf/6gqj/gnina/ligand_10.sdf,,0,True,True,True,True,True,True,True,True,True,True,True,True,True,True,True,True,True,True,True,True,True
/mnt/tank/scratch/okonovalova/AffiTox/analysis/excluding_2z5x_3mjg/tables/posebuster/sdf/6gqj/gnina/ligand_1097.sdf,,0,True,True,True,True,True,True,True,True,True,True,True,True,True,True,True,True,True,True,True,True,True
/mnt/tank/scratch/okonovalova/AffiTox/analysis/excluding_2z5x_3mjg/tables/posebuster/sdf/6gqj/gnina/ligand_1095.sdf,,0,True,True,True,True,True,True,True,True,True,True,True,True,True,True,True,True,True,True,True,True,True
/mnt/tank/scratch/okonovalova/AffiTox/analysis/excluding_2z5x_3mjg/tables/posebuster/sdf/6gqj/gnina/ligand_1093.sdf,,0,True,True,True,True,True,True,True,True,True,True,True,True,True,True,True,True,True,True,True,True,True
/mnt/tank/scratch/okonovalova/AffiTox/analysis/excluding_2z5x_3mjg/tables/posebuster/sdf/6gqj/gnina/ligand_1108.sdf,,0,True,True,True,True,True,True,True,True,True,True,True,True,True,True,True,True,True,True,True,True,True
/mnt/tank/scratch/okonovalova/AffiTox/analysis/excluding_2z5x_3mjg/tables/posebuster/sdf/6gqj/gnina/ligand_1094.sdf,,0,True,True,True,True,True,True,True,True,True,True,True,True,True,True,True,True,True,True,True,True,True
/mnt/tank/scratch/okonovalova/AffiTox/analysis/excluding_2z5x_3mjg/tables/posebuster/sdf/6gqj/gnina/ligand_1102.sdf,,0,True,True,True,True,True,True,True,True,True,True,True,True,True,True,True,True,True,True,True,True,True
/mnt/tank/scratch/okonovalova/AffiTox/analysis/excluding_2z5x_3mjg/tables/posebuster/sdf/6gqj/gnina/ligand_1099.sdf,,0,True,True,True,True,True,True,True,True,True,True,True,True,True,True,True,True,True,True,True,True,True
/mnt/tank/scratch/okonovalova/AffiTox/analysis/excluding_2z5x_3mjg/tables/posebuster/sdf/6gqj/gnina/ligand_1091.sdf,,0,True,True,True,True,True,True,True,True,True,True,True,True,True,False,True,True,True,True,True,True,True
/mnt/tank/scratch/okonovalova/AffiTox/analysis/excluding_2z5x_3mjg/tables/posebuster/sdf/6gqj/gnina/ligand_1098.sdf,,0,True,True,True,True,True,True,True,True,True,True,True,True,True,True,True,True,True,True,True,True,True
/mnt/tank/scratch/okonovalova/AffiTox/analysis/excluding_2z5x_3mjg/tables/posebuster/sdf/6gqj/gnina/ligand_109.sdf,,0,True,True,True,True,True,True,True,True,True,True,True,True,True,True,True,True,True,True,True,True,True
/mnt/tank/scratch/okonovalova/AffiTox/analysis/excluding_2z5x_3mjg/tables/posebuster/sdf/6gqj/gnina/ligand_1101.sdf,,0,True,True,True,True,True,True,True,True,True,True,True,True,True,True,True,True,True,True,True,True,True
/mnt/tank/scratch/okonovalova/AffiTox/analysis/excluding_2z5x_3mjg/tables/posebuster/sdf/6gqj/gnina/ligand_1100.sdf,,0,True,True,True,True,True,True,True,True,True,True,True,True,True,True,True,True,True,True,True,True,True
/mnt/tank/scratch/okonovalova/AffiTox/analysis/excluding_2z5x_3mjg/tables/posebuster/sdf/6gqj/gnina/ligand_1096.sdf,,0,True,True,True,True,True,True,True,True,True,True,True,True,True,True,True,True,True,True,True,True,True
/mnt/tank/scratch/okonovalova/AffiTox/analysis/excluding_2z5x_3mjg/tables/posebuster/sdf/6gqj/gnina/ligand_1105.sdf,,0,True,True,True,True,True,True,True,True,True,True,True,True,True,True,True,True,True,True,True,True,True
/mnt/tank/scratch/okonovalova/AffiTox/analysis/excluding_2z5x_3mjg/tables/posebuster/sdf/6gqj/gnina/ligand_1109.sdf,,0,True,True,True,True,True,True,True,True,True,True,True,True,True,True,True,True,True,True,True,True,True
/mnt/tank/scratch/okonovalova/AffiTox/analysis/excluding_2z5x_3mjg/tables/posebuster/sdf/6gqj/gnina/ligand_1111.sdf,,0,True,True,True,True,True,True,True,True,True,True,True,True,True,True,True,True,True,True,True,True,True
/mnt/tank/scratch/okonovalova/AffiTox/analysis/excluding_2z5x_3mjg/tables/posebuster/sdf/6gqj/gnina/ligand_1115.sdf,,0,True,True,True,True,True,True,True,True,True,True,True,True,True,True,True,True,True,True,True,True,True
/mnt/tank/scratch/okonovalova/AffiTox/analysis/excluding_2z5x_3mjg/tables/posebuster/sdf/6gqj/gnina/ligand_1110.sdf,,0,True,True,True,True,True,True,True,True,True,True,True,True,True,True,True,True,True,True,True,True,True
/mnt/tank/scratch/okonovalova/AffiTox/analysis/excluding_2z5x_3mjg/tables/posebuster/sdf/6gqj/gnina/ligand_1112.sdf,,0,True,True,True,True,True,True,True,True,True,True,True,True,True,True,True,True,True,True,True,True,True
/mnt/tank/scratch/okonovalova/AffiTox/analysis/excluding_2z5x_3mjg/tables/posebuster/sdf/6gqj/gnina/ligand_1113.sdf,,0,True,True,True,True,True,True,True,True,True,True,True,True,True,True,True,True,True,True,True,True,True
/mnt/tank/scratch/okonovalova/AffiTox/analysis/excluding_2z5x_3mjg/tables/posebuster/sdf/6gqj/gnina/ligand_1118.sdf,,0,True,True,True,True,True,True,True,True,True,True,True,True,True,False,True,True,True,True,True,True,True
/mnt/tank/scratch/okonovalova/AffiTox/analysis/excluding_2z5x_3mjg/tables/posebuster/sdf/6gqj/gnina/ligand_1106.sdf,,0,True,True,True,True,True,True,True,True,True,True,True,True,True,False,True,True,True,True,True,True,True
/mnt/tank/scratch/okonovalova/AffiTox/analysis/excluding_2z5x_3mjg/tables/posebuster/sdf/6gqj/gnina/ligand_1107.sdf,,0,True,True,True,True,True,True,True,True,True,True,True,True,True,True,True,True,True,True,True,True,True
/mnt/tank/scratch/okonovalova/AffiTox/analysis/excluding_2z5x_3mjg/tables/posebuster/sdf/6gqj/gnina/ligand_1117.sdf,,0,True,True,True,True,True,True,True,True,True,True,True,True,True,False,True,True,True,True,True,True,True
/mnt/tank/scratch/okonovalova/AffiTox/analysis/excluding_2z5x_3mjg/tables/posebuster/sdf/6gqj/gnina/ligand_110.sdf,,0,True,True,True,True,True,True,True,True,True,True,True,True,True,False,True,True,True,True,True,True,True
/mnt/tank/scratch/okonovalova/AffiTox/analysis/excluding_2z5x_3mjg/tables/posebuster/sdf/6gqj/gnina/ligand_1114.sdf,,0,True,True,True,True,True,True,True,True,True,True,True,True,True,True,True,True,True,True,True,True,True
/mnt/tank/scratch/okonovalova/AffiTox/analysis/excluding_2z5x_3mjg/tables/posebuster/sdf/6gqj/gnina/ligand_1119.sdf,,0,True,True,True,True,True,True,True,True,True,True,True,True,True,True,True,True,True,True,True,True,True
/mnt/tank/scratch/okonovalova/AffiTox/analysis/excluding_2z5x_3mjg/tables/posebuster/sdf/6gqj/gnina/ligand_1116.sdf,,0,True,True,True,True,True,True,True,True,True,True,True,True,True,True,True,True,True,True,True,True,True
/mnt/tank/scratch/okonovalova/AffiTox/analysis/excluding_2z5x_3mjg/tables/posebuster/sdf/6gqj/gnina/ligand_111.sdf,,0,True,True,True,True,True,True,True,True,True,True,True,True,True,False,True,True,True,True,True,True,True
/mnt/tank/scratch/okonovalova/AffiTox/analysis/excluding_2z5x_3mjg/tables/posebuster/sdf/6gqj/gnina/ligand_1128.sdf,,0,True,True,True,True,True,True,True,True,True,True,True,True,True,True,True,True,True,True,True,True,True
/mnt/tank/scratch/okonovalova/AffiTox/analysis/excluding_2z5x_3mjg/tables/posebuster/sdf/6gqj/gnina/ligand_1121.sdf,,0,True,True,True,True,True,True,True,True,True,True,True,True,True,True,True,True,True,True,True,True,True
/mnt/tank/scratch/okonovalova/AffiTox/analysis/excluding_2z5x_3mjg/tables/posebuster/sdf/6gqj/gnina/ligand_1132.sdf,,0,True,True,True,True,True,True,True,True,True,True,True,True,True,True,True,True,True,True,True,True,True
/mnt/tank/scratch/okonovalova/AffiTox/analysis/excluding_2z5x_3mjg/tables/posebuster/sdf/6gqj/gnina/ligand_1129.sdf,,0,True,True,True,True,True,True,True,True,True,True,True,True,True,True,True,True,True,True,True,True,True
/mnt/tank/scratch/okonovalova/AffiTox/analysis/excluding_2z5x_3mjg/tables/posebuster/sdf/6gqj/gnina/ligand_1122.sdf,,0,True,True,True,True,True,True,True,True,True,True,True,True,True,True,True,True,True,True,True,True,True
/mnt/tank/scratch/okonovalova/AffiTox/analysis/excluding_2z5x_3mjg/tables/posebuster/sdf/6gqj/gnina/ligand_1123.sdf,,0,True,True,True,True,True,True,True,True,True,True,True,True,True,True,True,True,True,True,True,True,True
/mnt/tank/scratch/okonovalova/AffiTox/analysis/excluding_2z5x_3mjg/tables/posebuster/sdf/6gqj/gnina/ligand_1134.sdf,,0,True,True,True,True,True,True,True,True,True,True,True,True,True,True,True,True,True,True,True,True,True
/mnt/tank/scratch/okonovalova/AffiTox/analysis/excluding_2z5x_3mjg/tables/posebuster/sdf/6gqj/gnina/ligand_1120.sdf,,0,True,True,True,True,True,True,True,True,True,True,True,True,True,True,True,True,True,True,True,True,True
/mnt/tank/scratch/okonovalova/AffiTox/analysis/excluding_2z5x_3mjg/tables/posebuster/sdf/6gqj/gnina/ligand_1136.sdf,,0,True,True,True,True,True,True,True,True,True,True,True,True,True,True,True,True,True,True,True,True,True
/mnt/tank/scratch/okonovalova/AffiTox/analysis/excluding_2z5x_3mjg/tables/posebuster/sdf/6gqj/gnina/ligand_1137.sdf,,0,True,True,True,True,True,True,True,True,True,True,True,True,True,True,True,True,True,True,True,True,True
/mnt/tank/scratch/okonovalova/AffiTox/analysis/excluding_2z5x_3mjg/tables/posebuster/sdf/6gqj/gnina/ligand_1125.sdf,,0,True,True,True,True,True,True,True,True,True,True,True,True,True,True,True,True,True,True,True,True,True
/mnt/tank/scratch/okonovalova/AffiTox/analysis/excluding_2z5x_3mjg/tables/posebuster/sdf/6gqj/gnina/ligand_1124.sdf,,0,True,True,True,True,True,True,True,True,True,True,True,True,True,True,True,True,True,True,True,True,True
/mnt/tank/scratch/okonovalova/AffiTox/analysis/excluding_2z5x_3mjg/tables/posebuster/sdf/6gqj/gnina/ligand_1127.sdf,,0,True,True,True,True,True,True,True,True,True,True,True,True,True,True,True,True,True,True,True,True,True
/mnt/tank/scratch/okonovalova/AffiTox/analysis/excluding_2z5x_3mjg/tables/posebuster/sdf/6gqj/gnina/ligand_1135.sdf,,0,True,True,True,True,True,True,True,True,True,True,True,True,True,False,True,True,True,True,True,True,True
/mnt/tank/scratch/okonovalova/AffiTox/analysis/excluding_2z5x_3mjg/tables/posebuster/sdf/6gqj/gnina/ligand_1126.sdf,,0,True,True,True,True,True,True,True,True,True,True,True,True,True,True,True,True,True,True,True,True,True
/mnt/tank/scratch/okonovalova/AffiTox/analysis/excluding_2z5x_3mjg/tables/posebuster/sdf/6gqj/gnina/ligand_1139.sdf,,0,True,True,True,True,True,True,True,True,True,True,True,True,True,True,True,True,True,True,True,True,True
/mnt/tank/scratch/okonovalova/AffiTox/analysis/excluding_2z5x_3mjg/tables/posebuster/sdf/6gqj/gnina/ligand_112.sdf,,0,True,True,True,True,True,True,True,True,True,True,True,False,True,True,True,True,True,True,True,True,True
/mnt/tank/scratch/okonovalova/AffiTox/analysis/excluding_2z5x_3mjg/tables/posebuster/sdf/6gqj/gnina/ligand_1133.sdf,,0,True,True,True,True,True,True,True,True,True,True,True,True,True,True,True,True,True,True,True,True,True
/mnt/tank/scratch/okonovalova/AffiTox/analysis/excluding_2z5x_3mjg/tables/posebuster/sdf/6gqj/gnina/ligand_1138.sdf,,0,True,True,True,True,True,True,True,True,True,True,True,True,True,True,True,True,True,True,True,True,True
/mnt/tank/scratch/okonovalova/AffiTox/analysis/excluding_2z5x_3mjg/tables/posebuster/sdf/6gqj/gnina/ligand_1141.sdf,,0,True,True,True,True,True,True,True,True,True,True,True,True,True,True,True,True,True,True,True,True,True
/mnt/tank/scratch/okonovalova/AffiTox/analysis/excluding_2z5x_3mjg/tables/posebuster/sdf/6gqj/gnina/ligand_1148.sdf,,0,True,True,True,True,True,True,True,True,True,True,True,True,True,True,True,True,True,True,True,True,True
/mnt/tank/scratch/okonovalova/AffiTox/analysis/excluding_2z5x_3mjg/tables/posebuster/sdf/6gqj/gnina/ligand_1142.sdf,,0,True,True,True,True,True,True,True,True,True,True,True,True,True,True,True,True,True,True,True,True,True
/mnt/tank/scratch/okonovalova/AffiTox/analysis/excluding_2z5x_3mjg/tables/posebuster/sdf/6gqj/gnina/ligand_114.sdf,,0,True,True,True,True,True,True,True,True,True,True,True,True,True,True,True,True,True,True,True,True,True
/mnt/tank/scratch/okonovalova/AffiTox/analysis/excluding_2z5x_3mjg/tables/posebuster/sdf/6gqj/gnina/ligand_1145.sdf,,0,True,True,True,True,True,True,True,True,True,True,True,True,True,True,True,True,True,True,True,True,True
/mnt/tank/scratch/okonovalova/AffiTox/analysis/excluding_2z5x_3mjg/tables/posebuster/sdf/6gqj/gnina/ligand_1146.sdf,,0,True,True,True,True,True,True,True,True,True,True,True,True,True,True,True,True,True,True,True,True,True
/mnt/tank/scratch/okonovalova/AffiTox/analysis/excluding_2z5x_3mjg/tables/posebuster/sdf/6gqj/gnina/ligand_1143.sdf,,0,True,True,True,True,True,True,True,True,True,True,True,True,True,True,True,True,True,True,True,True,True
/mnt/tank/scratch/okonovalova/AffiTox/analysis/excluding_2z5x_3mjg/tables/posebuster/sdf/6gqj/gnina/ligand_1155.sdf,,0,True,True,True,True,True,True,True,True,True,True,True,True,True,True,True,True,True,True,True,True,True
/mnt/tank/scratch/okonovalova/AffiTox/analysis/excluding_2z5x_3mjg/tables/posebuster/sdf/6gqj/gnina/ligand_1157.sdf,,0,True,True,True,True,True,True,True,True,True,True,True,False,True,True,True,True,True,True,True,True,True
/mnt/tank/scratch/okonovalova/AffiTox/analysis/excluding_2z5x_3mjg/tables/posebuster/sdf/6gqj/gnina/ligand_1147.sdf,,0,True,True,True,True,True,True,True,True,True,True,True,True,True,True,True,True,True,True,True,True,True
/mnt/tank/scratch/okonovalova/AffiTox/analysis/excluding_2z5x_3mjg/tables/posebuster/sdf/6gqj/gnina/ligand_1159.sdf,,0,True,True,True,True,True,True,True,True,True,True,True,True,True,True,True,True,True,True,True,True,True
/mnt/tank/scratch/okonovalova/AffiTox/analysis/excluding_2z5x_3mjg/tables/posebuster/sdf/6gqj/gnina/ligand_1140.sdf,,0,True,True,True,True,True,True,True,True,True,True,True,True,True,True,True,True,True,True,True,True,True
/mnt/tank/scratch/okonovalova/AffiTox/analysis/excluding_2z5x_3mjg/tables/posebuster/sdf/6gqj/gnina/ligand_113.sdf,,0,True,True,True,True,True,True,True,True,True,True,True,True,True,True,True,True,True,True,True,True,True
/mnt/tank/scratch/okonovalova/AffiTox/analysis/excluding_2z5x_3mjg/tables/posebuster/sdf/6gqj/gnina/ligand_1144.sdf,,0,True,True,True,True,True,True,True,True,True,True,True,True,True,True,True,True,True,True,True,True,True
/mnt/tank/scratch/okonovalova/AffiTox/analysis/excluding_2z5x_3mjg/tables/posebuster/sdf/6gqj/gnina/ligand_1153.sdf,,0,True,True,True,True,True,True,True,True,True,True,True,True,True,True,True,True,True,True,True,True,True
/mnt/tank/scratch/okonovalova/AffiTox/analysis/excluding_2z5x_3mjg/tables/posebuster/sdf/6gqj/gnina/ligand_1163.sdf,,0,True,True,True,True,True,True,True,True,True,True,True,True,True,True,True,True,True,True,True,True,True
/mnt/tank/scratch/okonovalova/AffiTox/analysis/excluding_2z5x_3mjg/tables/posebuster/sdf/6gqj/gnina/ligand_1151.sdf,,0,True,True,True,True,True,True,True,True,True,True,True,True,True,True,True,True,True,True,True,True,True
/mnt/tank/scratch/okonovalova/AffiTox/analysis/excluding_2z5x_3mjg/tables/posebuster/sdf/6gqj/gnina/ligand_1156.sdf,,0,True,True,True,True,True,True,True,True,True,True,True,False,True,True,True,True,True,True,True,True,True
/mnt/tank/scratch/okonovalova/AffiTox/analysis/excluding_2z5x_3mjg/tables/posebuster/sdf/6gqj/gnina/ligand_1149.sdf,,0,True,True,True,True,True,True,True,True,True,True,True,True,True,True,True,True,True,True,True,True,True
/mnt/tank/scratch/okonovalova/AffiTox/analysis/excluding_2z5x_3mjg/tables/posebuster/sdf/6gqj/gnina/ligand_1154.sdf,,0,True,True,True,True,True,True,True,True,True,True,True,True,True,True,True,True,True,True,True,True,True
/mnt/tank/scratch/okonovalova/AffiTox/analysis/excluding_2z5x_3mjg/tables/posebuster/sdf/6gqj/gnina/ligand_1152.sdf,,0,True,True,True,True,True,True,True,True,True,True,True,True,True,True,True,True,True,True,True,True,True
/mnt/tank/scratch/okonovalova/AffiTox/analysis/excluding_2z5x_3mjg/tables/posebuster/sdf/6gqj/gnina/ligand_1165.sdf,,0,True,True,True,True,True,True,True,True,True,True,True,False,True,True,True,True,True,True,True,True,True
/mnt/tank/scratch/okonovalova/AffiTox/analysis/excluding_2z5x_3mjg/tables/posebuster/sdf/6gqj/gnina/ligand_1160.sdf,,0,True,True,True,True,True,True,True,True,True,True,True,True,True,True,True,True,True,True,True,True,True
/mnt/tank/scratch/okonovalova/AffiTox/analysis/excluding_2z5x_3mjg/tables/posebuster/sdf/6gqj/gnina/ligand_1150.sdf,,0,True,True,True,True,True,True,True,True,True,True,True,True,True,False,True,True,True,False,True,True,True
/mnt/tank/scratch/okonovalova/AffiTox/analysis/excluding_2z5x_3mjg/tables/posebuster/sdf/6gqj/gnina/ligand_1158.sdf,,0,True,True,True,True,True,True,True,True,True,True,True,True,True,True,True,True,True,True,True,True,True
/mnt/tank/scratch/okonovalova/AffiTox/analysis/excluding_2z5x_3mjg/tables/posebuster/sdf/6gqj/gnina/ligand_1161.sdf,,0,True,True,True,True,True,True,True,True,True,True,True,True,True,True,True,True,True,True,True,True,True
/mnt/tank/scratch/okonovalova/AffiTox/analysis/excluding_2z5x_3mjg/tables/posebuster/sdf/6gqj/gnina/ligand_1168.sdf,,0,True,True,True,True,True,True,True,True,True,True,True,True,True,True,True,True,True,True,True,True,True
/mnt/tank/scratch/okonovalova/AffiTox/analysis/excluding_2z5x_3mjg/tables/posebuster/sdf/6gqj/gnina/ligand_1164.sdf,,0,True,True,True,True,True,True,True,True,True,True,True,True,True,True,True,True,True,True,True,True,True
/mnt/tank/scratch/okonovalova/AffiTox/analysis/excluding_2z5x_3mjg/tables/posebuster/sdf/6gqj/gnina/ligand_1167.sdf,,0,True,True,True,True,True,True,True,True,True,True,True,True,True,False,True,True,True,True,True,True,True
/mnt/tank/scratch/okonovalova/AffiTox/analysis/excluding_2z5x_3mjg/tables/posebuster/sdf/6gqj/gnina/ligand_1172.sdf,,0,True,True,True,True,True,True,True,True,True,True,True,True,True,True,True,True,True,True,True,True,True
/mnt/tank/scratch/okonovalova/AffiTox/analysis/excluding_2z5x_3mjg/tables/posebuster/sdf/6gqj/gnina/ligand_1162.sdf,,0,True,True,True,True,True,True,True,True,True,True,True,True,True,True,True,True,True,True,True,True,True
/mnt/tank/scratch/okonovalova/AffiTox/analysis/excluding_2z5x_3mjg/tables/posebuster/sdf/6gqj/gnina/ligand_1166.sdf,,0,True,True,True,True,True,True,True,True,True,True,True,True,True,False,True,True,True,True,True,True,True
/mnt/tank/scratch/okonovalova/AffiTox/analysis/excluding_2z5x_3mjg/tables/posebuster/sdf/6gqj/gnina/ligand_1176.sdf,,0,True,True,True,True,True,True,True,True,True,True,True,True,True,True,True,True,True,True,True,True,True
/mnt/tank/scratch/okonovalova/AffiTox/analysis/excluding_2z5x_3mjg/tables/posebuster/sdf/6gqj/gnina/ligand_1175.sdf,,0,True,True,True,True,True,True,True,True,True,True,True,True,True,True,True,True,True,True,True,True,True
/mnt/tank/scratch/okonovalova/AffiTox/analysis/excluding_2z5x_3mjg/tables/posebuster/sdf/6gqj/gnina/ligand_115.sdf,,0,True,True,True,True,True,True,True,True,True,True,True,True,True,False,True,True,True,True,True,True,True
/mnt/tank/scratch/okonovalova/AffiTox/analysis/excluding_2z5x_3mjg/tables/posebuster/sdf/6gqj/gnina/ligand_1169.sdf,,0,True,True,True,True,True,True,True,True,True,True,True,True,True,True,True,True,True,True,True,True,True
/mnt/tank/scratch/okonovalova/AffiTox/analysis/excluding_2z5x_3mjg/tables/posebuster/sdf/6gqj/gnina/ligand_1171.sdf,,0,True,True,True,True,True,True,True,True,True,True,True,True,True,True,True,True,True,True,True,True,True
/mnt/tank/scratch/okonovalova/AffiTox/analysis/excluding_2z5x_3mjg/tables/posebuster/sdf/6gqj/gnina/ligand_1170.sdf,,0,True,True,True,True,True,True,True,True,True,True,True,True,True,True,True,True,True,True,True,True,True
/mnt/tank/scratch/okonovalova/AffiTox/analysis/excluding_2z5x_3mjg/tables/posebuster/sdf/6gqj/gnina/ligand_117.sdf,,0,True,True,True,True,True,True,True,True,True,True,True,True,True,True,True,True,True,True,True,True,True
/mnt/tank/scratch/okonovalova/AffiTox/analysis/excluding_2z5x_3mjg/tables/posebuster/sdf/6gqj/gnina/ligand_1182.sdf,,0,True,True,True,True,True,True,True,True,True,True,True,True,True,True,True,True,True,True,True,True,True
/mnt/tank/scratch/okonovalova/AffiTox/analysis/excluding_2z5x_3mjg/tables/posebuster/sdf/6gqj/gnina/ligand_1184.sdf,,0,True,True,True,True,True,True,True,True,True,True,True,True,True,True,True,True,True,True,True,True,True
/mnt/tank/scratch/okonovalova/AffiTox/analysis/excluding_2z5x_3mjg/tables/posebuster/sdf/6gqj/gnina/ligand_1179.sdf,,0,True,True,True,True,True,True,True,True,True,True,True,True,True,True,True,True,True,True,True,True,True
/mnt/tank/scratch/okonovalova/AffiTox/analysis/excluding_2z5x_3mjg/tables/posebuster/sdf/6gqj/gnina/ligand_1183.sdf,,0,True,True,True,True,True,True,True,True,True,True,True,True,True,True,True,True,True,True,True,True,True
/mnt/tank/scratch/okonovalova/AffiTox/analysis/excluding_2z5x_3mjg/tables/posebuster/sdf/6gqj/gnina/ligand_116.sdf,,0,True,True,True,True,True,True,True,True,True,True,True,True,True,True,True,True,True,True,True,True,True
/mnt/tank/scratch/okonovalova/AffiTox/analysis/excluding_2z5x_3mjg/tables/posebuster/sdf/6gqj/gnina/ligand_1177.sdf,,0,True,True,True,True,True,True,True,True,True,True,True,True,True,True,True,True,True,True,True,True,True
/mnt/tank/scratch/okonovalova/AffiTox/analysis/excluding_2z5x_3mjg/tables/posebuster/sdf/6gqj/gnina/ligand_1178.sdf,,0,True,True,True,True,True,True,True,True,True,True,True,True,True,True,True,True,True,True,True,True,True
/mnt/tank/scratch/okonovalova/AffiTox/analysis/excluding_2z5x_3mjg/tables/posebuster/sdf/6gqj/gnina/ligand_1180.sdf,,0,True,True,True,True,True,True,True,True,True,True,True,True,True,True,True,True,True,True,True,True,True
/mnt/tank/scratch/okonovalova/AffiTox/analysis/excluding_2z5x_3mjg/tables/posebuster/sdf/6gqj/gnina/ligand_1181.sdf,,0,True,True,True,True,True,True,True,True,True,True,True,True,True,True,True,True,True,True,True,True,True
/mnt/tank/scratch/okonovalova/AffiTox/analysis/excluding_2z5x_3mjg/tables/posebuster/sdf/6gqj/gnina/ligand_1191.sdf,,0,True,True,True,True,True,True,True,True,True,True,True,True,True,True,True,True,True,True,True,True,True
/mnt/tank/scratch/okonovalova/AffiTox/analysis/excluding_2z5x_3mjg/tables/posebuster/sdf/6gqj/gnina/ligand_1194.sdf,,0,True,True,True,True,True,True,True,True,True,True,True,True,True,True,True,True,True,True,True,True,True
/mnt/tank/scratch/okonovalova/AffiTox/analysis/excluding_2z5x_3mjg/tables/posebuster/sdf/6gqj/gnina/ligand_1190.sdf,,0,True,True,True,True,True,True,True,True,True,True,True,True,True,True,True,True,True,True,True,True,True
/mnt/tank/scratch/okonovalova/AffiTox/analysis/excluding_2z5x_3mjg/tables/posebuster/sdf/6gqj/gnina/ligand_1196.sdf,,0,True,True,True,True,True,True,True,True,True,True,True,True,True,True,True,True,True,True,True,True,True
/mnt/tank/scratch/okonovalova/AffiTox/analysis/excluding_2z5x_3mjg/tables/posebuster/sdf/6gqj/gnina/ligand_1198.sdf,,0,True,True,True,True,True,True,True,True,True,True,True,True,True,True,True,True,True,True,True,True,True
/mnt/tank/scratch/okonovalova/AffiTox/analysis/excluding_2z5x_3mjg/tables/posebuster/sdf/6gqj/gnina/ligand_1185.sdf,,0,True,True,True,True,True,True,True,True,True,True,True,True,True,True,True,True,True,True,True,True,True
/mnt/tank/scratch/okonovalova/AffiTox/analysis/excluding_2z5x_3mjg/tables/posebuster/sdf/6gqj/gnina/ligand_1199.sdf,,0,True,True,True,True,True,True,True,True,True,True,True,True,True,True,True,True,True,True,True,True,True
/mnt/tank/scratch/okonovalova/AffiTox/analysis/excluding_2z5x_3mjg/tables/posebuster/sdf/6gqj/gnina/ligand_1193.sdf,,0,True,True,True,True,True,True,True,True,True,True,True,True,True,True,True,True,True,True,True,True,True
/mnt/tank/scratch/okonovalova/AffiTox/analysis/excluding_2z5x_3mjg/tables/posebuster/sdf/6gqj/gnina/ligand_1189.sdf,,0,True,True,True,True,True,True,True,True,True,True,True,True,True,True,True,True,True,True,True,True,True
/mnt/tank/scratch/okonovalova/AffiTox/analysis/excluding_2z5x_3mjg/tables/posebuster/sdf/6gqj/gnina/ligand_1197.sdf,,0,True,True,True,True,True,True,True,True,True,True,True,True,True,True,True,True,True,True,True,True,True
/mnt/tank/scratch/okonovalova/AffiTox/analysis/excluding_2z5x_3mjg/tables/posebuster/sdf/6gqj/gnina/ligand_1192.sdf,,0,True,True,True,True,True,True,True,True,True,True,True,True,True,True,True,True,True,True,True,True,True
/mnt/tank/scratch/okonovalova/AffiTox/analysis/excluding_2z5x_3mjg/tables/posebuster/sdf/6gqj/gnina/ligand_1188.sdf,,0,True,True,True,True,True,True,True,True,True,True,True,True,True,True,True,True,True,True,True,True,True
/mnt/tank/scratch/okonovalova/AffiTox/analysis/excluding_2z5x_3mjg/tables/posebuster/sdf/6gqj/gnina/ligand_1195.sdf,,0,True,True,True,True,True,True,True,True,True,True,True,True,True,True,True,True,True,True,True,True,True
/mnt/tank/scratch/okonovalova/AffiTox/analysis/excluding_2z5x_3mjg/tables/posebuster/sdf/6gqj/gnina/ligand_1187.sdf,,0,True,True,True,True,True,True,True,True,True,True,True,True,True,True,True,True,True,True,True,True,True
/mnt/tank/scratch/okonovalova/AffiTox/analysis/excluding_2z5x_3mjg/tables/posebuster/sdf/6gqj/gnina/ligand_1186.sdf,,0,True,True,True,True,True,True,True,True,True,True,True,True,True,True,True,True,True,True,True,True,True
/mnt/tank/scratch/okonovalova/AffiTox/analysis/excluding_2z5x_3mjg/tables/posebuster/sdf/6gqj/gnina/ligand_118.sdf,,0,True,True,True,True,True,True,True,True,True,True,True,True,True,True,True,True,True,True,True,True,True
/mnt/tank/scratch/okonovalova/AffiTox/analysis/excluding_2z5x_3mjg/tables/posebuster/sdf/6gqj/gnina/ligand_1202.sdf,,0,True,True,True,True,True,True,True,True,True,True,True,True,True,True,True,True,True,True,True,True,True
/mnt/tank/scratch/okonovalova/AffiTox/analysis/excluding_2z5x_3mjg/tables/posebuster/sdf/6gqj/gnina/ligand_1201.sdf,,0,True,True,True,True,True,True,True,True,True,True,True,True,True,True,True,True,True,True,True,True,True
/mnt/tank/scratch/okonovalova/AffiTox/analysis/excluding_2z5x_3mjg/tables/posebuster/sdf/6gqj/gnina/ligand_1203.sdf,,0,True,True,True,True,True,True,True,True,True,True,True,True,True,True,True,True,True,True,True,True,True
/mnt/tank/scratch/okonovalova/AffiTox/analysis/excluding_2z5x_3mjg/tables/posebuster/sdf/6gqj/gnina/ligand_1204.sdf,,0,True,True,True,True,True,True,True,True,True,True,True,True,True,True,True,True,True,True,True,True,True
/mnt/tank/scratch/okonovalova/AffiTox/analysis/excluding_2z5x_3mjg/tables/posebuster/sdf/6gqj/gnina/ligand_1207.sdf,,0,True,True,True,True,True,True,True,True,True,True,True,True,True,True,True,True,True,True,True,True,True
/mnt/tank/scratch/okonovalova/AffiTox/analysis/excluding_2z5x_3mjg/tables/posebuster/sdf/6gqj/gnina/ligand_119.sdf,,0,True,True,True,True,True,True,True,True,True,True,True,True,True,True,True,True,True,True,True,True,True
/mnt/tank/scratch/okonovalova/AffiTox/analysis/excluding_2z5x_3mjg/tables/posebuster/sdf/6gqj/gnina/ligand_1200.sdf,,0,True,True,True,True,True,True,True,True,True,True,True,True,True,True,True,True,True,True,True,True,True
/mnt/tank/scratch/okonovalova/AffiTox/analysis/excluding_2z5x_3mjg/tables/posebuster/sdf/6gqj/gnina/ligand_11.sdf,,0,True,True,True,True,True,True,True,True,True,True,True,True,True,True,True,True,True,True,True,True,True
/mnt/tank/scratch/okonovalova/AffiTox/analysis/excluding_2z5x_3mjg/tables/posebuster/sdf/6gqj/gnina/ligand_1206.sdf,,0,True,True,True,True,True,True,True,True,True,True,True,True,True,True,True,True,True,True,True,True,True
/mnt/tank/scratch/okonovalova/AffiTox/analysis/excluding_2z5x_3mjg/tables/posebuster/sdf/6gqj/gnina/ligand_1211.sdf,,0,True,True,True,True,True,True,True,True,True,True,True,True,True,True,True,True,True,True,True,True,True
/mnt/tank/scratch/okonovalova/AffiTox/analysis/excluding_2z5x_3mjg/tables/posebuster/sdf/6gqj/gnina/ligand_1208.sdf,,0,True,True,True,True,True,True,True,True,True,True,True,True,True,True,True,True,True,True,True,True,True
/mnt/tank/scratch/okonovalova/AffiTox/analysis/excluding_2z5x_3mjg/tables/posebuster/sdf/6gqj/gnina/ligand_1210.sdf,,0,True,True,True,True,True,True,True,True,True,True,True,True,True,True,True,True,True,True,True,True,True
/mnt/tank/scratch/okonovalova/AffiTox/analysis/excluding_2z5x_3mjg/tables/posebuster/sdf/6gqj/gnina/ligand_1212.sdf,,0,True,True,True,True,True,True,True,True,True,True,True,True,True,True,True,True,True,True,True,True,True
/mnt/tank/scratch/okonovalova/AffiTox/analysis/excluding_2z5x_3mjg/tables/posebuster/sdf/6gqj/gnina/ligand_1213.sdf,,0,True,True,True,True,True,True,True,True,True,True,True,True,True,True,True,True,True,True,True,True,True
/mnt/tank/scratch/okonovalova/AffiTox/analysis/excluding_2z5x_3mjg/tables/posebuster/sdf/6gqj/gnina/ligand_120.sdf,,0,True,True,True,True,True,True,True,True,True,True,True,True,True,True,True,True,True,True,True,True,True
/mnt/tank/scratch/okonovalova/AffiTox/analysis/excluding_2z5x_3mjg/tables/posebuster/sdf/6gqj/gnina/ligand_1205.sdf,,0,True,True,True,True,True,True,True,True,True,True,True,True,True,True,True,True,True,True,True,True,True
/mnt/tank/scratch/okonovalova/AffiTox/analysis/excluding_2z5x_3mjg/tables/posebuster/sdf/6gqj/gnina/ligand_1209.sdf,,0,True,True,True,True,True,True,True,True,True,True,True,True,True,True,True,True,True,True,True,True,True
/mnt/tank/scratch/okonovalova/AffiTox/analysis/excluding_2z5x_3mjg/tables/posebuster/sdf/6gqj/gnina/ligand_1214.sdf,,0,True,True,True,True,True,True,True,True,True,True,True,True,True,True,True,True,True,True,True,True,True
/mnt/tank/scratch/okonovalova/AffiTox/analysis/excluding_2z5x_3mjg/tables/posebuster/sdf/6gqj/gnina/ligand_1217.sdf,,0,True,True,True,True,True,True,True,True,True,True,True,True,True,False,True,True,True,True,True,True,True
/mnt/tank/scratch/okonovalova/AffiTox/analysis/excluding_2z5x_3mjg/tables/posebuster/sdf/6gqj/gnina/ligand_1220.sdf,,0,True,True,True,True,True,True,True,True,True,True,True,True,True,True,True,True,True,True,True,True,True
/mnt/tank/scratch/okonovalova/AffiTox/analysis/excluding_2z5x_3mjg/tables/posebuster/sdf/6gqj/gnina/ligand_121.sdf,,0,True,True,True,True,True,True,True,True,True,True,True,False,True,True,True,True,True,True,True,True,True
/mnt/tank/scratch/okonovalova/AffiTox/analysis/excluding_2z5x_3mjg/tables/posebuster/sdf/6gqj/gnina/ligand_1216.sdf,,0,True,True,True,True,True,True,True,True,True,True,True,True,True,True,True,True,True,True,True,True,True
/mnt/tank/scratch/okonovalova/AffiTox/analysis/excluding_2z5x_3mjg/tables/posebuster/sdf/6gqj/gnina/ligand_1218.sdf,,0,True,True,True,True,True,True,True,True,True,True,True,True,True,True,True,True,True,True,True,True,True
/mnt/tank/scratch/okonovalova/AffiTox/analysis/excluding_2z5x_3mjg/tables/posebuster/sdf/6gqj/gnina/ligand_1219.sdf,,0,True,True,True,True,True,True,True,True,True,True,True,True,True,False,True,True,True,True,True,True,True
/mnt/tank/scratch/okonovalova/AffiTox/analysis/excluding_2z5x_3mjg/tables/posebuster/sdf/6gqj/gnina/ligand_1215.sdf,,0,True,True,True,True,True,True,True,True,True,True,True,True,True,True,True,True,True,True,True,True,True
/mnt/tank/scratch/okonovalova/AffiTox/analysis/excluding_2z5x_3mjg/tables/posebuster/sdf/6gqj/gnina/ligand_1224.sdf,,0,True,True,True,True,True,True,True,True,True,True,True,True,True,True,True,True,True,True,True,True,True
/mnt/tank/scratch/okonovalova/AffiTox/analysis/excluding_2z5x_3mjg/tables/posebuster/sdf/6gqj/gnina/ligand_1228.sdf,,0,True,True,True,True,True,True,True,True,True,True,True,True,True,True,True,True,True,True,True,True,True
/mnt/tank/scratch/okonovalova/AffiTox/analysis/excluding_2z5x_3mjg/tables/posebuster/sdf/6gqj/gnina/ligand_1227.sdf,,0,True,True,True,True,True,True,True,True,True,True,True,True,True,True,True,True,True,True,True,True,True
/mnt/tank/scratch/okonovalova/AffiTox/analysis/excluding_2z5x_3mjg/tables/posebuster/sdf/6gqj/gnina/ligand_1231.sdf,,0,True,True,True,True,True,True,True,True,True,True,True,True,True,True,True,True,True,True,True,True,True
/mnt/tank/scratch/okonovalova/AffiTox/analysis/excluding_2z5x_3mjg/tables/posebuster/sdf/6gqj/gnina/ligand_1225.sdf,,0,True,True,True,True,True,True,True,True,True,True,True,True,True,True,True,True,True,True,True,True,True
/mnt/tank/scratch/okonovalova/AffiTox/analysis/excluding_2z5x_3mjg/tables/posebuster/sdf/6gqj/gnina/ligand_1229.sdf,,0,True,True,True,True,True,True,True,True,True,True,True,True,True,True,True,True,True,True,True,True,True
/mnt/tank/scratch/okonovalova/AffiTox/analysis/excluding_2z5x_3mjg/tables/posebuster/sdf/6gqj/gnina/ligand_122.sdf,,0,True,True,True,True,True,True,True,True,True,True,True,True,True,False,True,True,True,True,True,True,True
/mnt/tank/scratch/okonovalova/AffiTox/analysis/excluding_2z5x_3mjg/tables/posebuster/sdf/6gqj/gnina/ligand_1221.sdf,,0,True,True,True,True,True,True,True,True,True,True,True,True,True,True,True,True,True,True,True,True,True
/mnt/tank/scratch/okonovalova/AffiTox/analysis/excluding_2z5x_3mjg/tables/posebuster/sdf/6gqj/gnina/ligand_1230.sdf,,0,True,True,True,True,True,True,True,True,True,True,True,True,True,True,True,True,True,True,True,True,True
/mnt/tank/scratch/okonovalova/AffiTox/analysis/excluding_2z5x_3mjg/tables/posebuster/sdf/6gqj/gnina/ligand_1222.sdf,,0,True,True,True,True,True,True,True,True,True,True,True,True,True,True,True,True,True,True,True,True,True
/mnt/tank/scratch/okonovalova/AffiTox/analysis/excluding_2z5x_3mjg/tables/posebuster/sdf/6gqj/gnina/ligand_1223.sdf,,0,True,True,True,True,True,True,True,True,True,True,True,True,True,True,True,True,True,True,True,True,True
/mnt/tank/scratch/okonovalova/AffiTox/analysis/excluding_2z5x_3mjg/tables/posebuster/sdf/6gqj/gnina/ligand_1237.sdf,,0,True,True,True,True,True,True,True,True,True,True,True,True,True,True,True,True,True,True,True,True,True
/mnt/tank/scratch/okonovalova/AffiTox/analysis/excluding_2z5x_3mjg/tables/posebuster/sdf/6gqj/gnina/ligand_1240.sdf,,0,True,True,True,True,True,True,True,True,True,True,True,True,True,False,True,True,True,True,True,True,True
/mnt/tank/scratch/okonovalova/AffiTox/analysis/excluding_2z5x_3mjg/tables/posebuster/sdf/6gqj/gnina/ligand_1226.sdf,,0,True,True,True,True,True,True,True,True,True,True,True,True,True,True,True,True,True,True,True,True,True
/mnt/tank/scratch/okonovalova/AffiTox/analysis/excluding_2z5x_3mjg/tables/posebuster/sdf/6gqj/gnina/ligand_1241.sdf,,0,True,True,True,True,True,True,True,True,True,True,True,True,True,True,True,True,True,True,True,True,True
/mnt/tank/scratch/okonovalova/AffiTox/analysis/excluding_2z5x_3mjg/tables/posebuster/sdf/6gqj/gnina/ligand_1243.sdf,,0,True,True,True,True,True,True,True,True,True,True,True,True,True,False,True,True,True,True,True,True,True
/mnt/tank/scratch/okonovalova/AffiTox/analysis/excluding_2z5x_3mjg/tables/posebuster/sdf/6gqj/gnina/ligand_1242.sdf,,0,True,True,True,True,True,True,True,True,True,True,True,True,True,True,True,True,True,True,True,True,True
/mnt/tank/scratch/okonovalova/AffiTox/analysis/excluding_2z5x_3mjg/tables/posebuster/sdf/6gqj/gnina/ligand_1233.sdf,,0,True,True,True,True,True,True,True,True,True,True,True,True,True,True,True,True,True,True,True,True,True
/mnt/tank/scratch/okonovalova/AffiTox/analysis/excluding_2z5x_3mjg/tables/posebuster/sdf/6gqj/gnina/ligand_1232.sdf,,0,True,True,True,True,True,True,True,True,True,True,True,True,True,True,True,True,True,True,True,True,True
/mnt/tank/scratch/okonovalova/AffiTox/analysis/excluding_2z5x_3mjg/tables/posebuster/sdf/6gqj/gnina/ligand_1246.sdf,,0,True,True,True,True,True,True,True,True,True,True,True,True,True,True,True,True,True,True,True,True,True
/mnt/tank/scratch/okonovalova/AffiTox/analysis/excluding_2z5x_3mjg/tables/posebuster/sdf/6gqj/gnina/ligand_1250.sdf,,0,True,True,True,True,True,True,True,True,True,True,True,True,True,True,True,True,True,True,True,True,True
/mnt/tank/scratch/okonovalova/AffiTox/analysis/excluding_2z5x_3mjg/tables/posebuster/sdf/6gqj/gnina/ligand_1253.sdf,,0,True,True,True,True,True,True,True,True,True,True,True,True,True,True,True,True,True,True,True,True,True
/mnt/tank/scratch/okonovalova/AffiTox/analysis/excluding_2z5x_3mjg/tables/posebuster/sdf/6gqj/gnina/ligand_1235.sdf,,0,True,True,True,True,True,True,True,True,True,True,True,True,True,True,True,True,True,True,True,True,True
/mnt/tank/scratch/okonovalova/AffiTox/analysis/excluding_2z5x_3mjg/tables/posebuster/sdf/6gqj/gnina/ligand_1238.sdf,,0,True,True,True,True,True,True,True,True,True,True,True,True,True,False,True,True,True,True,True,True,True
/mnt/tank/scratch/okonovalova/AffiTox/analysis/excluding_2z5x_3mjg/tables/posebuster/sdf/6gqj/gnina/ligand_1236.sdf,,0,True,True,True,True,True,True,True,True,True,True,True,True,True,False,True,True,True,True,True,True,True
/mnt/tank/scratch/okonovalova/AffiTox/analysis/excluding_2z5x_3mjg/tables/posebuster/sdf/6gqj/gnina/ligand_1234.sdf,,0,True,True,True,True,True,True,True,True,True,True,True,True,True,True,True,True,True,True,True,True,True
/mnt/tank/scratch/okonovalova/AffiTox/analysis/excluding_2z5x_3mjg/tables/posebuster/sdf/6gqj/gnina/ligand_1239.sdf,,0,True,True,True,True,True,True,True,True,True,True,True,True,True,False,True,True,True,True,True,True,True
/mnt/tank/scratch/okonovalova/AffiTox/analysis/excluding_2z5x_3mjg/tables/posebuster/sdf/6gqj/gnina/ligand_123.sdf,,0,True,True,True,True,True,True,True,True,True,True,True,True,True,True,True,True,True,True,True,True,True
/mnt/tank/scratch/okonovalova/AffiTox/analysis/excluding_2z5x_3mjg/tables/posebuster/sdf/6gqj/gnina/ligand_1248.sdf,,0,True,True,True,True,True,True,True,True,True,True,True,True,True,True,True,True,True,True,True,True,True
/mnt/tank/scratch/okonovalova/AffiTox/analysis/excluding_2z5x_3mjg/tables/posebuster/sdf/6gqj/gnina/ligand_1249.sdf,,0,True,True,True,True,True,True,True,True,True,True,True,True,True,True,True,True,True,True,True,True,True
/mnt/tank/scratch/okonovalova/AffiTox/analysis/excluding_2z5x_3mjg/tables/posebuster/sdf/6gqj/gnina/ligand_1247.sdf,,0,True,True,True,True,True,True,True,True,True,True,True,True,True,True,True,True,True,True,True,True,True
/mnt/tank/scratch/okonovalova/AffiTox/analysis/excluding_2z5x_3mjg/tables/posebuster/sdf/6gqj/gnina/ligand_1255.sdf,,0,True,True,True,True,True,True,True,True,True,True,True,True,True,True,True,True,True,True,True,True,True
/mnt/tank/scratch/okonovalova/AffiTox/analysis/excluding_2z5x_3mjg/tables/posebuster/sdf/6gqj/gnina/ligand_1245.sdf,,0,True,True,True,True,True,True,True,True,True,True,True,True,True,True,True,True,True,True,True,True,True
/mnt/tank/scratch/okonovalova/AffiTox/analysis/excluding_2z5x_3mjg/tables/posebuster/sdf/6gqj/gnina/ligand_1254.sdf,,0,True,True,True,True,True,True,True,True,True,True,True,True,True,True,True,True,True,True,True,True,True
/mnt/tank/scratch/okonovalova/AffiTox/analysis/excluding_2z5x_3mjg/tables/posebuster/sdf/6gqj/gnina/ligand_1244.sdf,,0,True,True,True,True,True,True,True,True,True,True,True,True,True,True,True,True,True,True,True,True,True
/mnt/tank/scratch/okonovalova/AffiTox/analysis/excluding_2z5x_3mjg/tables/posebuster/sdf/6gqj/gnina/ligand_1251.sdf,,0,True,True,True,True,True,True,True,True,True,True,True,True,True,True,True,True,True,True,True,True,True
/mnt/tank/scratch/okonovalova/AffiTox/analysis/excluding_2z5x_3mjg/tables/posebuster/sdf/6gqj/gnina/ligand_124.sdf,,0,True,True,True,True,True,True,True,True,True,True,True,True,True,True,True,True,True,True,True,True,True
/mnt/tank/scratch/okonovalova/AffiTox/analysis/excluding_2z5x_3mjg/tables/posebuster/sdf/6gqj/gnina/ligand_1252.sdf,,0,True,True,True,True,True,True,True,True,True,True,True,True,True,True,True,True,True,True,True,True,True
/mnt/tank/scratch/okonovalova/AffiTox/analysis/excluding_2z5x_3mjg/tables/posebuster/sdf/6gqj/gnina/ligand_1259.sdf,,0,True,True,True,True,True,True,True,True,True,True,True,True,True,True,True,True,True,True,True,True,True
/mnt/tank/scratch/okonovalova/AffiTox/analysis/excluding_2z5x_3mjg/tables/posebuster/sdf/6gqj/gnina/ligand_1260.sdf,,0,True,True,True,True,True,True,True,True,True,True,True,True,True,True,True,True,True,True,True,True,True
/mnt/tank/scratch/okonovalova/AffiTox/analysis/excluding_2z5x_3mjg/tables/posebuster/sdf/6gqj/gnina/ligand_1256.sdf,,0,True,True,True,True,True,True,True,True,True,True,True,True,True,True,True,True,True,True,True,True,True
/mnt/tank/scratch/okonovalova/AffiTox/analysis/excluding_2z5x_3mjg/tables/posebuster/sdf/6gqj/gnina/ligand_1257.sdf,,0,True,True,True,True,True,True,True,True,True,True,True,True,True,True,True,True,True,True,True,True,True
/mnt/tank/scratch/okonovalova/AffiTox/analysis/excluding_2z5x_3mjg/tables/posebuster/sdf/6gqj/gnina/ligand_1265.sdf,,0,True,True,True,True,True,True,True,True,True,True,True,True,True,True,True,True,True,True,True,True,True
/mnt/tank/scratch/okonovalova/AffiTox/analysis/excluding_2z5x_3mjg/tables/posebuster/sdf/6gqj/gnina/ligand_1262.sdf,,0,True,True,True,True,True,True,True,True,True,True,True,True,True,True,True,True,True,True,True,True,True
/mnt/tank/scratch/okonovalova/AffiTox/analysis/excluding_2z5x_3mjg/tables/posebuster/sdf/6gqj/gnina/ligand_1268.sdf,,0,True,True,True,True,True,True,True,True,True,True,True,True,True,True,True,True,True,True,True,True,True
/mnt/tank/scratch/okonovalova/AffiTox/analysis/excluding_2z5x_3mjg/tables/posebuster/sdf/6gqj/gnina/ligand_1270.sdf,,0,True,True,True,True,True,True,True,True,True,True,True,True,True,True,True,True,True,True,True,True,True
/mnt/tank/scratch/okonovalova/AffiTox/analysis/excluding_2z5x_3mjg/tables/posebuster/sdf/6gqj/gnina/ligand_1269.sdf,,0,True,True,True,True,True,True,True,True,True,True,True,True,True,True,True,True,True,True,True,True,True
/mnt/tank/scratch/okonovalova/AffiTox/analysis/excluding_2z5x_3mjg/tables/posebuster/sdf/6gqj/gnina/ligand_1264.sdf,,0,True,True,True,True,True,True,True,True,True,True,True,True,True,True,True,True,True,True,True,True,True
/mnt/tank/scratch/okonovalova/AffiTox/analysis/excluding_2z5x_3mjg/tables/posebuster/sdf/6gqj/gnina/ligand_1274.sdf,,0,True,True,True,True,True,True,True,True,True,True,True,True,True,True,True,True,True,True,True,True,True
/mnt/tank/scratch/okonovalova/AffiTox/analysis/excluding_2z5x_3mjg/tables/posebuster/sdf/6gqj/gnina/ligand_1267.sdf,,0,True,True,True,True,True,True,True,True,True,True,True,True,True,True,True,True,True,True,True,True,True
/mnt/tank/scratch/okonovalova/AffiTox/analysis/excluding_2z5x_3mjg/tables/posebuster/sdf/6gqj/gnina/ligand_1271.sdf,,0,True,True,True,True,True,True,True,True,True,True,True,True,True,True,True,True,True,True,True,True,True
/mnt/tank/scratch/okonovalova/AffiTox/analysis/excluding_2z5x_3mjg/tables/posebuster/sdf/6gqj/gnina/ligand_1273.sdf,,0,True,True,True,True,True,True,True,True,True,True,True,True,True,True,True,True,True,True,True,True,True
/mnt/tank/scratch/okonovalova/AffiTox/analysis/excluding_2z5x_3mjg/tables/posebuster/sdf/6gqj/gnina/ligand_1261.sdf,,0,True,True,True,True,True,True,True,True,True,True,True,True,True,True,True,True,True,True,True,True,True
/mnt/tank/scratch/okonovalova/AffiTox/analysis/excluding_2z5x_3mjg/tables/posebuster/sdf/6gqj/gnina/ligand_1275.sdf,,0,True,True,True,True,True,True,True,True,True,True,True,True,True,True,True,True,True,True,True,True,True
/mnt/tank/scratch/okonovalova/AffiTox/analysis/excluding_2z5x_3mjg/tables/posebuster/sdf/6gqj/gnina/ligand_125.sdf,,0,True,True,True,True,True,True,True,True,True,True,True,True,True,True,True,True,True,True,True,True,True
/mnt/tank/scratch/okonovalova/AffiTox/analysis/excluding_2z5x_3mjg/tables/posebuster/sdf/6gqj/gnina/ligand_1263.sdf,,0,True,True,True,True,True,True,True,True,True,True,True,True,True,True,True,True,True,True,True,True,True
/mnt/tank/scratch/okonovalova/AffiTox/analysis/excluding_2z5x_3mjg/tables/posebuster/sdf/6gqj/gnina/ligand_1266.sdf,,0,True,True,True,True,True,True,True,True,True,True,True,True,True,True,True,True,True,True,True,True,True
/mnt/tank/scratch/okonovalova/AffiTox/analysis/excluding_2z5x_3mjg/tables/posebuster/sdf/6gqj/gnina/ligand_126.sdf,,0,True,True,True,True,True,True,True,True,True,True,True,True,True,True,True,True,True,True,True,True,True
/mnt/tank/scratch/okonovalova/AffiTox/analysis/excluding_2z5x_3mjg/tables/posebuster/sdf/6gqj/gnina/ligand_1272.sdf,,0,True,True,True,True,True,True,True,True,True,True,True,True,True,True,True,True,True,True,True,True,True
/mnt/tank/scratch/okonovalova/AffiTox/analysis/excluding_2z5x_3mjg/tables/posebuster/sdf/6gqj/gnina/ligand_1287.sdf,,0,True,True,True,True,True,True,True,True,True,True,True,True,True,True,True,True,True,True,True,True,True
/mnt/tank/scratch/okonovalova/AffiTox/analysis/excluding_2z5x_3mjg/tables/posebuster/sdf/6gqj/gnina/ligand_1277.sdf,,0,True,True,True,True,True,True,True,True,True,True,True,True,True,True,True,True,True,True,True,True,True
/mnt/tank/scratch/okonovalova/AffiTox/analysis/excluding_2z5x_3mjg/tables/posebuster/sdf/6gqj/gnina/ligand_1276.sdf,,0,True,True,True,True,True,True,True,True,True,True,True,True,True,True,True,True,True,True,True,True,True
/mnt/tank/scratch/okonovalova/AffiTox/analysis/excluding_2z5x_3mjg/tables/posebuster/sdf/6gqj/gnina/ligand_1279.sdf,,0,True,True,True,True,True,True,True,True,True,True,True,True,True,True,True,True,True,True,True,True,True
/mnt/tank/scratch/okonovalova/AffiTox/analysis/excluding_2z5x_3mjg/tables/posebuster/sdf/6gqj/gnina/ligand_1280.sdf,,0,True,True,True,True,True,True,True,True,True,True,True,False,True,True,True,True,True,True,True,True,True
/mnt/tank/scratch/okonovalova/AffiTox/analysis/excluding_2z5x_3mjg/tables/posebuster/sdf/6gqj/gnina/ligand_1289.sdf,,0,True,True,True,True,True,True,True,True,True,True,True,True,True,True,True,True,True,True,True,True,True
/mnt/tank/scratch/okonovalova/AffiTox/analysis/excluding_2z5x_3mjg/tables/posebuster/sdf/6gqj/gnina/ligand_1286.sdf,,0,True,True,True,True,True,True,True,True,True,True,True,True,True,True,True,True,True,True,True,True,True
/mnt/tank/scratch/okonovalova/AffiTox/analysis/excluding_2z5x_3mjg/tables/posebuster/sdf/6gqj/gnina/ligand_127.sdf,,0,True,True,True,True,True,True,True,True,True,True,True,True,True,True,True,True,True,True,True,True,True
/mnt/tank/scratch/okonovalova/AffiTox/analysis/excluding_2z5x_3mjg/tables/posebuster/sdf/6gqj/gnina/ligand_1278.sdf,,0,True,True,True,True,True,True,True,True,True,True,True,True,True,True,True,True,True,True,True,True,True
/mnt/tank/scratch/okonovalova/AffiTox/analysis/excluding_2z5x_3mjg/tables/posebuster/sdf/6gqj/gnina/ligand_1284.sdf,,0,True,True,True,True,True,True,True,True,True,True,True,True,True,True,True,True,True,True,True,True,True
/mnt/tank/scratch/okonovalova/AffiTox/analysis/excluding_2z5x_3mjg/tables/posebuster/sdf/6gqj/gnina/ligand_1285.sdf,,0,True,True,True,True,True,True,True,True,True,True,True,True,True,True,True,True,True,True,True,True,True
/mnt/tank/scratch/okonovalova/AffiTox/analysis/excluding_2z5x_3mjg/tables/posebuster/sdf/6gqj/gnina/ligand_1288.sdf,,0,True,True,True,True,True,True,True,True,True,True,True,True,True,True,True,True,True,True,True,True,True
/mnt/tank/scratch/okonovalova/AffiTox/analysis/excluding_2z5x_3mjg/tables/posebuster/sdf/6gqj/gnina/ligand_1283.sdf,,0,True,True,True,True,True,True,True,True,True,True,True,True,True,True,True,True,True,True,True,True,True
/mnt/tank/scratch/okonovalova/AffiTox/analysis/excluding_2z5x_3mjg/tables/posebuster/sdf/6gqj/gnina/ligand_128.sdf,,0,True,True,True,True,True,True,True,True,True,True,True,True,True,True,True,True,True,True,True,True,True
/mnt/tank/scratch/okonovalova/AffiTox/analysis/excluding_2z5x_3mjg/tables/posebuster/sdf/6gqj/gnina/ligand_1281.sdf,,0,True,True,True,True,True,True,True,True,True,True,True,False,True,True,True,True,True,True,True,True,True
/mnt/tank/scratch/okonovalova/AffiTox/analysis/excluding_2z5x_3mjg/tables/posebuster/sdf/6gqj/gnina/ligand_1282.sdf,,0,True,True,True,True,True,True,True,True,True,True,True,True,True,True,True,True,True,True,True,True,True
/mnt/tank/scratch/okonovalova/AffiTox/analysis/excluding_2z5x_3mjg/tables/posebuster/sdf/6gqj/gnina/ligand_1296.sdf,,0,True,True,True,True,True,True,True,True,True,True,True,True,True,True,True,True,True,True,True,True,True
/mnt/tank/scratch/okonovalova/AffiTox/analysis/excluding_2z5x_3mjg/tables/posebuster/sdf/6gqj/gnina/ligand_1290.sdf,,0,True,True,True,True,True,True,True,True,True,True,True,True,True,True,True,True,True,True,True,True,True
/mnt/tank/scratch/okonovalova/AffiTox/analysis/excluding_2z5x_3mjg/tables/posebuster/sdf/6gqj/gnina/ligand_1293.sdf,,0,True,True,True,True,True,True,True,True,True,True,True,True,True,True,True,True,True,True,True,True,True
/mnt/tank/scratch/okonovalova/AffiTox/analysis/excluding_2z5x_3mjg/tables/posebuster/sdf/6gqj/gnina/ligand_130.sdf,,0,True,True,True,True,True,True,True,True,True,True,True,True,True,False,True,True,True,True,True,True,True
/mnt/tank/scratch/okonovalova/AffiTox/analysis/excluding_2z5x_3mjg/tables/posebuster/sdf/6gqj/gnina/ligand_1292.sdf,,0,True,True,True,True,True,True,True,True,True,True,True,True,True,True,True,True,True,True,True,True,True
/mnt/tank/scratch/okonovalova/AffiTox/analysis/excluding_2z5x_3mjg/tables/posebuster/sdf/6gqj/gnina/ligand_1291.sdf,,0,True,True,True,True,True,True,True,True,True,True,True,True,True,True,True,True,True,True,True,True,True
/mnt/tank/scratch/okonovalova/AffiTox/analysis/excluding_2z5x_3mjg/tables/posebuster/sdf/6gqj/gnina/ligand_1298.sdf,,0,True,True,True,True,True,True,True,True,True,True,True,True,True,True,True,True,True,True,True,True,True
/mnt/tank/scratch/okonovalova/AffiTox/analysis/excluding_2z5x_3mjg/tables/posebuster/sdf/6gqj/gnina/ligand_1297.sdf,,0,True,True,True,True,True,True,True,True,True,True,True,True,True,True,True,True,True,True,True,True,True
/mnt/tank/scratch/okonovalova/AffiTox/analysis/excluding_2z5x_3mjg/tables/posebuster/sdf/6gqj/gnina/ligand_1295.sdf,,0,True,True,True,True,True,True,True,True,True,True,True,True,True,True,True,True,True,True,True,True,True
/mnt/tank/scratch/okonovalova/AffiTox/analysis/excluding_2z5x_3mjg/tables/posebuster/sdf/6gqj/gnina/ligand_12.sdf,,0,True,True,True,True,True,True,True,True,True,True,True,True,True,True,True,True,True,True,True,True,True
/mnt/tank/scratch/okonovalova/AffiTox/analysis/excluding_2z5x_3mjg/tables/posebuster/sdf/6gqj/gnina/ligand_1294.sdf,,0,True,True,True,True,True,True,True,True,True,True,True,True,True,True,True,True,True,True,True,True,True
/mnt/tank/scratch/okonovalova/AffiTox/analysis/excluding_2z5x_3mjg/tables/posebuster/sdf/6gqj/gnina/ligand_129.sdf,,0,True,True,True,True,True,True,True,True,True,True,True,True,True,True,True,True,True,True,True,True,True
/mnt/tank/scratch/okonovalova/AffiTox/analysis/excluding_2z5x_3mjg/tables/posebuster/sdf/6gqj/gnina/ligand_131.sdf,,0,True,True,True,True,True,True,True,True,True,True,True,False,True,True,True,True,True,True,True,True,True
/mnt/tank/scratch/okonovalova/AffiTox/analysis/excluding_2z5x_3mjg/tables/posebuster/sdf/6gqj/gnina/ligand_132.sdf,,0,True,True,True,True,True,True,True,True,True,True,True,True,True,True,True,True,True,True,True,True,True
/mnt/tank/scratch/okonovalova/AffiTox/analysis/excluding_2z5x_3mjg/tables/posebuster/sdf/6gqj/gnina/ligand_133.sdf,,0,True,True,True,True,True,True,True,True,True,True,True,True,True,True,True,True,True,True,True,True,True
/mnt/tank/scratch/okonovalova/AffiTox/analysis/excluding_2z5x_3mjg/tables/posebuster/sdf/6gqj/gnina/ligand_134.sdf,,0,True,True,True,True,True,True,True,True,True,True,True,True,True,True,True,True,True,True,True,True,True
/mnt/tank/scratch/okonovalova/AffiTox/analysis/excluding_2z5x_3mjg/tables/posebuster/sdf/6gqj/gnina/ligand_138.sdf,,0,True,True,True,True,True,True,True,True,True,True,True,True,True,True,True,True,True,True,True,True,True
/mnt/tank/scratch/okonovalova/AffiTox/analysis/excluding_2z5x_3mjg/tables/posebuster/sdf/6gqj/gnina/ligand_139.sdf,,0,True,True,True,True,True,True,True,True,True,True,True,True,True,True,True,True,True,True,True,True,True
/mnt/tank/scratch/okonovalova/AffiTox/analysis/excluding_2z5x_3mjg/tables/posebuster/sdf/6gqj/gnina/ligand_135.sdf,,0,True,True,True,True,True,True,True,True,True,True,True,True,True,True,True,True,True,True,True,True,True
/mnt/tank/scratch/okonovalova/AffiTox/analysis/excluding_2z5x_3mjg/tables/posebuster/sdf/6gqj/gnina/ligand_136.sdf,,0,True,True,True,True,True,True,True,True,True,True,True,True,True,True,True,True,True,True,True,True,True
/mnt/tank/scratch/okonovalova/AffiTox/analysis/excluding_2z5x_3mjg/tables/posebuster/sdf/6gqj/gnina/ligand_137.sdf,,0,True,True,True,True,True,True,True,True,True,True,True,True,True,True,True,True,True,True,True,True,True
/mnt/tank/scratch/okonovalova/AffiTox/analysis/excluding_2z5x_3mjg/tables/posebuster/sdf/6gqj/gnina/ligand_145.sdf,,0,True,True,True,True,True,True,True,True,True,True,True,True,True,True,True,True,True,True,True,True,True
/mnt/tank/scratch/okonovalova/AffiTox/analysis/excluding_2z5x_3mjg/tables/posebuster/sdf/6gqj/gnina/ligand_142.sdf,,0,True,True,True,True,True,True,True,True,True,True,True,True,True,True,True,True,True,True,True,True,True
/mnt/tank/scratch/okonovalova/AffiTox/analysis/excluding_2z5x_3mjg/tables/posebuster/sdf/6gqj/gnina/ligand_13.sdf,,0,True,True,True,True,True,True,True,True,True,True,True,True,True,True,True,True,True,True,True,True,True
/mnt/tank/scratch/okonovalova/AffiTox/analysis/excluding_2z5x_3mjg/tables/posebuster/sdf/6gqj/gnina/ligand_140.sdf,,0,True,True,True,True,True,True,True,True,True,True,True,True,True,True,True,True,True,True,True,True,True
/mnt/tank/scratch/okonovalova/AffiTox/analysis/excluding_2z5x_3mjg/tables/posebuster/sdf/6gqj/gnina/ligand_141.sdf,,0,True,True,True,True,True,True,True,True,True,True,True,True,True,True,True,True,True,True,True,True,True
/mnt/tank/scratch/okonovalova/AffiTox/analysis/excluding_2z5x_3mjg/tables/posebuster/sdf/6gqj/gnina/ligand_144.sdf,,0,True,True,True,True,True,True,True,True,True,True,True,True,True,True,True,True,True,True,True,True,True
/mnt/tank/scratch/okonovalova/AffiTox/analysis/excluding_2z5x_3mjg/tables/posebuster/sdf/6gqj/gnina/ligand_151.sdf,,0,True,True,True,True,True,True,True,True,True,True,True,True,True,True,True,True,True,True,True,True,True
/mnt/tank/scratch/okonovalova/AffiTox/analysis/excluding_2z5x_3mjg/tables/posebuster/sdf/6gqj/gnina/ligand_152.sdf,,0,True,True,True,True,True,True,True,True,True,True,True,True,True,True,True,True,True,True,True,True,True
/mnt/tank/scratch/okonovalova/AffiTox/analysis/excluding_2z5x_3mjg/tables/posebuster/sdf/6gqj/gnina/ligand_146.sdf,,0,True,True,True,True,True,True,True,True,True,True,True,True,True,True,True,True,True,True,True,True,True
/mnt/tank/scratch/okonovalova/AffiTox/analysis/excluding_2z5x_3mjg/tables/posebuster/sdf/6gqj/gnina/ligand_143.sdf,,0,True,True,True,True,True,True,True,True,True,True,True,True,True,True,True,True,True,True,True,True,True
/mnt/tank/scratch/okonovalova/AffiTox/analysis/excluding_2z5x_3mjg/tables/posebuster/sdf/6gqj/gnina/ligand_148.sdf,,0,True,True,True,True,True,True,True,True,True,True,True,True,True,True,True,True,True,True,True,True,True
/mnt/tank/scratch/okonovalova/AffiTox/analysis/excluding_2z5x_3mjg/tables/posebuster/sdf/6gqj/gnina/ligand_154.sdf,,0,True,True,True,True,True,True,True,True,True,True,True,True,True,True,True,True,True,True,True,True,True
/mnt/tank/scratch/okonovalova/AffiTox/analysis/excluding_2z5x_3mjg/tables/posebuster/sdf/6gqj/gnina/ligand_155.sdf,,0,True,True,True,True,True,True,True,True,True,True,True,True,True,True,True,True,True,True,True,True,True
/mnt/tank/scratch/okonovalova/AffiTox/analysis/excluding_2z5x_3mjg/tables/posebuster/sdf/6gqj/gnina/ligand_14.sdf,,0,True,True,True,True,True,True,True,True,True,True,True,True,True,True,True,True,True,True,True,True,True
/mnt/tank/scratch/okonovalova/AffiTox/analysis/excluding_2z5x_3mjg/tables/posebuster/sdf/6gqj/gnina/ligand_147.sdf,,0,True,True,True,True,True,True,True,True,True,True,True,True,True,True,True,True,True,True,True,True,True
/mnt/tank/scratch/okonovalova/AffiTox/analysis/excluding_2z5x_3mjg/tables/posebuster/sdf/6gqj/gnina/ligand_153.sdf,,0,True,True,True,True,True,True,True,True,True,True,True,True,True,True,True,True,True,True,True,True,True
/mnt/tank/scratch/okonovalova/AffiTox/analysis/excluding_2z5x_3mjg/tables/posebuster/sdf/6gqj/gnina/ligand_156.sdf,,0,True,True,True,True,True,True,True,True,True,True,True,True,True,True,True,True,True,True,True,True,True
/mnt/tank/scratch/okonovalova/AffiTox/analysis/excluding_2z5x_3mjg/tables/posebuster/sdf/6gqj/gnina/ligand_150.sdf,,0,True,True,True,True,True,True,True,True,True,True,True,True,True,True,True,True,True,True,True,True,True
/mnt/tank/scratch/okonovalova/AffiTox/analysis/excluding_2z5x_3mjg/tables/posebuster/sdf/6gqj/gnina/ligand_163.sdf,,0,True,True,True,True,True,True,True,True,True,True,True,True,True,True,True,True,True,True,True,True,True
/mnt/tank/scratch/okonovalova/AffiTox/analysis/excluding_2z5x_3mjg/tables/posebuster/sdf/6gqj/gnina/ligand_165.sdf,,0,True,True,True,True,True,True,True,True,True,True,True,True,True,True,True,True,True,True,True,True,True
/mnt/tank/scratch/okonovalova/AffiTox/analysis/excluding_2z5x_3mjg/tables/posebuster/sdf/6gqj/gnina/ligand_157.sdf,,0,True,True,True,True,True,True,True,True,True,True,True,True,True,True,True,True,True,True,True,True,True
/mnt/tank/scratch/okonovalova/AffiTox/analysis/excluding_2z5x_3mjg/tables/posebuster/sdf/6gqj/gnina/ligand_149.sdf,,0,True,True,True,True,True,True,True,True,True,True,True,True,True,True,True,True,True,True,True,True,True
/mnt/tank/scratch/okonovalova/AffiTox/analysis/excluding_2z5x_3mjg/tables/posebuster/sdf/6gqj/gnina/ligand_159.sdf,,0,True,True,True,True,True,True,True,True,True,True,True,True,True,True,True,True,True,True,True,True,True
/mnt/tank/scratch/okonovalova/AffiTox/analysis/excluding_2z5x_3mjg/tables/posebuster/sdf/6gqj/gnina/ligand_158.sdf,,0,True,True,True,True,True,True,True,True,True,True,True,True,True,True,True,True,True,True,True,True,True
/mnt/tank/scratch/okonovalova/AffiTox/analysis/excluding_2z5x_3mjg/tables/posebuster/sdf/6gqj/gnina/ligand_161.sdf,,0,True,True,True,True,True,True,True,True,True,True,True,True,True,True,True,True,True,True,True,True,True
/mnt/tank/scratch/okonovalova/AffiTox/analysis/excluding_2z5x_3mjg/tables/posebuster/sdf/6gqj/gnina/ligand_160.sdf,,0,True,True,True,True,True,True,True,True,True,True,True,True,True,True,True,True,True,True,True,True,True
/mnt/tank/scratch/okonovalova/AffiTox/analysis/excluding_2z5x_3mjg/tables/posebuster/sdf/6gqj/gnina/ligand_166.sdf,,0,True,True,True,True,True,True,True,True,True,True,True,True,True,True,True,True,True,True,True,True,True
/mnt/tank/scratch/okonovalova/AffiTox/analysis/excluding_2z5x_3mjg/tables/posebuster/sdf/6gqj/gnina/ligand_167.sdf,,0,True,True,True,True,True,True,True,True,True,True,True,True,True,True,True,True,True,True,True,True,True
/mnt/tank/scratch/okonovalova/AffiTox/analysis/excluding_2z5x_3mjg/tables/posebuster/sdf/6gqj/gnina/ligand_15.sdf,,0,True,True,True,True,True,True,True,True,True,True,True,True,True,True,True,True,True,True,True,True,True
/mnt/tank/scratch/okonovalova/AffiTox/analysis/excluding_2z5x_3mjg/tables/posebuster/sdf/6gqj/gnina/ligand_162.sdf,,0,True,True,True,True,True,True,True,True,True,True,True,True,True,True,True,True,True,True,True,True,True
/mnt/tank/scratch/okonovalova/AffiTox/analysis/excluding_2z5x_3mjg/tables/posebuster/sdf/6gqj/gnina/ligand_170.sdf,,0,True,True,True,True,True,True,True,True,True,True,True,True,True,True,True,True,True,True,True,True,True
/mnt/tank/scratch/okonovalova/AffiTox/analysis/excluding_2z5x_3mjg/tables/posebuster/sdf/6gqj/gnina/ligand_164.sdf,,0,True,True,True,True,True,True,True,True,True,True,True,True,True,True,True,True,True,True,True,True,True
/mnt/tank/scratch/okonovalova/AffiTox/analysis/excluding_2z5x_3mjg/tables/posebuster/sdf/6gqj/gnina/ligand_169.sdf,,0,True,True,True,True,True,True,True,True,True,True,True,True,True,True,True,True,True,True,True,True,True
/mnt/tank/scratch/okonovalova/AffiTox/analysis/excluding_2z5x_3mjg/tables/posebuster/sdf/6gqj/gnina/ligand_172.sdf,,0,True,True,True,True,True,True,True,True,True,True,True,True,True,True,True,True,True,True,True,True,True
/mnt/tank/scratch/okonovalova/AffiTox/analysis/excluding_2z5x_3mjg/tables/posebuster/sdf/6gqj/gnina/ligand_168.sdf,,0,True,True,True,True,True,True,True,True,True,True,True,True,True,True,True,True,True,True,True,True,True
/mnt/tank/scratch/okonovalova/AffiTox/analysis/excluding_2z5x_3mjg/tables/posebuster/sdf/6gqj/gnina/ligand_171.sdf,,0,True,True,True,True,True,True,True,True,True,True,True,True,True,True,True,True,True,True,True,True,True
/mnt/tank/scratch/okonovalova/AffiTox/analysis/excluding_2z5x_3mjg/tables/posebuster/sdf/6gqj/gnina/ligand_176.sdf,,0,True,True,True,True,True,True,True,True,True,True,True,True,True,True,True,True,True,True,True,True,True
/mnt/tank/scratch/okonovalova/AffiTox/analysis/excluding_2z5x_3mjg/tables/posebuster/sdf/6gqj/gnina/ligand_173.sdf,,0,True,True,True,True,True,True,True,True,True,True,True,True,True,False,True,True,True,True,True,True,True
/mnt/tank/scratch/okonovalova/AffiTox/analysis/excluding_2z5x_3mjg/tables/posebuster/sdf/6gqj/gnina/ligand_174.sdf,,0,True,True,True,True,True,True,True,True,True,True,True,True,True,True,True,True,True,True,True,True,True
/mnt/tank/scratch/okonovalova/AffiTox/analysis/excluding_2z5x_3mjg/tables/posebuster/sdf/6gqj/gnina/ligand_16.sdf,,0,True,True,True,True,True,True,True,True,True,True,True,True,True,True,True,True,True,True,True,True,True
/mnt/tank/scratch/okonovalova/AffiTox/analysis/excluding_2z5x_3mjg/tables/posebuster/sdf/6gqj/gnina/ligand_175.sdf,,0,True,True,True,True,True,True,True,True,True,True,True,True,True,True,True,True,True,True,True,True,True
/mnt/tank/scratch/okonovalova/AffiTox/analysis/excluding_2z5x_3mjg/tables/posebuster/sdf/6gqj/gnina/ligand_17.sdf,,0,True,True,True,True,True,True,True,True,True,True,True,True,True,True,True,True,True,True,True,True,True
/mnt/tank/scratch/okonovalova/AffiTox/analysis/excluding_2z5x_3mjg/tables/posebuster/sdf/6gqj/gnina/ligand_177.sdf,,0,True,True,True,True,True,True,True,True,True,True,True,True,True,True,True,True,True,True,True,True,True
/mnt/tank/scratch/okonovalova/AffiTox/analysis/excluding_2z5x_3mjg/tables/posebuster/sdf/6gqj/gnina/ligand_184.sdf,,0,True,True,True,True,True,True,True,True,True,True,True,True,True,True,True,True,True,True,True,True,True
/mnt/tank/scratch/okonovalova/AffiTox/analysis/excluding_2z5x_3mjg/tables/posebuster/sdf/6gqj/gnina/ligand_179.sdf,,0,True,True,True,True,True,True,True,True,True,True,True,True,True,True,True,True,True,True,True,True,True
/mnt/tank/scratch/okonovalova/AffiTox/analysis/excluding_2z5x_3mjg/tables/posebuster/sdf/6gqj/gnina/ligand_181.sdf,,0,True,True,True,True,True,True,True,True,True,True,True,True,True,True,True,True,True,True,True,True,True
/mnt/tank/scratch/okonovalova/AffiTox/analysis/excluding_2z5x_3mjg/tables/posebuster/sdf/6gqj/gnina/ligand_183.sdf,,0,True,True,True,True,True,True,True,True,True,True,True,True,True,False,True,True,True,True,True,True,True
/mnt/tank/scratch/okonovalova/AffiTox/analysis/excluding_2z5x_3mjg/tables/posebuster/sdf/6gqj/gnina/ligand_180.sdf,,0,True,True,True,True,True,True,True,True,True,True,True,True,True,True,True,True,True,True,True,True,True
/mnt/tank/scratch/okonovalova/AffiTox/analysis/excluding_2z5x_3mjg/tables/posebuster/sdf/6gqj/gnina/ligand_178.sdf,,0,True,True,True,True,True,True,True,True,True,True,True,True,True,False,True,True,True,True,True,True,True
/mnt/tank/scratch/okonovalova/AffiTox/analysis/excluding_2z5x_3mjg/tables/posebuster/sdf/6gqj/gnina/ligand_18.sdf,,0,True,True,True,True,True,True,True,True,True,True,True,True,True,True,True,True,True,True,True,True,True
/mnt/tank/scratch/okonovalova/AffiTox/analysis/excluding_2z5x_3mjg/tables/posebuster/sdf/6gqj/gnina/ligand_186.sdf,,0,True,True,True,True,True,True,True,True,True,True,True,True,True,True,True,True,True,True,True,True,True
/mnt/tank/scratch/okonovalova/AffiTox/analysis/excluding_2z5x_3mjg/tables/posebuster/sdf/6gqj/gnina/ligand_190.sdf,,0,True,True,True,True,True,True,True,True,True,True,True,True,True,True,True,True,True,True,True,True,True
/mnt/tank/scratch/okonovalova/AffiTox/analysis/excluding_2z5x_3mjg/tables/posebuster/sdf/6gqj/gnina/ligand_187.sdf,,0,True,True,True,True,True,True,True,True,True,True,True,True,True,True,True,True,True,True,True,True,True
/mnt/tank/scratch/okonovalova/AffiTox/analysis/excluding_2z5x_3mjg/tables/posebuster/sdf/6gqj/gnina/ligand_185.sdf,,0,True,True,True,True,True,True,True,True,True,True,True,True,True,True,True,True,True,True,True,True,True
/mnt/tank/scratch/okonovalova/AffiTox/analysis/excluding_2z5x_3mjg/tables/posebuster/sdf/6gqj/gnina/ligand_182.sdf,,0,True,True,True,True,True,True,True,True,True,True,True,True,True,True,True,True,True,True,True,True,True
/mnt/tank/scratch/okonovalova/AffiTox/analysis/excluding_2z5x_3mjg/tables/posebuster/sdf/6gqj/gnina/ligand_189.sdf,,0,True,True,True,True,True,True,True,True,True,True,True,True,True,True,True,True,True,True,True,True,True
/mnt/tank/scratch/okonovalova/AffiTox/analysis/excluding_2z5x_3mjg/tables/posebuster/sdf/6gqj/gnina/ligand_193.sdf,,0,True,True,True,True,True,True,True,True,True,True,True,False,True,True,True,True,True,True,True,True,True
/mnt/tank/scratch/okonovalova/AffiTox/analysis/excluding_2z5x_3mjg/tables/posebuster/sdf/6gqj/gnina/ligand_196.sdf,,0,True,True,True,True,True,True,True,True,True,True,True,True,True,True,True,True,True,True,True,True,True
/mnt/tank/scratch/okonovalova/AffiTox/analysis/excluding_2z5x_3mjg/tables/posebuster/sdf/6gqj/gnina/ligand_192.sdf,,0,True,True,True,True,True,True,True,True,True,True,True,True,True,True,True,True,True,True,True,True,True
/mnt/tank/scratch/okonovalova/AffiTox/analysis/excluding_2z5x_3mjg/tables/posebuster/sdf/6gqj/gnina/ligand_188.sdf,,0,True,True,True,True,True,True,True,True,True,True,True,True,True,True,True,True,True,True,True,True,True
/mnt/tank/scratch/okonovalova/AffiTox/analysis/excluding_2z5x_3mjg/tables/posebuster/sdf/6gqj/gnina/ligand_191.sdf,,0,True,True,True,True,True,True,True,True,True,True,True,True,True,True,True,True,True,True,True,True,True
/mnt/tank/scratch/okonovalova/AffiTox/analysis/excluding_2z5x_3mjg/tables/posebuster/sdf/6gqj/gnina/ligand_195.sdf,,0,True,True,True,True,True,True,True,True,True,True,True,True,True,True,True,True,True,True,True,True,True
/mnt/tank/scratch/okonovalova/AffiTox/analysis/excluding_2z5x_3mjg/tables/posebuster/sdf/6gqj/gnina/ligand_194.sdf,,0,True,True,True,True,True,True,True,True,True,True,True,True,True,True,True,True,True,True,True,True,True
/mnt/tank/scratch/okonovalova/AffiTox/analysis/excluding_2z5x_3mjg/tables/posebuster/sdf/6gqj/gnina/ligand_198.sdf,,0,True,True,True,True,True,True,True,True,True,True,True,True,True,True,True,True,True,True,True,True,True
/mnt/tank/scratch/okonovalova/AffiTox/analysis/excluding_2z5x_3mjg/tables/posebuster/sdf/6gqj/gnina/ligand_201.sdf,,0,True,True,True,True,True,True,True,True,True,True,True,True,True,True,True,True,True,True,True,True,True
/mnt/tank/scratch/okonovalova/AffiTox/analysis/excluding_2z5x_3mjg/tables/posebuster/sdf/6gqj/gnina/ligand_19.sdf,,0,True,True,True,True,True,True,True,True,True,True,True,True,True,True,True,True,True,True,True,True,True
/mnt/tank/scratch/okonovalova/AffiTox/analysis/excluding_2z5x_3mjg/tables/posebuster/sdf/6gqj/gnina/ligand_1.sdf,,0,True,True,True,True,True,True,True,True,True,True,True,True,True,True,True,True,True,True,True,True,True
/mnt/tank/scratch/okonovalova/AffiTox/analysis/excluding_2z5x_3mjg/tables/posebuster/sdf/6gqj/gnina/ligand_204.sdf,,0,True,True,True,True,True,True,True,True,True,True,True,True,True,True,True,True,True,True,True,True,True
/mnt/tank/scratch/okonovalova/AffiTox/analysis/excluding_2z5x_3mjg/tables/posebuster/sdf/6gqj/gnina/ligand_205.sdf,,0,True,True,True,True,True,True,True,True,True,True,True,True,True,True,True,True,True,True,True,True,True
/mnt/tank/scratch/okonovalova/AffiTox/analysis/excluding_2z5x_3mjg/tables/posebuster/sdf/6gqj/gnina/ligand_206.sdf,,0,True,True,True,True,True,True,True,True,True,True,True,True,True,True,True,True,True,True,True,True,True
/mnt/tank/scratch/okonovalova/AffiTox/analysis/excluding_2z5x_3mjg/tables/posebuster/sdf/6gqj/gnina/ligand_202.sdf,,0,True,True,True,True,True,True,True,True,True,True,True,True,True,True,True,True,True,True,True,True,True
/mnt/tank/scratch/okonovalova/AffiTox/analysis/excluding_2z5x_3mjg/tables/posebuster/sdf/6gqj/gnina/ligand_209.sdf,,0,True,True,True,True,True,True,True,True,True,True,True,True,True,False,True,True,True,True,True,True,True
/mnt/tank/scratch/okonovalova/AffiTox/analysis/excluding_2z5x_3mjg/tables/posebuster/sdf/6gqj/gnina/ligand_203.sdf,,0,True,True,True,True,True,True,True,True,True,True,True,True,True,True,True,True,True,True,True,True,True
/mnt/tank/scratch/okonovalova/AffiTox/analysis/excluding_2z5x_3mjg/tables/posebuster/sdf/6gqj/gnina/ligand_20.sdf,,0,True,True,True,True,True,True,True,True,True,True,True,True,True,True,True,True,True,True,True,True,True
/mnt/tank/scratch/okonovalova/AffiTox/analysis/excluding_2z5x_3mjg/tables/posebuster/sdf/6gqj/gnina/ligand_199.sdf,,0,True,True,True,True,True,True,True,True,True,True,True,False,True,True,True,True,True,True,True,True,True
/mnt/tank/scratch/okonovalova/AffiTox/analysis/excluding_2z5x_3mjg/tables/posebuster/sdf/6gqj/gnina/ligand_208.sdf,,0,True,True,True,True,True,True,True,True,True,True,True,True,True,True,True,True,True,True,True,True,True
/mnt/tank/scratch/okonovalova/AffiTox/analysis/excluding_2z5x_3mjg/tables/posebuster/sdf/6gqj/gnina/ligand_207.sdf,,0,True,True,True,True,True,True,True,True,True,True,True,True,True,True,True,True,True,True,True,True,True
/mnt/tank/scratch/okonovalova/AffiTox/analysis/excluding_2z5x_3mjg/tables/posebuster/sdf/6gqj/gnina/ligand_197.sdf,,0,True,True,True,True,True,True,True,True,True,True,True,True,True,True,True,True,True,True,True,True,True
/mnt/tank/scratch/okonovalova/AffiTox/analysis/excluding_2z5x_3mjg/tables/posebuster/sdf/6gqj/gnina/ligand_200.sdf,,0,True,True,True,True,True,True,True,True,True,True,True,True,True,True,True,True,True,True,True,True,True
/mnt/tank/scratch/okonovalova/AffiTox/analysis/excluding_2z5x_3mjg/tables/posebuster/sdf/6gqj/gnina/ligand_21.sdf,,0,True,True,True,True,True,True,True,True,True,True,True,True,True,True,True,True,True,True,True,True,True
/mnt/tank/scratch/okonovalova/AffiTox/analysis/excluding_2z5x_3mjg/tables/posebuster/sdf/6gqj/gnina/ligand_222.sdf,,0,True,True,True,True,True,True,True,True,True,True,True,True,True,True,True,True,True,True,True,True,True
/mnt/tank/scratch/okonovalova/AffiTox/analysis/excluding_2z5x_3mjg/tables/posebuster/sdf/6gqj/gnina/ligand_210.sdf,,0,True,True,True,True,True,True,True,True,True,True,True,True,True,True,True,True,True,True,True,True,True
/mnt/tank/scratch/okonovalova/AffiTox/analysis/excluding_2z5x_3mjg/tables/posebuster/sdf/6gqj/gnina/ligand_223.sdf,,0,True,True,True,True,True,True,True,True,True,True,True,True,True,True,True,True,True,True,True,True,True
/mnt/tank/scratch/okonovalova/AffiTox/analysis/excluding_2z5x_3mjg/tables/posebuster/sdf/6gqj/gnina/ligand_220.sdf,,0,True,True,True,True,True,True,True,True,True,True,True,False,True,True,True,True,True,True,True,True,True
/mnt/tank/scratch/okonovalova/AffiTox/analysis/excluding_2z5x_3mjg/tables/posebuster/sdf/6gqj/gnina/ligand_217.sdf,,0,True,True,True,True,True,True,True,True,True,True,True,True,True,True,True,True,True,True,True,True,True
/mnt/tank/scratch/okonovalova/AffiTox/analysis/excluding_2z5x_3mjg/tables/posebuster/sdf/6gqj/gnina/ligand_212.sdf,,0,True,True,True,True,True,True,True,True,True,True,True,True,True,True,True,True,True,True,True,True,True
/mnt/tank/scratch/okonovalova/AffiTox/analysis/excluding_2z5x_3mjg/tables/posebuster/sdf/6gqj/gnina/ligand_221.sdf,,0,True,True,True,True,True,True,True,True,True,True,True,False,True,True,True,True,True,True,True,True,True
/mnt/tank/scratch/okonovalova/AffiTox/analysis/excluding_2z5x_3mjg/tables/posebuster/sdf/6gqj/gnina/ligand_219.sdf,,0,True,True,True,True,True,True,True,True,True,True,True,False,True,True,True,True,True,True,True,True,True
/mnt/tank/scratch/okonovalova/AffiTox/analysis/excluding_2z5x_3mjg/tables/posebuster/sdf/6gqj/gnina/ligand_224.sdf,,0,True,True,True,True,True,True,True,True,True,True,True,True,True,True,True,True,True,True,True,True,True
/mnt/tank/scratch/okonovalova/AffiTox/analysis/excluding_2z5x_3mjg/tables/posebuster/sdf/6gqj/gnina/ligand_218.sdf,,0,True,True,True,True,True,True,True,True,True,True,True,False,True,True,True,True,True,True,True,True,True
/mnt/tank/scratch/okonovalova/AffiTox/analysis/excluding_2z5x_3mjg/tables/posebuster/sdf/6gqj/gnina/ligand_214.sdf,,0,True,True,True,True,True,True,True,True,True,True,True,True,True,True,True,True,True,True,True,True,True
/mnt/tank/scratch/okonovalova/AffiTox/analysis/excluding_2z5x_3mjg/tables/posebuster/sdf/6gqj/gnina/ligand_215.sdf,,0,True,True,True,True,True,True,True,True,True,True,True,False,True,True,True,True,True,True,True,True,True
/mnt/tank/scratch/okonovalova/AffiTox/analysis/excluding_2z5x_3mjg/tables/posebuster/sdf/6gqj/gnina/ligand_213.sdf,,0,True,True,True,True,True,True,True,True,True,True,True,True,True,True,True,True,True,True,True,True,True
/mnt/tank/scratch/okonovalova/AffiTox/analysis/excluding_2z5x_3mjg/tables/posebuster/sdf/6gqj/gnina/ligand_211.sdf,,0,True,True,True,True,True,True,True,True,True,True,True,True,True,True,True,True,True,True,True,True,True
/mnt/tank/scratch/okonovalova/AffiTox/analysis/excluding_2z5x_3mjg/tables/posebuster/sdf/6gqj/gnina/ligand_225.sdf,,0,True,True,True,True,True,True,True,True,True,True,True,True,True,True,True,True,True,True,True,True,True
/mnt/tank/scratch/okonovalova/AffiTox/analysis/excluding_2z5x_3mjg/tables/posebuster/sdf/6gqj/gnina/ligand_216.sdf,,0,True,True,True,True,True,True,True,True,True,True,True,True,True,True,True,True,True,True,True,True,True
/mnt/tank/scratch/okonovalova/AffiTox/analysis/excluding_2z5x_3mjg/tables/posebuster/sdf/6gqj/gnina/ligand_226.sdf,,0,True,True,True,True,True,True,True,True,True,True,True,True,True,True,True,True,True,True,True,True,True
/mnt/tank/scratch/okonovalova/AffiTox/analysis/excluding_2z5x_3mjg/tables/posebuster/sdf/6gqj/gnina/ligand_235.sdf,,0,True,True,True,True,True,True,True,True,True,True,True,True,True,True,True,True,True,True,True,True,True
/mnt/tank/scratch/okonovalova/AffiTox/analysis/excluding_2z5x_3mjg/tables/posebuster/sdf/6gqj/gnina/ligand_231.sdf,,0,True,True,True,True,True,True,True,True,True,True,True,True,True,True,True,True,True,True,True,True,True
/mnt/tank/scratch/okonovalova/AffiTox/analysis/excluding_2z5x_3mjg/tables/posebuster/sdf/6gqj/gnina/ligand_232.sdf,,0,True,True,True,True,True,True,True,True,True,True,True,True,True,True,True,True,True,True,True,True,True
/mnt/tank/scratch/okonovalova/AffiTox/analysis/excluding_2z5x_3mjg/tables/posebuster/sdf/6gqj/gnina/ligand_22.sdf,,0,True,True,True,True,True,True,True,True,True,True,True,True,True,True,True,True,True,True,True,True,True
/mnt/tank/scratch/okonovalova/AffiTox/analysis/excluding_2z5x_3mjg/tables/posebuster/sdf/6gqj/gnina/ligand_237.sdf,,0,True,True,True,True,True,True,True,True,True,True,True,True,True,True,True,True,True,True,True,True,True
/mnt/tank/scratch/okonovalova/AffiTox/analysis/excluding_2z5x_3mjg/tables/posebuster/sdf/6gqj/gnina/ligand_234.sdf,,0,True,True,True,True,True,True,True,True,True,True,True,True,True,True,True,True,True,True,True,True,True
/mnt/tank/scratch/okonovalova/AffiTox/analysis/excluding_2z5x_3mjg/tables/posebuster/sdf/6gqj/gnina/ligand_228.sdf,,0,True,True,True,True,True,True,True,True,True,True,True,True,True,True,True,True,True,True,True,True,True
/mnt/tank/scratch/okonovalova/AffiTox/analysis/excluding_2z5x_3mjg/tables/posebuster/sdf/6gqj/gnina/ligand_239.sdf,,0,True,True,True,True,True,True,True,True,True,True,True,True,True,True,True,True,True,True,True,True,True
/mnt/tank/scratch/okonovalova/AffiTox/analysis/excluding_2z5x_3mjg/tables/posebuster/sdf/6gqj/gnina/ligand_233.sdf,,0,True,True,True,True,True,True,True,True,True,True,True,True,True,True,True,True,True,True,True,True,True
/mnt/tank/scratch/okonovalova/AffiTox/analysis/excluding_2z5x_3mjg/tables/posebuster/sdf/6gqj/gnina/ligand_23.sdf,,0,True,True,True,True,True,True,True,True,True,True,True,True,True,True,True,True,True,True,True,True,True
/mnt/tank/scratch/okonovalova/AffiTox/analysis/excluding_2z5x_3mjg/tables/posebuster/sdf/6gqj/gnina/ligand_227.sdf,,0,True,True,True,True,True,True,True,True,True,True,True,True,True,True,True,True,True,True,True,True,True
/mnt/tank/scratch/okonovalova/AffiTox/analysis/excluding_2z5x_3mjg/tables/posebuster/sdf/6gqj/gnina/ligand_236.sdf,,0,True,True,True,True,True,True,True,True,True,True,True,True,True,True,True,True,True,True,True,True,True
/mnt/tank/scratch/okonovalova/AffiTox/analysis/excluding_2z5x_3mjg/tables/posebuster/sdf/6gqj/gnina/ligand_230.sdf,,0,True,True,True,True,True,True,True,True,True,True,True,True,True,True,True,True,True,True,True,True,True
/mnt/tank/scratch/okonovalova/AffiTox/analysis/excluding_2z5x_3mjg/tables/posebuster/sdf/6gqj/gnina/ligand_238.sdf,,0,True,True,True,True,True,True,True,True,True,True,True,True,True,True,True,True,True,True,True,True,True
/mnt/tank/scratch/okonovalova/AffiTox/analysis/excluding_2z5x_3mjg/tables/posebuster/sdf/6gqj/gnina/ligand_229.sdf,,0,True,True,True,True,True,True,True,True,True,True,True,True,True,True,True,True,True,True,True,True,True
/mnt/tank/scratch/okonovalova/AffiTox/analysis/excluding_2z5x_3mjg/tables/posebuster/sdf/6gqj/gnina/ligand_240.sdf,,0,True,True,True,True,True,True,True,True,True,True,True,True,True,True,True,True,True,True,True,True,True
/mnt/tank/scratch/okonovalova/AffiTox/analysis/excluding_2z5x_3mjg/tables/posebuster/sdf/6gqj/gnina/ligand_242.sdf,,0,True,True,True,True,True,True,True,True,True,True,True,True,True,True,True,True,True,True,True,True,True
/mnt/tank/scratch/okonovalova/AffiTox/analysis/excluding_2z5x_3mjg/tables/posebuster/sdf/6gqj/gnina/ligand_244.sdf,,0,True,True,True,True,True,True,True,True,True,True,True,True,True,True,True,True,True,True,True,True,True
/mnt/tank/scratch/okonovalova/AffiTox/analysis/excluding_2z5x_3mjg/tables/posebuster/sdf/6gqj/gnina/ligand_243.sdf,,0,True,True,True,True,True,True,True,True,True,True,True,True,True,True,True,True,True,True,True,True,True
/mnt/tank/scratch/okonovalova/AffiTox/analysis/excluding_2z5x_3mjg/tables/posebuster/sdf/6gqj/gnina/ligand_248.sdf,,0,True,True,True,True,True,True,True,True,True,True,True,True,True,True,True,True,True,True,True,True,True
/mnt/tank/scratch/okonovalova/AffiTox/analysis/excluding_2z5x_3mjg/tables/posebuster/sdf/6gqj/gnina/ligand_249.sdf,,0,True,True,True,True,True,True,True,True,True,True,True,False,True,True,True,True,True,True,True,True,True
/mnt/tank/scratch/okonovalova/AffiTox/analysis/excluding_2z5x_3mjg/tables/posebuster/sdf/6gqj/gnina/ligand_24.sdf,,0,True,True,True,True,True,True,True,True,True,True,True,True,True,True,True,True,True,True,True,True,True
/mnt/tank/scratch/okonovalova/AffiTox/analysis/excluding_2z5x_3mjg/tables/posebuster/sdf/6gqj/gnina/ligand_241.sdf,,0,True,True,True,True,True,True,True,True,True,True,True,True,True,True,True,True,True,True,True,True,True
/mnt/tank/scratch/okonovalova/AffiTox/analysis/excluding_2z5x_3mjg/tables/posebuster/sdf/6gqj/gnina/ligand_258.sdf,,0,True,True,True,True,True,True,True,True,True,True,True,True,True,True,True,True,True,True,True,True,True
/mnt/tank/scratch/okonovalova/AffiTox/analysis/excluding_2z5x_3mjg/tables/posebuster/sdf/6gqj/gnina/ligand_259.sdf,,0,True,True,True,True,True,True,True,True,True,True,True,True,True,True,True,True,True,True,True,True,True
/mnt/tank/scratch/okonovalova/AffiTox/analysis/excluding_2z5x_3mjg/tables/posebuster/sdf/6gqj/gnina/ligand_261.sdf,,0,True,True,True,True,True,True,True,True,True,True,True,True,True,True,True,True,True,True,True,True,True
/mnt/tank/scratch/okonovalova/AffiTox/analysis/excluding_2z5x_3mjg/tables/posebuster/sdf/6gqj/gnina/ligand_255.sdf,,0,True,True,True,True,True,True,True,True,True,True,True,True,True,False,True,True,True,True,True,True,True
/mnt/tank/scratch/okonovalova/AffiTox/analysis/excluding_2z5x_3mjg/tables/posebuster/sdf/6gqj/gnina/ligand_252.sdf,,0,True,True,True,True,True,True,True,True,True,True,True,True,True,True,True,True,True,True,True,True,True
/mnt/tank/scratch/okonovalova/AffiTox/analysis/excluding_2z5x_3mjg/tables/posebuster/sdf/6gqj/gnina/ligand_247.sdf,,0,True,True,True,True,True,True,True,True,True,True,True,True,True,True,True,True,True,True,True,True,True
/mnt/tank/scratch/okonovalova/AffiTox/analysis/excluding_2z5x_3mjg/tables/posebuster/sdf/6gqj/gnina/ligand_251.sdf,,0,True,True,True,True,True,True,True,True,True,True,True,True,True,True,True,True,True,True,True,True,True
/mnt/tank/scratch/okonovalova/AffiTox/analysis/excluding_2z5x_3mjg/tables/posebuster/sdf/6gqj/gnina/ligand_246.sdf,,0,True,True,True,True,True,True,True,True,True,True,True,True,True,True,True,True,True,True,True,True,True
/mnt/tank/scratch/okonovalova/AffiTox/analysis/excluding_2z5x_3mjg/tables/posebuster/sdf/6gqj/gnina/ligand_245.sdf,,0,True,True,True,True,True,True,True,True,True,True,True,True,True,True,True,True,True,True,True,True,True
/mnt/tank/scratch/okonovalova/AffiTox/analysis/excluding_2z5x_3mjg/tables/posebuster/sdf/6gqj/gnina/ligand_257.sdf,,0,True,True,True,True,True,True,True,True,True,True,True,True,True,True,True,True,True,True,True,True,True
/mnt/tank/scratch/okonovalova/AffiTox/analysis/excluding_2z5x_3mjg/tables/posebuster/sdf/6gqj/gnina/ligand_250.sdf,,0,True,True,True,True,True,True,True,True,True,True,True,True,True,True,True,True,True,True,True,True,True
/mnt/tank/scratch/okonovalova/AffiTox/analysis/excluding_2z5x_3mjg/tables/posebuster/sdf/6gqj/gnina/ligand_253.sdf,,0,True,True,True,True,True,True,True,True,True,True,True,True,True,True,True,True,True,True,True,True,True
/mnt/tank/scratch/okonovalova/AffiTox/analysis/excluding_2z5x_3mjg/tables/posebuster/sdf/6gqj/gnina/ligand_254.sdf,,0,True,True,True,True,True,True,True,True,True,True,True,True,True,True,True,True,True,True,True,True,True
/mnt/tank/scratch/okonovalova/AffiTox/analysis/excluding_2z5x_3mjg/tables/posebuster/sdf/6gqj/gnina/ligand_260.sdf,,0,True,True,True,True,True,True,True,True,True,True,True,True,True,True,True,True,True,True,True,True,True
/mnt/tank/scratch/okonovalova/AffiTox/analysis/excluding_2z5x_3mjg/tables/posebuster/sdf/6gqj/gnina/ligand_262.sdf,,0,True,True,True,True,True,True,True,True,True,True,True,True,True,True,True,True,True,True,True,True,True
/mnt/tank/scratch/okonovalova/AffiTox/analysis/excluding_2z5x_3mjg/tables/posebuster/sdf/6gqj/gnina/ligand_25.sdf,,0,True,True,True,True,True,True,True,True,True,True,True,True,True,False,True,True,True,True,True,True,True
/mnt/tank/scratch/okonovalova/AffiTox/analysis/excluding_2z5x_3mjg/tables/posebuster/sdf/6gqj/gnina/ligand_264.sdf,,0,True,True,True,True,True,True,True,True,True,True,True,True,True,True,True,True,True,True,True,True,True
/mnt/tank/scratch/okonovalova/AffiTox/analysis/excluding_2z5x_3mjg/tables/posebuster/sdf/6gqj/gnina/ligand_265.sdf,,0,True,True,True,True,True,True,True,True,True,True,True,True,True,True,True,True,True,True,True,True,True
/mnt/tank/scratch/okonovalova/AffiTox/analysis/excluding_2z5x_3mjg/tables/posebuster/sdf/6gqj/gnina/ligand_256.sdf,,0,True,True,True,True,True,True,True,True,True,True,True,True,True,False,True,True,True,True,True,True,True
/mnt/tank/scratch/okonovalova/AffiTox/analysis/excluding_2z5x_3mjg/tables/posebuster/sdf/6gqj/gnina/ligand_268.sdf,,0,True,True,True,True,True,True,True,True,True,True,True,True,True,True,True,True,True,True,True,True,True
/mnt/tank/scratch/okonovalova/AffiTox/analysis/excluding_2z5x_3mjg/tables/posebuster/sdf/6gqj/gnina/ligand_26.sdf,,0,True,True,True,True,True,True,True,True,True,True,True,True,True,True,True,True,True,True,True,True,True
/mnt/tank/scratch/okonovalova/AffiTox/analysis/excluding_2z5x_3mjg/tables/posebuster/sdf/6gqj/gnina/ligand_266.sdf,,0,True,True,True,True,True,True,True,True,True,True,True,True,True,True,True,True,True,True,True,True,True
/mnt/tank/scratch/okonovalova/AffiTox/analysis/excluding_2z5x_3mjg/tables/posebuster/sdf/6gqj/gnina/ligand_263.sdf,,0,True,True,True,True,True,True,True,True,True,True,True,True,True,True,True,True,True,True,True,True,True
/mnt/tank/scratch/okonovalova/AffiTox/analysis/excluding_2z5x_3mjg/tables/posebuster/sdf/6gqj/gnina/ligand_267.sdf,,0,True,True,True,True,True,True,True,True,True,True,True,True,True,True,True,True,True,True,True,True,True
/mnt/tank/scratch/okonovalova/AffiTox/analysis/excluding_2z5x_3mjg/tables/posebuster/sdf/6gqj/gnina/ligand_271.sdf,,0,True,True,True,True,True,True,True,True,True,True,True,True,True,True,True,True,True,True,True,True,True
/mnt/tank/scratch/okonovalova/AffiTox/analysis/excluding_2z5x_3mjg/tables/posebuster/sdf/6gqj/gnina/ligand_274.sdf,,0,True,True,True,True,True,True,True,True,True,True,True,True,True,True,True,True,True,True,True,True,True
/mnt/tank/scratch/okonovalova/AffiTox/analysis/excluding_2z5x_3mjg/tables/posebuster/sdf/6gqj/gnina/ligand_276.sdf,,0,True,True,True,True,True,True,True,True,True,True,True,True,True,True,True,True,True,True,True,True,True
/mnt/tank/scratch/okonovalova/AffiTox/analysis/excluding_2z5x_3mjg/tables/posebuster/sdf/6gqj/gnina/ligand_269.sdf,,0,True,True,True,True,True,True,True,True,True,True,True,True,True,True,True,True,True,True,True,True,True
/mnt/tank/scratch/okonovalova/AffiTox/analysis/excluding_2z5x_3mjg/tables/posebuster/sdf/6gqj/gnina/ligand_275.sdf,,0,True,True,True,True,True,True,True,True,True,True,True,True,True,True,True,True,True,True,True,True,True
/mnt/tank/scratch/okonovalova/AffiTox/analysis/excluding_2z5x_3mjg/tables/posebuster/sdf/6gqj/gnina/ligand_270.sdf,,0,True,True,True,True,True,True,True,True,True,True,True,True,True,True,True,True,True,True,True,True,True
/mnt/tank/scratch/okonovalova/AffiTox/analysis/excluding_2z5x_3mjg/tables/posebuster/sdf/6gqj/gnina/ligand_277.sdf,,0,True,True,True,True,True,True,True,True,True,True,True,True,True,True,True,True,True,True,True,True,True
/mnt/tank/scratch/okonovalova/AffiTox/analysis/excluding_2z5x_3mjg/tables/posebuster/sdf/6gqj/gnina/ligand_273.sdf,,0,True,True,True,True,True,True,True,True,True,True,True,True,True,False,True,True,True,True,True,True,True
/mnt/tank/scratch/okonovalova/AffiTox/analysis/excluding_2z5x_3mjg/tables/posebuster/sdf/6gqj/gnina/ligand_279.sdf,,0,True,True,True,True,True,True,True,True,True,True,True,True,True,True,True,True,True,True,True,True,True
/mnt/tank/scratch/okonovalova/AffiTox/analysis/excluding_2z5x_3mjg/tables/posebuster/sdf/6gqj/gnina/ligand_272.sdf,,0,True,True,True,True,True,True,True,True,True,True,True,True,True,False,True,True,True,True,True,True,True
/mnt/tank/scratch/okonovalova/AffiTox/analysis/excluding_2z5x_3mjg/tables/posebuster/sdf/6gqj/gnina/ligand_286.sdf,,0,True,True,True,True,True,True,True,True,True,True,True,True,True,True,True,True,True,True,True,True,True
/mnt/tank/scratch/okonovalova/AffiTox/analysis/excluding_2z5x_3mjg/tables/posebuster/sdf/6gqj/gnina/ligand_278.sdf,,0,True,True,True,True,True,True,True,True,True,True,True,True,True,True,True,True,True,True,True,True,True
/mnt/tank/scratch/okonovalova/AffiTox/analysis/excluding_2z5x_3mjg/tables/posebuster/sdf/6gqj/gnina/ligand_282.sdf,,0,True,True,True,True,True,True,True,True,True,True,True,True,True,True,True,True,True,True,True,True,True
/mnt/tank/scratch/okonovalova/AffiTox/analysis/excluding_2z5x_3mjg/tables/posebuster/sdf/6gqj/gnina/ligand_283.sdf,,0,True,True,True,True,True,True,True,True,True,True,True,True,True,True,True,True,True,True,True,True,True
/mnt/tank/scratch/okonovalova/AffiTox/analysis/excluding_2z5x_3mjg/tables/posebuster/sdf/6gqj/gnina/ligand_280.sdf,,0,True,True,True,True,True,True,True,True,True,True,True,True,True,True,True,True,True,True,True,True,True
/mnt/tank/scratch/okonovalova/AffiTox/analysis/excluding_2z5x_3mjg/tables/posebuster/sdf/6gqj/gnina/ligand_281.sdf,,0,True,True,True,True,True,True,True,True,True,True,True,True,True,True,True,True,True,True,True,True,True
/mnt/tank/scratch/okonovalova/AffiTox/analysis/excluding_2z5x_3mjg/tables/posebuster/sdf/6gqj/gnina/ligand_27.sdf,,0,True,True,True,True,True,True,True,True,True,True,True,True,True,True,True,True,True,True,True,True,True
/mnt/tank/scratch/okonovalova/AffiTox/analysis/excluding_2z5x_3mjg/tables/posebuster/sdf/6gqj/gnina/ligand_284.sdf,,0,True,True,True,True,True,True,True,True,True,True,True,True,True,True,True,True,True,True,True,True,True
/mnt/tank/scratch/okonovalova/AffiTox/analysis/excluding_2z5x_3mjg/tables/posebuster/sdf/6gqj/gnina/ligand_285.sdf,,0,True,True,True,True,True,True,True,True,True,True,True,True,True,True,True,True,True,True,True,True,True
/mnt/tank/scratch/okonovalova/AffiTox/analysis/excluding_2z5x_3mjg/tables/posebuster/sdf/6gqj/gnina/ligand_2.sdf,,0,True,True,True,True,True,True,True,True,True,True,True,True,True,True,True,True,True,True,True,True,True
/mnt/tank/scratch/okonovalova/AffiTox/analysis/excluding_2z5x_3mjg/tables/posebuster/sdf/6gqj/gnina/ligand_287.sdf,,0,True,True,True,True,True,True,True,True,True,True,True,True,True,True,True,True,True,True,True,True,True
/mnt/tank/scratch/okonovalova/AffiTox/analysis/excluding_2z5x_3mjg/tables/posebuster/sdf/6gqj/gnina/ligand_293.sdf,,0,True,True,True,True,True,True,True,True,True,True,True,True,True,True,True,True,True,True,True,True,True
/mnt/tank/scratch/okonovalova/AffiTox/analysis/excluding_2z5x_3mjg/tables/posebuster/sdf/6gqj/gnina/ligand_288.sdf,,0,True,True,True,True,True,True,True,True,True,True,True,True,True,True,True,True,True,True,True,True,True
/mnt/tank/scratch/okonovalova/AffiTox/analysis/excluding_2z5x_3mjg/tables/posebuster/sdf/6gqj/gnina/ligand_289.sdf,,0,True,True,True,True,True,True,True,True,True,True,True,True,True,True,True,True,True,True,True,True,True
/mnt/tank/scratch/okonovalova/AffiTox/analysis/excluding_2z5x_3mjg/tables/posebuster/sdf/6gqj/gnina/ligand_295.sdf,,0,True,True,True,True,True,True,True,True,True,True,True,True,True,True,True,True,True,True,True,True,True
/mnt/tank/scratch/okonovalova/AffiTox/analysis/excluding_2z5x_3mjg/tables/posebuster/sdf/6gqj/gnina/ligand_28.sdf,,0,True,True,True,True,True,True,True,True,True,True,True,True,True,True,True,True,True,True,True,True,True
/mnt/tank/scratch/okonovalova/AffiTox/analysis/excluding_2z5x_3mjg/tables/posebuster/sdf/6gqj/gnina/ligand_290.sdf,,0,True,True,True,True,True,True,True,True,True,True,True,True,True,True,True,True,True,True,True,True,True
/mnt/tank/scratch/okonovalova/AffiTox/analysis/excluding_2z5x_3mjg/tables/posebuster/sdf/6gqj/gnina/ligand_297.sdf,,0,True,True,True,True,True,True,True,True,True,True,True,True,True,True,True,True,True,True,True,True,True
/mnt/tank/scratch/okonovalova/AffiTox/analysis/excluding_2z5x_3mjg/tables/posebuster/sdf/6gqj/gnina/ligand_291.sdf,,0,True,True,True,True,True,True,True,True,True,True,True,True,True,True,True,True,True,True,True,True,True
/mnt/tank/scratch/okonovalova/AffiTox/analysis/excluding_2z5x_3mjg/tables/posebuster/sdf/6gqj/gnina/ligand_294.sdf,,0,True,True,True,True,True,True,True,True,True,True,True,True,True,True,True,True,True,True,True,True,True
/mnt/tank/scratch/okonovalova/AffiTox/analysis/excluding_2z5x_3mjg/tables/posebuster/sdf/6gqj/gnina/ligand_299.sdf,,0,True,True,True,True,True,True,True,True,True,True,True,True,True,True,True,True,True,True,True,True,True
/mnt/tank/scratch/okonovalova/AffiTox/analysis/excluding_2z5x_3mjg/tables/posebuster/sdf/6gqj/gnina/ligand_296.sdf,,0,True,True,True,True,True,True,True,True,True,True,True,True,True,True,True,True,True,True,True,True,True
/mnt/tank/scratch/okonovalova/AffiTox/analysis/excluding_2z5x_3mjg/tables/posebuster/sdf/6gqj/gnina/ligand_29.sdf,,0,True,True,True,True,True,True,True,True,True,True,True,True,True,True,True,True,True,True,True,True,True
/mnt/tank/scratch/okonovalova/AffiTox/analysis/excluding_2z5x_3mjg/tables/posebuster/sdf/6gqj/gnina/ligand_298.sdf,,0,True,True,True,True,True,True,True,True,True,True,True,True,True,True,True,True,True,True,True,True,True
/mnt/tank/scratch/okonovalova/AffiTox/analysis/excluding_2z5x_3mjg/tables/posebuster/sdf/6gqj/gnina/ligand_308.sdf,,0,True,True,True,True,True,True,True,True,True,True,True,True,True,True,True,True,True,True,True,True,True
/mnt/tank/scratch/okonovalova/AffiTox/analysis/excluding_2z5x_3mjg/tables/posebuster/sdf/6gqj/gnina/ligand_301.sdf,,0,True,True,True,True,True,True,True,True,True,True,True,True,True,True,True,True,True,True,True,True,True
/mnt/tank/scratch/okonovalova/AffiTox/analysis/excluding_2z5x_3mjg/tables/posebuster/sdf/6gqj/gnina/ligand_302.sdf,,0,True,True,True,True,True,True,True,True,True,True,True,True,True,True,True,True,True,True,True,True,True
/mnt/tank/scratch/okonovalova/AffiTox/analysis/excluding_2z5x_3mjg/tables/posebuster/sdf/6gqj/gnina/ligand_304.sdf,,0,True,True,True,True,True,True,True,True,True,True,True,True,True,True,True,True,True,True,True,True,True
/mnt/tank/scratch/okonovalova/AffiTox/analysis/excluding_2z5x_3mjg/tables/posebuster/sdf/6gqj/gnina/ligand_292.sdf,,0,True,True,True,True,True,True,True,True,True,True,True,True,True,True,True,True,True,True,True,True,True
/mnt/tank/scratch/okonovalova/AffiTox/analysis/excluding_2z5x_3mjg/tables/posebuster/sdf/6gqj/gnina/ligand_305.sdf,,0,True,True,True,True,True,True,True,True,True,True,True,True,True,True,True,True,True,True,True,True,True
/mnt/tank/scratch/okonovalova/AffiTox/analysis/excluding_2z5x_3mjg/tables/posebuster/sdf/6gqj/gnina/ligand_309.sdf,,0,True,True,True,True,True,True,True,True,True,True,True,True,True,True,True,True,True,True,True,True,True
/mnt/tank/scratch/okonovalova/AffiTox/analysis/excluding_2z5x_3mjg/tables/posebuster/sdf/6gqj/gnina/ligand_300.sdf,,0,True,True,True,True,True,True,True,True,True,True,True,True,True,True,True,True,True,True,True,True,True
/mnt/tank/scratch/okonovalova/AffiTox/analysis/excluding_2z5x_3mjg/tables/posebuster/sdf/6gqj/gnina/ligand_303.sdf,,0,True,True,True,True,True,True,True,True,True,True,True,True,True,True,True,True,True,True,True,True,True
/mnt/tank/scratch/okonovalova/AffiTox/analysis/excluding_2z5x_3mjg/tables/posebuster/sdf/6gqj/gnina/ligand_307.sdf,,0,True,True,True,True,True,True,True,True,True,True,True,True,True,True,True,True,True,True,True,True,True
/mnt/tank/scratch/okonovalova/AffiTox/analysis/excluding_2z5x_3mjg/tables/posebuster/sdf/6gqj/gnina/ligand_306.sdf,,0,True,True,True,True,True,True,True,True,True,True,True,True,True,True,True,True,True,True,True,True,True
/mnt/tank/scratch/okonovalova/AffiTox/analysis/excluding_2z5x_3mjg/tables/posebuster/sdf/6gqj/gnina/ligand_313.sdf,,0,True,True,True,True,True,True,True,True,True,True,True,True,True,True,True,True,True,True,True,True,True
/mnt/tank/scratch/okonovalova/AffiTox/analysis/excluding_2z5x_3mjg/tables/posebuster/sdf/6gqj/gnina/ligand_314.sdf,,0,True,True,True,True,True,True,True,True,True,True,True,True,True,True,True,True,True,True,True,True,True
/mnt/tank/scratch/okonovalova/AffiTox/analysis/excluding_2z5x_3mjg/tables/posebuster/sdf/6gqj/gnina/ligand_316.sdf,,0,True,True,True,True,True,True,True,True,True,True,True,False,True,True,True,True,True,True,True,True,True
/mnt/tank/scratch/okonovalova/AffiTox/analysis/excluding_2z5x_3mjg/tables/posebuster/sdf/6gqj/gnina/ligand_315.sdf,,0,True,True,True,True,True,True,True,True,True,True,True,True,True,True,True,True,True,True,True,True,True
/mnt/tank/scratch/okonovalova/AffiTox/analysis/excluding_2z5x_3mjg/tables/posebuster/sdf/6gqj/gnina/ligand_30.sdf,,0,True,True,True,True,True,True,True,True,True,True,True,True,True,True,True,True,True,True,True,True,True
/mnt/tank/scratch/okonovalova/AffiTox/analysis/excluding_2z5x_3mjg/tables/posebuster/sdf/6gqj/gnina/ligand_311.sdf,,0,True,True,True,True,True,True,True,True,True,True,True,True,True,True,True,True,True,True,True,True,True
/mnt/tank/scratch/okonovalova/AffiTox/analysis/excluding_2z5x_3mjg/tables/posebuster/sdf/6gqj/gnina/ligand_310.sdf,,0,True,True,True,True,True,True,True,True,True,True,True,True,True,True,True,True,True,True,True,True,True
/mnt/tank/scratch/okonovalova/AffiTox/analysis/excluding_2z5x_3mjg/tables/posebuster/sdf/6gqj/gnina/ligand_312.sdf,,0,True,True,True,True,True,True,True,True,True,True,True,True,True,True,True,True,True,True,True,True,True
/mnt/tank/scratch/okonovalova/AffiTox/analysis/excluding_2z5x_3mjg/tables/posebuster/sdf/6gqj/gnina/ligand_318.sdf,,0,True,True,True,True,True,True,True,True,True,True,True,True,True,True,True,True,True,True,True,True,True
/mnt/tank/scratch/okonovalova/AffiTox/analysis/excluding_2z5x_3mjg/tables/posebuster/sdf/6gqj/gnina/ligand_317.sdf,,0,True,True,True,True,True,True,True,True,True,True,True,True,True,True,True,True,True,True,True,True,True
/mnt/tank/scratch/okonovalova/AffiTox/analysis/excluding_2z5x_3mjg/tables/posebuster/sdf/6gqj/gnina/ligand_320.sdf,,0,True,True,True,True,True,True,True,True,True,True,True,True,True,True,True,True,True,True,True,True,True
/mnt/tank/scratch/okonovalova/AffiTox/analysis/excluding_2z5x_3mjg/tables/posebuster/sdf/6gqj/gnina/ligand_325.sdf,,0,True,True,True,True,True,True,True,True,True,True,True,False,True,True,True,True,True,True,True,True,True
/mnt/tank/scratch/okonovalova/AffiTox/analysis/excluding_2z5x_3mjg/tables/posebuster/sdf/6gqj/gnina/ligand_319.sdf,,0,True,True,True,True,True,True,True,True,True,True,True,True,True,True,True,True,True,True,True,True,True
/mnt/tank/scratch/okonovalova/AffiTox/analysis/excluding_2z5x_3mjg/tables/posebuster/sdf/6gqj/gnina/ligand_328.sdf,,0,True,True,True,True,True,True,True,True,True,True,True,True,True,True,True,True,True,True,True,True,True
/mnt/tank/scratch/okonovalova/AffiTox/analysis/excluding_2z5x_3mjg/tables/posebuster/sdf/6gqj/gnina/ligand_323.sdf,,0,True,True,True,True,True,True,True,True,True,True,True,True,True,True,True,True,True,True,True,True,True
/mnt/tank/scratch/okonovalova/AffiTox/analysis/excluding_2z5x_3mjg/tables/posebuster/sdf/6gqj/gnina/ligand_330.sdf,,0,True,True,True,True,True,True,True,True,True,True,True,True,True,True,True,True,True,True,True,True,True
/mnt/tank/scratch/okonovalova/AffiTox/analysis/excluding_2z5x_3mjg/tables/posebuster/sdf/6gqj/gnina/ligand_31.sdf,,0,True,True,True,True,True,True,True,True,True,True,True,True,True,True,True,True,True,True,True,True,True
/mnt/tank/scratch/okonovalova/AffiTox/analysis/excluding_2z5x_3mjg/tables/posebuster/sdf/6gqj/gnina/ligand_321.sdf,,0,True,True,True,True,True,True,True,True,True,True,True,True,True,True,True,True,True,True,True,True,True
/mnt/tank/scratch/okonovalova/AffiTox/analysis/excluding_2z5x_3mjg/tables/posebuster/sdf/6gqj/gnina/ligand_329.sdf,,0,True,True,True,True,True,True,True,True,True,True,True,True,True,True,True,True,True,True,True,True,True
/mnt/tank/scratch/okonovalova/AffiTox/analysis/excluding_2z5x_3mjg/tables/posebuster/sdf/6gqj/gnina/ligand_332.sdf,,0,True,True,True,True,True,True,True,True,True,True,True,True,True,True,True,True,True,True,True,True,True
/mnt/tank/scratch/okonovalova/AffiTox/analysis/excluding_2z5x_3mjg/tables/posebuster/sdf/6gqj/gnina/ligand_32.sdf,,0,True,True,True,True,True,True,True,True,True,True,True,True,True,True,True,True,True,True,True,True,True
/mnt/tank/scratch/okonovalova/AffiTox/analysis/excluding_2z5x_3mjg/tables/posebuster/sdf/6gqj/gnina/ligand_326.sdf,,0,True,True,True,True,True,True,True,True,True,True,True,False,True,True,True,True,True,True,True,True,True
/mnt/tank/scratch/okonovalova/AffiTox/analysis/excluding_2z5x_3mjg/tables/posebuster/sdf/6gqj/gnina/ligand_331.sdf,,0,True,True,True,True,True,True,True,True,True,True,True,True,True,True,True,True,True,True,True,True,True
/mnt/tank/scratch/okonovalova/AffiTox/analysis/excluding_2z5x_3mjg/tables/posebuster/sdf/6gqj/gnina/ligand_322.sdf,,0,True,True,True,True,True,True,True,True,True,True,True,True,True,True,True,True,True,True,True,True,True
/mnt/tank/scratch/okonovalova/AffiTox/analysis/excluding_2z5x_3mjg/tables/posebuster/sdf/6gqj/gnina/ligand_324.sdf,,0,True,True,True,True,True,True,True,True,True,True,True,False,True,True,True,True,True,True,True,True,True
/mnt/tank/scratch/okonovalova/AffiTox/analysis/excluding_2z5x_3mjg/tables/posebuster/sdf/6gqj/gnina/ligand_333.sdf,,0,True,True,True,True,True,True,True,True,True,True,True,True,True,True,True,True,True,True,True,True,True
/mnt/tank/scratch/okonovalova/AffiTox/analysis/excluding_2z5x_3mjg/tables/posebuster/sdf/6gqj/gnina/ligand_336.sdf,,0,True,True,True,True,True,True,True,True,True,True,True,False,True,True,True,True,True,True,True,True,True
/mnt/tank/scratch/okonovalova/AffiTox/analysis/excluding_2z5x_3mjg/tables/posebuster/sdf/6gqj/gnina/ligand_334.sdf,,0,True,True,True,True,True,True,True,True,True,True,True,True,True,True,True,True,True,True,True,True,True
/mnt/tank/scratch/okonovalova/AffiTox/analysis/excluding_2z5x_3mjg/tables/posebuster/sdf/6gqj/gnina/ligand_339.sdf,,0,True,True,True,True,True,True,True,True,True,True,True,False,True,True,True,True,True,True,True,True,True
/mnt/tank/scratch/okonovalova/AffiTox/analysis/excluding_2z5x_3mjg/tables/posebuster/sdf/6gqj/gnina/ligand_335.sdf,,0,True,True,True,True,True,True,True,True,True,True,True,False,True,True,True,True,True,True,True,True,True
/mnt/tank/scratch/okonovalova/AffiTox/analysis/excluding_2z5x_3mjg/tables/posebuster/sdf/6gqj/gnina/ligand_338.sdf,,0,True,True,True,True,True,True,True,True,True,True,True,True,True,True,True,True,True,True,True,True,True
/mnt/tank/scratch/okonovalova/AffiTox/analysis/excluding_2z5x_3mjg/tables/posebuster/sdf/6gqj/gnina/ligand_327.sdf,,0,True,True,True,True,True,True,True,True,True,True,True,True,True,True,True,True,True,True,True,True,True
/mnt/tank/scratch/okonovalova/AffiTox/analysis/excluding_2z5x_3mjg/tables/posebuster/sdf/6gqj/gnina/ligand_340.sdf,,0,True,True,True,True,True,True,True,True,True,True,True,False,True,True,True,True,True,True,True,True,True
/mnt/tank/scratch/okonovalova/AffiTox/analysis/excluding_2z5x_3mjg/tables/posebuster/sdf/6gqj/gnina/ligand_341.sdf,,0,True,True,True,True,True,True,True,True,True,True,True,True,True,True,True,True,True,True,True,True,True
/mnt/tank/scratch/okonovalova/AffiTox/analysis/excluding_2z5x_3mjg/tables/posebuster/sdf/6gqj/gnina/ligand_342.sdf,,0,True,True,True,True,True,True,True,True,True,True,True,True,True,True,True,True,True,True,True,True,True
/mnt/tank/scratch/okonovalova/AffiTox/analysis/excluding_2z5x_3mjg/tables/posebuster/sdf/6gqj/gnina/ligand_346.sdf,,0,True,True,True,True,True,True,True,True,True,True,True,False,True,True,True,True,True,True,True,True,True
/mnt/tank/scratch/okonovalova/AffiTox/analysis/excluding_2z5x_3mjg/tables/posebuster/sdf/6gqj/gnina/ligand_344.sdf,,0,True,True,True,True,True,True,True,True,True,True,True,True,True,True,True,True,True,True,True,True,True
/mnt/tank/scratch/okonovalova/AffiTox/analysis/excluding_2z5x_3mjg/tables/posebuster/sdf/6gqj/gnina/ligand_337.sdf,,0,True,True,True,True,True,True,True,True,True,True,True,True,True,True,True,True,True,True,True,True,True
/mnt/tank/scratch/okonovalova/AffiTox/analysis/excluding_2z5x_3mjg/tables/posebuster/sdf/6gqj/gnina/ligand_347.sdf,,0,True,True,True,True,True,True,True,True,True,True,True,True,True,True,True,True,True,True,True,True,True
/mnt/tank/scratch/okonovalova/AffiTox/analysis/excluding_2z5x_3mjg/tables/posebuster/sdf/6gqj/gnina/ligand_33.sdf,,0,True,True,True,True,True,True,True,True,True,True,True,False,True,True,True,True,True,True,True,True,True
/mnt/tank/scratch/okonovalova/AffiTox/analysis/excluding_2z5x_3mjg/tables/posebuster/sdf/6gqj/gnina/ligand_343.sdf,,0,True,True,True,True,True,True,True,True,True,True,True,True,True,True,True,True,True,True,True,True,True
/mnt/tank/scratch/okonovalova/AffiTox/analysis/excluding_2z5x_3mjg/tables/posebuster/sdf/6gqj/gnina/ligand_345.sdf,,0,True,True,True,True,True,True,True,True,True,True,True,True,True,True,True,True,True,True,True,True,True
/mnt/tank/scratch/okonovalova/AffiTox/analysis/excluding_2z5x_3mjg/tables/posebuster/sdf/6gqj/gnina/ligand_348.sdf,,0,True,True,True,True,True,True,True,True,True,True,True,True,True,True,True,True,True,True,True,True,True
/mnt/tank/scratch/okonovalova/AffiTox/analysis/excluding_2z5x_3mjg/tables/posebuster/sdf/6gqj/gnina/ligand_354.sdf,,0,True,True,True,True,True,True,True,True,True,True,True,True,True,True,True,True,True,True,True,True,True
/mnt/tank/scratch/okonovalova/AffiTox/analysis/excluding_2z5x_3mjg/tables/posebuster/sdf/6gqj/gnina/ligand_34.sdf,,0,True,True,True,True,True,True,True,True,True,True,True,True,True,True,True,True,True,True,True,True,True
/mnt/tank/scratch/okonovalova/AffiTox/analysis/excluding_2z5x_3mjg/tables/posebuster/sdf/6gqj/gnina/ligand_349.sdf,,0,True,True,True,True,True,True,True,True,True,True,True,False,True,True,True,True,True,True,True,True,True
/mnt/tank/scratch/okonovalova/AffiTox/analysis/excluding_2z5x_3mjg/tables/posebuster/sdf/6gqj/gnina/ligand_352.sdf,,0,True,True,True,True,True,True,True,True,True,True,True,True,True,True,True,True,True,True,True,True,True
/mnt/tank/scratch/okonovalova/AffiTox/analysis/excluding_2z5x_3mjg/tables/posebuster/sdf/6gqj/gnina/ligand_351.sdf,,0,True,True,True,True,True,True,True,True,True,True,True,True,True,False,True,True,True,True,True,True,True
/mnt/tank/scratch/okonovalova/AffiTox/analysis/excluding_2z5x_3mjg/tables/posebuster/sdf/6gqj/gnina/ligand_350.sdf,,0,True,True,True,True,True,True,True,True,True,True,True,True,True,False,True,True,True,True,True,True,True
/mnt/tank/scratch/okonovalova/AffiTox/analysis/excluding_2z5x_3mjg/tables/posebuster/sdf/6gqj/gnina/ligand_355.sdf,,0,True,True,True,True,True,True,True,True,True,True,True,True,True,True,True,True,True,True,True,True,True
/mnt/tank/scratch/okonovalova/AffiTox/analysis/excluding_2z5x_3mjg/tables/posebuster/sdf/6gqj/gnina/ligand_353.sdf,,0,True,True,True,True,True,True,True,True,True,True,True,True,True,True,True,True,True,True,True,True,True
/mnt/tank/scratch/okonovalova/AffiTox/analysis/excluding_2z5x_3mjg/tables/posebuster/sdf/6gqj/gnina/ligand_35.sdf,,0,True,True,True,True,True,True,True,True,True,True,True,True,True,False,True,True,True,True,True,True,True
/mnt/tank/scratch/okonovalova/AffiTox/analysis/excluding_2z5x_3mjg/tables/posebuster/sdf/6gqj/gnina/ligand_356.sdf,,0,True,True,True,True,True,True,True,True,True,True,True,True,True,False,True,True,True,False,True,True,True
/mnt/tank/scratch/okonovalova/AffiTox/analysis/excluding_2z5x_3mjg/tables/posebuster/sdf/6gqj/gnina/ligand_359.sdf,,0,True,True,True,True,True,True,True,True,True,True,True,True,True,True,True,True,True,True,True,True,True
/mnt/tank/scratch/okonovalova/AffiTox/analysis/excluding_2z5x_3mjg/tables/posebuster/sdf/6gqj/gnina/ligand_362.sdf,,0,True,True,True,True,True,True,True,True,True,True,True,True,True,True,True,True,True,True,True,True,True
/mnt/tank/scratch/okonovalova/AffiTox/analysis/excluding_2z5x_3mjg/tables/posebuster/sdf/6gqj/gnina/ligand_357.sdf,,0,True,True,True,True,True,True,True,True,True,True,True,False,True,True,True,True,True,True,True,True,True
/mnt/tank/scratch/okonovalova/AffiTox/analysis/excluding_2z5x_3mjg/tables/posebuster/sdf/6gqj/gnina/ligand_358.sdf,,0,True,True,True,True,True,True,True,True,True,True,True,True,True,True,True,True,True,True,True,True,True
/mnt/tank/scratch/okonovalova/AffiTox/analysis/excluding_2z5x_3mjg/tables/posebuster/sdf/6gqj/gnina/ligand_366.sdf,,0,True,True,True,True,True,True,True,True,True,True,True,True,True,True,True,True,True,True,True,True,True
/mnt/tank/scratch/okonovalova/AffiTox/analysis/excluding_2z5x_3mjg/tables/posebuster/sdf/6gqj/gnina/ligand_365.sdf,,0,True,True,True,True,True,True,True,True,True,True,True,True,True,True,True,True,True,True,True,True,True
/mnt/tank/scratch/okonovalova/AffiTox/analysis/excluding_2z5x_3mjg/tables/posebuster/sdf/6gqj/gnina/ligand_360.sdf,,0,True,True,True,True,True,True,True,True,True,True,True,True,True,True,True,True,True,True,True,True,True
/mnt/tank/scratch/okonovalova/AffiTox/analysis/excluding_2z5x_3mjg/tables/posebuster/sdf/6gqj/gnina/ligand_364.sdf,,0,True,True,True,True,True,True,True,True,True,True,True,True,True,True,True,True,True,True,True,True,True
/mnt/tank/scratch/okonovalova/AffiTox/analysis/excluding_2z5x_3mjg/tables/posebuster/sdf/6gqj/gnina/ligand_363.sdf,,0,True,True,True,True,True,True,True,True,True,True,True,True,True,True,True,True,True,True,True,True,True
/mnt/tank/scratch/okonovalova/AffiTox/analysis/excluding_2z5x_3mjg/tables/posebuster/sdf/6gqj/gnina/ligand_361.sdf,,0,True,True,True,True,True,True,True,True,True,True,True,True,True,True,True,True,True,True,True,True,True
/mnt/tank/scratch/okonovalova/AffiTox/analysis/excluding_2z5x_3mjg/tables/posebuster/sdf/6gqj/gnina/ligand_367.sdf,,0,True,True,True,True,True,True,True,True,True,True,True,True,True,True,True,True,True,True,True,True,True
/mnt/tank/scratch/okonovalova/AffiTox/analysis/excluding_2z5x_3mjg/tables/posebuster/sdf/6gqj/gnina/ligand_369.sdf,,0,True,True,True,True,True,True,True,True,True,True,True,True,True,True,True,True,True,True,True,True,True
/mnt/tank/scratch/okonovalova/AffiTox/analysis/excluding_2z5x_3mjg/tables/posebuster/sdf/6gqj/gnina/ligand_368.sdf,,0,True,True,True,True,True,True,True,True,True,True,True,True,True,True,True,True,True,True,True,True,True
/mnt/tank/scratch/okonovalova/AffiTox/analysis/excluding_2z5x_3mjg/tables/posebuster/sdf/6gqj/gnina/ligand_371.sdf,,0,True,True,True,True,True,True,True,True,True,True,True,True,True,True,True,True,True,True,True,True,True
/mnt/tank/scratch/okonovalova/AffiTox/analysis/excluding_2z5x_3mjg/tables/posebuster/sdf/6gqj/gnina/ligand_373.sdf,,0,True,True,True,True,True,True,True,True,True,True,True,True,True,True,True,True,True,True,True,True,True
/mnt/tank/scratch/okonovalova/AffiTox/analysis/excluding_2z5x_3mjg/tables/posebuster/sdf/6gqj/gnina/ligand_370.sdf,,0,True,True,True,True,True,True,True,True,True,True,True,True,True,True,True,True,True,True,True,True,True
/mnt/tank/scratch/okonovalova/AffiTox/analysis/excluding_2z5x_3mjg/tables/posebuster/sdf/6gqj/gnina/ligand_374.sdf,,0,True,True,True,True,True,True,True,True,True,True,True,True,True,True,True,True,True,True,True,True,True
/mnt/tank/scratch/okonovalova/AffiTox/analysis/excluding_2z5x_3mjg/tables/posebuster/sdf/6gqj/gnina/ligand_375.sdf,,0,True,True,True,True,True,True,True,True,True,True,True,True,True,True,True,True,True,True,True,True,True
/mnt/tank/scratch/okonovalova/AffiTox/analysis/excluding_2z5x_3mjg/tables/posebuster/sdf/6gqj/gnina/ligand_36.sdf,,0,True,True,True,True,True,True,True,True,True,True,True,True,True,True,True,True,True,True,True,True,True
/mnt/tank/scratch/okonovalova/AffiTox/analysis/excluding_2z5x_3mjg/tables/posebuster/sdf/6gqj/gnina/ligand_376.sdf,,0,True,True,True,True,True,True,True,True,True,True,True,True,True,False,True,True,True,True,True,True,True
/mnt/tank/scratch/okonovalova/AffiTox/analysis/excluding_2z5x_3mjg/tables/posebuster/sdf/6gqj/gnina/ligand_372.sdf,,0,True,True,True,True,True,True,True,True,True,True,True,True,True,True,True,True,True,True,True,True,True
/mnt/tank/scratch/okonovalova/AffiTox/analysis/excluding_2z5x_3mjg/tables/posebuster/sdf/6gqj/gnina/ligand_380.sdf,,0,True,True,True,True,True,True,True,True,True,True,True,True,True,True,True,True,True,True,True,True,True
/mnt/tank/scratch/okonovalova/AffiTox/analysis/excluding_2z5x_3mjg/tables/posebuster/sdf/6gqj/gnina/ligand_38.sdf,,0,True,True,True,True,True,True,True,True,True,True,True,True,True,True,True,True,True,True,True,True,True
/mnt/tank/scratch/okonovalova/AffiTox/analysis/excluding_2z5x_3mjg/tables/posebuster/sdf/6gqj/gnina/ligand_390.sdf,,0,True,True,True,True,True,True,True,True,True,True,True,True,True,False,True,True,True,False,True,True,True
/mnt/tank/scratch/okonovalova/AffiTox/analysis/excluding_2z5x_3mjg/tables/posebuster/sdf/6gqj/gnina/ligand_389.sdf,,0,True,True,True,True,True,True,True,True,True,True,True,True,True,True,True,True,True,True,True,True,True
/mnt/tank/scratch/okonovalova/AffiTox/analysis/excluding_2z5x_3mjg/tables/posebuster/sdf/6gqj/gnina/ligand_384.sdf,,0,True,True,True,True,True,True,True,True,True,True,True,True,True,True,True,True,True,True,True,True,True
/mnt/tank/scratch/okonovalova/AffiTox/analysis/excluding_2z5x_3mjg/tables/posebuster/sdf/6gqj/gnina/ligand_381.sdf,,0,True,True,True,True,True,True,True,True,True,True,True,True,True,True,True,True,True,True,True,True,True
/mnt/tank/scratch/okonovalova/AffiTox/analysis/excluding_2z5x_3mjg/tables/posebuster/sdf/6gqj/gnina/ligand_378.sdf,,0,True,True,True,True,True,True,True,True,True,True,True,False,True,True,True,True,True,True,True,True,True
/mnt/tank/scratch/okonovalova/AffiTox/analysis/excluding_2z5x_3mjg/tables/posebuster/sdf/6gqj/gnina/ligand_386.sdf,,0,True,True,True,True,True,True,True,True,True,True,True,True,True,False,True,True,True,True,True,True,True
/mnt/tank/scratch/okonovalova/AffiTox/analysis/excluding_2z5x_3mjg/tables/posebuster/sdf/6gqj/gnina/ligand_387.sdf,,0,True,True,True,True,True,True,True,True,True,True,True,True,True,True,True,True,True,True,True,True,True
/mnt/tank/scratch/okonovalova/AffiTox/analysis/excluding_2z5x_3mjg/tables/posebuster/sdf/6gqj/gnina/ligand_37.sdf,,0,True,True,True,True,True,True,True,True,True,True,True,True,True,True,True,True,True,True,True,True,True
/mnt/tank/scratch/okonovalova/AffiTox/analysis/excluding_2z5x_3mjg/tables/posebuster/sdf/6gqj/gnina/ligand_379.sdf,,0,True,True,True,True,True,True,True,True,True,True,True,True,True,True,True,True,True,True,True,True,True
/mnt/tank/scratch/okonovalova/AffiTox/analysis/excluding_2z5x_3mjg/tables/posebuster/sdf/6gqj/gnina/ligand_383.sdf,,0,True,True,True,True,True,True,True,True,True,True,True,True,True,True,True,True,True,True,True,True,True
/mnt/tank/scratch/okonovalova/AffiTox/analysis/excluding_2z5x_3mjg/tables/posebuster/sdf/6gqj/gnina/ligand_382.sdf,,0,True,True,True,True,True,True,True,True,True,True,True,True,True,True,True,True,True,True,True,True,True
/mnt/tank/scratch/okonovalova/AffiTox/analysis/excluding_2z5x_3mjg/tables/posebuster/sdf/6gqj/gnina/ligand_377.sdf,,0,True,True,True,True,True,True,True,True,True,True,True,True,True,True,True,True,True,True,True,True,True
/mnt/tank/scratch/okonovalova/AffiTox/analysis/excluding_2z5x_3mjg/tables/posebuster/sdf/6gqj/gnina/ligand_385.sdf,,0,True,True,True,True,True,True,True,True,True,True,True,True,True,True,True,True,True,True,True,True,True
/mnt/tank/scratch/okonovalova/AffiTox/analysis/excluding_2z5x_3mjg/tables/posebuster/sdf/6gqj/gnina/ligand_388.sdf,,0,True,True,True,True,True,True,True,True,True,True,True,True,True,True,True,True,True,True,True,True,True
/mnt/tank/scratch/okonovalova/AffiTox/analysis/excluding_2z5x_3mjg/tables/posebuster/sdf/6gqj/gnina/ligand_395.sdf,,0,True,True,True,True,True,True,True,True,True,True,True,True,True,False,True,True,True,True,True,True,True
/mnt/tank/scratch/okonovalova/AffiTox/analysis/excluding_2z5x_3mjg/tables/posebuster/sdf/6gqj/gnina/ligand_396.sdf,,0,True,True,True,True,True,True,True,True,True,True,True,True,True,True,True,True,True,True,True,True,True
/mnt/tank/scratch/okonovalova/AffiTox/analysis/excluding_2z5x_3mjg/tables/posebuster/sdf/6gqj/gnina/ligand_397.sdf,,0,True,True,True,True,True,True,True,True,True,True,True,True,True,True,True,True,True,True,True,True,True
/mnt/tank/scratch/okonovalova/AffiTox/analysis/excluding_2z5x_3mjg/tables/posebuster/sdf/6gqj/gnina/ligand_398.sdf,,0,True,True,True,True,True,True,True,True,True,True,True,True,True,True,True,True,True,True,True,True,True
/mnt/tank/scratch/okonovalova/AffiTox/analysis/excluding_2z5x_3mjg/tables/posebuster/sdf/6gqj/gnina/ligand_392.sdf,,0,True,True,True,True,True,True,True,True,True,True,True,True,True,True,True,True,True,True,True,True,True
/mnt/tank/scratch/okonovalova/AffiTox/analysis/excluding_2z5x_3mjg/tables/posebuster/sdf/6gqj/gnina/ligand_391.sdf,,0,True,True,True,True,True,True,True,True,True,True,True,True,True,True,True,True,True,True,True,True,True
/mnt/tank/scratch/okonovalova/AffiTox/analysis/excluding_2z5x_3mjg/tables/posebuster/sdf/6gqj/gnina/ligand_394.sdf,,0,True,True,True,True,True,True,True,True,True,True,True,True,True,True,True,True,True,True,True,True,True
/mnt/tank/scratch/okonovalova/AffiTox/analysis/excluding_2z5x_3mjg/tables/posebuster/sdf/6gqj/gnina/ligand_405.sdf,,0,True,True,True,True,True,True,True,True,True,True,True,True,True,True,True,True,True,True,True,True,True
/mnt/tank/scratch/okonovalova/AffiTox/analysis/excluding_2z5x_3mjg/tables/posebuster/sdf/6gqj/gnina/ligand_393.sdf,,0,True,True,True,True,True,True,True,True,True,True,True,True,True,True,True,True,True,True,True,True,True
/mnt/tank/scratch/okonovalova/AffiTox/analysis/excluding_2z5x_3mjg/tables/posebuster/sdf/6gqj/gnina/ligand_404.sdf,,0,True,True,True,True,True,True,True,True,True,True,True,True,True,True,True,True,True,True,True,True,True
/mnt/tank/scratch/okonovalova/AffiTox/analysis/excluding_2z5x_3mjg/tables/posebuster/sdf/6gqj/gnina/ligand_403.sdf,,0,True,True,True,True,True,True,True,True,True,True,True,True,True,True,True,True,True,True,True,True,True
/mnt/tank/scratch/okonovalova/AffiTox/analysis/excluding_2z5x_3mjg/tables/posebuster/sdf/6gqj/gnina/ligand_3.sdf,,0,True,True,True,True,True,True,True,True,True,True,True,True,True,True,True,True,True,True,True,True,True
/mnt/tank/scratch/okonovalova/AffiTox/analysis/excluding_2z5x_3mjg/tables/posebuster/sdf/6gqj/gnina/ligand_401.sdf,,0,True,True,True,True,True,True,True,True,True,True,True,True,True,True,True,True,True,True,True,True,True
/mnt/tank/scratch/okonovalova/AffiTox/analysis/excluding_2z5x_3mjg/tables/posebuster/sdf/6gqj/gnina/ligand_402.sdf,,0,True,True,True,True,True,True,True,True,True,True,True,True,True,True,True,True,True,True,True,True,True
/mnt/tank/scratch/okonovalova/AffiTox/analysis/excluding_2z5x_3mjg/tables/posebuster/sdf/6gqj/gnina/ligand_406.sdf,,0,True,True,True,True,True,True,True,True,True,True,True,True,True,True,True,True,True,True,True,True,True
/mnt/tank/scratch/okonovalova/AffiTox/analysis/excluding_2z5x_3mjg/tables/posebuster/sdf/6gqj/gnina/ligand_400.sdf,,0,True,True,True,True,True,True,True,True,True,True,True,True,True,True,True,True,True,True,True,True,True
/mnt/tank/scratch/okonovalova/AffiTox/analysis/excluding_2z5x_3mjg/tables/posebuster/sdf/6gqj/gnina/ligand_407.sdf,,0,True,True,True,True,True,True,True,True,True,True,True,True,True,True,True,True,True,True,True,True,True
/mnt/tank/scratch/okonovalova/AffiTox/analysis/excluding_2z5x_3mjg/tables/posebuster/sdf/6gqj/gnina/ligand_39.sdf,,0,True,True,True,True,True,True,True,True,True,True,True,True,True,True,True,True,True,True,True,True,True
/mnt/tank/scratch/okonovalova/AffiTox/analysis/excluding_2z5x_3mjg/tables/posebuster/sdf/6gqj/gnina/ligand_410.sdf,,0,True,True,True,True,True,True,True,True,True,True,True,True,True,True,True,True,True,True,True,True,True
/mnt/tank/scratch/okonovalova/AffiTox/analysis/excluding_2z5x_3mjg/tables/posebuster/sdf/6gqj/gnina/ligand_40.sdf,,0,True,True,True,True,True,True,True,True,True,True,True,True,True,False,True,True,True,True,True,True,True
/mnt/tank/scratch/okonovalova/AffiTox/analysis/excluding_2z5x_3mjg/tables/posebuster/sdf/6gqj/gnina/ligand_413.sdf,,0,True,True,True,True,True,True,True,True,True,True,True,True,True,True,True,True,True,True,True,True,True
/mnt/tank/scratch/okonovalova/AffiTox/analysis/excluding_2z5x_3mjg/tables/posebuster/sdf/6gqj/gnina/ligand_412.sdf,,0,True,True,True,True,True,True,True,True,True,True,True,True,True,True,True,True,True,True,True,True,True
/mnt/tank/scratch/okonovalova/AffiTox/analysis/excluding_2z5x_3mjg/tables/posebuster/sdf/6gqj/gnina/ligand_399.sdf,,0,True,True,True,True,True,True,True,True,True,True,True,True,True,False,True,True,True,True,True,True,True
/mnt/tank/scratch/okonovalova/AffiTox/analysis/excluding_2z5x_3mjg/tables/posebuster/sdf/6gqj/gnina/ligand_417.sdf,,0,True,True,True,True,True,True,True,True,True,True,True,True,True,True,True,True,True,True,True,True,True
/mnt/tank/scratch/okonovalova/AffiTox/analysis/excluding_2z5x_3mjg/tables/posebuster/sdf/6gqj/gnina/ligand_409.sdf,,0,True,True,True,True,True,True,True,True,True,True,True,True,True,True,True,True,True,True,True,True,True
/mnt/tank/scratch/okonovalova/AffiTox/analysis/excluding_2z5x_3mjg/tables/posebuster/sdf/6gqj/gnina/ligand_408.sdf,,0,True,True,True,True,True,True,True,True,True,True,True,True,True,True,True,True,True,True,True,True,True
/mnt/tank/scratch/okonovalova/AffiTox/analysis/excluding_2z5x_3mjg/tables/posebuster/sdf/6gqj/gnina/ligand_424.sdf,,0,True,True,True,True,True,True,True,True,True,True,True,True,True,True,True,True,True,True,True,True,True
/mnt/tank/scratch/okonovalova/AffiTox/analysis/excluding_2z5x_3mjg/tables/posebuster/sdf/6gqj/gnina/ligand_414.sdf,,0,True,True,True,True,True,True,True,True,True,True,True,True,True,True,True,True,True,True,True,True,True
/mnt/tank/scratch/okonovalova/AffiTox/analysis/excluding_2z5x_3mjg/tables/posebuster/sdf/6gqj/gnina/ligand_419.sdf,,0,True,True,True,True,True,True,True,True,True,True,True,True,True,True,True,True,True,True,True,True,True
/mnt/tank/scratch/okonovalova/AffiTox/analysis/excluding_2z5x_3mjg/tables/posebuster/sdf/6gqj/gnina/ligand_423.sdf,,0,True,True,True,True,True,True,True,True,True,True,True,True,True,True,True,True,True,True,True,True,True
/mnt/tank/scratch/okonovalova/AffiTox/analysis/excluding_2z5x_3mjg/tables/posebuster/sdf/6gqj/gnina/ligand_422.sdf,,0,True,True,True,True,True,True,True,True,True,True,True,True,True,True,True,True,True,True,True,True,True
/mnt/tank/scratch/okonovalova/AffiTox/analysis/excluding_2z5x_3mjg/tables/posebuster/sdf/6gqj/gnina/ligand_411.sdf,,0,True,True,True,True,True,True,True,True,True,True,True,True,True,True,True,True,True,True,True,True,True
/mnt/tank/scratch/okonovalova/AffiTox/analysis/excluding_2z5x_3mjg/tables/posebuster/sdf/6gqj/gnina/ligand_415.sdf,,0,True,True,True,True,True,True,True,True,True,True,True,True,True,True,True,True,True,True,True,True,True
/mnt/tank/scratch/okonovalova/AffiTox/analysis/excluding_2z5x_3mjg/tables/posebuster/sdf/6gqj/gnina/ligand_416.sdf,,0,True,True,True,True,True,True,True,True,True,True,True,True,True,True,True,True,True,True,True,True,True
/mnt/tank/scratch/okonovalova/AffiTox/analysis/excluding_2z5x_3mjg/tables/posebuster/sdf/6gqj/gnina/ligand_41.sdf,,0,True,True,True,True,True,True,True,True,True,True,True,True,True,False,True,True,True,True,True,True,True
/mnt/tank/scratch/okonovalova/AffiTox/analysis/excluding_2z5x_3mjg/tables/posebuster/sdf/6gqj/gnina/ligand_421.sdf,,0,True,True,True,True,True,True,True,True,True,True,True,True,True,True,True,True,True,True,True,True,True
/mnt/tank/scratch/okonovalova/AffiTox/analysis/excluding_2z5x_3mjg/tables/posebuster/sdf/6gqj/gnina/ligand_418.sdf,,0,True,True,True,True,True,True,True,True,True,True,True,True,True,True,True,True,True,True,True,True,True
/mnt/tank/scratch/okonovalova/AffiTox/analysis/excluding_2z5x_3mjg/tables/posebuster/sdf/6gqj/gnina/ligand_425.sdf,,0,True,True,True,True,True,True,True,True,True,True,True,True,True,True,True,True,True,True,True,True,True
/mnt/tank/scratch/okonovalova/AffiTox/analysis/excluding_2z5x_3mjg/tables/posebuster/sdf/6gqj/gnina/ligand_426.sdf,,0,True,True,True,True,True,True,True,True,True,True,True,True,True,True,True,True,True,True,True,True,True
/mnt/tank/scratch/okonovalova/AffiTox/analysis/excluding_2z5x_3mjg/tables/posebuster/sdf/6gqj/gnina/ligand_420.sdf,,0,True,True,True,True,True,True,True,True,True,True,True,True,True,True,True,True,True,True,True,True,True
/mnt/tank/scratch/okonovalova/AffiTox/analysis/excluding_2z5x_3mjg/tables/posebuster/sdf/6gqj/gnina/ligand_430.sdf,,0,True,True,True,True,True,True,True,True,True,True,True,True,True,True,True,True,True,True,True,True,True
/mnt/tank/scratch/okonovalova/AffiTox/analysis/excluding_2z5x_3mjg/tables/posebuster/sdf/6gqj/gnina/ligand_432.sdf,,0,True,True,True,True,True,True,True,True,True,True,True,True,True,True,True,True,True,True,True,True,True
/mnt/tank/scratch/okonovalova/AffiTox/analysis/excluding_2z5x_3mjg/tables/posebuster/sdf/6gqj/gnina/ligand_428.sdf,,0,True,True,True,True,True,True,True,True,True,True,True,True,True,True,True,True,True,True,True,True,True
/mnt/tank/scratch/okonovalova/AffiTox/analysis/excluding_2z5x_3mjg/tables/posebuster/sdf/6gqj/gnina/ligand_429.sdf,,0,True,True,True,True,True,True,True,True,True,True,True,True,True,True,True,True,True,True,True,True,True
/mnt/tank/scratch/okonovalova/AffiTox/analysis/excluding_2z5x_3mjg/tables/posebuster/sdf/6gqj/gnina/ligand_427.sdf,,0,True,True,True,True,True,True,True,True,True,True,True,True,True,True,True,True,True,True,True,True,True
/mnt/tank/scratch/okonovalova/AffiTox/analysis/excluding_2z5x_3mjg/tables/posebuster/sdf/6gqj/gnina/ligand_435.sdf,,0,True,True,True,True,True,True,True,True,True,True,True,True,True,True,True,True,True,True,True,True,True
/mnt/tank/scratch/okonovalova/AffiTox/analysis/excluding_2z5x_3mjg/tables/posebuster/sdf/6gqj/gnina/ligand_438.sdf,,0,True,True,True,True,True,True,True,True,True,True,True,True,True,True,True,True,True,True,True,True,True
/mnt/tank/scratch/okonovalova/AffiTox/analysis/excluding_2z5x_3mjg/tables/posebuster/sdf/6gqj/gnina/ligand_431.sdf,,0,True,True,True,True,True,True,True,True,True,True,True,True,True,True,True,True,True,True,True,True,True
/mnt/tank/scratch/okonovalova/AffiTox/analysis/excluding_2z5x_3mjg/tables/posebuster/sdf/6gqj/gnina/ligand_42.sdf,,0,True,True,True,True,True,True,True,True,True,True,True,True,True,True,True,True,True,True,True,True,True
/mnt/tank/scratch/okonovalova/AffiTox/analysis/excluding_2z5x_3mjg/tables/posebuster/sdf/6gqj/gnina/ligand_437.sdf,,0,True,True,True,True,True,True,True,True,True,True,True,True,True,True,True,True,True,True,True,True,True
/mnt/tank/scratch/okonovalova/AffiTox/analysis/excluding_2z5x_3mjg/tables/posebuster/sdf/6gqj/gnina/ligand_436.sdf,,0,True,True,True,True,True,True,True,True,True,True,True,True,True,True,True,True,True,True,True,True,True
/mnt/tank/scratch/okonovalova/AffiTox/analysis/excluding_2z5x_3mjg/tables/posebuster/sdf/6gqj/gnina/ligand_434.sdf,,0,True,True,True,True,True,True,True,True,True,True,True,True,True,True,True,True,True,True,True,True,True
/mnt/tank/scratch/okonovalova/AffiTox/analysis/excluding_2z5x_3mjg/tables/posebuster/sdf/6gqj/gnina/ligand_440.sdf,,0,True,True,True,True,True,True,True,True,True,True,True,True,True,True,True,True,True,True,True,True,True
/mnt/tank/scratch/okonovalova/AffiTox/analysis/excluding_2z5x_3mjg/tables/posebuster/sdf/6gqj/gnina/ligand_43.sdf,,0,True,True,True,True,True,True,True,True,True,True,True,True,True,True,True,True,True,True,True,True,True
/mnt/tank/scratch/okonovalova/AffiTox/analysis/excluding_2z5x_3mjg/tables/posebuster/sdf/6gqj/gnina/ligand_433.sdf,,0,True,True,True,True,True,True,True,True,True,True,True,True,True,True,True,True,True,True,True,True,True
/mnt/tank/scratch/okonovalova/AffiTox/analysis/excluding_2z5x_3mjg/tables/posebuster/sdf/6gqj/gnina/ligand_441.sdf,,0,True,True,True,True,True,True,True,True,True,True,True,True,True,True,True,True,True,True,True,True,True
/mnt/tank/scratch/okonovalova/AffiTox/analysis/excluding_2z5x_3mjg/tables/posebuster/sdf/6gqj/gnina/ligand_443.sdf,,0,True,True,True,True,True,True,True,True,True,True,True,True,True,True,True,True,True,True,True,True,True
/mnt/tank/scratch/okonovalova/AffiTox/analysis/excluding_2z5x_3mjg/tables/posebuster/sdf/6gqj/gnina/ligand_439.sdf,,0,True,True,True,True,True,True,True,True,True,True,True,True,True,True,True,True,True,True,True,True,True
/mnt/tank/scratch/okonovalova/AffiTox/analysis/excluding_2z5x_3mjg/tables/posebuster/sdf/6gqj/gnina/ligand_444.sdf,,0,True,True,True,True,True,True,True,True,True,True,True,True,True,True,True,True,True,True,True,True,True
/mnt/tank/scratch/okonovalova/AffiTox/analysis/excluding_2z5x_3mjg/tables/posebuster/sdf/6gqj/gnina/ligand_442.sdf,,0,True,True,True,True,True,True,True,True,True,True,True,True,True,True,True,True,True,True,True,True,True
/mnt/tank/scratch/okonovalova/AffiTox/analysis/excluding_2z5x_3mjg/tables/posebuster/sdf/6gqj/gnina/ligand_449.sdf,,0,True,True,True,True,True,True,True,True,True,True,True,True,True,True,True,True,True,True,True,True,True
/mnt/tank/scratch/okonovalova/AffiTox/analysis/excluding_2z5x_3mjg/tables/posebuster/sdf/6gqj/gnina/ligand_44.sdf,,0,True,True,True,True,True,True,True,True,True,True,True,True,True,True,True,True,True,True,True,True,True
/mnt/tank/scratch/okonovalova/AffiTox/analysis/excluding_2z5x_3mjg/tables/posebuster/sdf/6gqj/gnina/ligand_445.sdf,,0,True,True,True,True,True,True,True,True,True,True,True,True,True,True,True,True,True,True,True,True,True
/mnt/tank/scratch/okonovalova/AffiTox/analysis/excluding_2z5x_3mjg/tables/posebuster/sdf/6gqj/gnina/ligand_452.sdf,,0,True,True,True,True,True,True,True,True,True,True,True,True,True,True,True,True,True,True,True,True,True
/mnt/tank/scratch/okonovalova/AffiTox/analysis/excluding_2z5x_3mjg/tables/posebuster/sdf/6gqj/gnina/ligand_451.sdf,,0,True,True,True,True,True,True,True,True,True,True,True,True,True,False,True,True,True,True,True,True,True
/mnt/tank/scratch/okonovalova/AffiTox/analysis/excluding_2z5x_3mjg/tables/posebuster/sdf/6gqj/gnina/ligand_448.sdf,,0,True,True,True,True,True,True,True,True,True,True,True,True,True,True,True,True,True,True,True,True,True
/mnt/tank/scratch/okonovalova/AffiTox/analysis/excluding_2z5x_3mjg/tables/posebuster/sdf/6gqj/gnina/ligand_457.sdf,,0,True,True,True,True,True,True,True,True,True,True,True,True,True,True,True,True,True,True,True,True,True
/mnt/tank/scratch/okonovalova/AffiTox/analysis/excluding_2z5x_3mjg/tables/posebuster/sdf/6gqj/gnina/ligand_446.sdf,,0,True,True,True,True,True,True,True,True,True,True,True,True,True,True,True,True,True,True,True,True,True
/mnt/tank/scratch/okonovalova/AffiTox/analysis/excluding_2z5x_3mjg/tables/posebuster/sdf/6gqj/gnina/ligand_453.sdf,,0,True,True,True,True,True,True,True,True,True,True,True,True,True,True,True,True,True,True,True,True,True
/mnt/tank/scratch/okonovalova/AffiTox/analysis/excluding_2z5x_3mjg/tables/posebuster/sdf/6gqj/gnina/ligand_450.sdf,,0,True,True,True,True,True,True,True,True,True,True,True,True,True,False,True,True,True,True,True,True,True
/mnt/tank/scratch/okonovalova/AffiTox/analysis/excluding_2z5x_3mjg/tables/posebuster/sdf/6gqj/gnina/ligand_447.sdf,,0,True,True,True,True,True,True,True,True,True,True,True,True,True,True,True,True,True,True,True,True,True
/mnt/tank/scratch/okonovalova/AffiTox/analysis/excluding_2z5x_3mjg/tables/posebuster/sdf/6gqj/gnina/ligand_454.sdf,,0,True,True,True,True,True,True,True,True,True,True,True,True,True,True,True,True,True,True,True,True,True
/mnt/tank/scratch/okonovalova/AffiTox/analysis/excluding_2z5x_3mjg/tables/posebuster/sdf/6gqj/gnina/ligand_456.sdf,,0,True,True,True,True,True,True,True,True,True,True,True,True,True,True,True,True,True,True,True,True,True
/mnt/tank/scratch/okonovalova/AffiTox/analysis/excluding_2z5x_3mjg/tables/posebuster/sdf/6gqj/gnina/ligand_455.sdf,,0,True,True,True,True,True,True,True,True,True,True,True,True,True,True,True,True,True,True,True,True,True
/mnt/tank/scratch/okonovalova/AffiTox/analysis/excluding_2z5x_3mjg/tables/posebuster/sdf/6gqj/gnina/ligand_459.sdf,,0,True,True,True,True,True,True,True,True,True,True,True,True,True,True,True,True,True,True,True,True,True
/mnt/tank/scratch/okonovalova/AffiTox/analysis/excluding_2z5x_3mjg/tables/posebuster/sdf/6gqj/gnina/ligand_458.sdf,,0,True,True,True,True,True,True,True,True,True,True,True,False,True,True,True,True,True,True,True,True,True
/mnt/tank/scratch/okonovalova/AffiTox/analysis/excluding_2z5x_3mjg/tables/posebuster/sdf/6gqj/gnina/ligand_460.sdf,,0,True,True,True,True,True,True,True,True,True,True,True,True,True,True,True,True,True,True,True,True,True
/mnt/tank/scratch/okonovalova/AffiTox/analysis/excluding_2z5x_3mjg/tables/posebuster/sdf/6gqj/gnina/ligand_45.sdf,,0,True,True,True,True,True,True,True,True,True,True,True,True,True,True,True,True,True,True,True,True,True
/mnt/tank/scratch/okonovalova/AffiTox/analysis/excluding_2z5x_3mjg/tables/posebuster/sdf/6gqj/gnina/ligand_461.sdf,,0,True,True,True,True,True,True,True,True,True,True,True,True,True,True,True,True,True,True,True,True,True
/mnt/tank/scratch/okonovalova/AffiTox/analysis/excluding_2z5x_3mjg/tables/posebuster/sdf/6gqj/gnina/ligand_463.sdf,,0,True,True,True,True,True,True,True,True,True,True,True,True,True,True,True,True,True,True,True,True,True
/mnt/tank/scratch/okonovalova/AffiTox/analysis/excluding_2z5x_3mjg/tables/posebuster/sdf/6gqj/gnina/ligand_466.sdf,,0,True,True,True,True,True,True,True,True,True,True,True,True,True,True,True,True,True,True,True,True,True
/mnt/tank/scratch/okonovalova/AffiTox/analysis/excluding_2z5x_3mjg/tables/posebuster/sdf/6gqj/gnina/ligand_464.sdf,,0,True,True,True,True,True,True,True,True,True,True,True,True,True,True,True,True,True,True,True,True,True
/mnt/tank/scratch/okonovalova/AffiTox/analysis/excluding_2z5x_3mjg/tables/posebuster/sdf/6gqj/gnina/ligand_462.sdf,,0,True,True,True,True,True,True,True,True,True,True,True,True,True,True,True,True,True,True,True,True,True
/mnt/tank/scratch/okonovalova/AffiTox/analysis/excluding_2z5x_3mjg/tables/posebuster/sdf/6gqj/gnina/ligand_465.sdf,,0,True,True,True,True,True,True,True,True,True,True,True,True,True,True,True,True,True,True,True,True,True
/mnt/tank/scratch/okonovalova/AffiTox/analysis/excluding_2z5x_3mjg/tables/posebuster/sdf/6gqj/gnina/ligand_472.sdf,,0,True,True,True,True,True,True,True,True,True,True,True,True,True,True,True,True,True,True,True,True,True
/mnt/tank/scratch/okonovalova/AffiTox/analysis/excluding_2z5x_3mjg/tables/posebuster/sdf/6gqj/gnina/ligand_470.sdf,,0,True,True,True,True,True,True,True,True,True,True,True,True,True,True,True,True,True,True,True,True,True
/mnt/tank/scratch/okonovalova/AffiTox/analysis/excluding_2z5x_3mjg/tables/posebuster/sdf/6gqj/gnina/ligand_468.sdf,,0,True,True,True,True,True,True,True,True,True,True,True,True,True,True,True,True,True,True,True,True,True
/mnt/tank/scratch/okonovalova/AffiTox/analysis/excluding_2z5x_3mjg/tables/posebuster/sdf/6gqj/gnina/ligand_469.sdf,,0,True,True,True,True,True,True,True,True,True,True,True,True,True,True,True,True,True,True,True,True,True
/mnt/tank/scratch/okonovalova/AffiTox/analysis/excluding_2z5x_3mjg/tables/posebuster/sdf/6gqj/gnina/ligand_46.sdf,,0,True,True,True,True,True,True,True,True,True,True,True,False,True,True,True,True,True,True,True,True,True
/mnt/tank/scratch/okonovalova/AffiTox/analysis/excluding_2z5x_3mjg/tables/posebuster/sdf/6gqj/gnina/ligand_47.sdf,,0,True,True,True,True,True,True,True,True,True,True,True,True,True,True,True,True,True,True,True,True,True
/mnt/tank/scratch/okonovalova/AffiTox/analysis/excluding_2z5x_3mjg/tables/posebuster/sdf/6gqj/gnina/ligand_473.sdf,,0,True,True,True,True,True,True,True,True,True,True,True,True,True,True,True,True,True,True,True,True,True
/mnt/tank/scratch/okonovalova/AffiTox/analysis/excluding_2z5x_3mjg/tables/posebuster/sdf/6gqj/gnina/ligand_467.sdf,,0,True,True,True,True,True,True,True,True,True,True,True,True,True,True,True,True,True,True,True,True,True
/mnt/tank/scratch/okonovalova/AffiTox/analysis/excluding_2z5x_3mjg/tables/posebuster/sdf/6gqj/gnina/ligand_471.sdf,,0,True,True,True,True,True,True,True,True,True,True,True,True,True,True,True,True,True,True,True,True,True
/mnt/tank/scratch/okonovalova/AffiTox/analysis/excluding_2z5x_3mjg/tables/posebuster/sdf/6gqj/gnina/ligand_478.sdf,,0,True,True,True,True,True,True,True,True,True,True,True,True,True,True,True,True,True,True,True,True,True
/mnt/tank/scratch/okonovalova/AffiTox/analysis/excluding_2z5x_3mjg/tables/posebuster/sdf/6gqj/gnina/ligand_479.sdf,,0,True,True,True,True,True,True,True,True,True,True,True,True,True,True,True,True,True,True,True,True,True
/mnt/tank/scratch/okonovalova/AffiTox/analysis/excluding_2z5x_3mjg/tables/posebuster/sdf/6gqj/gnina/ligand_476.sdf,,0,True,True,True,True,True,True,True,True,True,True,True,True,True,True,True,True,True,True,True,True,True
/mnt/tank/scratch/okonovalova/AffiTox/analysis/excluding_2z5x_3mjg/tables/posebuster/sdf/6gqj/gnina/ligand_480.sdf,,0,True,True,True,True,True,True,True,True,True,True,True,True,True,True,True,True,True,True,True,True,True
/mnt/tank/scratch/okonovalova/AffiTox/analysis/excluding_2z5x_3mjg/tables/posebuster/sdf/6gqj/gnina/ligand_477.sdf,,0,True,True,True,True,True,True,True,True,True,True,True,True,True,True,True,True,True,True,True,True,True
/mnt/tank/scratch/okonovalova/AffiTox/analysis/excluding_2z5x_3mjg/tables/posebuster/sdf/6gqj/gnina/ligand_474.sdf,,0,True,True,True,True,True,True,True,True,True,True,True,True,True,True,True,True,True,True,True,True,True
/mnt/tank/scratch/okonovalova/AffiTox/analysis/excluding_2z5x_3mjg/tables/posebuster/sdf/6gqj/gnina/ligand_475.sdf,,0,True,True,True,True,True,True,True,True,True,True,True,False,True,True,True,True,True,True,True,True,True
/mnt/tank/scratch/okonovalova/AffiTox/analysis/excluding_2z5x_3mjg/tables/posebuster/sdf/6gqj/gnina/ligand_489.sdf,,0,True,True,True,True,True,True,True,True,True,True,True,True,True,True,True,True,True,True,True,True,True
/mnt/tank/scratch/okonovalova/AffiTox/analysis/excluding_2z5x_3mjg/tables/posebuster/sdf/6gqj/gnina/ligand_482.sdf,,0,True,True,True,True,True,True,True,True,True,True,True,True,True,True,True,True,True,True,True,True,True
/mnt/tank/scratch/okonovalova/AffiTox/analysis/excluding_2z5x_3mjg/tables/posebuster/sdf/6gqj/gnina/ligand_483.sdf,,0,True,True,True,True,True,True,True,True,True,True,True,True,True,True,True,True,True,True,True,True,True
/mnt/tank/scratch/okonovalova/AffiTox/analysis/excluding_2z5x_3mjg/tables/posebuster/sdf/6gqj/gnina/ligand_485.sdf,,0,True,True,True,True,True,True,True,True,True,True,True,True,True,True,True,True,True,True,True,True,True
/mnt/tank/scratch/okonovalova/AffiTox/analysis/excluding_2z5x_3mjg/tables/posebuster/sdf/6gqj/gnina/ligand_488.sdf,,0,True,True,True,True,True,True,True,True,True,True,True,True,True,True,True,True,True,True,True,True,True
/mnt/tank/scratch/okonovalova/AffiTox/analysis/excluding_2z5x_3mjg/tables/posebuster/sdf/6gqj/gnina/ligand_481.sdf,,0,True,True,True,True,True,True,True,True,True,True,True,True,True,True,True,True,True,True,True,True,True
/mnt/tank/scratch/okonovalova/AffiTox/analysis/excluding_2z5x_3mjg/tables/posebuster/sdf/6gqj/gnina/ligand_486.sdf,,0,True,True,True,True,True,True,True,True,True,True,True,True,True,True,True,True,True,True,True,True,True
/mnt/tank/scratch/okonovalova/AffiTox/analysis/excluding_2z5x_3mjg/tables/posebuster/sdf/6gqj/gnina/ligand_48.sdf,,0,True,True,True,True,True,True,True,True,True,True,True,True,True,True,True,True,True,True,True,True,True
/mnt/tank/scratch/okonovalova/AffiTox/analysis/excluding_2z5x_3mjg/tables/posebuster/sdf/6gqj/gnina/ligand_484.sdf,,0,True,True,True,True,True,True,True,True,True,True,True,True,True,False,True,True,True,True,True,True,True
/mnt/tank/scratch/okonovalova/AffiTox/analysis/excluding_2z5x_3mjg/tables/posebuster/sdf/6gqj/gnina/ligand_490.sdf,,0,True,True,True,True,True,True,True,True,True,True,True,True,True,True,True,True,True,True,True,True,True
/mnt/tank/scratch/okonovalova/AffiTox/analysis/excluding_2z5x_3mjg/tables/posebuster/sdf/6gqj/gnina/ligand_487.sdf,,0,True,True,True,True,True,True,True,True,True,True,True,True,True,False,True,True,True,True,True,True,True
/mnt/tank/scratch/okonovalova/AffiTox/analysis/excluding_2z5x_3mjg/tables/posebuster/sdf/6gqj/gnina/ligand_491.sdf,,0,True,True,True,True,True,True,True,True,True,True,True,True,True,True,True,True,True,True,True,True,True
/mnt/tank/scratch/okonovalova/AffiTox/analysis/excluding_2z5x_3mjg/tables/posebuster/sdf/6gqj/gnina/ligand_497.sdf,,0,True,True,True,True,True,True,True,True,True,True,True,True,True,True,True,True,True,True,True,True,True
/mnt/tank/scratch/okonovalova/AffiTox/analysis/excluding_2z5x_3mjg/tables/posebuster/sdf/6gqj/gnina/ligand_492.sdf,,0,True,True,True,True,True,True,True,True,True,True,True,True,True,True,True,True,True,True,True,True,True
/mnt/tank/scratch/okonovalova/AffiTox/analysis/excluding_2z5x_3mjg/tables/posebuster/sdf/6gqj/gnina/ligand_498.sdf,,0,True,True,True,True,True,True,True,True,True,True,True,True,True,True,True,True,True,True,True,True,True
/mnt/tank/scratch/okonovalova/AffiTox/analysis/excluding_2z5x_3mjg/tables/posebuster/sdf/6gqj/gnina/ligand_494.sdf,,0,True,True,True,True,True,True,True,True,True,True,True,True,True,True,True,True,True,True,True,True,True
/mnt/tank/scratch/okonovalova/AffiTox/analysis/excluding_2z5x_3mjg/tables/posebuster/sdf/6gqj/gnina/ligand_493.sdf,,0,True,True,True,True,True,True,True,True,True,True,True,True,True,True,True,True,True,True,True,True,True
/mnt/tank/scratch/okonovalova/AffiTox/analysis/excluding_2z5x_3mjg/tables/posebuster/sdf/6gqj/gnina/ligand_49.sdf,,0,True,True,True,True,True,True,True,True,True,True,True,True,True,True,True,True,True,True,True,True,True
/mnt/tank/scratch/okonovalova/AffiTox/analysis/excluding_2z5x_3mjg/tables/posebuster/sdf/6gqj/gnina/ligand_496.sdf,,0,True,True,True,True,True,True,True,True,True,True,True,True,True,True,True,True,True,True,True,True,True
/mnt/tank/scratch/okonovalova/AffiTox/analysis/excluding_2z5x_3mjg/tables/posebuster/sdf/6gqj/gnina/ligand_499.sdf,,0,True,True,True,True,True,True,True,True,True,True,True,True,True,True,True,True,True,True,True,True,True
/mnt/tank/scratch/okonovalova/AffiTox/analysis/excluding_2z5x_3mjg/tables/posebuster/sdf/6gqj/gnina/ligand_495.sdf,,0,True,True,True,True,True,True,True,True,True,True,True,True,True,True,True,True,True,True,True,True,True
/mnt/tank/scratch/okonovalova/AffiTox/analysis/excluding_2z5x_3mjg/tables/posebuster/sdf/6gqj/gnina/ligand_501.sdf,,0,True,True,True,True,True,True,True,True,True,True,True,True,True,True,True,True,True,True,True,True,True
/mnt/tank/scratch/okonovalova/AffiTox/analysis/excluding_2z5x_3mjg/tables/posebuster/sdf/6gqj/gnina/ligand_4.sdf,,0,True,True,True,True,True,True,True,True,True,True,True,True,True,True,True,True,True,True,True,True,True
/mnt/tank/scratch/okonovalova/AffiTox/analysis/excluding_2z5x_3mjg/tables/posebuster/sdf/6gqj/gnina/ligand_509.sdf,,0,True,True,True,True,True,True,True,True,True,True,True,True,True,True,True,True,True,True,True,True,True
/mnt/tank/scratch/okonovalova/AffiTox/analysis/excluding_2z5x_3mjg/tables/posebuster/sdf/6gqj/gnina/ligand_505.sdf,,0,True,True,True,True,True,True,True,True,True,True,True,True,True,True,True,True,True,True,True,True,True
/mnt/tank/scratch/okonovalova/AffiTox/analysis/excluding_2z5x_3mjg/tables/posebuster/sdf/6gqj/gnina/ligand_50.sdf,,0,True,True,True,True,True,True,True,True,True,True,True,True,True,True,True,True,True,True,True,True,True
/mnt/tank/scratch/okonovalova/AffiTox/analysis/excluding_2z5x_3mjg/tables/posebuster/sdf/6gqj/gnina/ligand_504.sdf,,0,True,True,True,True,True,True,True,True,True,True,True,True,True,True,True,True,True,True,True,True,True
/mnt/tank/scratch/okonovalova/AffiTox/analysis/excluding_2z5x_3mjg/tables/posebuster/sdf/6gqj/gnina/ligand_510.sdf,,0,True,True,True,True,True,True,True,True,True,True,True,True,True,True,True,True,True,True,True,True,True
/mnt/tank/scratch/okonovalova/AffiTox/analysis/excluding_2z5x_3mjg/tables/posebuster/sdf/6gqj/gnina/ligand_500.sdf,,0,True,True,True,True,True,True,True,True,True,True,True,True,True,True,True,True,True,True,True,True,True
/mnt/tank/scratch/okonovalova/AffiTox/analysis/excluding_2z5x_3mjg/tables/posebuster/sdf/6gqj/gnina/ligand_503.sdf,,0,True,True,True,True,True,True,True,True,True,True,True,True,True,True,True,True,True,True,True,True,True
/mnt/tank/scratch/okonovalova/AffiTox/analysis/excluding_2z5x_3mjg/tables/posebuster/sdf/6gqj/gnina/ligand_506.sdf,,0,True,True,True,True,True,True,True,True,True,True,True,True,True,True,True,True,True,True,True,True,True
/mnt/tank/scratch/okonovalova/AffiTox/analysis/excluding_2z5x_3mjg/tables/posebuster/sdf/6gqj/gnina/ligand_508.sdf,,0,True,True,True,True,True,True,True,True,True,True,True,True,True,True,True,True,True,True,True,True,True
/mnt/tank/scratch/okonovalova/AffiTox/analysis/excluding_2z5x_3mjg/tables/posebuster/sdf/6gqj/gnina/ligand_502.sdf,,0,True,True,True,True,True,True,True,True,True,True,True,True,True,False,True,True,True,True,True,True,True
/mnt/tank/scratch/okonovalova/AffiTox/analysis/excluding_2z5x_3mjg/tables/posebuster/sdf/6gqj/gnina/ligand_507.sdf,,0,True,True,True,True,True,True,True,True,True,True,True,True,True,True,True,True,True,True,True,True,True
/mnt/tank/scratch/okonovalova/AffiTox/analysis/excluding_2z5x_3mjg/tables/posebuster/sdf/6gqj/gnina/ligand_512.sdf,,0,True,True,True,True,True,True,True,True,True,True,True,True,True,True,True,True,True,True,True,True,True
/mnt/tank/scratch/okonovalova/AffiTox/analysis/excluding_2z5x_3mjg/tables/posebuster/sdf/6gqj/gnina/ligand_511.sdf,,0,True,True,True,True,True,True,True,True,True,True,True,True,True,True,True,True,True,True,True,True,True
/mnt/tank/scratch/okonovalova/AffiTox/analysis/excluding_2z5x_3mjg/tables/posebuster/sdf/6gqj/gnina/ligand_516.sdf,,0,True,True,True,True,True,True,True,True,True,True,True,True,True,True,True,True,True,True,True,True,True
/mnt/tank/scratch/okonovalova/AffiTox/analysis/excluding_2z5x_3mjg/tables/posebuster/sdf/6gqj/gnina/ligand_51.sdf,,0,True,True,True,True,True,True,True,True,True,True,True,True,True,True,True,True,True,True,True,True,True
/mnt/tank/scratch/okonovalova/AffiTox/analysis/excluding_2z5x_3mjg/tables/posebuster/sdf/6gqj/gnina/ligand_517.sdf,,0,True,True,True,True,True,True,True,True,True,True,True,True,True,True,True,True,True,True,True,True,True
/mnt/tank/scratch/okonovalova/AffiTox/analysis/excluding_2z5x_3mjg/tables/posebuster/sdf/6gqj/gnina/ligand_514.sdf,,0,True,True,True,True,True,True,True,True,True,True,True,True,True,True,True,True,True,True,True,True,True
/mnt/tank/scratch/okonovalova/AffiTox/analysis/excluding_2z5x_3mjg/tables/posebuster/sdf/6gqj/gnina/ligand_520.sdf,,0,True,True,True,True,True,True,True,True,True,True,True,True,True,False,True,True,True,True,True,True,True
/mnt/tank/scratch/okonovalova/AffiTox/analysis/excluding_2z5x_3mjg/tables/posebuster/sdf/6gqj/gnina/ligand_513.sdf,,0,True,True,True,True,True,True,True,True,True,True,True,True,True,False,True,True,True,True,True,True,True
/mnt/tank/scratch/okonovalova/AffiTox/analysis/excluding_2z5x_3mjg/tables/posebuster/sdf/6gqj/gnina/ligand_515.sdf,,0,True,True,True,True,True,True,True,True,True,True,True,True,True,True,True,True,True,True,True,True,True
/mnt/tank/scratch/okonovalova/AffiTox/analysis/excluding_2z5x_3mjg/tables/posebuster/sdf/6gqj/gnina/ligand_521.sdf,,0,True,True,True,True,True,True,True,True,True,True,True,True,True,True,True,True,True,True,True,True,True
/mnt/tank/scratch/okonovalova/AffiTox/analysis/excluding_2z5x_3mjg/tables/posebuster/sdf/6gqj/gnina/ligand_518.sdf,,0,True,True,True,True,True,True,True,True,True,True,True,True,True,True,True,True,True,True,True,True,True
/mnt/tank/scratch/okonovalova/AffiTox/analysis/excluding_2z5x_3mjg/tables/posebuster/sdf/6gqj/gnina/ligand_522.sdf,,0,True,True,True,True,True,True,True,True,True,True,True,True,True,True,True,True,True,True,True,True,True
/mnt/tank/scratch/okonovalova/AffiTox/analysis/excluding_2z5x_3mjg/tables/posebuster/sdf/6gqj/gnina/ligand_519.sdf,,0,True,True,True,True,True,True,True,True,True,True,True,True,True,True,True,True,True,True,True,True,True
/mnt/tank/scratch/okonovalova/AffiTox/analysis/excluding_2z5x_3mjg/tables/posebuster/sdf/6gqj/gnina/ligand_526.sdf,,0,True,True,True,True,True,True,True,True,True,True,True,True,True,True,True,True,True,True,True,True,True
/mnt/tank/scratch/okonovalova/AffiTox/analysis/excluding_2z5x_3mjg/tables/posebuster/sdf/6gqj/gnina/ligand_524.sdf,,0,True,True,True,True,True,True,True,True,True,True,True,True,True,True,True,True,True,True,True,True,True
/mnt/tank/scratch/okonovalova/AffiTox/analysis/excluding_2z5x_3mjg/tables/posebuster/sdf/6gqj/gnina/ligand_523.sdf,,0,True,True,True,True,True,True,True,True,True,True,True,True,True,True,True,True,True,True,True,True,True
/mnt/tank/scratch/okonovalova/AffiTox/analysis/excluding_2z5x_3mjg/tables/posebuster/sdf/6gqj/gnina/ligand_528.sdf,,0,True,True,True,True,True,True,True,True,True,True,True,True,True,True,True,True,True,True,True,True,True
/mnt/tank/scratch/okonovalova/AffiTox/analysis/excluding_2z5x_3mjg/tables/posebuster/sdf/6gqj/gnina/ligand_529.sdf,,0,True,True,True,True,True,True,True,True,True,True,True,True,True,True,True,True,True,True,True,True,True
/mnt/tank/scratch/okonovalova/AffiTox/analysis/excluding_2z5x_3mjg/tables/posebuster/sdf/6gqj/gnina/ligand_525.sdf,,0,True,True,True,True,True,True,True,True,True,True,True,True,True,True,True,True,True,True,True,True,True
/mnt/tank/scratch/okonovalova/AffiTox/analysis/excluding_2z5x_3mjg/tables/posebuster/sdf/6gqj/gnina/ligand_52.sdf,,0,True,True,True,True,True,True,True,True,True,True,True,False,True,True,True,True,True,True,True,True,True
/mnt/tank/scratch/okonovalova/AffiTox/analysis/excluding_2z5x_3mjg/tables/posebuster/sdf/6gqj/gnina/ligand_527.sdf,,0,True,True,True,True,True,True,True,True,True,True,True,True,True,True,True,True,True,True,True,True,True
/mnt/tank/scratch/okonovalova/AffiTox/analysis/excluding_2z5x_3mjg/tables/posebuster/sdf/6gqj/gnina/ligand_532.sdf,,0,True,True,True,True,True,True,True,True,True,True,True,True,True,True,True,True,True,True,True,True,True
/mnt/tank/scratch/okonovalova/AffiTox/analysis/excluding_2z5x_3mjg/tables/posebuster/sdf/6gqj/gnina/ligand_533.sdf,,0,True,True,True,True,True,True,True,True,True,True,True,True,True,True,True,True,True,True,True,True,True
/mnt/tank/scratch/okonovalova/AffiTox/analysis/excluding_2z5x_3mjg/tables/posebuster/sdf/6gqj/gnina/ligand_534.sdf,,0,True,True,True,True,True,True,True,True,True,True,True,True,True,True,True,True,True,True,True,True,True
/mnt/tank/scratch/okonovalova/AffiTox/analysis/excluding_2z5x_3mjg/tables/posebuster/sdf/6gqj/gnina/ligand_531.sdf,,0,True,True,True,True,True,True,True,True,True,True,True,True,True,True,True,True,True,True,True,True,True
/mnt/tank/scratch/okonovalova/AffiTox/analysis/excluding_2z5x_3mjg/tables/posebuster/sdf/6gqj/gnina/ligand_530.sdf,,0,True,True,True,True,True,True,True,True,True,True,True,True,True,True,True,True,True,True,True,True,True
/mnt/tank/scratch/okonovalova/AffiTox/analysis/excluding_2z5x_3mjg/tables/posebuster/sdf/6gqj/gnina/ligand_535.sdf,,0,True,True,True,True,True,True,True,True,True,True,True,True,True,True,True,True,True,True,True,True,True
/mnt/tank/scratch/okonovalova/AffiTox/analysis/excluding_2z5x_3mjg/tables/posebuster/sdf/6gqj/gnina/ligand_53.sdf,,0,True,True,True,True,True,True,True,True,True,True,True,True,True,True,True,True,True,True,True,True,True
/mnt/tank/scratch/okonovalova/AffiTox/analysis/excluding_2z5x_3mjg/tables/posebuster/sdf/6gqj/gnina/ligand_536.sdf,,0,True,True,True,True,True,True,True,True,True,True,True,True,True,True,True,True,True,True,True,True,True
/mnt/tank/scratch/okonovalova/AffiTox/analysis/excluding_2z5x_3mjg/tables/posebuster/sdf/6gqj/gnina/ligand_537.sdf,,0,True,True,True,True,True,True,True,True,True,True,True,True,True,False,True,True,True,True,True,True,True
/mnt/tank/scratch/okonovalova/AffiTox/analysis/excluding_2z5x_3mjg/tables/posebuster/sdf/6gqj/gnina/ligand_548.sdf,,0,True,True,True,True,True,True,True,True,True,True,True,True,True,True,True,True,True,True,True,True,True
/mnt/tank/scratch/okonovalova/AffiTox/analysis/excluding_2z5x_3mjg/tables/posebuster/sdf/6gqj/gnina/ligand_547.sdf,,0,True,True,True,True,True,True,True,True,True,True,True,True,True,True,True,True,True,True,True,True,True
/mnt/tank/scratch/okonovalova/AffiTox/analysis/excluding_2z5x_3mjg/tables/posebuster/sdf/6gqj/gnina/ligand_539.sdf,,0,True,True,True,True,True,True,True,True,True,True,True,True,True,True,True,True,True,True,True,True,True
/mnt/tank/scratch/okonovalova/AffiTox/analysis/excluding_2z5x_3mjg/tables/posebuster/sdf/6gqj/gnina/ligand_543.sdf,,0,True,True,True,True,True,True,True,True,True,True,True,True,True,True,True,True,True,True,True,True,True
/mnt/tank/scratch/okonovalova/AffiTox/analysis/excluding_2z5x_3mjg/tables/posebuster/sdf/6gqj/gnina/ligand_538.sdf,,0,True,True,True,True,True,True,True,True,True,True,True,True,True,True,True,True,True,True,True,True,True
/mnt/tank/scratch/okonovalova/AffiTox/analysis/excluding_2z5x_3mjg/tables/posebuster/sdf/6gqj/gnina/ligand_545.sdf,,0,True,True,True,True,True,True,True,True,True,True,True,True,True,True,True,True,True,True,True,True,True
/mnt/tank/scratch/okonovalova/AffiTox/analysis/excluding_2z5x_3mjg/tables/posebuster/sdf/6gqj/gnina/ligand_542.sdf,,0,True,True,True,True,True,True,True,True,True,True,True,True,True,True,True,True,True,True,True,True,True
/mnt/tank/scratch/okonovalova/AffiTox/analysis/excluding_2z5x_3mjg/tables/posebuster/sdf/6gqj/gnina/ligand_546.sdf,,0,True,True,True,True,True,True,True,True,True,True,True,True,True,True,True,True,True,True,True,True,True
/mnt/tank/scratch/okonovalova/AffiTox/analysis/excluding_2z5x_3mjg/tables/posebuster/sdf/6gqj/gnina/ligand_544.sdf,,0,True,True,True,True,True,True,True,True,True,True,True,True,True,True,True,True,True,True,True,True,True
/mnt/tank/scratch/okonovalova/AffiTox/analysis/excluding_2z5x_3mjg/tables/posebuster/sdf/6gqj/gnina/ligand_549.sdf,,0,True,True,True,True,True,True,True,True,True,True,True,True,True,True,True,True,True,True,True,True,True
/mnt/tank/scratch/okonovalova/AffiTox/analysis/excluding_2z5x_3mjg/tables/posebuster/sdf/6gqj/gnina/ligand_540.sdf,,0,True,True,True,True,True,True,True,True,True,True,True,True,True,True,True,True,True,True,True,True,True
/mnt/tank/scratch/okonovalova/AffiTox/analysis/excluding_2z5x_3mjg/tables/posebuster/sdf/6gqj/gnina/ligand_541.sdf,,0,True,True,True,True,True,True,True,True,True,True,True,True,True,True,True,True,True,True,True,True,True
/mnt/tank/scratch/okonovalova/AffiTox/analysis/excluding_2z5x_3mjg/tables/posebuster/sdf/6gqj/gnina/ligand_551.sdf,,0,True,True,True,True,True,True,True,True,True,True,True,True,True,True,True,True,True,True,True,True,True
/mnt/tank/scratch/okonovalova/AffiTox/analysis/excluding_2z5x_3mjg/tables/posebuster/sdf/6gqj/gnina/ligand_553.sdf,,0,True,True,True,True,True,True,True,True,True,True,True,True,True,True,True,True,True,True,True,True,True
/mnt/tank/scratch/okonovalova/AffiTox/analysis/excluding_2z5x_3mjg/tables/posebuster/sdf/6gqj/gnina/ligand_54.sdf,,0,True,True,True,True,True,True,True,True,True,True,True,True,True,True,True,True,True,True,True,True,True
/mnt/tank/scratch/okonovalova/AffiTox/analysis/excluding_2z5x_3mjg/tables/posebuster/sdf/6gqj/gnina/ligand_556.sdf,,0,True,True,True,True,True,True,True,True,True,True,True,True,True,True,True,True,True,True,True,True,True
/mnt/tank/scratch/okonovalova/AffiTox/analysis/excluding_2z5x_3mjg/tables/posebuster/sdf/6gqj/gnina/ligand_554.sdf,,0,True,True,True,True,True,True,True,True,True,True,True,True,True,True,True,True,True,True,True,True,True
/mnt/tank/scratch/okonovalova/AffiTox/analysis/excluding_2z5x_3mjg/tables/posebuster/sdf/6gqj/gnina/ligand_552.sdf,,0,True,True,True,True,True,True,True,True,True,True,True,True,True,False,True,True,True,True,True,True,True
/mnt/tank/scratch/okonovalova/AffiTox/analysis/excluding_2z5x_3mjg/tables/posebuster/sdf/6gqj/gnina/ligand_550.sdf,,0,True,True,True,True,True,True,True,True,True,True,True,True,True,True,True,True,True,True,True,True,True
/mnt/tank/scratch/okonovalova/AffiTox/analysis/excluding_2z5x_3mjg/tables/posebuster/sdf/6gqj/gnina/ligand_555.sdf,,0,True,True,True,True,True,True,True,True,True,True,True,True,True,True,True,True,True,True,True,True,True
/mnt/tank/scratch/okonovalova/AffiTox/analysis/excluding_2z5x_3mjg/tables/posebuster/sdf/6gqj/gnina/ligand_558.sdf,,0,True,True,True,True,True,True,True,True,True,True,True,True,True,True,True,True,True,True,True,True,True
/mnt/tank/scratch/okonovalova/AffiTox/analysis/excluding_2z5x_3mjg/tables/posebuster/sdf/6gqj/gnina/ligand_568.sdf,,0,True,True,True,True,True,True,True,True,True,True,True,False,True,True,True,True,True,True,True,True,True
/mnt/tank/scratch/okonovalova/AffiTox/analysis/excluding_2z5x_3mjg/tables/posebuster/sdf/6gqj/gnina/ligand_561.sdf,,0,True,True,True,True,True,True,True,True,True,True,True,True,True,True,True,True,True,True,True,True,True
/mnt/tank/scratch/okonovalova/AffiTox/analysis/excluding_2z5x_3mjg/tables/posebuster/sdf/6gqj/gnina/ligand_567.sdf,,0,True,True,True,True,True,True,True,True,True,True,True,False,True,True,True,True,True,True,True,True,True
/mnt/tank/scratch/okonovalova/AffiTox/analysis/excluding_2z5x_3mjg/tables/posebuster/sdf/6gqj/gnina/ligand_56.sdf,,0,True,True,True,True,True,True,True,True,True,True,True,True,True,True,True,True,True,True,True,True,True
/mnt/tank/scratch/okonovalova/AffiTox/analysis/excluding_2z5x_3mjg/tables/posebuster/sdf/6gqj/gnina/ligand_564.sdf,,0,True,True,True,True,True,True,True,True,True,True,True,True,True,True,True,True,True,True,True,True,True
/mnt/tank/scratch/okonovalova/AffiTox/analysis/excluding_2z5x_3mjg/tables/posebuster/sdf/6gqj/gnina/ligand_569.sdf,,0,True,True,True,True,True,True,True,True,True,True,True,True,True,True,True,True,True,True,True,True,True
/mnt/tank/scratch/okonovalova/AffiTox/analysis/excluding_2z5x_3mjg/tables/posebuster/sdf/6gqj/gnina/ligand_55.sdf,,0,True,True,True,True,True,True,True,True,True,True,True,True,True,True,True,True,True,True,True,True,True
/mnt/tank/scratch/okonovalova/AffiTox/analysis/excluding_2z5x_3mjg/tables/posebuster/sdf/6gqj/gnina/ligand_570.sdf,,0,True,True,True,True,True,True,True,True,True,True,True,True,True,True,True,True,True,True,True,True,True
/mnt/tank/scratch/okonovalova/AffiTox/analysis/excluding_2z5x_3mjg/tables/posebuster/sdf/6gqj/gnina/ligand_565.sdf,,0,True,True,True,True,True,True,True,True,True,True,True,True,True,True,True,True,True,True,True,True,True
/mnt/tank/scratch/okonovalova/AffiTox/analysis/excluding_2z5x_3mjg/tables/posebuster/sdf/6gqj/gnina/ligand_557.sdf,,0,True,True,True,True,True,True,True,True,True,True,True,True,True,True,True,True,True,True,True,True,True
/mnt/tank/scratch/okonovalova/AffiTox/analysis/excluding_2z5x_3mjg/tables/posebuster/sdf/6gqj/gnina/ligand_566.sdf,,0,True,True,True,True,True,True,True,True,True,True,True,False,True,True,True,True,True,True,True,True,True
/mnt/tank/scratch/okonovalova/AffiTox/analysis/excluding_2z5x_3mjg/tables/posebuster/sdf/6gqj/gnina/ligand_563.sdf,,0,True,True,True,True,True,True,True,True,True,True,True,True,True,True,True,True,True,True,True,True,True
/mnt/tank/scratch/okonovalova/AffiTox/analysis/excluding_2z5x_3mjg/tables/posebuster/sdf/6gqj/gnina/ligand_571.sdf,,0,True,True,True,True,True,True,True,True,True,True,True,False,True,True,True,True,True,True,True,True,True
/mnt/tank/scratch/okonovalova/AffiTox/analysis/excluding_2z5x_3mjg/tables/posebuster/sdf/6gqj/gnina/ligand_572.sdf,,0,True,True,True,True,True,True,True,True,True,True,True,True,True,True,True,True,True,True,True,True,True
/mnt/tank/scratch/okonovalova/AffiTox/analysis/excluding_2z5x_3mjg/tables/posebuster/sdf/6gqj/gnina/ligand_574.sdf,,0,True,True,True,True,True,True,True,True,True,True,True,True,True,True,True,True,True,True,True,True,True
/mnt/tank/scratch/okonovalova/AffiTox/analysis/excluding_2z5x_3mjg/tables/posebuster/sdf/6gqj/gnina/ligand_560.sdf,,0,True,True,True,True,True,True,True,True,True,True,True,True,True,True,True,True,True,True,True,True,True
/mnt/tank/scratch/okonovalova/AffiTox/analysis/excluding_2z5x_3mjg/tables/posebuster/sdf/6gqj/gnina/ligand_562.sdf,,0,True,True,True,True,True,True,True,True,True,True,True,False,True,True,True,True,True,True,True,True,True
/mnt/tank/scratch/okonovalova/AffiTox/analysis/excluding_2z5x_3mjg/tables/posebuster/sdf/6gqj/gnina/ligand_573.sdf,,0,True,True,True,True,True,True,True,True,True,True,True,True,True,True,True,True,True,True,True,True,True
/mnt/tank/scratch/okonovalova/AffiTox/analysis/excluding_2z5x_3mjg/tables/posebuster/sdf/6gqj/gnina/ligand_559.sdf,,0,True,True,True,True,True,True,True,True,True,True,True,True,True,True,True,True,True,True,True,True,True
/mnt/tank/scratch/okonovalova/AffiTox/analysis/excluding_2z5x_3mjg/tables/posebuster/sdf/6gqj/gnina/ligand_575.sdf,,0,True,True,True,True,True,True,True,True,True,True,True,True,True,True,True,True,True,True,True,True,True
/mnt/tank/scratch/okonovalova/AffiTox/analysis/excluding_2z5x_3mjg/tables/posebuster/sdf/6gqj/gnina/ligand_57.sdf,,0,True,True,True,True,True,True,True,True,True,True,True,False,True,True,True,True,True,True,True,True,True
/mnt/tank/scratch/okonovalova/AffiTox/analysis/excluding_2z5x_3mjg/tables/posebuster/sdf/6gqj/gnina/ligand_579.sdf,,0,True,True,True,True,True,True,True,True,True,True,True,True,True,True,True,True,True,True,True,True,True
/mnt/tank/scratch/okonovalova/AffiTox/analysis/excluding_2z5x_3mjg/tables/posebuster/sdf/6gqj/gnina/ligand_580.sdf,,0,True,True,True,True,True,True,True,True,True,True,True,True,True,True,True,True,True,True,True,True,True
/mnt/tank/scratch/okonovalova/AffiTox/analysis/excluding_2z5x_3mjg/tables/posebuster/sdf/6gqj/gnina/ligand_587.sdf,,0,True,True,True,True,True,True,True,True,True,True,True,True,True,True,True,True,True,True,True,True,True
/mnt/tank/scratch/okonovalova/AffiTox/analysis/excluding_2z5x_3mjg/tables/posebuster/sdf/6gqj/gnina/ligand_576.sdf,,0,True,True,True,True,True,True,True,True,True,True,True,True,True,True,True,True,True,True,True,True,True
/mnt/tank/scratch/okonovalova/AffiTox/analysis/excluding_2z5x_3mjg/tables/posebuster/sdf/6gqj/gnina/ligand_583.sdf,,0,True,True,True,True,True,True,True,True,True,True,True,True,True,True,True,True,True,True,True,True,True
/mnt/tank/scratch/okonovalova/AffiTox/analysis/excluding_2z5x_3mjg/tables/posebuster/sdf/6gqj/gnina/ligand_578.sdf,,0,True,True,True,True,True,True,True,True,True,True,True,True,True,True,True,True,True,True,True,True,True
/mnt/tank/scratch/okonovalova/AffiTox/analysis/excluding_2z5x_3mjg/tables/posebuster/sdf/6gqj/gnina/ligand_585.sdf,,0,True,True,True,True,True,True,True,True,True,True,True,True,True,True,True,True,True,True,True,True,True
/mnt/tank/scratch/okonovalova/AffiTox/analysis/excluding_2z5x_3mjg/tables/posebuster/sdf/6gqj/gnina/ligand_577.sdf,,0,True,True,True,True,True,True,True,True,True,True,True,True,True,True,True,True,True,True,True,True,True
/mnt/tank/scratch/okonovalova/AffiTox/analysis/excluding_2z5x_3mjg/tables/posebuster/sdf/6gqj/gnina/ligand_582.sdf,,0,True,True,True,True,True,True,True,True,True,True,True,True,True,True,True,True,True,True,True,True,True
/mnt/tank/scratch/okonovalova/AffiTox/analysis/excluding_2z5x_3mjg/tables/posebuster/sdf/6gqj/gnina/ligand_586.sdf,,0,True,True,True,True,True,True,True,True,True,True,True,True,True,True,True,True,True,True,True,True,True
/mnt/tank/scratch/okonovalova/AffiTox/analysis/excluding_2z5x_3mjg/tables/posebuster/sdf/6gqj/gnina/ligand_588.sdf,,0,True,True,True,True,True,True,True,True,True,True,True,True,True,True,True,True,True,True,True,True,True
/mnt/tank/scratch/okonovalova/AffiTox/analysis/excluding_2z5x_3mjg/tables/posebuster/sdf/6gqj/gnina/ligand_584.sdf,,0,True,True,True,True,True,True,True,True,True,True,True,True,True,True,True,True,True,True,True,True,True
/mnt/tank/scratch/okonovalova/AffiTox/analysis/excluding_2z5x_3mjg/tables/posebuster/sdf/6gqj/gnina/ligand_581.sdf,,0,True,True,True,True,True,True,True,True,True,True,True,True,True,True,True,True,True,True,True,True,True
/mnt/tank/scratch/okonovalova/AffiTox/analysis/excluding_2z5x_3mjg/tables/posebuster/sdf/6gqj/gnina/ligand_589.sdf,,0,True,True,True,True,True,True,True,True,True,True,True,True,True,True,True,True,True,True,True,True,True
/mnt/tank/scratch/okonovalova/AffiTox/analysis/excluding_2z5x_3mjg/tables/posebuster/sdf/6gqj/gnina/ligand_592.sdf,,0,True,True,True,True,True,True,True,True,True,True,True,True,True,True,True,True,True,True,True,True,True
/mnt/tank/scratch/okonovalova/AffiTox/analysis/excluding_2z5x_3mjg/tables/posebuster/sdf/6gqj/gnina/ligand_58.sdf,,0,True,True,True,True,True,True,True,True,True,True,True,False,True,True,True,True,True,True,True,True,True
/mnt/tank/scratch/okonovalova/AffiTox/analysis/excluding_2z5x_3mjg/tables/posebuster/sdf/6gqj/gnina/ligand_591.sdf,,0,True,True,True,True,True,True,True,True,True,True,True,True,True,True,True,True,True,True,True,True,True
/mnt/tank/scratch/okonovalova/AffiTox/analysis/excluding_2z5x_3mjg/tables/posebuster/sdf/6gqj/gnina/ligand_590.sdf,,0,True,True,True,True,True,True,True,True,True,True,True,True,True,True,True,True,True,True,True,True,True
/mnt/tank/scratch/okonovalova/AffiTox/analysis/excluding_2z5x_3mjg/tables/posebuster/sdf/6gqj/gnina/ligand_594.sdf,,0,True,True,True,True,True,True,True,True,True,True,True,True,True,True,True,True,True,True,True,True,True
/mnt/tank/scratch/okonovalova/AffiTox/analysis/excluding_2z5x_3mjg/tables/posebuster/sdf/6gqj/gnina/ligand_595.sdf,,0,True,True,True,True,True,True,True,True,True,True,True,True,True,True,True,True,True,True,True,True,True
/mnt/tank/scratch/okonovalova/AffiTox/analysis/excluding_2z5x_3mjg/tables/posebuster/sdf/6gqj/gnina/ligand_59.sdf,,0,True,True,True,True,True,True,True,True,True,True,True,True,True,True,True,True,True,True,True,True,True
/mnt/tank/scratch/okonovalova/AffiTox/analysis/excluding_2z5x_3mjg/tables/posebuster/sdf/6gqj/gnina/ligand_597.sdf,,0,True,True,True,True,True,True,True,True,True,True,True,True,True,True,True,True,True,True,True,True,True
/mnt/tank/scratch/okonovalova/AffiTox/analysis/excluding_2z5x_3mjg/tables/posebuster/sdf/6gqj/gnina/ligand_593.sdf,,0,True,True,True,True,True,True,True,True,True,True,True,True,True,True,True,True,True,True,True,True,True
/mnt/tank/scratch/okonovalova/AffiTox/analysis/excluding_2z5x_3mjg/tables/posebuster/sdf/6gqj/gnina/ligand_596.sdf,,0,True,True,True,True,True,True,True,True,True,True,True,True,True,True,True,True,True,True,True,True,True
/mnt/tank/scratch/okonovalova/AffiTox/analysis/excluding_2z5x_3mjg/tables/posebuster/sdf/6gqj/gnina/ligand_606.sdf,,0,True,True,True,True,True,True,True,True,True,True,True,True,True,False,True,True,True,True,True,True,True
/mnt/tank/scratch/okonovalova/AffiTox/analysis/excluding_2z5x_3mjg/tables/posebuster/sdf/6gqj/gnina/ligand_600.sdf,,0,True,True,True,True,True,True,True,True,True,True,True,True,True,True,True,True,True,True,True,True,True
/mnt/tank/scratch/okonovalova/AffiTox/analysis/excluding_2z5x_3mjg/tables/posebuster/sdf/6gqj/gnina/ligand_602.sdf,,0,True,True,True,True,True,True,True,True,True,True,True,True,True,True,True,True,True,True,True,True,True
/mnt/tank/scratch/okonovalova/AffiTox/analysis/excluding_2z5x_3mjg/tables/posebuster/sdf/6gqj/gnina/ligand_603.sdf,,0,True,True,True,True,True,True,True,True,True,True,True,True,True,True,True,True,True,True,True,True,True
/mnt/tank/scratch/okonovalova/AffiTox/analysis/excluding_2z5x_3mjg/tables/posebuster/sdf/6gqj/gnina/ligand_607.sdf,,0,True,True,True,True,True,True,True,True,True,True,True,True,True,True,True,True,True,True,True,True,True
/mnt/tank/scratch/okonovalova/AffiTox/analysis/excluding_2z5x_3mjg/tables/posebuster/sdf/6gqj/gnina/ligand_5.sdf,,0,True,True,True,True,True,True,True,True,True,True,True,True,True,True,True,True,True,True,True,True,True
/mnt/tank/scratch/okonovalova/AffiTox/analysis/excluding_2z5x_3mjg/tables/posebuster/sdf/6gqj/gnina/ligand_598.sdf,,0,True,True,True,True,True,True,True,True,True,True,True,True,True,True,True,True,True,True,True,True,True
/mnt/tank/scratch/okonovalova/AffiTox/analysis/excluding_2z5x_3mjg/tables/posebuster/sdf/6gqj/gnina/ligand_608.sdf,,0,True,True,True,True,True,True,True,True,True,True,True,True,True,True,True,True,True,True,True,True,True
/mnt/tank/scratch/okonovalova/AffiTox/analysis/excluding_2z5x_3mjg/tables/posebuster/sdf/6gqj/gnina/ligand_599.sdf,,0,True,True,True,True,True,True,True,True,True,True,True,True,True,True,True,True,True,True,True,True,True
/mnt/tank/scratch/okonovalova/AffiTox/analysis/excluding_2z5x_3mjg/tables/posebuster/sdf/6gqj/gnina/ligand_60.sdf,,0,True,True,True,True,True,True,True,True,True,True,True,True,True,True,True,True,True,True,True,True,True
/mnt/tank/scratch/okonovalova/AffiTox/analysis/excluding_2z5x_3mjg/tables/posebuster/sdf/6gqj/gnina/ligand_601.sdf,,0,True,True,True,True,True,True,True,True,True,True,True,True,True,True,True,True,True,True,True,True,True
/mnt/tank/scratch/okonovalova/AffiTox/analysis/excluding_2z5x_3mjg/tables/posebuster/sdf/6gqj/gnina/ligand_605.sdf,,0,True,True,True,True,True,True,True,True,True,True,True,True,True,True,True,True,True,True,True,True,True
/mnt/tank/scratch/okonovalova/AffiTox/analysis/excluding_2z5x_3mjg/tables/posebuster/sdf/6gqj/gnina/ligand_609.sdf,,0,True,True,True,True,True,True,True,True,True,True,True,True,True,False,True,True,True,True,True,True,True
/mnt/tank/scratch/okonovalova/AffiTox/analysis/excluding_2z5x_3mjg/tables/posebuster/sdf/6gqj/gnina/ligand_611.sdf,,0,True,True,True,True,True,True,True,True,True,True,True,True,True,True,True,True,True,True,True,True,True
/mnt/tank/scratch/okonovalova/AffiTox/analysis/excluding_2z5x_3mjg/tables/posebuster/sdf/6gqj/gnina/ligand_612.sdf,,0,True,True,True,True,True,True,True,True,True,True,True,True,True,True,True,True,True,True,True,True,True
/mnt/tank/scratch/okonovalova/AffiTox/analysis/excluding_2z5x_3mjg/tables/posebuster/sdf/6gqj/gnina/ligand_616.sdf,,0,True,True,True,True,True,True,True,True,True,True,True,True,True,True,True,True,True,True,True,True,True
/mnt/tank/scratch/okonovalova/AffiTox/analysis/excluding_2z5x_3mjg/tables/posebuster/sdf/6gqj/gnina/ligand_619.sdf,,0,True,True,True,True,True,True,True,True,True,True,True,True,True,True,True,True,True,True,True,True,True
/mnt/tank/scratch/okonovalova/AffiTox/analysis/excluding_2z5x_3mjg/tables/posebuster/sdf/6gqj/gnina/ligand_618.sdf,,0,True,True,True,True,True,True,True,True,True,True,True,True,True,True,True,True,True,True,True,True,True
/mnt/tank/scratch/okonovalova/AffiTox/analysis/excluding_2z5x_3mjg/tables/posebuster/sdf/6gqj/gnina/ligand_617.sdf,,0,True,True,True,True,True,True,True,True,True,True,True,True,True,True,True,True,True,True,True,True,True
/mnt/tank/scratch/okonovalova/AffiTox/analysis/excluding_2z5x_3mjg/tables/posebuster/sdf/6gqj/gnina/ligand_614.sdf,,0,True,True,True,True,True,True,True,True,True,True,True,True,True,True,True,True,True,True,True,True,True
/mnt/tank/scratch/okonovalova/AffiTox/analysis/excluding_2z5x_3mjg/tables/posebuster/sdf/6gqj/gnina/ligand_604.sdf,,0,True,True,True,True,True,True,True,True,True,True,True,True,True,False,True,True,True,True,True,True,True
/mnt/tank/scratch/okonovalova/AffiTox/analysis/excluding_2z5x_3mjg/tables/posebuster/sdf/6gqj/gnina/ligand_610.sdf,,0,True,True,True,True,True,True,True,True,True,True,True,True,True,True,True,True,True,True,True,True,True
/mnt/tank/scratch/okonovalova/AffiTox/analysis/excluding_2z5x_3mjg/tables/posebuster/sdf/6gqj/gnina/ligand_613.sdf,,0,True,True,True,True,True,True,True,True,True,True,True,True,True,False,True,True,True,True,True,True,True
/mnt/tank/scratch/okonovalova/AffiTox/analysis/excluding_2z5x_3mjg/tables/posebuster/sdf/6gqj/gnina/ligand_615.sdf,,0,True,True,True,True,True,True,True,True,True,True,True,True,True,True,True,True,True,True,True,True,True
/mnt/tank/scratch/okonovalova/AffiTox/analysis/excluding_2z5x_3mjg/tables/posebuster/sdf/6gqj/gnina/ligand_620.sdf,,0,True,True,True,True,True,True,True,True,True,True,True,True,True,True,True,True,True,True,True,True,True
/mnt/tank/scratch/okonovalova/AffiTox/analysis/excluding_2z5x_3mjg/tables/posebuster/sdf/6gqj/gnina/ligand_61.sdf,,0,True,True,True,True,True,True,True,True,True,True,True,True,True,True,True,True,True,True,True,True,True
/mnt/tank/scratch/okonovalova/AffiTox/analysis/excluding_2z5x_3mjg/tables/posebuster/sdf/6gqj/gnina/ligand_622.sdf,,0,True,True,True,True,True,True,True,True,True,True,True,True,True,False,True,True,True,True,True,True,True
/mnt/tank/scratch/okonovalova/AffiTox/analysis/excluding_2z5x_3mjg/tables/posebuster/sdf/6gqj/gnina/ligand_623.sdf,,0,True,True,True,True,True,True,True,True,True,True,True,True,True,True,True,True,True,True,True,True,True
/mnt/tank/scratch/okonovalova/AffiTox/analysis/excluding_2z5x_3mjg/tables/posebuster/sdf/6gqj/gnina/ligand_624.sdf,,0,True,True,True,True,True,True,True,True,True,True,True,True,True,True,True,True,True,True,True,True,True
/mnt/tank/scratch/okonovalova/AffiTox/analysis/excluding_2z5x_3mjg/tables/posebuster/sdf/6gqj/gnina/ligand_62.sdf,,0,True,True,True,True,True,True,True,True,True,True,True,True,True,True,True,True,True,True,True,True,True
/mnt/tank/scratch/okonovalova/AffiTox/analysis/excluding_2z5x_3mjg/tables/posebuster/sdf/6gqj/gnina/ligand_626.sdf,,0,True,True,True,True,True,True,True,True,True,True,True,True,True,False,True,True,True,True,True,True,True
/mnt/tank/scratch/okonovalova/AffiTox/analysis/excluding_2z5x_3mjg/tables/posebuster/sdf/6gqj/gnina/ligand_621.sdf,,0,True,True,True,True,True,True,True,True,True,True,True,True,True,False,True,True,True,True,True,True,True
/mnt/tank/scratch/okonovalova/AffiTox/analysis/excluding_2z5x_3mjg/tables/posebuster/sdf/6gqj/gnina/ligand_625.sdf,,0,True,True,True,True,True,True,True,True,True,True,True,True,True,False,True,True,True,True,True,True,True
/mnt/tank/scratch/okonovalova/AffiTox/analysis/excluding_2z5x_3mjg/tables/posebuster/sdf/6gqj/gnina/ligand_628.sdf,,0,True,True,True,True,True,True,True,True,True,True,True,True,True,True,True,True,True,True,True,True,True
/mnt/tank/scratch/okonovalova/AffiTox/analysis/excluding_2z5x_3mjg/tables/posebuster/sdf/6gqj/gnina/ligand_629.sdf,,0,True,True,True,True,True,True,True,True,True,True,True,True,True,True,True,True,True,True,True,True,True
/mnt/tank/scratch/okonovalova/AffiTox/analysis/excluding_2z5x_3mjg/tables/posebuster/sdf/6gqj/gnina/ligand_631.sdf,,0,True,True,True,True,True,True,True,True,True,True,True,True,True,True,True,True,True,True,True,True,True
/mnt/tank/scratch/okonovalova/AffiTox/analysis/excluding_2z5x_3mjg/tables/posebuster/sdf/6gqj/gnina/ligand_630.sdf,,0,True,True,True,True,True,True,True,True,True,True,True,True,True,True,True,True,True,True,True,True,True
/mnt/tank/scratch/okonovalova/AffiTox/analysis/excluding_2z5x_3mjg/tables/posebuster/sdf/6gqj/gnina/ligand_627.sdf,,0,True,True,True,True,True,True,True,True,True,True,True,True,True,True,True,True,True,True,True,True,True
/mnt/tank/scratch/okonovalova/AffiTox/analysis/excluding_2z5x_3mjg/tables/posebuster/sdf/6gqj/gnina/ligand_632.sdf,,0,True,True,True,True,True,True,True,True,True,True,True,True,True,True,True,True,True,True,True,True,True
/mnt/tank/scratch/okonovalova/AffiTox/analysis/excluding_2z5x_3mjg/tables/posebuster/sdf/6gqj/gnina/ligand_633.sdf,,0,True,True,True,True,True,True,True,True,True,True,True,True,True,True,True,True,True,True,True,True,True
/mnt/tank/scratch/okonovalova/AffiTox/analysis/excluding_2z5x_3mjg/tables/posebuster/sdf/6gqj/gnina/ligand_639.sdf,,0,True,True,True,True,True,True,True,True,True,True,True,True,True,True,True,True,True,True,True,True,True
/mnt/tank/scratch/okonovalova/AffiTox/analysis/excluding_2z5x_3mjg/tables/posebuster/sdf/6gqj/gnina/ligand_63.sdf,,0,True,True,True,True,True,True,True,True,True,True,True,True,True,True,True,True,True,True,True,True,True
/mnt/tank/scratch/okonovalova/AffiTox/analysis/excluding_2z5x_3mjg/tables/posebuster/sdf/6gqj/gnina/ligand_640.sdf,,0,True,True,True,True,True,True,True,True,True,True,True,True,True,True,True,True,True,True,True,True,True
/mnt/tank/scratch/okonovalova/AffiTox/analysis/excluding_2z5x_3mjg/tables/posebuster/sdf/6gqj/gnina/ligand_638.sdf,,0,True,True,True,True,True,True,True,True,True,True,True,True,True,True,True,True,True,True,True,True,True
/mnt/tank/scratch/okonovalova/AffiTox/analysis/excluding_2z5x_3mjg/tables/posebuster/sdf/6gqj/gnina/ligand_642.sdf,,0,True,True,True,True,True,True,True,True,True,True,True,True,True,True,True,True,True,True,True,True,True
/mnt/tank/scratch/okonovalova/AffiTox/analysis/excluding_2z5x_3mjg/tables/posebuster/sdf/6gqj/gnina/ligand_634.sdf,,0,True,True,True,True,True,True,True,True,True,True,True,True,True,True,True,True,True,True,True,True,True
/mnt/tank/scratch/okonovalova/AffiTox/analysis/excluding_2z5x_3mjg/tables/posebuster/sdf/6gqj/gnina/ligand_636.sdf,,0,True,True,True,True,True,True,True,True,True,True,True,True,True,True,True,True,True,True,True,True,True
/mnt/tank/scratch/okonovalova/AffiTox/analysis/excluding_2z5x_3mjg/tables/posebuster/sdf/6gqj/gnina/ligand_641.sdf,,0,True,True,True,True,True,True,True,True,True,True,True,True,True,True,True,True,True,True,True,True,True
/mnt/tank/scratch/okonovalova/AffiTox/analysis/excluding_2z5x_3mjg/tables/posebuster/sdf/6gqj/gnina/ligand_635.sdf,,0,True,True,True,True,True,True,True,True,True,True,True,True,True,True,True,True,True,True,True,True,True
/mnt/tank/scratch/okonovalova/AffiTox/analysis/excluding_2z5x_3mjg/tables/posebuster/sdf/6gqj/gnina/ligand_643.sdf,,0,True,True,True,True,True,True,True,True,True,True,True,True,True,True,True,True,True,True,True,True,True
/mnt/tank/scratch/okonovalova/AffiTox/analysis/excluding_2z5x_3mjg/tables/posebuster/sdf/6gqj/gnina/ligand_644.sdf,,0,True,True,True,True,True,True,True,True,True,True,True,True,True,True,True,True,True,True,True,True,True
/mnt/tank/scratch/okonovalova/AffiTox/analysis/excluding_2z5x_3mjg/tables/posebuster/sdf/6gqj/gnina/ligand_637.sdf,,0,True,True,True,True,True,True,True,True,True,True,True,True,True,True,True,True,True,True,True,True,True
/mnt/tank/scratch/okonovalova/AffiTox/analysis/excluding_2z5x_3mjg/tables/posebuster/sdf/6gqj/gnina/ligand_645.sdf,,0,True,True,True,True,True,True,True,True,True,True,True,True,True,False,True,True,True,True,True,True,True
/mnt/tank/scratch/okonovalova/AffiTox/analysis/excluding_2z5x_3mjg/tables/posebuster/sdf/6gqj/gnina/ligand_646.sdf,,0,True,True,True,True,True,True,True,True,True,True,True,True,True,True,True,True,True,True,True,True,True
/mnt/tank/scratch/okonovalova/AffiTox/analysis/excluding_2z5x_3mjg/tables/posebuster/sdf/6gqj/gnina/ligand_65.sdf,,0,True,True,True,True,True,True,True,True,True,True,True,True,True,True,True,True,True,True,True,True,True
/mnt/tank/scratch/okonovalova/AffiTox/analysis/excluding_2z5x_3mjg/tables/posebuster/sdf/6gqj/gnina/ligand_650.sdf,,0,True,True,True,True,True,True,True,True,True,True,True,True,True,True,True,True,True,True,True,True,True
/mnt/tank/scratch/okonovalova/AffiTox/analysis/excluding_2z5x_3mjg/tables/posebuster/sdf/6gqj/gnina/ligand_657.sdf,,0,True,True,True,True,True,True,True,True,True,True,True,True,True,True,True,True,True,True,True,True,True
/mnt/tank/scratch/okonovalova/AffiTox/analysis/excluding_2z5x_3mjg/tables/posebuster/sdf/6gqj/gnina/ligand_654.sdf,,0,True,True,True,True,True,True,True,True,True,True,True,True,True,False,True,True,True,True,True,True,True
/mnt/tank/scratch/okonovalova/AffiTox/analysis/excluding_2z5x_3mjg/tables/posebuster/sdf/6gqj/gnina/ligand_653.sdf,,0,True,True,True,True,True,True,True,True,True,True,True,True,True,False,True,True,True,True,True,True,True
/mnt/tank/scratch/okonovalova/AffiTox/analysis/excluding_2z5x_3mjg/tables/posebuster/sdf/6gqj/gnina/ligand_656.sdf,,0,True,True,True,True,True,True,True,True,True,True,True,True,True,True,True,True,True,True,True,True,True
/mnt/tank/scratch/okonovalova/AffiTox/analysis/excluding_2z5x_3mjg/tables/posebuster/sdf/6gqj/gnina/ligand_652.sdf,,0,True,True,True,True,True,True,True,True,True,True,True,True,True,True,True,True,True,True,True,True,True
/mnt/tank/scratch/okonovalova/AffiTox/analysis/excluding_2z5x_3mjg/tables/posebuster/sdf/6gqj/gnina/ligand_648.sdf,,0,True,True,True,True,True,True,True,True,True,True,True,True,True,False,True,True,True,True,True,True,True
/mnt/tank/scratch/okonovalova/AffiTox/analysis/excluding_2z5x_3mjg/tables/posebuster/sdf/6gqj/gnina/ligand_651.sdf,,0,True,True,True,True,True,True,True,True,True,True,True,True,True,True,True,True,True,True,True,True,True
/mnt/tank/scratch/okonovalova/AffiTox/analysis/excluding_2z5x_3mjg/tables/posebuster/sdf/6gqj/gnina/ligand_655.sdf,,0,True,True,True,True,True,True,True,True,True,True,True,True,True,False,True,True,True,True,True,True,True
/mnt/tank/scratch/okonovalova/AffiTox/analysis/excluding_2z5x_3mjg/tables/posebuster/sdf/6gqj/gnina/ligand_647.sdf,,0,True,True,True,True,True,True,True,True,True,True,True,True,True,True,True,True,True,True,True,True,True
/mnt/tank/scratch/okonovalova/AffiTox/analysis/excluding_2z5x_3mjg/tables/posebuster/sdf/6gqj/gnina/ligand_64.sdf,,0,True,True,True,True,True,True,True,True,True,True,True,True,True,True,True,True,True,True,True,True,True
/mnt/tank/scratch/okonovalova/AffiTox/analysis/excluding_2z5x_3mjg/tables/posebuster/sdf/6gqj/gnina/ligand_659.sdf,,0,True,True,True,True,True,True,True,True,True,True,True,True,True,True,True,True,True,True,True,True,True
/mnt/tank/scratch/okonovalova/AffiTox/analysis/excluding_2z5x_3mjg/tables/posebuster/sdf/6gqj/gnina/ligand_658.sdf,,0,True,True,True,True,True,True,True,True,True,True,True,True,True,False,True,True,True,True,True,True,True
/mnt/tank/scratch/okonovalova/AffiTox/analysis/excluding_2z5x_3mjg/tables/posebuster/sdf/6gqj/gnina/ligand_649.sdf,,0,True,True,True,True,True,True,True,True,True,True,True,True,True,True,True,True,True,True,True,True,True
/mnt/tank/scratch/okonovalova/AffiTox/analysis/excluding_2z5x_3mjg/tables/posebuster/sdf/6gqj/gnina/ligand_660.sdf,,0,True,True,True,True,True,True,True,True,True,True,True,True,True,True,True,True,True,True,True,True,True
/mnt/tank/scratch/okonovalova/AffiTox/analysis/excluding_2z5x_3mjg/tables/posebuster/sdf/6gqj/gnina/ligand_663.sdf,,0,True,True,True,True,True,True,True,True,True,True,True,True,True,True,True,True,True,True,True,True,True
/mnt/tank/scratch/okonovalova/AffiTox/analysis/excluding_2z5x_3mjg/tables/posebuster/sdf/6gqj/gnina/ligand_664.sdf,,0,True,True,True,True,True,True,True,True,True,True,True,True,True,True,True,True,True,True,True,True,True
/mnt/tank/scratch/okonovalova/AffiTox/analysis/excluding_2z5x_3mjg/tables/posebuster/sdf/6gqj/gnina/ligand_661.sdf,,0,True,True,True,True,True,True,True,True,True,True,True,True,True,True,True,True,True,True,True,True,True
/mnt/tank/scratch/okonovalova/AffiTox/analysis/excluding_2z5x_3mjg/tables/posebuster/sdf/6gqj/gnina/ligand_66.sdf,,0,True,True,True,True,True,True,True,True,True,True,True,True,True,True,True,True,True,True,True,True,True
/mnt/tank/scratch/okonovalova/AffiTox/analysis/excluding_2z5x_3mjg/tables/posebuster/sdf/6gqj/gnina/ligand_670.sdf,,0,True,True,True,True,True,True,True,True,True,True,True,True,True,True,True,True,True,True,True,True,True
/mnt/tank/scratch/okonovalova/AffiTox/analysis/excluding_2z5x_3mjg/tables/posebuster/sdf/6gqj/gnina/ligand_662.sdf,,0,True,True,True,True,True,True,True,True,True,True,True,True,True,True,True,True,True,True,True,True,True
/mnt/tank/scratch/okonovalova/AffiTox/analysis/excluding_2z5x_3mjg/tables/posebuster/sdf/6gqj/gnina/ligand_665.sdf,,0,True,True,True,True,True,True,True,True,True,True,True,True,True,True,True,True,True,True,True,True,True
/mnt/tank/scratch/okonovalova/AffiTox/analysis/excluding_2z5x_3mjg/tables/posebuster/sdf/6gqj/gnina/ligand_666.sdf,,0,True,True,True,True,True,True,True,True,True,True,True,True,True,True,True,True,True,True,True,True,True
/mnt/tank/scratch/okonovalova/AffiTox/analysis/excluding_2z5x_3mjg/tables/posebuster/sdf/6gqj/gnina/ligand_675.sdf,,0,True,True,True,True,True,True,True,True,True,True,True,False,True,True,True,True,True,True,True,True,True
/mnt/tank/scratch/okonovalova/AffiTox/analysis/excluding_2z5x_3mjg/tables/posebuster/sdf/6gqj/gnina/ligand_677.sdf,,0,True,True,True,True,True,True,True,True,True,True,True,True,True,True,True,True,True,True,True,True,True
/mnt/tank/scratch/okonovalova/AffiTox/analysis/excluding_2z5x_3mjg/tables/posebuster/sdf/6gqj/gnina/ligand_669.sdf,,0,True,True,True,True,True,True,True,True,True,True,True,True,True,False,True,True,True,True,True,True,True
/mnt/tank/scratch/okonovalova/AffiTox/analysis/excluding_2z5x_3mjg/tables/posebuster/sdf/6gqj/gnina/ligand_668.sdf,,0,True,True,True,True,True,True,True,True,True,True,True,True,True,False,True,True,True,True,True,True,True
/mnt/tank/scratch/okonovalova/AffiTox/analysis/excluding_2z5x_3mjg/tables/posebuster/sdf/6gqj/gnina/ligand_674.sdf,,0,True,True,True,True,True,True,True,True,True,True,True,True,True,True,True,True,True,True,True,True,True
/mnt/tank/scratch/okonovalova/AffiTox/analysis/excluding_2z5x_3mjg/tables/posebuster/sdf/6gqj/gnina/ligand_671.sdf,,0,True,True,True,True,True,True,True,True,True,True,True,True,True,True,True,True,True,True,True,True,True
/mnt/tank/scratch/okonovalova/AffiTox/analysis/excluding_2z5x_3mjg/tables/posebuster/sdf/6gqj/gnina/ligand_672.sdf,,0,True,True,True,True,True,True,True,True,True,True,True,True,True,False,True,True,True,True,True,True,True
/mnt/tank/scratch/okonovalova/AffiTox/analysis/excluding_2z5x_3mjg/tables/posebuster/sdf/6gqj/gnina/ligand_673.sdf,,0,True,True,True,True,True,True,True,True,True,True,True,True,True,True,True,True,True,True,True,True,True
/mnt/tank/scratch/okonovalova/AffiTox/analysis/excluding_2z5x_3mjg/tables/posebuster/sdf/6gqj/gnina/ligand_667.sdf,,0,True,True,True,True,True,True,True,True,True,True,True,True,True,True,True,True,True,True,True,True,True
/mnt/tank/scratch/okonovalova/AffiTox/analysis/excluding_2z5x_3mjg/tables/posebuster/sdf/6gqj/gnina/ligand_676.sdf,,0,True,True,True,True,True,True,True,True,True,True,True,False,True,True,True,True,True,True,True,True,True
/mnt/tank/scratch/okonovalova/AffiTox/analysis/excluding_2z5x_3mjg/tables/posebuster/sdf/6gqj/gnina/ligand_679.sdf,,0,True,True,True,True,True,True,True,True,True,True,True,True,True,True,True,True,True,True,True,True,True
/mnt/tank/scratch/okonovalova/AffiTox/analysis/excluding_2z5x_3mjg/tables/posebuster/sdf/6gqj/gnina/ligand_678.sdf,,0,True,True,True,True,True,True,True,True,True,True,True,True,True,True,True,True,True,True,True,True,True
/mnt/tank/scratch/okonovalova/AffiTox/analysis/excluding_2z5x_3mjg/tables/posebuster/sdf/6gqj/gnina/ligand_680.sdf,,0,True,True,True,True,True,True,True,True,True,True,True,True,True,True,True,True,True,True,True,True,True
/mnt/tank/scratch/okonovalova/AffiTox/analysis/excluding_2z5x_3mjg/tables/posebuster/sdf/6gqj/gnina/ligand_67.sdf,,0,True,True,True,True,True,True,True,True,True,True,True,True,True,True,True,True,True,True,True,True,True
/mnt/tank/scratch/okonovalova/AffiTox/analysis/excluding_2z5x_3mjg/tables/posebuster/sdf/6gqj/gnina/ligand_682.sdf,,0,True,True,True,True,True,True,True,True,True,True,True,True,True,True,True,True,True,True,True,True,True
/mnt/tank/scratch/okonovalova/AffiTox/analysis/excluding_2z5x_3mjg/tables/posebuster/sdf/6gqj/gnina/ligand_686.sdf,,0,True,True,True,True,True,True,True,True,True,True,True,True,True,True,True,True,True,True,True,True,True
/mnt/tank/scratch/okonovalova/AffiTox/analysis/excluding_2z5x_3mjg/tables/posebuster/sdf/6gqj/gnina/ligand_687.sdf,,0,True,True,True,True,True,True,True,True,True,True,True,True,True,True,True,True,True,True,True,True,True
/mnt/tank/scratch/okonovalova/AffiTox/analysis/excluding_2z5x_3mjg/tables/posebuster/sdf/6gqj/gnina/ligand_681.sdf,,0,True,True,True,True,True,True,True,True,True,True,True,True,True,True,True,True,True,True,True,True,True
/mnt/tank/scratch/okonovalova/AffiTox/analysis/excluding_2z5x_3mjg/tables/posebuster/sdf/6gqj/gnina/ligand_691.sdf,,0,True,True,True,True,True,True,True,True,True,True,True,True,True,True,True,True,True,True,True,True,True
/mnt/tank/scratch/okonovalova/AffiTox/analysis/excluding_2z5x_3mjg/tables/posebuster/sdf/6gqj/gnina/ligand_683.sdf,,0,True,True,True,True,True,True,True,True,True,True,True,True,True,True,True,True,True,True,True,True,True
/mnt/tank/scratch/okonovalova/AffiTox/analysis/excluding_2z5x_3mjg/tables/posebuster/sdf/6gqj/gnina/ligand_690.sdf,,0,True,True,True,True,True,True,True,True,True,True,True,True,True,True,True,True,True,True,True,True,True
/mnt/tank/scratch/okonovalova/AffiTox/analysis/excluding_2z5x_3mjg/tables/posebuster/sdf/6gqj/gnina/ligand_685.sdf,,0,True,True,True,True,True,True,True,True,True,True,True,True,True,True,True,True,True,True,True,True,True
/mnt/tank/scratch/okonovalova/AffiTox/analysis/excluding_2z5x_3mjg/tables/posebuster/sdf/6gqj/gnina/ligand_688.sdf,,0,True,True,True,True,True,True,True,True,True,True,True,True,True,True,True,True,True,True,True,True,True
/mnt/tank/scratch/okonovalova/AffiTox/analysis/excluding_2z5x_3mjg/tables/posebuster/sdf/6gqj/gnina/ligand_692.sdf,,0,True,True,True,True,True,True,True,True,True,True,True,True,True,True,True,True,True,True,True,True,True
/mnt/tank/scratch/okonovalova/AffiTox/analysis/excluding_2z5x_3mjg/tables/posebuster/sdf/6gqj/gnina/ligand_684.sdf,,0,True,True,True,True,True,True,True,True,True,True,True,True,True,True,True,True,True,True,True,True,True
/mnt/tank/scratch/okonovalova/AffiTox/analysis/excluding_2z5x_3mjg/tables/posebuster/sdf/6gqj/gnina/ligand_697.sdf,,0,True,True,True,True,True,True,True,True,True,True,True,True,True,True,True,True,True,True,True,True,True
/mnt/tank/scratch/okonovalova/AffiTox/analysis/excluding_2z5x_3mjg/tables/posebuster/sdf/6gqj/gnina/ligand_694.sdf,,0,True,True,True,True,True,True,True,True,True,True,True,False,True,True,True,True,True,True,True,True,True
/mnt/tank/scratch/okonovalova/AffiTox/analysis/excluding_2z5x_3mjg/tables/posebuster/sdf/6gqj/gnina/ligand_689.sdf,,0,True,True,True,True,True,True,True,True,True,True,True,False,True,False,True,True,True,True,True,True,True
/mnt/tank/scratch/okonovalova/AffiTox/analysis/excluding_2z5x_3mjg/tables/posebuster/sdf/6gqj/gnina/ligand_696.sdf,,0,True,True,True,True,True,True,True,True,True,True,True,True,True,True,True,True,True,True,True,True,True
/mnt/tank/scratch/okonovalova/AffiTox/analysis/excluding_2z5x_3mjg/tables/posebuster/sdf/6gqj/gnina/ligand_699.sdf,,0,True,True,True,True,True,True,True,True,True,True,True,True,True,True,True,True,True,True,True,True,True
/mnt/tank/scratch/okonovalova/AffiTox/analysis/excluding_2z5x_3mjg/tables/posebuster/sdf/6gqj/gnina/ligand_700.sdf,,0,True,True,True,True,True,True,True,True,True,True,True,True,True,True,True,True,True,True,True,True,True
/mnt/tank/scratch/okonovalova/AffiTox/analysis/excluding_2z5x_3mjg/tables/posebuster/sdf/6gqj/gnina/ligand_704.sdf,,0,True,True,True,True,True,True,True,True,True,True,True,True,True,True,True,True,True,True,True,True,True
/mnt/tank/scratch/okonovalova/AffiTox/analysis/excluding_2z5x_3mjg/tables/posebuster/sdf/6gqj/gnina/ligand_68.sdf,,0,True,True,True,True,True,True,True,True,True,True,True,True,True,True,True,True,True,True,True,True,True
/mnt/tank/scratch/okonovalova/AffiTox/analysis/excluding_2z5x_3mjg/tables/posebuster/sdf/6gqj/gnina/ligand_707.sdf,,0,True,True,True,True,True,True,True,True,True,True,True,True,True,True,True,True,True,True,True,True,True
/mnt/tank/scratch/okonovalova/AffiTox/analysis/excluding_2z5x_3mjg/tables/posebuster/sdf/6gqj/gnina/ligand_693.sdf,,0,True,True,True,True,True,True,True,True,True,True,True,True,True,True,True,True,True,True,True,True,True
/mnt/tank/scratch/okonovalova/AffiTox/analysis/excluding_2z5x_3mjg/tables/posebuster/sdf/6gqj/gnina/ligand_698.sdf,,0,True,True,True,True,True,True,True,True,True,True,True,True,True,True,True,True,True,True,True,True,True
/mnt/tank/scratch/okonovalova/AffiTox/analysis/excluding_2z5x_3mjg/tables/posebuster/sdf/6gqj/gnina/ligand_701.sdf,,0,True,True,True,True,True,True,True,True,True,True,True,True,True,True,True,True,True,True,True,True,True
/mnt/tank/scratch/okonovalova/AffiTox/analysis/excluding_2z5x_3mjg/tables/posebuster/sdf/6gqj/gnina/ligand_695.sdf,,0,True,True,True,True,True,True,True,True,True,True,True,True,True,True,True,True,True,True,True,True,True
/mnt/tank/scratch/okonovalova/AffiTox/analysis/excluding_2z5x_3mjg/tables/posebuster/sdf/6gqj/gnina/ligand_703.sdf,,0,True,True,True,True,True,True,True,True,True,True,True,True,True,True,True,True,True,True,True,True,True
/mnt/tank/scratch/okonovalova/AffiTox/analysis/excluding_2z5x_3mjg/tables/posebuster/sdf/6gqj/gnina/ligand_706.sdf,,0,True,True,True,True,True,True,True,True,True,True,True,True,True,True,True,True,True,True,True,True,True
/mnt/tank/scratch/okonovalova/AffiTox/analysis/excluding_2z5x_3mjg/tables/posebuster/sdf/6gqj/gnina/ligand_702.sdf,,0,True,True,True,True,True,True,True,True,True,True,True,True,True,True,True,True,True,True,True,True,True
/mnt/tank/scratch/okonovalova/AffiTox/analysis/excluding_2z5x_3mjg/tables/posebuster/sdf/6gqj/gnina/ligand_705.sdf,,0,True,True,True,True,True,True,True,True,True,True,True,True,True,True,True,True,True,True,True,True,True
/mnt/tank/scratch/okonovalova/AffiTox/analysis/excluding_2z5x_3mjg/tables/posebuster/sdf/6gqj/gnina/ligand_708.sdf,,0,True,True,True,True,True,True,True,True,True,True,True,True,True,True,True,True,True,True,True,True,True
/mnt/tank/scratch/okonovalova/AffiTox/analysis/excluding_2z5x_3mjg/tables/posebuster/sdf/6gqj/gnina/ligand_6.sdf,,0,True,True,True,True,True,True,True,True,True,True,True,True,True,True,True,True,True,True,True,True,True
/mnt/tank/scratch/okonovalova/AffiTox/analysis/excluding_2z5x_3mjg/tables/posebuster/sdf/6gqj/gnina/ligand_69.sdf,,0,True,True,True,True,True,True,True,True,True,True,True,True,True,True,True,True,True,True,True,True,True
/mnt/tank/scratch/okonovalova/AffiTox/analysis/excluding_2z5x_3mjg/tables/posebuster/sdf/6gqj/gnina/ligand_709.sdf,,0,True,True,True,True,True,True,True,True,True,True,True,True,True,True,True,True,True,True,True,True,True
/mnt/tank/scratch/okonovalova/AffiTox/analysis/excluding_2z5x_3mjg/tables/posebuster/sdf/6gqj/gnina/ligand_711.sdf,,0,True,True,True,True,True,True,True,True,True,True,True,True,True,True,True,True,True,True,True,True,True
/mnt/tank/scratch/okonovalova/AffiTox/analysis/excluding_2z5x_3mjg/tables/posebuster/sdf/6gqj/gnina/ligand_714.sdf,,0,True,True,True,True,True,True,True,True,True,True,True,True,True,True,True,True,True,True,True,True,True
/mnt/tank/scratch/okonovalova/AffiTox/analysis/excluding_2z5x_3mjg/tables/posebuster/sdf/6gqj/gnina/ligand_713.sdf,,0,True,True,True,True,True,True,True,True,True,True,True,True,True,True,True,True,True,True,True,True,True
/mnt/tank/scratch/okonovalova/AffiTox/analysis/excluding_2z5x_3mjg/tables/posebuster/sdf/6gqj/gnina/ligand_718.sdf,,0,True,True,True,True,True,True,True,True,True,True,True,True,True,True,True,True,True,True,True,True,True
/mnt/tank/scratch/okonovalova/AffiTox/analysis/excluding_2z5x_3mjg/tables/posebuster/sdf/6gqj/gnina/ligand_70.sdf,,0,True,True,True,True,True,True,True,True,True,True,True,True,True,True,True,True,True,True,True,True,True
/mnt/tank/scratch/okonovalova/AffiTox/analysis/excluding_2z5x_3mjg/tables/posebuster/sdf/6gqj/gnina/ligand_716.sdf,,0,True,True,True,True,True,True,True,True,True,True,True,True,True,True,True,True,True,True,True,True,True
/mnt/tank/scratch/okonovalova/AffiTox/analysis/excluding_2z5x_3mjg/tables/posebuster/sdf/6gqj/gnina/ligand_717.sdf,,0,True,True,True,True,True,True,True,True,True,True,True,True,True,True,True,True,True,True,True,True,True
/mnt/tank/scratch/okonovalova/AffiTox/analysis/excluding_2z5x_3mjg/tables/posebuster/sdf/6gqj/gnina/ligand_715.sdf,,0,True,True,True,True,True,True,True,True,True,True,True,True,True,True,True,True,True,True,True,True,True
/mnt/tank/scratch/okonovalova/AffiTox/analysis/excluding_2z5x_3mjg/tables/posebuster/sdf/6gqj/gnina/ligand_710.sdf,,0,True,True,True,True,True,True,True,True,True,True,True,True,True,True,True,True,True,True,True,True,True
/mnt/tank/scratch/okonovalova/AffiTox/analysis/excluding_2z5x_3mjg/tables/posebuster/sdf/6gqj/gnina/ligand_719.sdf,,0,True,True,True,True,True,True,True,True,True,True,True,True,True,True,True,True,True,True,True,True,True
/mnt/tank/scratch/okonovalova/AffiTox/analysis/excluding_2z5x_3mjg/tables/posebuster/sdf/6gqj/gnina/ligand_712.sdf,,0,True,True,True,True,True,True,True,True,True,True,True,True,True,True,True,True,True,True,True,True,True
/mnt/tank/scratch/okonovalova/AffiTox/analysis/excluding_2z5x_3mjg/tables/posebuster/sdf/6gqj/gnina/ligand_722.sdf,,0,True,True,True,True,True,True,True,True,True,True,True,True,True,True,True,True,True,True,True,True,True
/mnt/tank/scratch/okonovalova/AffiTox/analysis/excluding_2z5x_3mjg/tables/posebuster/sdf/6gqj/gnina/ligand_721.sdf,,0,True,True,True,True,True,True,True,True,True,True,True,True,True,True,True,True,True,True,True,True,True
/mnt/tank/scratch/okonovalova/AffiTox/analysis/excluding_2z5x_3mjg/tables/posebuster/sdf/6gqj/gnina/ligand_723.sdf,,0,True,True,True,True,True,True,True,True,True,True,True,True,True,True,True,True,True,True,True,True,True
/mnt/tank/scratch/okonovalova/AffiTox/analysis/excluding_2z5x_3mjg/tables/posebuster/sdf/6gqj/gnina/ligand_720.sdf,,0,True,True,True,True,True,True,True,True,True,True,True,True,True,True,True,True,True,True,True,True,True
/mnt/tank/scratch/okonovalova/AffiTox/analysis/excluding_2z5x_3mjg/tables/posebuster/sdf/6gqj/gnina/ligand_724.sdf,,0,True,True,True,True,True,True,True,True,True,True,True,True,True,True,True,True,True,True,True,True,True
/mnt/tank/scratch/okonovalova/AffiTox/analysis/excluding_2z5x_3mjg/tables/posebuster/sdf/6gqj/gnina/ligand_71.sdf,,0,True,True,True,True,True,True,True,True,True,True,True,True,True,True,True,True,True,True,True,True,True
/mnt/tank/scratch/okonovalova/AffiTox/analysis/excluding_2z5x_3mjg/tables/posebuster/sdf/6gqj/gnina/ligand_726.sdf,,0,True,True,True,True,True,True,True,True,True,True,True,True,True,True,True,True,True,True,True,True,True
/mnt/tank/scratch/okonovalova/AffiTox/analysis/excluding_2z5x_3mjg/tables/posebuster/sdf/6gqj/gnina/ligand_730.sdf,,0,True,True,True,True,True,True,True,True,True,True,True,True,True,True,True,True,True,True,True,True,True
/mnt/tank/scratch/okonovalova/AffiTox/analysis/excluding_2z5x_3mjg/tables/posebuster/sdf/6gqj/gnina/ligand_733.sdf,,0,True,True,True,True,True,True,True,True,True,True,True,True,True,True,True,True,True,True,True,True,True
/mnt/tank/scratch/okonovalova/AffiTox/analysis/excluding_2z5x_3mjg/tables/posebuster/sdf/6gqj/gnina/ligand_734.sdf,,0,True,True,True,True,True,True,True,True,True,True,True,True,True,True,True,True,True,True,True,True,True
/mnt/tank/scratch/okonovalova/AffiTox/analysis/excluding_2z5x_3mjg/tables/posebuster/sdf/6gqj/gnina/ligand_727.sdf,,0,True,True,True,True,True,True,True,True,True,True,True,True,True,True,True,True,True,True,True,True,True
/mnt/tank/scratch/okonovalova/AffiTox/analysis/excluding_2z5x_3mjg/tables/posebuster/sdf/6gqj/gnina/ligand_725.sdf,,0,True,True,True,True,True,True,True,True,True,True,True,True,True,True,True,True,True,True,True,True,True
/mnt/tank/scratch/okonovalova/AffiTox/analysis/excluding_2z5x_3mjg/tables/posebuster/sdf/6gqj/gnina/ligand_728.sdf,,0,True,True,True,True,True,True,True,True,True,True,True,True,True,True,True,True,True,True,True,True,True
/mnt/tank/scratch/okonovalova/AffiTox/analysis/excluding_2z5x_3mjg/tables/posebuster/sdf/6gqj/gnina/ligand_729.sdf,,0,True,True,True,True,True,True,True,True,True,True,True,True,True,True,True,True,True,True,True,True,True
/mnt/tank/scratch/okonovalova/AffiTox/analysis/excluding_2z5x_3mjg/tables/posebuster/sdf/6gqj/gnina/ligand_732.sdf,,0,True,True,True,True,True,True,True,True,True,True,True,True,True,True,True,True,True,True,True,True,True
/mnt/tank/scratch/okonovalova/AffiTox/analysis/excluding_2z5x_3mjg/tables/posebuster/sdf/6gqj/gnina/ligand_731.sdf,,0,True,True,True,True,True,True,True,True,True,True,True,True,True,True,True,True,True,True,True,True,True
/mnt/tank/scratch/okonovalova/AffiTox/analysis/excluding_2z5x_3mjg/tables/posebuster/sdf/6gqj/gnina/ligand_736.sdf,,0,True,True,True,True,True,True,True,True,True,True,True,True,True,True,True,True,True,True,True,True,True
/mnt/tank/scratch/okonovalova/AffiTox/analysis/excluding_2z5x_3mjg/tables/posebuster/sdf/6gqj/gnina/ligand_735.sdf,,0,True,True,True,True,True,True,True,True,True,True,True,True,True,True,True,True,True,True,True,True,True
/mnt/tank/scratch/okonovalova/AffiTox/analysis/excluding_2z5x_3mjg/tables/posebuster/sdf/6gqj/gnina/ligand_72.sdf,,0,True,True,True,True,True,True,True,True,True,True,True,True,True,True,True,True,True,True,True,True,True
/mnt/tank/scratch/okonovalova/AffiTox/analysis/excluding_2z5x_3mjg/tables/posebuster/sdf/6gqj/gnina/ligand_741.sdf,,0,True,True,True,True,True,True,True,True,True,True,True,True,True,True,True,True,True,True,True,True,True
/mnt/tank/scratch/okonovalova/AffiTox/analysis/excluding_2z5x_3mjg/tables/posebuster/sdf/6gqj/gnina/ligand_743.sdf,,0,True,True,True,True,True,True,True,True,True,True,True,True,True,True,True,True,True,True,True,True,True
/mnt/tank/scratch/okonovalova/AffiTox/analysis/excluding_2z5x_3mjg/tables/posebuster/sdf/6gqj/gnina/ligand_739.sdf,,0,True,True,True,True,True,True,True,True,True,True,True,True,True,True,True,True,True,True,True,True,True
/mnt/tank/scratch/okonovalova/AffiTox/analysis/excluding_2z5x_3mjg/tables/posebuster/sdf/6gqj/gnina/ligand_746.sdf,,0,True,True,True,True,True,True,True,True,True,True,True,True,True,True,True,True,True,True,True,True,True
/mnt/tank/scratch/okonovalova/AffiTox/analysis/excluding_2z5x_3mjg/tables/posebuster/sdf/6gqj/gnina/ligand_738.sdf,,0,True,True,True,True,True,True,True,True,True,True,True,True,True,True,True,True,True,True,True,True,True
/mnt/tank/scratch/okonovalova/AffiTox/analysis/excluding_2z5x_3mjg/tables/posebuster/sdf/6gqj/gnina/ligand_73.sdf,,0,True,True,True,True,True,True,True,True,True,True,True,True,True,True,True,True,True,True,True,True,True
/mnt/tank/scratch/okonovalova/AffiTox/analysis/excluding_2z5x_3mjg/tables/posebuster/sdf/6gqj/gnina/ligand_737.sdf,,0,True,True,True,True,True,True,True,True,True,True,True,True,True,True,True,True,True,True,True,True,True
/mnt/tank/scratch/okonovalova/AffiTox/analysis/excluding_2z5x_3mjg/tables/posebuster/sdf/6gqj/gnina/ligand_742.sdf,,0,True,True,True,True,True,True,True,True,True,True,True,True,True,True,True,True,True,True,True,True,True
/mnt/tank/scratch/okonovalova/AffiTox/analysis/excluding_2z5x_3mjg/tables/posebuster/sdf/6gqj/gnina/ligand_749.sdf,,0,True,True,True,True,True,True,True,True,True,True,True,True,True,True,True,True,True,True,True,True,True
/mnt/tank/scratch/okonovalova/AffiTox/analysis/excluding_2z5x_3mjg/tables/posebuster/sdf/6gqj/gnina/ligand_744.sdf,,0,True,True,True,True,True,True,True,True,True,True,True,True,True,True,True,True,True,True,True,True,True
/mnt/tank/scratch/okonovalova/AffiTox/analysis/excluding_2z5x_3mjg/tables/posebuster/sdf/6gqj/gnina/ligand_745.sdf,,0,True,True,True,True,True,True,True,True,True,True,True,True,True,True,True,True,True,True,True,True,True
/mnt/tank/scratch/okonovalova/AffiTox/analysis/excluding_2z5x_3mjg/tables/posebuster/sdf/6gqj/gnina/ligand_747.sdf,,0,True,True,True,True,True,True,True,True,True,True,True,True,True,True,True,True,True,True,True,True,True
/mnt/tank/scratch/okonovalova/AffiTox/analysis/excluding_2z5x_3mjg/tables/posebuster/sdf/6gqj/gnina/ligand_74.sdf,,0,True,True,True,True,True,True,True,True,True,True,True,True,True,True,True,True,True,True,True,True,True
/mnt/tank/scratch/okonovalova/AffiTox/analysis/excluding_2z5x_3mjg/tables/posebuster/sdf/6gqj/gnina/ligand_740.sdf,,0,True,True,True,True,True,True,True,True,True,True,True,True,True,True,True,True,True,True,True,True,True
/mnt/tank/scratch/okonovalova/AffiTox/analysis/excluding_2z5x_3mjg/tables/posebuster/sdf/6gqj/gnina/ligand_750.sdf,,0,True,True,True,True,True,True,True,True,True,True,True,True,True,True,True,True,True,True,True,True,True
/mnt/tank/scratch/okonovalova/AffiTox/analysis/excluding_2z5x_3mjg/tables/posebuster/sdf/6gqj/gnina/ligand_748.sdf,,0,True,True,True,True,True,True,True,True,True,True,True,True,True,True,True,True,True,True,True,True,True
/mnt/tank/scratch/okonovalova/AffiTox/analysis/excluding_2z5x_3mjg/tables/posebuster/sdf/6gqj/gnina/ligand_752.sdf,,0,True,True,True,True,True,True,True,True,True,True,True,True,True,True,True,True,True,True,True,True,True
/mnt/tank/scratch/okonovalova/AffiTox/analysis/excluding_2z5x_3mjg/tables/posebuster/sdf/6gqj/gnina/ligand_754.sdf,,0,True,True,True,True,True,True,True,True,True,True,True,True,True,True,True,True,True,True,True,True,True
/mnt/tank/scratch/okonovalova/AffiTox/analysis/excluding_2z5x_3mjg/tables/posebuster/sdf/6gqj/gnina/ligand_751.sdf,,0,True,True,True,True,True,True,True,True,True,True,True,True,True,True,True,True,True,True,True,True,True
/mnt/tank/scratch/okonovalova/AffiTox/analysis/excluding_2z5x_3mjg/tables/posebuster/sdf/6gqj/gnina/ligand_757.sdf,,0,True,True,True,True,True,True,True,True,True,True,True,True,True,True,True,True,True,True,True,True,True
/mnt/tank/scratch/okonovalova/AffiTox/analysis/excluding_2z5x_3mjg/tables/posebuster/sdf/6gqj/gnina/ligand_753.sdf,,0,True,True,True,True,True,True,True,True,True,True,True,True,True,True,True,True,True,True,True,True,True
/mnt/tank/scratch/okonovalova/AffiTox/analysis/excluding_2z5x_3mjg/tables/posebuster/sdf/6gqj/gnina/ligand_75.sdf,,0,True,True,True,True,True,True,True,True,True,True,True,True,True,True,True,True,True,True,True,True,True
/mnt/tank/scratch/okonovalova/AffiTox/analysis/excluding_2z5x_3mjg/tables/posebuster/sdf/6gqj/gnina/ligand_760.sdf,,0,True,True,True,True,True,True,True,True,True,True,True,True,True,True,True,True,True,True,True,True,True
/mnt/tank/scratch/okonovalova/AffiTox/analysis/excluding_2z5x_3mjg/tables/posebuster/sdf/6gqj/gnina/ligand_763.sdf,,0,True,True,True,True,True,True,True,True,True,True,True,True,True,True,True,True,True,True,True,True,True
/mnt/tank/scratch/okonovalova/AffiTox/analysis/excluding_2z5x_3mjg/tables/posebuster/sdf/6gqj/gnina/ligand_758.sdf,,0,True,True,True,True,True,True,True,True,True,True,True,True,True,True,True,True,True,True,True,True,True
/mnt/tank/scratch/okonovalova/AffiTox/analysis/excluding_2z5x_3mjg/tables/posebuster/sdf/6gqj/gnina/ligand_756.sdf,,0,True,True,True,True,True,True,True,True,True,True,True,True,True,True,True,True,True,True,True,True,True
/mnt/tank/scratch/okonovalova/AffiTox/analysis/excluding_2z5x_3mjg/tables/posebuster/sdf/6gqj/gnina/ligand_761.sdf,,0,True,True,True,True,True,True,True,True,True,True,True,True,True,True,True,True,True,True,True,True,True
/mnt/tank/scratch/okonovalova/AffiTox/analysis/excluding_2z5x_3mjg/tables/posebuster/sdf/6gqj/gnina/ligand_762.sdf,,0,True,True,True,True,True,True,True,True,True,True,True,True,True,True,True,True,True,True,True,True,True
/mnt/tank/scratch/okonovalova/AffiTox/analysis/excluding_2z5x_3mjg/tables/posebuster/sdf/6gqj/gnina/ligand_755.sdf,,0,True,True,True,True,True,True,True,True,True,True,True,True,True,True,True,True,True,True,True,True,True
/mnt/tank/scratch/okonovalova/AffiTox/analysis/excluding_2z5x_3mjg/tables/posebuster/sdf/6gqj/gnina/ligand_759.sdf,,0,True,True,True,True,True,True,True,True,True,True,True,True,True,True,True,True,True,True,True,True,True
/mnt/tank/scratch/okonovalova/AffiTox/analysis/excluding_2z5x_3mjg/tables/posebuster/sdf/6gqj/gnina/ligand_765.sdf,,0,True,True,True,True,True,True,True,True,True,True,True,True,True,False,True,True,True,True,True,True,True
/mnt/tank/scratch/okonovalova/AffiTox/analysis/excluding_2z5x_3mjg/tables/posebuster/sdf/6gqj/gnina/ligand_764.sdf,,0,True,True,True,True,True,True,True,True,True,True,True,True,True,True,True,True,True,True,True,True,True
/mnt/tank/scratch/okonovalova/AffiTox/analysis/excluding_2z5x_3mjg/tables/posebuster/sdf/6gqj/gnina/ligand_769.sdf,,0,True,True,True,True,True,True,True,True,True,True,True,True,True,True,True,True,True,True,True,True,True
/mnt/tank/scratch/okonovalova/AffiTox/analysis/excluding_2z5x_3mjg/tables/posebuster/sdf/6gqj/gnina/ligand_768.sdf,,0,True,True,True,True,True,True,True,True,True,True,True,True,True,True,True,True,True,True,True,True,True
/mnt/tank/scratch/okonovalova/AffiTox/analysis/excluding_2z5x_3mjg/tables/posebuster/sdf/6gqj/gnina/ligand_771.sdf,,0,True,True,True,True,True,True,True,True,True,True,True,True,True,True,True,True,True,True,True,True,True
/mnt/tank/scratch/okonovalova/AffiTox/analysis/excluding_2z5x_3mjg/tables/posebuster/sdf/6gqj/gnina/ligand_76.sdf,,0,True,True,True,True,True,True,True,True,True,True,True,True,True,True,True,True,True,True,True,True,True
/mnt/tank/scratch/okonovalova/AffiTox/analysis/excluding_2z5x_3mjg/tables/posebuster/sdf/6gqj/gnina/ligand_772.sdf,,0,True,True,True,True,True,True,True,True,True,True,True,True,True,True,True,True,True,True,True,True,True
/mnt/tank/scratch/okonovalova/AffiTox/analysis/excluding_2z5x_3mjg/tables/posebuster/sdf/6gqj/gnina/ligand_766.sdf,,0,True,True,True,True,True,True,True,True,True,True,True,True,True,False,True,True,True,True,True,True,True
/mnt/tank/scratch/okonovalova/AffiTox/analysis/excluding_2z5x_3mjg/tables/posebuster/sdf/6gqj/gnina/ligand_767.sdf,,0,True,True,True,True,True,True,True,True,True,True,True,True,True,True,True,True,True,True,True,True,True
/mnt/tank/scratch/okonovalova/AffiTox/analysis/excluding_2z5x_3mjg/tables/posebuster/sdf/6gqj/gnina/ligand_777.sdf,,0,True,True,True,True,True,True,True,True,True,True,True,True,True,True,True,True,True,True,True,True,True
/mnt/tank/scratch/okonovalova/AffiTox/analysis/excluding_2z5x_3mjg/tables/posebuster/sdf/6gqj/gnina/ligand_770.sdf,,0,True,True,True,True,True,True,True,True,True,True,True,True,True,True,True,True,True,True,True,True,True
/mnt/tank/scratch/okonovalova/AffiTox/analysis/excluding_2z5x_3mjg/tables/posebuster/sdf/6gqj/gnina/ligand_773.sdf,,0,True,True,True,True,True,True,True,True,True,True,True,True,True,True,True,True,True,True,True,True,True
/mnt/tank/scratch/okonovalova/AffiTox/analysis/excluding_2z5x_3mjg/tables/posebuster/sdf/6gqj/gnina/ligand_774.sdf,,0,True,True,True,True,True,True,True,True,True,True,True,True,True,True,True,True,True,True,True,True,True
/mnt/tank/scratch/okonovalova/AffiTox/analysis/excluding_2z5x_3mjg/tables/posebuster/sdf/6gqj/gnina/ligand_776.sdf,,0,True,True,True,True,True,True,True,True,True,True,True,True,True,True,True,True,True,True,True,True,True
/mnt/tank/scratch/okonovalova/AffiTox/analysis/excluding_2z5x_3mjg/tables/posebuster/sdf/6gqj/gnina/ligand_779.sdf,,0,True,True,True,True,True,True,True,True,True,True,True,True,True,False,True,True,True,True,True,True,True
/mnt/tank/scratch/okonovalova/AffiTox/analysis/excluding_2z5x_3mjg/tables/posebuster/sdf/6gqj/gnina/ligand_775.sdf,,0,True,True,True,True,True,True,True,True,True,True,True,True,True,True,True,True,True,True,True,True,True
/mnt/tank/scratch/okonovalova/AffiTox/analysis/excluding_2z5x_3mjg/tables/posebuster/sdf/6gqj/gnina/ligand_781.sdf,,0,True,True,True,True,True,True,True,True,True,True,True,True,True,True,True,True,True,True,True,True,True
/mnt/tank/scratch/okonovalova/AffiTox/analysis/excluding_2z5x_3mjg/tables/posebuster/sdf/6gqj/gnina/ligand_787.sdf,,0,True,True,True,True,True,True,True,True,True,True,True,True,True,True,True,True,True,True,True,True,True
/mnt/tank/scratch/okonovalova/AffiTox/analysis/excluding_2z5x_3mjg/tables/posebuster/sdf/6gqj/gnina/ligand_778.sdf,,0,True,True,True,True,True,True,True,True,True,True,True,True,True,True,True,True,True,True,True,True,True
/mnt/tank/scratch/okonovalova/AffiTox/analysis/excluding_2z5x_3mjg/tables/posebuster/sdf/6gqj/gnina/ligand_780.sdf,,0,True,True,True,True,True,True,True,True,True,True,True,True,True,True,True,True,True,True,True,True,True
/mnt/tank/scratch/okonovalova/AffiTox/analysis/excluding_2z5x_3mjg/tables/posebuster/sdf/6gqj/gnina/ligand_788.sdf,,0,True,True,True,True,True,True,True,True,True,True,True,True,True,True,True,True,True,True,True,True,True
/mnt/tank/scratch/okonovalova/AffiTox/analysis/excluding_2z5x_3mjg/tables/posebuster/sdf/6gqj/gnina/ligand_786.sdf,,0,True,True,True,True,True,True,True,True,True,True,True,True,True,True,True,True,True,True,True,True,True
/mnt/tank/scratch/okonovalova/AffiTox/analysis/excluding_2z5x_3mjg/tables/posebuster/sdf/6gqj/gnina/ligand_782.sdf,,0,True,True,True,True,True,True,True,True,True,True,True,True,True,True,True,True,True,True,True,True,True
/mnt/tank/scratch/okonovalova/AffiTox/analysis/excluding_2z5x_3mjg/tables/posebuster/sdf/6gqj/gnina/ligand_77.sdf,,0,True,True,True,True,True,True,True,True,True,True,True,True,True,True,True,True,True,True,True,True,True
/mnt/tank/scratch/okonovalova/AffiTox/analysis/excluding_2z5x_3mjg/tables/posebuster/sdf/6gqj/gnina/ligand_785.sdf,,0,True,True,True,True,True,True,True,True,True,True,True,True,True,True,True,True,True,True,True,True,True
/mnt/tank/scratch/okonovalova/AffiTox/analysis/excluding_2z5x_3mjg/tables/posebuster/sdf/6gqj/gnina/ligand_784.sdf,,0,True,True,True,True,True,True,True,True,True,True,True,True,True,True,True,True,True,True,True,True,True
/mnt/tank/scratch/okonovalova/AffiTox/analysis/excluding_2z5x_3mjg/tables/posebuster/sdf/6gqj/gnina/ligand_783.sdf,,0,True,True,True,True,True,True,True,True,True,True,True,True,True,True,True,True,True,True,True,True,True
/mnt/tank/scratch/okonovalova/AffiTox/analysis/excluding_2z5x_3mjg/tables/posebuster/sdf/6gqj/gnina/ligand_790.sdf,,0,True,True,True,True,True,True,True,True,True,True,True,True,True,True,True,True,True,True,True,True,True
/mnt/tank/scratch/okonovalova/AffiTox/analysis/excluding_2z5x_3mjg/tables/posebuster/sdf/6gqj/gnina/ligand_79.sdf,,0,True,True,True,True,True,True,True,True,True,True,True,True,True,True,True,True,True,True,True,True,True
/mnt/tank/scratch/okonovalova/AffiTox/analysis/excluding_2z5x_3mjg/tables/posebuster/sdf/6gqj/gnina/ligand_789.sdf,,0,True,True,True,True,True,True,True,True,True,True,True,True,True,True,True,True,True,True,True,True,True
/mnt/tank/scratch/okonovalova/AffiTox/analysis/excluding_2z5x_3mjg/tables/posebuster/sdf/6gqj/gnina/ligand_7.sdf,,0,True,True,True,True,True,True,True,True,True,True,True,True,True,True,True,True,True,True,True,True,True
/mnt/tank/scratch/okonovalova/AffiTox/analysis/excluding_2z5x_3mjg/tables/posebuster/sdf/6gqj/gnina/ligand_78.sdf,,0,True,True,True,True,True,True,True,True,True,True,True,True,True,True,True,True,True,True,True,True,True
/mnt/tank/scratch/okonovalova/AffiTox/analysis/excluding_2z5x_3mjg/tables/posebuster/sdf/6gqj/gnina/ligand_791.sdf,,0,True,True,True,True,True,True,True,True,True,True,True,True,True,True,True,True,True,True,True,True,True
/mnt/tank/scratch/okonovalova/AffiTox/analysis/excluding_2z5x_3mjg/tables/posebuster/sdf/6gqj/gnina/ligand_795.sdf,,0,True,True,True,True,True,True,True,True,True,True,True,True,True,True,True,True,True,True,True,True,True
/mnt/tank/scratch/okonovalova/AffiTox/analysis/excluding_2z5x_3mjg/tables/posebuster/sdf/6gqj/gnina/ligand_799.sdf,,0,True,True,True,True,True,True,True,True,True,True,True,True,True,True,True,True,True,True,True,True,True
/mnt/tank/scratch/okonovalova/AffiTox/analysis/excluding_2z5x_3mjg/tables/posebuster/sdf/6gqj/gnina/ligand_798.sdf,,0,True,True,True,True,True,True,True,True,True,True,True,True,True,True,True,True,True,True,True,True,True
/mnt/tank/scratch/okonovalova/AffiTox/analysis/excluding_2z5x_3mjg/tables/posebuster/sdf/6gqj/gnina/ligand_797.sdf,,0,True,True,True,True,True,True,True,True,True,True,True,True,True,True,True,True,True,True,True,True,True
/mnt/tank/scratch/okonovalova/AffiTox/analysis/excluding_2z5x_3mjg/tables/posebuster/sdf/6gqj/gnina/ligand_794.sdf,,0,True,True,True,True,True,True,True,True,True,True,True,True,True,True,True,True,True,True,True,True,True
/mnt/tank/scratch/okonovalova/AffiTox/analysis/excluding_2z5x_3mjg/tables/posebuster/sdf/6gqj/gnina/ligand_792.sdf,,0,True,True,True,True,True,True,True,True,True,True,True,True,True,True,True,True,True,True,True,True,True
/mnt/tank/scratch/okonovalova/AffiTox/analysis/excluding_2z5x_3mjg/tables/posebuster/sdf/6gqj/gnina/ligand_793.sdf,,0,True,True,True,True,True,True,True,True,True,True,True,True,True,True,True,True,True,True,True,True,True
/mnt/tank/scratch/okonovalova/AffiTox/analysis/excluding_2z5x_3mjg/tables/posebuster/sdf/6gqj/gnina/ligand_796.sdf,,0,True,True,True,True,True,True,True,True,True,True,True,True,True,True,True,True,True,True,True,True,True
/mnt/tank/scratch/okonovalova/AffiTox/analysis/excluding_2z5x_3mjg/tables/posebuster/sdf/6gqj/gnina/ligand_801.sdf,,0,True,True,True,True,True,True,True,True,True,True,True,True,True,False,True,True,True,True,True,True,True
/mnt/tank/scratch/okonovalova/AffiTox/analysis/excluding_2z5x_3mjg/tables/posebuster/sdf/6gqj/gnina/ligand_805.sdf,,0,True,True,True,True,True,True,True,True,True,True,True,True,True,True,True,True,True,True,True,True,True
/mnt/tank/scratch/okonovalova/AffiTox/analysis/excluding_2z5x_3mjg/tables/posebuster/sdf/6gqj/gnina/ligand_800.sdf,,0,True,True,True,True,True,True,True,True,True,True,True,True,True,True,True,True,True,True,True,True,True
/mnt/tank/scratch/okonovalova/AffiTox/analysis/excluding_2z5x_3mjg/tables/posebuster/sdf/6gqj/gnina/ligand_803.sdf,,0,True,True,True,True,True,True,True,True,True,True,True,True,True,False,True,True,True,True,True,True,True
/mnt/tank/scratch/okonovalova/AffiTox/analysis/excluding_2z5x_3mjg/tables/posebuster/sdf/6gqj/gnina/ligand_810.sdf,,0,True,True,True,True,True,True,True,True,True,True,True,False,True,True,True,True,True,True,True,True,True
/mnt/tank/scratch/okonovalova/AffiTox/analysis/excluding_2z5x_3mjg/tables/posebuster/sdf/6gqj/gnina/ligand_806.sdf,,0,True,True,True,True,True,True,True,True,True,True,True,True,True,True,True,True,True,True,True,True,True
/mnt/tank/scratch/okonovalova/AffiTox/analysis/excluding_2z5x_3mjg/tables/posebuster/sdf/6gqj/gnina/ligand_813.sdf,,0,True,True,True,True,True,True,True,False,True,True,True,True,True,False,True,True,True,True,True,True,True
/mnt/tank/scratch/okonovalova/AffiTox/analysis/excluding_2z5x_3mjg/tables/posebuster/sdf/6gqj/gnina/ligand_802.sdf,,0,True,True,True,True,True,True,True,True,True,True,True,True,True,False,True,True,True,True,True,True,True
/mnt/tank/scratch/okonovalova/AffiTox/analysis/excluding_2z5x_3mjg/tables/posebuster/sdf/6gqj/gnina/ligand_804.sdf,,0,True,True,True,True,True,True,True,True,True,True,True,True,True,True,True,True,True,True,True,True,True
/mnt/tank/scratch/okonovalova/AffiTox/analysis/excluding_2z5x_3mjg/tables/posebuster/sdf/6gqj/gnina/ligand_807.sdf,,0,True,True,True,True,True,True,True,True,True,True,True,True,True,True,True,True,True,True,True,True,True
/mnt/tank/scratch/okonovalova/AffiTox/analysis/excluding_2z5x_3mjg/tables/posebuster/sdf/6gqj/gnina/ligand_815.sdf,,0,True,True,True,True,True,True,True,True,True,True,True,True,True,True,True,True,True,True,True,True,True
/mnt/tank/scratch/okonovalova/AffiTox/analysis/excluding_2z5x_3mjg/tables/posebuster/sdf/6gqj/gnina/ligand_809.sdf,,0,True,True,True,True,True,True,True,True,True,True,True,True,True,True,True,True,True,True,True,True,True
/mnt/tank/scratch/okonovalova/AffiTox/analysis/excluding_2z5x_3mjg/tables/posebuster/sdf/6gqj/gnina/ligand_808.sdf,,0,True,True,True,True,True,True,True,True,True,True,True,True,True,False,True,True,True,True,True,True,True
/mnt/tank/scratch/okonovalova/AffiTox/analysis/excluding_2z5x_3mjg/tables/posebuster/sdf/6gqj/gnina/ligand_818.sdf,,0,True,True,True,True,True,True,True,True,True,True,True,True,True,True,True,True,True,True,True,True,True
/mnt/tank/scratch/okonovalova/AffiTox/analysis/excluding_2z5x_3mjg/tables/posebuster/sdf/6gqj/gnina/ligand_811.sdf,,0,True,True,True,True,True,True,True,True,True,True,True,True,True,True,True,True,True,True,True,True,True
/mnt/tank/scratch/okonovalova/AffiTox/analysis/excluding_2z5x_3mjg/tables/posebuster/sdf/6gqj/gnina/ligand_80.sdf,,0,True,True,True,True,True,True,True,True,True,True,True,True,True,False,True,True,True,True,True,True,True
/mnt/tank/scratch/okonovalova/AffiTox/analysis/excluding_2z5x_3mjg/tables/posebuster/sdf/6gqj/gnina/ligand_816.sdf,,0,True,True,True,True,True,True,True,True,True,True,True,True,True,True,True,True,True,True,True,True,True
/mnt/tank/scratch/okonovalova/AffiTox/analysis/excluding_2z5x_3mjg/tables/posebuster/sdf/6gqj/gnina/ligand_817.sdf,,0,True,True,True,True,True,True,True,True,True,True,True,True,True,True,True,True,True,True,True,True,True
/mnt/tank/scratch/okonovalova/AffiTox/analysis/excluding_2z5x_3mjg/tables/posebuster/sdf/6gqj/gnina/ligand_814.sdf,,0,True,True,True,True,True,True,True,True,True,True,True,True,True,True,True,True,True,True,True,True,True
/mnt/tank/scratch/okonovalova/AffiTox/analysis/excluding_2z5x_3mjg/tables/posebuster/sdf/6gqj/gnina/ligand_812.sdf,,0,True,True,True,True,True,True,True,True,True,True,True,True,True,True,True,True,True,True,True,True,True
/mnt/tank/scratch/okonovalova/AffiTox/analysis/excluding_2z5x_3mjg/tables/posebuster/sdf/6gqj/gnina/ligand_819.sdf,,0,True,True,True,True,True,True,True,True,True,True,True,True,True,True,True,True,True,True,True,True,True
/mnt/tank/scratch/okonovalova/AffiTox/analysis/excluding_2z5x_3mjg/tables/posebuster/sdf/6gqj/gnina/ligand_822.sdf,,0,True,True,True,True,True,True,True,True,True,True,True,True,True,True,True,True,True,True,True,True,True
/mnt/tank/scratch/okonovalova/AffiTox/analysis/excluding_2z5x_3mjg/tables/posebuster/sdf/6gqj/gnina/ligand_81.sdf,,0,True,True,True,True,True,True,True,True,True,True,True,True,True,True,True,True,True,True,True,True,True
/mnt/tank/scratch/okonovalova/AffiTox/analysis/excluding_2z5x_3mjg/tables/posebuster/sdf/6gqj/gnina/ligand_821.sdf,,0,True,True,True,True,True,True,True,True,True,True,True,True,True,True,True,True,True,True,True,True,True
/mnt/tank/scratch/okonovalova/AffiTox/analysis/excluding_2z5x_3mjg/tables/posebuster/sdf/6gqj/gnina/ligand_820.sdf,,0,True,True,True,True,True,True,True,True,True,True,True,True,True,True,True,True,True,True,True,True,True
/mnt/tank/scratch/okonovalova/AffiTox/analysis/excluding_2z5x_3mjg/tables/posebuster/sdf/6gqj/gnina/ligand_823.sdf,,0,True,True,True,True,True,True,True,True,True,True,True,True,True,True,True,True,True,True,True,True,True
/mnt/tank/scratch/okonovalova/AffiTox/analysis/excluding_2z5x_3mjg/tables/posebuster/sdf/6gqj/gnina/ligand_824.sdf,,0,True,True,True,True,True,True,True,True,True,True,True,True,True,True,True,True,True,True,True,True,True
/mnt/tank/scratch/okonovalova/AffiTox/analysis/excluding_2z5x_3mjg/tables/posebuster/sdf/6gqj/gnina/ligand_825.sdf,,0,True,True,True,True,True,True,True,True,True,True,True,True,True,True,True,True,True,True,True,True,True
/mnt/tank/scratch/okonovalova/AffiTox/analysis/excluding_2z5x_3mjg/tables/posebuster/sdf/6gqj/gnina/ligand_826.sdf,,0,True,True,True,True,True,True,True,True,True,True,True,True,True,True,True,True,True,True,True,True,True
/mnt/tank/scratch/okonovalova/AffiTox/analysis/excluding_2z5x_3mjg/tables/posebuster/sdf/6gqj/gnina/ligand_839.sdf,,0,True,True,True,True,True,True,True,True,True,True,True,True,True,True,True,True,True,True,True,True,True
/mnt/tank/scratch/okonovalova/AffiTox/analysis/excluding_2z5x_3mjg/tables/posebuster/sdf/6gqj/gnina/ligand_831.sdf,,0,True,True,True,True,True,True,True,True,True,True,True,True,True,True,True,True,True,True,True,True,True
/mnt/tank/scratch/okonovalova/AffiTox/analysis/excluding_2z5x_3mjg/tables/posebuster/sdf/6gqj/gnina/ligand_82.sdf,,0,True,True,True,True,True,True,True,True,True,True,True,True,True,True,True,True,True,True,True,True,True
/mnt/tank/scratch/okonovalova/AffiTox/analysis/excluding_2z5x_3mjg/tables/posebuster/sdf/6gqj/gnina/ligand_830.sdf,,0,True,True,True,True,True,True,True,True,True,True,True,True,True,True,True,True,True,True,True,True,True
/mnt/tank/scratch/okonovalova/AffiTox/analysis/excluding_2z5x_3mjg/tables/posebuster/sdf/6gqj/gnina/ligand_83.sdf,,0,True,True,True,True,True,True,True,True,True,True,True,True,True,True,True,True,True,True,True,True,True
/mnt/tank/scratch/okonovalova/AffiTox/analysis/excluding_2z5x_3mjg/tables/posebuster/sdf/6gqj/gnina/ligand_832.sdf,,0,True,True,True,True,True,True,True,True,True,True,True,True,True,True,True,True,True,True,True,True,True
/mnt/tank/scratch/okonovalova/AffiTox/analysis/excluding_2z5x_3mjg/tables/posebuster/sdf/6gqj/gnina/ligand_828.sdf,,0,True,True,True,True,True,True,True,True,True,True,True,True,True,True,True,True,True,True,True,True,True
/mnt/tank/scratch/okonovalova/AffiTox/analysis/excluding_2z5x_3mjg/tables/posebuster/sdf/6gqj/gnina/ligand_838.sdf,,0,True,True,True,True,True,True,True,True,True,True,True,True,True,True,True,True,True,True,True,True,True
/mnt/tank/scratch/okonovalova/AffiTox/analysis/excluding_2z5x_3mjg/tables/posebuster/sdf/6gqj/gnina/ligand_837.sdf,,0,True,True,True,True,True,True,True,True,True,True,True,True,True,True,True,True,True,True,True,True,True
/mnt/tank/scratch/okonovalova/AffiTox/analysis/excluding_2z5x_3mjg/tables/posebuster/sdf/6gqj/gnina/ligand_840.sdf,,0,True,True,True,True,True,True,True,True,True,True,True,True,True,True,True,True,True,True,True,True,True
/mnt/tank/scratch/okonovalova/AffiTox/analysis/excluding_2z5x_3mjg/tables/posebuster/sdf/6gqj/gnina/ligand_827.sdf,,0,True,True,True,True,True,True,True,True,True,True,True,False,True,True,True,True,True,True,True,True,True
/mnt/tank/scratch/okonovalova/AffiTox/analysis/excluding_2z5x_3mjg/tables/posebuster/sdf/6gqj/gnina/ligand_836.sdf,,0,True,True,True,True,True,True,True,True,True,True,True,True,True,True,True,True,True,True,True,True,True
/mnt/tank/scratch/okonovalova/AffiTox/analysis/excluding_2z5x_3mjg/tables/posebuster/sdf/6gqj/gnina/ligand_843.sdf,,0,True,True,True,True,True,True,True,True,True,True,True,True,True,True,True,True,True,True,True,True,True
/mnt/tank/scratch/okonovalova/AffiTox/analysis/excluding_2z5x_3mjg/tables/posebuster/sdf/6gqj/gnina/ligand_849.sdf,,0,True,True,True,True,True,True,True,True,True,True,True,True,True,True,True,True,True,True,True,True,True
/mnt/tank/scratch/okonovalova/AffiTox/analysis/excluding_2z5x_3mjg/tables/posebuster/sdf/6gqj/gnina/ligand_844.sdf,,0,True,True,True,True,True,True,True,True,True,True,True,True,True,True,True,True,True,True,True,True,True
/mnt/tank/scratch/okonovalova/AffiTox/analysis/excluding_2z5x_3mjg/tables/posebuster/sdf/6gqj/gnina/ligand_829.sdf,,0,True,True,True,True,True,True,True,True,True,True,True,True,True,False,True,True,True,True,True,True,True
/mnt/tank/scratch/okonovalova/AffiTox/analysis/excluding_2z5x_3mjg/tables/posebuster/sdf/6gqj/gnina/ligand_841.sdf,,0,True,True,True,True,True,True,True,True,True,True,True,True,True,True,True,True,True,True,True,True,True
/mnt/tank/scratch/okonovalova/AffiTox/analysis/excluding_2z5x_3mjg/tables/posebuster/sdf/6gqj/gnina/ligand_835.sdf,,0,True,True,True,True,True,True,True,True,True,True,True,True,True,True,True,True,True,True,True,True,True
/mnt/tank/scratch/okonovalova/AffiTox/analysis/excluding_2z5x_3mjg/tables/posebuster/sdf/6gqj/gnina/ligand_833.sdf,,0,True,True,True,True,True,True,True,True,True,True,True,False,True,True,True,True,True,True,True,True,True
/mnt/tank/scratch/okonovalova/AffiTox/analysis/excluding_2z5x_3mjg/tables/posebuster/sdf/6gqj/gnina/ligand_834.sdf,,0,True,True,True,True,True,True,True,True,True,True,True,False,True,True,True,True,True,True,True,True,True
/mnt/tank/scratch/okonovalova/AffiTox/analysis/excluding_2z5x_3mjg/tables/posebuster/sdf/6gqj/gnina/ligand_848.sdf,,0,True,True,True,True,True,True,True,True,True,True,True,True,True,True,True,True,True,True,True,True,True
/mnt/tank/scratch/okonovalova/AffiTox/analysis/excluding_2z5x_3mjg/tables/posebuster/sdf/6gqj/gnina/ligand_847.sdf,,0,True,True,True,True,True,True,True,True,True,True,True,True,True,True,True,True,True,True,True,True,True
/mnt/tank/scratch/okonovalova/AffiTox/analysis/excluding_2z5x_3mjg/tables/posebuster/sdf/6gqj/gnina/ligand_84.sdf,,0,True,True,True,True,True,True,True,True,True,True,True,True,True,True,True,True,True,True,True,True,True
/mnt/tank/scratch/okonovalova/AffiTox/analysis/excluding_2z5x_3mjg/tables/posebuster/sdf/6gqj/gnina/ligand_845.sdf,,0,True,True,True,True,True,True,True,True,True,True,True,True,True,True,True,True,True,True,True,True,True
/mnt/tank/scratch/okonovalova/AffiTox/analysis/excluding_2z5x_3mjg/tables/posebuster/sdf/6gqj/gnina/ligand_846.sdf,,0,True,True,True,True,True,True,True,True,True,True,True,True,True,True,True,True,True,True,True,True,True
/mnt/tank/scratch/okonovalova/AffiTox/analysis/excluding_2z5x_3mjg/tables/posebuster/sdf/6gqj/gnina/ligand_856.sdf,,0,True,True,True,True,True,True,True,True,True,True,True,True,True,True,True,True,True,True,True,True,True
/mnt/tank/scratch/okonovalova/AffiTox/analysis/excluding_2z5x_3mjg/tables/posebuster/sdf/6gqj/gnina/ligand_842.sdf,,0,True,True,True,True,True,True,True,True,True,True,True,True,True,True,True,True,True,True,True,True,True
/mnt/tank/scratch/okonovalova/AffiTox/analysis/excluding_2z5x_3mjg/tables/posebuster/sdf/6gqj/gnina/ligand_850.sdf,,0,True,True,True,True,True,True,True,True,True,True,True,True,True,True,True,True,True,True,True,True,True
/mnt/tank/scratch/okonovalova/AffiTox/analysis/excluding_2z5x_3mjg/tables/posebuster/sdf/6gqj/gnina/ligand_859.sdf,,0,True,True,True,True,True,True,True,True,True,True,True,True,True,True,True,True,True,True,True,True,True
/mnt/tank/scratch/okonovalova/AffiTox/analysis/excluding_2z5x_3mjg/tables/posebuster/sdf/6gqj/gnina/ligand_852.sdf,,0,True,True,True,True,True,True,True,True,True,True,True,True,True,True,True,True,True,True,True,True,True
/mnt/tank/scratch/okonovalova/AffiTox/analysis/excluding_2z5x_3mjg/tables/posebuster/sdf/6gqj/gnina/ligand_851.sdf,,0,True,True,True,True,True,True,True,True,True,True,True,True,True,True,True,True,True,True,True,True,True
/mnt/tank/scratch/okonovalova/AffiTox/analysis/excluding_2z5x_3mjg/tables/posebuster/sdf/6gqj/gnina/ligand_854.sdf,,0,True,True,True,True,True,True,True,True,True,True,True,True,True,True,True,True,True,True,True,True,True
/mnt/tank/scratch/okonovalova/AffiTox/analysis/excluding_2z5x_3mjg/tables/posebuster/sdf/6gqj/gnina/ligand_857.sdf,,0,True,True,True,True,True,True,True,True,True,True,True,True,True,True,True,True,True,True,True,True,True
/mnt/tank/scratch/okonovalova/AffiTox/analysis/excluding_2z5x_3mjg/tables/posebuster/sdf/6gqj/gnina/ligand_853.sdf,,0,True,True,True,True,True,True,True,True,True,True,True,True,True,True,True,True,True,True,True,True,True
/mnt/tank/scratch/okonovalova/AffiTox/analysis/excluding_2z5x_3mjg/tables/posebuster/sdf/6gqj/gnina/ligand_861.sdf,,0,True,True,True,True,True,True,True,True,True,True,True,True,True,True,True,True,True,True,True,True,True
/mnt/tank/scratch/okonovalova/AffiTox/analysis/excluding_2z5x_3mjg/tables/posebuster/sdf/6gqj/gnina/ligand_855.sdf,,0,True,True,True,True,True,True,True,True,True,True,True,True,True,True,True,True,True,True,True,True,True
/mnt/tank/scratch/okonovalova/AffiTox/analysis/excluding_2z5x_3mjg/tables/posebuster/sdf/6gqj/gnina/ligand_858.sdf,,0,True,True,True,True,True,True,True,True,True,True,True,True,True,True,True,True,True,True,True,True,True
/mnt/tank/scratch/okonovalova/AffiTox/analysis/excluding_2z5x_3mjg/tables/posebuster/sdf/6gqj/gnina/ligand_860.sdf,,0,True,True,True,True,True,True,True,True,True,True,True,True,True,True,True,True,True,True,True,True,True
/mnt/tank/scratch/okonovalova/AffiTox/analysis/excluding_2z5x_3mjg/tables/posebuster/sdf/6gqj/gnina/ligand_863.sdf,,0,True,True,True,True,True,True,True,True,True,True,True,True,True,True,True,True,True,True,True,True,True
/mnt/tank/scratch/okonovalova/AffiTox/analysis/excluding_2z5x_3mjg/tables/posebuster/sdf/6gqj/gnina/ligand_864.sdf,,0,True,True,True,True,True,True,True,True,True,True,True,True,True,True,True,True,True,True,True,True,True
/mnt/tank/scratch/okonovalova/AffiTox/analysis/excluding_2z5x_3mjg/tables/posebuster/sdf/6gqj/gnina/ligand_862.sdf,,0,True,True,True,True,True,True,True,True,True,True,True,True,True,True,True,True,True,True,True,True,True
/mnt/tank/scratch/okonovalova/AffiTox/analysis/excluding_2z5x_3mjg/tables/posebuster/sdf/6gqj/gnina/ligand_85.sdf,,0,True,True,True,True,True,True,True,True,True,True,True,False,True,True,True,True,True,True,True,True,True
/mnt/tank/scratch/okonovalova/AffiTox/analysis/excluding_2z5x_3mjg/tables/posebuster/sdf/6gqj/gnina/ligand_869.sdf,,0,True,True,True,True,True,True,True,True,True,True,True,True,True,True,True,True,True,True,True,True,True
/mnt/tank/scratch/okonovalova/AffiTox/analysis/excluding_2z5x_3mjg/tables/posebuster/sdf/6gqj/gnina/ligand_870.sdf,,0,True,True,True,True,True,True,True,True,True,True,True,True,True,True,True,True,True,True,True,True,True
/mnt/tank/scratch/okonovalova/AffiTox/analysis/excluding_2z5x_3mjg/tables/posebuster/sdf/6gqj/gnina/ligand_872.sdf,,0,True,True,True,True,True,True,True,True,True,True,True,True,True,True,True,True,True,True,True,True,True
/mnt/tank/scratch/okonovalova/AffiTox/analysis/excluding_2z5x_3mjg/tables/posebuster/sdf/6gqj/gnina/ligand_868.sdf,,0,True,True,True,True,True,True,True,True,True,True,True,True,True,True,True,True,True,True,True,True,True
/mnt/tank/scratch/okonovalova/AffiTox/analysis/excluding_2z5x_3mjg/tables/posebuster/sdf/6gqj/gnina/ligand_867.sdf,,0,True,True,True,True,True,True,True,True,True,True,True,True,True,True,True,True,True,True,True,True,True
/mnt/tank/scratch/okonovalova/AffiTox/analysis/excluding_2z5x_3mjg/tables/posebuster/sdf/6gqj/gnina/ligand_865.sdf,,0,True,True,True,True,True,True,True,True,True,True,True,True,True,True,True,True,True,True,True,True,True
/mnt/tank/scratch/okonovalova/AffiTox/analysis/excluding_2z5x_3mjg/tables/posebuster/sdf/6gqj/gnina/ligand_871.sdf,,0,True,True,True,True,True,True,True,True,True,True,True,True,True,True,True,True,True,True,True,True,True
/mnt/tank/scratch/okonovalova/AffiTox/analysis/excluding_2z5x_3mjg/tables/posebuster/sdf/6gqj/gnina/ligand_878.sdf,,0,True,True,True,True,True,True,True,True,True,True,True,False,True,True,True,True,True,True,True,True,True
/mnt/tank/scratch/okonovalova/AffiTox/analysis/excluding_2z5x_3mjg/tables/posebuster/sdf/6gqj/gnina/ligand_876.sdf,,0,True,True,True,True,True,True,True,True,True,True,True,True,True,True,True,True,True,True,True,True,True
/mnt/tank/scratch/okonovalova/AffiTox/analysis/excluding_2z5x_3mjg/tables/posebuster/sdf/6gqj/gnina/ligand_866.sdf,,0,True,True,True,True,True,True,True,True,True,True,True,True,True,True,True,True,True,True,True,True,True
/mnt/tank/scratch/okonovalova/AffiTox/analysis/excluding_2z5x_3mjg/tables/posebuster/sdf/6gqj/gnina/ligand_875.sdf,,0,True,True,True,True,True,True,True,True,True,True,True,True,True,True,True,True,True,True,True,True,True
/mnt/tank/scratch/okonovalova/AffiTox/analysis/excluding_2z5x_3mjg/tables/posebuster/sdf/6gqj/gnina/ligand_873.sdf,,0,True,True,True,True,True,True,True,True,True,True,True,True,True,True,True,True,True,True,True,True,True
/mnt/tank/scratch/okonovalova/AffiTox/analysis/excluding_2z5x_3mjg/tables/posebuster/sdf/6gqj/gnina/ligand_877.sdf,,0,True,True,True,True,True,True,True,True,True,True,True,True,True,True,True,True,True,True,True,True,True
/mnt/tank/scratch/okonovalova/AffiTox/analysis/excluding_2z5x_3mjg/tables/posebuster/sdf/6gqj/gnina/ligand_879.sdf,,0,True,True,True,True,True,True,True,True,True,True,True,True,True,True,True,True,True,True,True,True,True
/mnt/tank/scratch/okonovalova/AffiTox/analysis/excluding_2z5x_3mjg/tables/posebuster/sdf/6gqj/gnina/ligand_874.sdf,,0,True,True,True,True,True,True,True,True,True,True,True,True,True,True,True,True,True,True,True,True,True
/mnt/tank/scratch/okonovalova/AffiTox/analysis/excluding_2z5x_3mjg/tables/posebuster/sdf/6gqj/gnina/ligand_86.sdf,,0,True,True,True,True,True,True,True,True,True,True,True,True,True,True,True,True,True,True,True,True,True
/mnt/tank/scratch/okonovalova/AffiTox/analysis/excluding_2z5x_3mjg/tables/posebuster/sdf/6gqj/gnina/ligand_87.sdf,,0,True,True,True,True,True,True,True,True,True,True,True,True,True,True,True,True,True,True,True,True,True
/mnt/tank/scratch/okonovalova/AffiTox/analysis/excluding_2z5x_3mjg/tables/posebuster/sdf/6gqj/gnina/ligand_882.sdf,,0,True,True,True,True,True,True,True,True,True,True,True,True,True,True,True,True,True,True,True,True,True
/mnt/tank/scratch/okonovalova/AffiTox/analysis/excluding_2z5x_3mjg/tables/posebuster/sdf/6gqj/gnina/ligand_883.sdf,,0,True,True,True,True,True,True,True,True,True,True,True,True,True,True,True,True,True,True,True,True,True
/mnt/tank/scratch/okonovalova/AffiTox/analysis/excluding_2z5x_3mjg/tables/posebuster/sdf/6gqj/gnina/ligand_884.sdf,,0,True,True,True,True,True,True,True,True,True,True,True,True,True,True,True,True,True,True,True,True,True
/mnt/tank/scratch/okonovalova/AffiTox/analysis/excluding_2z5x_3mjg/tables/posebuster/sdf/6gqj/gnina/ligand_880.sdf,,0,True,True,True,True,True,True,True,True,True,True,True,True,True,True,True,True,True,True,True,True,True
/mnt/tank/scratch/okonovalova/AffiTox/analysis/excluding_2z5x_3mjg/tables/posebuster/sdf/6gqj/gnina/ligand_881.sdf,,0,True,True,True,True,True,True,True,True,True,True,True,True,True,True,True,True,True,True,True,True,True
/mnt/tank/scratch/okonovalova/AffiTox/analysis/excluding_2z5x_3mjg/tables/posebuster/sdf/6gqj/gnina/ligand_885.sdf,,0,True,True,True,True,True,True,True,True,True,True,True,True,True,True,True,True,True,True,True,True,True
/mnt/tank/scratch/okonovalova/AffiTox/analysis/excluding_2z5x_3mjg/tables/posebuster/sdf/6gqj/gnina/ligand_886.sdf,,0,True,True,True,True,True,True,True,True,True,True,True,True,True,True,True,True,True,True,True,True,True
/mnt/tank/scratch/okonovalova/AffiTox/analysis/excluding_2z5x_3mjg/tables/posebuster/sdf/6gqj/gnina/ligand_888.sdf,,0,True,True,True,True,True,True,True,True,True,True,True,True,True,True,True,True,True,True,True,True,True
/mnt/tank/scratch/okonovalova/AffiTox/analysis/excluding_2z5x_3mjg/tables/posebuster/sdf/6gqj/gnina/ligand_892.sdf,,0,True,True,True,True,True,True,True,True,True,True,True,True,True,True,True,True,True,True,True,True,True
/mnt/tank/scratch/okonovalova/AffiTox/analysis/excluding_2z5x_3mjg/tables/posebuster/sdf/6gqj/gnina/ligand_889.sdf,,0,True,True,True,True,True,True,True,True,True,True,True,True,True,False,True,True,True,True,True,True,True
/mnt/tank/scratch/okonovalova/AffiTox/analysis/excluding_2z5x_3mjg/tables/posebuster/sdf/6gqj/gnina/ligand_893.sdf,,0,True,True,True,True,True,True,True,True,True,True,True,True,True,True,True,True,True,True,True,True,True
/mnt/tank/scratch/okonovalova/AffiTox/analysis/excluding_2z5x_3mjg/tables/posebuster/sdf/6gqj/gnina/ligand_887.sdf,,0,True,True,True,True,True,True,True,True,True,True,True,True,True,True,True,True,True,True,True,True,True
/mnt/tank/scratch/okonovalova/AffiTox/analysis/excluding_2z5x_3mjg/tables/posebuster/sdf/6gqj/gnina/ligand_891.sdf,,0,True,True,True,True,True,True,True,True,True,True,True,True,True,True,True,True,True,True,True,True,True
/mnt/tank/scratch/okonovalova/AffiTox/analysis/excluding_2z5x_3mjg/tables/posebuster/sdf/6gqj/gnina/ligand_894.sdf,,0,True,True,True,True,True,True,True,True,True,True,True,False,True,True,True,True,True,True,True,True,True
/mnt/tank/scratch/okonovalova/AffiTox/analysis/excluding_2z5x_3mjg/tables/posebuster/sdf/6gqj/gnina/ligand_897.sdf,,0,True,True,True,True,True,True,True,True,True,True,True,True,True,True,True,True,True,True,True,True,True
/mnt/tank/scratch/okonovalova/AffiTox/analysis/excluding_2z5x_3mjg/tables/posebuster/sdf/6gqj/gnina/ligand_898.sdf,,0,True,True,True,True,True,True,True,True,True,True,True,True,True,True,True,True,True,True,True,True,True
/mnt/tank/scratch/okonovalova/AffiTox/analysis/excluding_2z5x_3mjg/tables/posebuster/sdf/6gqj/gnina/ligand_88.sdf,,0,True,True,True,True,True,True,True,True,True,True,True,True,True,True,True,True,True,True,True,True,True
/mnt/tank/scratch/okonovalova/AffiTox/analysis/excluding_2z5x_3mjg/tables/posebuster/sdf/6gqj/gnina/ligand_900.sdf,,0,True,True,True,True,True,True,True,True,True,True,True,True,True,True,True,True,True,True,True,True,True
/mnt/tank/scratch/okonovalova/AffiTox/analysis/excluding_2z5x_3mjg/tables/posebuster/sdf/6gqj/gnina/ligand_896.sdf,,0,True,True,True,True,True,True,True,True,True,True,True,True,True,True,True,True,True,True,True,True,True
/mnt/tank/scratch/okonovalova/AffiTox/analysis/excluding_2z5x_3mjg/tables/posebuster/sdf/6gqj/gnina/ligand_899.sdf,,0,True,True,True,True,True,True,True,True,True,True,True,True,True,True,True,True,True,True,True,True,True
/mnt/tank/scratch/okonovalova/AffiTox/analysis/excluding_2z5x_3mjg/tables/posebuster/sdf/6gqj/gnina/ligand_890.sdf,,0,True,True,True,True,True,True,True,True,True,True,True,True,True,True,True,True,True,True,True,True,True
/mnt/tank/scratch/okonovalova/AffiTox/analysis/excluding_2z5x_3mjg/tables/posebuster/sdf/6gqj/gnina/ligand_89.sdf,,0,True,True,True,True,True,True,True,True,True,True,True,True,True,True,True,True,True,True,True,True,True
/mnt/tank/scratch/okonovalova/AffiTox/analysis/excluding_2z5x_3mjg/tables/posebuster/sdf/6gqj/gnina/ligand_906.sdf,,0,True,True,True,True,True,True,True,True,True,True,True,True,True,True,True,True,True,True,True,True,True
/mnt/tank/scratch/okonovalova/AffiTox/analysis/excluding_2z5x_3mjg/tables/posebuster/sdf/6gqj/gnina/ligand_903.sdf,,0,True,True,True,True,True,True,True,True,True,True,True,True,True,True,True,True,True,True,True,True,True
/mnt/tank/scratch/okonovalova/AffiTox/analysis/excluding_2z5x_3mjg/tables/posebuster/sdf/6gqj/gnina/ligand_8.sdf,,0,True,True,True,True,True,True,True,True,True,True,True,True,True,True,True,True,True,True,True,True,True
/mnt/tank/scratch/okonovalova/AffiTox/analysis/excluding_2z5x_3mjg/tables/posebuster/sdf/6gqj/gnina/ligand_907.sdf,,0,True,True,True,True,True,True,True,True,True,True,True,True,True,True,True,True,True,True,True,True,True
/mnt/tank/scratch/okonovalova/AffiTox/analysis/excluding_2z5x_3mjg/tables/posebuster/sdf/6gqj/gnina/ligand_895.sdf,,0,True,True,True,True,True,True,True,True,True,True,True,True,True,True,True,True,True,True,True,True,True
/mnt/tank/scratch/okonovalova/AffiTox/analysis/excluding_2z5x_3mjg/tables/posebuster/sdf/6gqj/gnina/ligand_905.sdf,,0,True,True,True,True,True,True,True,True,True,True,True,True,True,True,True,True,True,True,True,True,True
/mnt/tank/scratch/okonovalova/AffiTox/analysis/excluding_2z5x_3mjg/tables/posebuster/sdf/6gqj/gnina/ligand_910.sdf,,0,True,True,True,True,True,True,True,True,True,True,True,True,True,True,True,True,True,True,True,True,True
/mnt/tank/scratch/okonovalova/AffiTox/analysis/excluding_2z5x_3mjg/tables/posebuster/sdf/6gqj/gnina/ligand_909.sdf,,0,True,True,True,True,True,True,True,True,True,True,True,True,True,True,True,True,True,True,True,True,True
/mnt/tank/scratch/okonovalova/AffiTox/analysis/excluding_2z5x_3mjg/tables/posebuster/sdf/6gqj/gnina/ligand_901.sdf,,0,True,True,True,True,True,True,True,True,True,True,True,True,True,True,True,True,True,True,True,True,True
/mnt/tank/scratch/okonovalova/AffiTox/analysis/excluding_2z5x_3mjg/tables/posebuster/sdf/6gqj/gnina/ligand_902.sdf,,0,True,True,True,True,True,True,True,True,True,True,True,False,True,True,True,True,True,True,True,True,True
/mnt/tank/scratch/okonovalova/AffiTox/analysis/excluding_2z5x_3mjg/tables/posebuster/sdf/6gqj/gnina/ligand_908.sdf,,0,True,True,True,True,True,True,True,True,True,True,True,True,True,True,True,True,True,True,True,True,True
/mnt/tank/scratch/okonovalova/AffiTox/analysis/excluding_2z5x_3mjg/tables/posebuster/sdf/6gqj/gnina/ligand_904.sdf,,0,True,True,True,True,True,True,True,True,True,True,True,False,True,True,True,True,True,True,True,True,True
/mnt/tank/scratch/okonovalova/AffiTox/analysis/excluding_2z5x_3mjg/tables/posebuster/sdf/6gqj/gnina/ligand_911.sdf,,0,True,True,True,True,True,True,True,True,True,True,True,True,True,True,True,True,True,True,True,True,True
/mnt/tank/scratch/okonovalova/AffiTox/analysis/excluding_2z5x_3mjg/tables/posebuster/sdf/6gqj/gnina/ligand_914.sdf,,0,True,True,True,True,True,True,True,True,True,True,True,True,True,True,True,True,True,True,True,True,True
/mnt/tank/scratch/okonovalova/AffiTox/analysis/excluding_2z5x_3mjg/tables/posebuster/sdf/6gqj/gnina/ligand_912.sdf,,0,True,True,True,True,True,True,True,True,True,True,True,True,True,True,True,True,True,True,True,True,True
/mnt/tank/scratch/okonovalova/AffiTox/analysis/excluding_2z5x_3mjg/tables/posebuster/sdf/6gqj/gnina/ligand_90.sdf,,0,True,True,True,True,True,True,True,True,True,True,True,True,True,True,True,True,True,True,True,True,True
/mnt/tank/scratch/okonovalova/AffiTox/analysis/excluding_2z5x_3mjg/tables/posebuster/sdf/6gqj/gnina/ligand_916.sdf,,0,True,True,True,True,True,True,True,True,True,True,True,True,True,True,True,True,True,True,True,True,True
/mnt/tank/scratch/okonovalova/AffiTox/analysis/excluding_2z5x_3mjg/tables/posebuster/sdf/6gqj/gnina/ligand_913.sdf,,0,True,True,True,True,True,True,True,True,True,True,True,True,True,True,True,True,True,True,True,True,True
/mnt/tank/scratch/okonovalova/AffiTox/analysis/excluding_2z5x_3mjg/tables/posebuster/sdf/6gqj/gnina/ligand_915.sdf,,0,True,True,True,True,True,True,True,True,True,True,True,True,True,True,True,True,True,True,True,True,True
/mnt/tank/scratch/okonovalova/AffiTox/analysis/excluding_2z5x_3mjg/tables/posebuster/sdf/6gqj/gnina/ligand_927.sdf,,0,True,True,True,True,True,True,True,True,True,True,True,True,True,True,True,True,True,True,True,True,True
/mnt/tank/scratch/okonovalova/AffiTox/analysis/excluding_2z5x_3mjg/tables/posebuster/sdf/6gqj/gnina/ligand_930.sdf,,0,True,True,True,True,True,True,True,True,True,True,True,True,True,True,True,True,True,True,True,True,True
/mnt/tank/scratch/okonovalova/AffiTox/analysis/excluding_2z5x_3mjg/tables/posebuster/sdf/6gqj/gnina/ligand_928.sdf,,0,True,True,True,True,True,True,True,True,True,True,True,True,True,True,True,True,True,True,True,True,True
/mnt/tank/scratch/okonovalova/AffiTox/analysis/excluding_2z5x_3mjg/tables/posebuster/sdf/6gqj/gnina/ligand_923.sdf,,0,True,True,True,True,True,True,True,True,True,True,True,True,True,True,True,True,True,True,True,True,True
/mnt/tank/scratch/okonovalova/AffiTox/analysis/excluding_2z5x_3mjg/tables/posebuster/sdf/6gqj/gnina/ligand_925.sdf,,0,True,True,True,True,True,True,True,True,True,True,True,True,True,True,True,True,True,True,True,True,True
/mnt/tank/scratch/okonovalova/AffiTox/analysis/excluding_2z5x_3mjg/tables/posebuster/sdf/6gqj/gnina/ligand_917.sdf,,0,True,True,True,True,True,True,True,True,True,True,True,True,True,True,True,True,True,True,True,True,True
/mnt/tank/scratch/okonovalova/AffiTox/analysis/excluding_2z5x_3mjg/tables/posebuster/sdf/6gqj/gnina/ligand_921.sdf,,0,True,True,True,True,True,True,True,True,True,True,True,True,True,True,True,True,True,True,True,True,True
/mnt/tank/scratch/okonovalova/AffiTox/analysis/excluding_2z5x_3mjg/tables/posebuster/sdf/6gqj/gnina/ligand_919.sdf,,0,True,True,True,True,True,True,True,True,True,True,True,True,True,True,True,True,True,True,True,True,True
/mnt/tank/scratch/okonovalova/AffiTox/analysis/excluding_2z5x_3mjg/tables/posebuster/sdf/6gqj/gnina/ligand_918.sdf,,0,True,True,True,True,True,True,True,True,True,True,True,True,True,True,True,True,True,True,True,True,True
/mnt/tank/scratch/okonovalova/AffiTox/analysis/excluding_2z5x_3mjg/tables/posebuster/sdf/6gqj/gnina/ligand_926.sdf,,0,True,True,True,True,True,True,True,True,True,True,True,True,True,True,True,True,True,True,True,True,True
/mnt/tank/scratch/okonovalova/AffiTox/analysis/excluding_2z5x_3mjg/tables/posebuster/sdf/6gqj/gnina/ligand_922.sdf,,0,True,True,True,True,True,True,True,True,True,True,True,True,True,True,True,True,True,True,True,True,True
/mnt/tank/scratch/okonovalova/AffiTox/analysis/excluding_2z5x_3mjg/tables/posebuster/sdf/6gqj/gnina/ligand_920.sdf,,0,True,True,True,True,True,True,True,True,True,True,True,True,True,True,True,True,True,True,True,True,True
/mnt/tank/scratch/okonovalova/AffiTox/analysis/excluding_2z5x_3mjg/tables/posebuster/sdf/6gqj/gnina/ligand_924.sdf,,0,True,True,True,True,True,True,True,True,True,True,True,True,True,True,True,True,True,True,True,True,True
/mnt/tank/scratch/okonovalova/AffiTox/analysis/excluding_2z5x_3mjg/tables/posebuster/sdf/6gqj/gnina/ligand_92.sdf,,0,True,True,True,True,True,True,True,True,True,True,True,True,True,True,True,True,True,True,True,True,True
/mnt/tank/scratch/okonovalova/AffiTox/analysis/excluding_2z5x_3mjg/tables/posebuster/sdf/6gqj/gnina/ligand_932.sdf,,0,True,True,True,True,True,True,True,True,True,True,True,True,True,True,True,True,True,True,True,True,True
/mnt/tank/scratch/okonovalova/AffiTox/analysis/excluding_2z5x_3mjg/tables/posebuster/sdf/6gqj/gnina/ligand_91.sdf,,0,True,True,True,True,True,True,True,True,True,True,True,True,True,True,True,True,True,True,True,True,True
/mnt/tank/scratch/okonovalova/AffiTox/analysis/excluding_2z5x_3mjg/tables/posebuster/sdf/6gqj/gnina/ligand_929.sdf,,0,True,True,True,True,True,True,True,True,True,True,True,True,True,True,True,True,True,True,True,True,True
/mnt/tank/scratch/okonovalova/AffiTox/analysis/excluding_2z5x_3mjg/tables/posebuster/sdf/6gqj/gnina/ligand_933.sdf,,0,True,True,True,True,True,True,True,True,True,True,True,True,True,True,True,True,True,True,True,True,True
/mnt/tank/scratch/okonovalova/AffiTox/analysis/excluding_2z5x_3mjg/tables/posebuster/sdf/6gqj/gnina/ligand_935.sdf,,0,True,True,True,True,True,True,True,True,True,True,True,True,True,True,True,True,True,True,True,True,True
/mnt/tank/scratch/okonovalova/AffiTox/analysis/excluding_2z5x_3mjg/tables/posebuster/sdf/6gqj/gnina/ligand_931.sdf,,0,True,True,True,True,True,True,True,True,True,True,True,True,True,True,True,True,True,True,True,True,True
/mnt/tank/scratch/okonovalova/AffiTox/analysis/excluding_2z5x_3mjg/tables/posebuster/sdf/6gqj/gnina/ligand_936.sdf,,0,True,True,True,True,True,True,True,True,True,True,True,True,True,True,True,True,True,True,True,True,True
/mnt/tank/scratch/okonovalova/AffiTox/analysis/excluding_2z5x_3mjg/tables/posebuster/sdf/6gqj/gnina/ligand_938.sdf,,0,True,True,True,True,True,True,True,True,True,True,True,True,True,True,True,True,True,True,True,True,True
/mnt/tank/scratch/okonovalova/AffiTox/analysis/excluding_2z5x_3mjg/tables/posebuster/sdf/6gqj/gnina/ligand_934.sdf,,0,True,True,True,True,True,True,True,True,True,True,True,True,True,True,True,True,True,True,True,True,True
/mnt/tank/scratch/okonovalova/AffiTox/analysis/excluding_2z5x_3mjg/tables/posebuster/sdf/6gqj/gnina/ligand_937.sdf,,0,True,True,True,True,True,True,True,True,True,True,True,True,True,True,True,True,True,True,True,True,True
/mnt/tank/scratch/okonovalova/AffiTox/analysis/excluding_2z5x_3mjg/tables/posebuster/sdf/6gqj/gnina/ligand_940.sdf,,0,True,True,True,True,True,True,True,True,True,True,True,True,True,True,True,True,True,True,True,True,True
/mnt/tank/scratch/okonovalova/AffiTox/analysis/excluding_2z5x_3mjg/tables/posebuster/sdf/6gqj/gnina/ligand_942.sdf,,0,True,True,True,True,True,True,True,True,True,True,True,True,True,True,True,True,True,True,True,True,True
/mnt/tank/scratch/okonovalova/AffiTox/analysis/excluding_2z5x_3mjg/tables/posebuster/sdf/6gqj/gnina/ligand_941.sdf,,0,True,True,True,True,True,True,True,True,True,True,True,True,True,True,True,True,True,True,True,True,True
/mnt/tank/scratch/okonovalova/AffiTox/analysis/excluding_2z5x_3mjg/tables/posebuster/sdf/6gqj/gnina/ligand_944.sdf,,0,True,True,True,True,True,True,True,True,True,True,True,True,True,True,True,True,True,True,True,True,True
/mnt/tank/scratch/okonovalova/AffiTox/analysis/excluding_2z5x_3mjg/tables/posebuster/sdf/6gqj/gnina/ligand_943.sdf,,0,True,True,True,True,True,True,True,True,True,True,True,True,True,True,True,True,True,True,True,True,True
/mnt/tank/scratch/okonovalova/AffiTox/analysis/excluding_2z5x_3mjg/tables/posebuster/sdf/6gqj/gnina/ligand_946.sdf,,0,True,True,True,True,True,True,True,True,True,True,True,True,True,True,True,True,True,True,True,True,True
/mnt/tank/scratch/okonovalova/AffiTox/analysis/excluding_2z5x_3mjg/tables/posebuster/sdf/6gqj/gnina/ligand_945.sdf,,0,True,True,True,True,True,True,True,True,True,True,True,True,True,True,True,True,True,True,True,True,True
/mnt/tank/scratch/okonovalova/AffiTox/analysis/excluding_2z5x_3mjg/tables/posebuster/sdf/6gqj/gnina/ligand_939.sdf,,0,True,True,True,True,True,True,True,True,True,True,True,True,True,True,True,True,True,True,True,True,True
/mnt/tank/scratch/okonovalova/AffiTox/analysis/excluding_2z5x_3mjg/tables/posebuster/sdf/6gqj/gnina/ligand_952.sdf,,0,True,True,True,True,True,True,True,True,True,True,True,True,True,True,True,True,True,True,True,True,True
/mnt/tank/scratch/okonovalova/AffiTox/analysis/excluding_2z5x_3mjg/tables/posebuster/sdf/6gqj/gnina/ligand_947.sdf,,0,True,True,True,True,True,True,True,True,True,True,True,True,True,False,True,True,True,True,True,True,True
/mnt/tank/scratch/okonovalova/AffiTox/analysis/excluding_2z5x_3mjg/tables/posebuster/sdf/6gqj/gnina/ligand_93.sdf,,0,True,True,True,True,True,True,True,True,True,True,True,True,True,True,True,True,True,True,True,True,True
/mnt/tank/scratch/okonovalova/AffiTox/analysis/excluding_2z5x_3mjg/tables/posebuster/sdf/6gqj/gnina/ligand_950.sdf,,0,True,True,True,True,True,True,True,True,True,True,True,True,True,True,True,True,True,True,True,True,True
/mnt/tank/scratch/okonovalova/AffiTox/analysis/excluding_2z5x_3mjg/tables/posebuster/sdf/6gqj/gnina/ligand_948.sdf,,0,True,True,True,True,True,True,True,True,True,True,True,True,True,True,True,True,True,True,True,True,True
/mnt/tank/scratch/okonovalova/AffiTox/analysis/excluding_2z5x_3mjg/tables/posebuster/sdf/6gqj/gnina/ligand_951.sdf,,0,True,True,True,True,True,True,True,True,True,True,True,True,True,True,True,True,True,True,True,True,True
/mnt/tank/scratch/okonovalova/AffiTox/analysis/excluding_2z5x_3mjg/tables/posebuster/sdf/6gqj/gnina/ligand_949.sdf,,0,True,True,True,True,True,True,True,True,True,True,True,True,True,True,True,True,True,True,True,True,True
/mnt/tank/scratch/okonovalova/AffiTox/analysis/excluding_2z5x_3mjg/tables/posebuster/sdf/6gqj/gnina/ligand_953.sdf,,0,True,True,True,True,True,True,True,True,True,True,True,True,True,True,True,True,True,True,True,True,True
/mnt/tank/scratch/okonovalova/AffiTox/analysis/excluding_2z5x_3mjg/tables/posebuster/sdf/6gqj/gnina/ligand_956.sdf,,0,True,True,True,True,True,True,True,True,True,True,True,True,True,True,True,True,True,True,True,True,True
/mnt/tank/scratch/okonovalova/AffiTox/analysis/excluding_2z5x_3mjg/tables/posebuster/sdf/6gqj/gnina/ligand_94.sdf,,0,True,True,True,True,True,True,True,True,True,True,True,True,True,True,True,True,True,True,True,True,True
/mnt/tank/scratch/okonovalova/AffiTox/analysis/excluding_2z5x_3mjg/tables/posebuster/sdf/6gqj/gnina/ligand_957.sdf,,0,True,True,True,True,True,True,True,True,True,True,True,True,True,True,True,True,True,True,True,True,True
/mnt/tank/scratch/okonovalova/AffiTox/analysis/excluding_2z5x_3mjg/tables/posebuster/sdf/6gqj/gnina/ligand_958.sdf,,0,True,True,True,True,True,True,True,True,True,True,True,True,True,True,True,True,True,True,True,True,True
/mnt/tank/scratch/okonovalova/AffiTox/analysis/excluding_2z5x_3mjg/tables/posebuster/sdf/6gqj/gnina/ligand_954.sdf,,0,True,True,True,True,True,True,True,True,True,True,True,True,True,True,True,True,True,True,True,True,True
/mnt/tank/scratch/okonovalova/AffiTox/analysis/excluding_2z5x_3mjg/tables/posebuster/sdf/6gqj/gnina/ligand_95.sdf,,0,True,True,True,True,True,True,True,True,True,True,True,True,True,True,True,True,True,True,True,True,True
/mnt/tank/scratch/okonovalova/AffiTox/analysis/excluding_2z5x_3mjg/tables/posebuster/sdf/6gqj/gnina/ligand_955.sdf,,0,True,True,True,True,True,True,True,True,True,True,True,True,True,True,True,True,True,True,True,True,True
/mnt/tank/scratch/okonovalova/AffiTox/analysis/excluding_2z5x_3mjg/tables/posebuster/sdf/6gqj/gnina/ligand_960.sdf,,0,True,True,True,True,True,True,True,True,True,True,True,True,True,True,True,True,True,True,True,True,True
/mnt/tank/scratch/okonovalova/AffiTox/analysis/excluding_2z5x_3mjg/tables/posebuster/sdf/6gqj/gnina/ligand_961.sdf,,0,True,True,True,True,True,True,True,True,True,True,True,True,True,True,True,True,True,True,True,True,True
/mnt/tank/scratch/okonovalova/AffiTox/analysis/excluding_2z5x_3mjg/tables/posebuster/sdf/6gqj/gnina/ligand_959.sdf,,0,True,True,True,True,True,True,True,True,True,True,True,True,True,True,True,True,True,True,True,True,True
/mnt/tank/scratch/okonovalova/AffiTox/analysis/excluding_2z5x_3mjg/tables/posebuster/sdf/6gqj/gnina/ligand_962.sdf,,0,True,True,True,True,True,True,True,True,True,True,True,True,True,True,True,True,True,True,True,True,True
/mnt/tank/scratch/okonovalova/AffiTox/analysis/excluding_2z5x_3mjg/tables/posebuster/sdf/6gqj/gnina/ligand_963.sdf,,0,True,True,True,True,True,True,True,True,True,True,True,True,True,True,True,True,True,True,True,True,True
/mnt/tank/scratch/okonovalova/AffiTox/analysis/excluding_2z5x_3mjg/tables/posebuster/sdf/6gqj/gnina/ligand_965.sdf,,0,True,True,True,True,True,True,True,True,True,True,True,True,True,True,True,True,True,True,True,True,True
/mnt/tank/scratch/okonovalova/AffiTox/analysis/excluding_2z5x_3mjg/tables/posebuster/sdf/6gqj/gnina/ligand_964.sdf,,0,True,True,True,True,True,True,True,True,True,True,True,True,True,True,True,True,True,True,True,True,True
/mnt/tank/scratch/okonovalova/AffiTox/analysis/excluding_2z5x_3mjg/tables/posebuster/sdf/6gqj/gnina/ligand_966.sdf,,0,True,True,True,True,True,True,True,True,True,True,True,True,True,False,True,True,True,True,True,True,True
/mnt/tank/scratch/okonovalova/AffiTox/analysis/excluding_2z5x_3mjg/tables/posebuster/sdf/6gqj/gnina/ligand_968.sdf,,0,True,True,True,True,True,True,True,True,True,True,True,True,True,True,True,True,True,True,True,True,True
/mnt/tank/scratch/okonovalova/AffiTox/analysis/excluding_2z5x_3mjg/tables/posebuster/sdf/6gqj/gnina/ligand_971.sdf,,0,True,True,True,True,True,True,True,True,True,True,True,True,True,True,True,True,True,True,True,True,True
/mnt/tank/scratch/okonovalova/AffiTox/analysis/excluding_2z5x_3mjg/tables/posebuster/sdf/6gqj/gnina/ligand_969.sdf,,0,True,True,True,True,True,True,True,True,True,True,True,True,True,True,True,True,True,True,True,True,True
/mnt/tank/scratch/okonovalova/AffiTox/analysis/excluding_2z5x_3mjg/tables/posebuster/sdf/6gqj/gnina/ligand_975.sdf,,0,True,True,True,True,True,True,True,True,True,True,True,True,True,True,True,True,True,True,True,True,True
/mnt/tank/scratch/okonovalova/AffiTox/analysis/excluding_2z5x_3mjg/tables/posebuster/sdf/6gqj/gnina/ligand_967.sdf,,0,True,True,True,True,True,True,True,True,True,True,True,True,True,True,True,True,True,True,True,True,True
/mnt/tank/scratch/okonovalova/AffiTox/analysis/excluding_2z5x_3mjg/tables/posebuster/sdf/6gqj/gnina/ligand_973.sdf,,0,True,True,True,True,True,True,True,True,True,True,True,True,True,True,True,True,True,True,True,True,True
/mnt/tank/scratch/okonovalova/AffiTox/analysis/excluding_2z5x_3mjg/tables/posebuster/sdf/6gqj/gnina/ligand_96.sdf,,0,True,True,True,True,True,True,True,True,True,True,True,True,True,True,True,True,True,True,True,True,True
/mnt/tank/scratch/okonovalova/AffiTox/analysis/excluding_2z5x_3mjg/tables/posebuster/sdf/6gqj/gnina/ligand_976.sdf,,0,True,True,True,True,True,True,True,True,True,True,True,True,True,True,True,True,True,True,True,True,True
/mnt/tank/scratch/okonovalova/AffiTox/analysis/excluding_2z5x_3mjg/tables/posebuster/sdf/6gqj/gnina/ligand_974.sdf,,0,True,True,True,True,True,True,True,True,True,True,True,True,True,True,True,True,True,True,True,True,True
/mnt/tank/scratch/okonovalova/AffiTox/analysis/excluding_2z5x_3mjg/tables/posebuster/sdf/6gqj/gnina/ligand_979.sdf,,0,True,True,True,True,True,True,True,True,True,True,True,False,True,True,True,True,True,True,True,True,True
/mnt/tank/scratch/okonovalova/AffiTox/analysis/excluding_2z5x_3mjg/tables/posebuster/sdf/6gqj/gnina/ligand_970.sdf,,0,True,True,True,True,True,True,True,True,True,True,True,True,True,True,True,True,True,True,True,True,True
/mnt/tank/scratch/okonovalova/AffiTox/analysis/excluding_2z5x_3mjg/tables/posebuster/sdf/6gqj/gnina/ligand_972.sdf,,0,True,True,True,True,True,True,True,True,True,True,True,True,True,True,True,True,True,True,True,True,True
/mnt/tank/scratch/okonovalova/AffiTox/analysis/excluding_2z5x_3mjg/tables/posebuster/sdf/6gqj/gnina/ligand_978.sdf,,0,True,True,True,True,True,True,True,True,True,True,True,False,True,True,True,True,True,True,True,True,True
/mnt/tank/scratch/okonovalova/AffiTox/analysis/excluding_2z5x_3mjg/tables/posebuster/sdf/6gqj/gnina/ligand_980.sdf,,0,True,True,True,True,True,True,True,True,True,True,True,True,True,True,True,True,True,True,True,True,True
/mnt/tank/scratch/okonovalova/AffiTox/analysis/excluding_2z5x_3mjg/tables/posebuster/sdf/6gqj/gnina/ligand_977.sdf,,0,True,True,True,True,True,True,True,True,True,True,True,True,True,True,True,True,True,True,True,True,True
/mnt/tank/scratch/okonovalova/AffiTox/analysis/excluding_2z5x_3mjg/tables/posebuster/sdf/6gqj/gnina/ligand_982.sdf,,0,True,True,True,True,True,True,True,True,True,True,True,False,True,True,True,True,True,True,True,True,True
/mnt/tank/scratch/okonovalova/AffiTox/analysis/excluding_2z5x_3mjg/tables/posebuster/sdf/6gqj/gnina/ligand_988.sdf,,0,True,True,True,True,True,True,True,True,True,True,True,True,True,True,True,True,True,True,True,True,True
/mnt/tank/scratch/okonovalova/AffiTox/analysis/excluding_2z5x_3mjg/tables/posebuster/sdf/6gqj/gnina/ligand_97.sdf,,0,True,True,True,True,True,True,True,True,True,True,True,True,True,True,True,True,True,True,True,True,True
/mnt/tank/scratch/okonovalova/AffiTox/analysis/excluding_2z5x_3mjg/tables/posebuster/sdf/6gqj/gnina/ligand_985.sdf,,0,True,True,True,True,True,True,True,True,True,True,True,True,True,True,True,True,True,True,True,True,True
/mnt/tank/scratch/okonovalova/AffiTox/analysis/excluding_2z5x_3mjg/tables/posebuster/sdf/6gqj/gnina/ligand_987.sdf,,0,True,True,True,True,True,True,True,True,True,True,True,True,True,True,True,True,True,True,True,True,True
/mnt/tank/scratch/okonovalova/AffiTox/analysis/excluding_2z5x_3mjg/tables/posebuster/sdf/6gqj/gnina/ligand_984.sdf,,0,True,True,True,True,True,True,True,True,True,True,True,True,True,True,True,True,True,True,True,True,True
/mnt/tank/scratch/okonovalova/AffiTox/analysis/excluding_2z5x_3mjg/tables/posebuster/sdf/6gqj/gnina/ligand_981.sdf,,0,True,True,True,True,True,True,True,True,True,True,True,True,True,True,True,True,True,True,True,True,True
/mnt/tank/scratch/okonovalova/AffiTox/analysis/excluding_2z5x_3mjg/tables/posebuster/sdf/6gqj/gnina/ligand_986.sdf,,0,True,True,True,True,True,True,True,True,True,True,True,True,True,True,True,True,True,True,True,True,True
/mnt/tank/scratch/okonovalova/AffiTox/analysis/excluding_2z5x_3mjg/tables/posebuster/sdf/6gqj/gnina/ligand_983.sdf,,0,True,True,True,True,True,True,True,True,True,True,True,False,True,True,True,True,True,True,True,True,True
/mnt/tank/scratch/okonovalova/AffiTox/analysis/excluding_2z5x_3mjg/tables/posebuster/sdf/6gqj/gnina/ligand_990.sdf,,0,True,True,True,True,True,True,True,True,True,True,True,True,True,True,True,True,True,True,True,True,True
/mnt/tank/scratch/okonovalova/AffiTox/analysis/excluding_2z5x_3mjg/tables/posebuster/sdf/6gqj/gnina/ligand_994.sdf,,0,True,True,True,True,True,True,True,True,True,True,True,True,True,True,True,True,True,True,True,True,True
/mnt/tank/scratch/okonovalova/AffiTox/analysis/excluding_2z5x_3mjg/tables/posebuster/sdf/6gqj/gnina/ligand_992.sdf,,0,True,True,True,True,True,True,True,True,True,True,True,True,True,True,True,True,True,True,True,True,True
/mnt/tank/scratch/okonovalova/AffiTox/analysis/excluding_2z5x_3mjg/tables/posebuster/sdf/6gqj/gnina/ligand_991.sdf,,0,True,True,True,True,True,True,True,True,True,True,True,True,True,True,True,True,True,True,True,True,True
/mnt/tank/scratch/okonovalova/AffiTox/analysis/excluding_2z5x_3mjg/tables/posebuster/sdf/6gqj/gnina/ligand_996.sdf,,0,True,True,True,True,True,True,True,True,True,True,True,True,True,True,True,True,True,True,True,True,True
/mnt/tank/scratch/okonovalova/AffiTox/analysis/excluding_2z5x_3mjg/tables/posebuster/sdf/6gqj/gnina/ligand_999.sdf,,0,True,True,True,True,True,True,True,True,True,True,True,True,True,True,True,True,True,True,True,True,True
/mnt/tank/scratch/okonovalova/AffiTox/analysis/excluding_2z5x_3mjg/tables/posebuster/sdf/6gqj/gnina/ligand_998.sdf,,0,True,True,True,True,True,True,True,True,True,True,True,True,True,True,True,True,True,True,True,True,True
/mnt/tank/scratch/okonovalova/AffiTox/analysis/excluding_2z5x_3mjg/tables/posebuster/sdf/6gqj/gnina/ligand_993.sdf,,0,True,True,True,True,True,True,True,True,True,True,True,True,True,True,True,True,True,True,True,True,True
/mnt/tank/scratch/okonovalova/AffiTox/analysis/excluding_2z5x_3mjg/tables/posebuster/sdf/6gqj/gnina/ligand_989.sdf,,0,True,True,True,True,True,True,True,True,True,True,True,True,True,True,True,True,True,True,True,True,True
/mnt/tank/scratch/okonovalova/AffiTox/analysis/excluding_2z5x_3mjg/tables/posebuster/sdf/6gqj/gnina/ligand_98.sdf,,0,True,True,True,True,True,True,True,True,True,True,True,True,True,False,True,True,True,False,True,True,True
/mnt/tank/scratch/okonovalova/AffiTox/analysis/excluding_2z5x_3mjg/tables/posebuster/sdf/6gqj/gnina/ligand_995.sdf,,0,True,True,True,True,True,True,True,True,True,True,True,True,True,True,True,True,True,True,True,True,True
/mnt/tank/scratch/okonovalova/AffiTox/analysis/excluding_2z5x_3mjg/tables/posebuster/sdf/6gqj/gnina/ligand_997.sdf,,0,True,True,True,True,True,True,True,True,True,True,True,True,True,True,True,True,True,True,True,True,True
/mnt/tank/scratch/okonovalova/AffiTox/analysis/excluding_2z5x_3mjg/tables/posebuster/sdf/6gqj/gnina/ligand_9.sdf,,0,True,True,True,True,True,True,True,True,True,True,True,True,True,True,True,True,True,True,True,True,True
/mnt/tank/scratch/okonovalova/AffiTox/analysis/excluding_2z5x_3mjg/tables/posebuster/sdf/6gqj/gnina/ligand_99.sdf,,0,True,True,True,True,True,True,True,True,True,True,True,True,True,True,True,True,True,True,True,True,True
