pdb_id,ligand_id,molecule_chembl_id,canonical_smiles,csv_row_1based,vina_legacy_id,dynamicbind_legacy_id,boltz_native_id,engine_native_id
3eyg,ligand_0001,CHEMBL5889049,C=CC(=O)N1CCC(Oc2cc(-c3cc(F)c(O)cc3CC)cn3cncc23)C(F)(F)C1,1,ligand_1,idx_0,CHEMBL5889049,ligand_0001
3eyg,ligand_0002,CHEMBL5782866,C=CC(=O)N1CCC(Oc2cc(-c3cc(F)c(O)cc3CC)cn3cncc23)CC1,2,ligand_2,idx_1,CHEMBL5782866,ligand_0002
3eyg,ligand_0003,CHEMBL5956612,C=CC(=O)N1CCC[C@H](Oc2cc(-c3cc(F)c(O)cc3CC)cn3cncc23)C1,3,ligand_3,idx_2,CHEMBL5956612,ligand_0003
3eyg,ligand_0004,CHEMBL5808589,C=CC(=O)N1[C@@H]2CC[C@H]1C[C@H](Oc1cc(-c3cc(F)c(O)cc3CC)cn3cncc13)C2,4,ligand_4,idx_3,CHEMBL5808589,ligand_0004
3eyg,ligand_0005,CHEMBL5751586,C=CCOC(=O)N1[C@@H]2CCC[C@H]1C[C@@H](Nc1nc(Nc3cc(C)[nH]n3)cc3nc(CN4CCOCC4)ccc13)C2,5,ligand_5,idx_4,CHEMBL5751586,ligand_0005
3eyg,ligand_0006,CHEMBL5877444,C=CCOC(=O)N1[C@@H]2CCC[C@H]1C[C@H](Nc1nc(Nc3cc(C)[nH]n3)cc3nc(CN4CCOCC4)ccc13)C2,6,ligand_6,idx_5,CHEMBL5877444,ligand_0006
3eyg,ligand_0007,CHEMBL5754884,C=CCOC(=O)N1[C@@H]2CCC[C@H]1C[C@H](Nc1nc(Nc3cc(C)[nH]n3)cc3ncccc13)C2,7,ligand_7,idx_6,CHEMBL5754884,ligand_0007
3eyg,ligand_0008,CHEMBL5827708,C=CCOC(=O)N1[C@@H]2CC[C@H]1C[C@H](Nc1nc(Nc3cc(C)[nH]n3)cc3nc(CN4CCOCC4)ccc13)C2,8,ligand_8,idx_7,CHEMBL5827708,ligand_0008
3eyg,ligand_0009,CHEMBL5753717,C=CCOC(=O)N1[C@@H]2CC[C@H]1C[C@H](Nc1nc(Nc3cc(C)[nH]n3)cc3nc(OC)ccc13)C2,9,ligand_9,idx_8,CHEMBL5753717,ligand_0009
3eyg,ligand_0010,CHEMBL6020000,C=CCOC(=O)N1[C@@H]2CC[C@H]1C[C@H](Nc1nc(Nc3cc(C)[nH]n3)cc3ncc(C(=O)OC)cc13)C2,10,ligand_10,idx_9,CHEMBL6020000,ligand_0010
3eyg,ligand_0011,CHEMBL5871726,C=CCOC(=O)N1[C@@H]2CC[C@H]1C[C@H](Nc1nc(Nc3cc(C)[nH]n3)cc3ncc(OC)cc13)C2,11,ligand_11,idx_10,CHEMBL5871726,ligand_0011
3eyg,ligand_0012,CHEMBL6005291,C=CCOC(=O)N1[C@@H]2CC[C@H]1C[C@H](Nc1nc(Nc3cc(C)[nH]n3)cc3ncccc13)C2,12,ligand_12,idx_11,CHEMBL6005291,ligand_0012
3eyg,ligand_0013,CHEMBL5902746,C=CCS(=O)(=O)N1[C@@H]2CCC[C@H]1C[C@H](Nc1nc(Nc3cc(C)[nH]n3)cc3ncccc13)C2,13,ligand_13,idx_12,CHEMBL5902746,ligand_0013
3eyg,ligand_0014,CHEMBL5991584,C=Cc1ccc(OC(F)F)c(-c2nn(CC(=O)N(C)C)cc2NC(=O)c2cnn3cccnc23)c1,14,ligand_14,idx_13,CHEMBL5991584,ligand_0014
3eyg,ligand_0015,CHEMBL5985162,CC(=O)N1CC2(C1)CN(C(=O)c1ccc(Nc3nc4c(C5=CCN(C(=O)CCC(F)(F)F)CC5)cccn4n3)cc1)C2,15,ligand_15,idx_14,CHEMBL5985162,ligand_0015
3eyg,ligand_0016,CHEMBL5754618,CC(=O)N1CC2(C1)CN(C(=O)c1ccc(Nc3nc4c(N5CCC(O)(c6ccc(Cl)cc6)CC5)cccn4n3)cc1)C2,16,ligand_16,idx_15,CHEMBL5754618,ligand_0016
3eyg,ligand_0017,CHEMBL5840312,CC(=O)N1CC=C(c2cccn3nc(Nc4ccc(C(=O)N(C)C5CCN(C)CC5)cc4)nc23)CC1,17,ligand_17,idx_16,CHEMBL5840312,ligand_0017
3eyg,ligand_0018,CHEMBL3914617,CC(=O)N1CCC(CN2CCC(n3cc(NC(=O)c4c(N)nn5cccnc45)c(-c4cc(Cl)ccc4OC(F)F)n3)CC2)CC1,18,ligand_18,idx_17,CHEMBL3914617,ligand_0018
3eyg,ligand_0019,CHEMBL3956651,CC(=O)N1CCC(CN2C[C@@H]3CN(C(=O)Cn4cc(NC(=O)c5cnn6cccnc56)c(-c5cc(Cl)ccc5OC(F)F)n4)C[C@@H]3C2)CC1,19,ligand_19,idx_18,CHEMBL3956651,ligand_0019
3eyg,ligand_0020,CHEMBL3904335,CC(=O)N1CCC(N2CCC(n3cc(NC(=O)c4c(N)nn5cccnc45)c(-c4cc(Cl)ccc4OC(F)F)n3)CC2)CC1,20,ligand_20,idx_19,CHEMBL3904335,ligand_0020
3eyg,ligand_0021,CHEMBL6037176,CC(=O)N1CCN(c2ccc[nH]/c2=N\C(=N)Nc2ccc(C(=O)N(C)C3CCN(C)CC3)cc2)CC1,21,ligand_21,idx_20,CHEMBL6037176,ligand_0021
3eyg,ligand_0022,CHEMBL5912678,CC(=O)NC1(C)CCN(c2cccn3nc(Nc4ccc(C(=O)N(C)C5CCN(C)CC5)cc4)nc23)CC1,22,ligand_22,idx_21,CHEMBL5912678,ligand_0022
3eyg,ligand_0023,CHEMBL5873534,CC(=O)NC1CCN(c2ccc[nH]/c2=N\C(=N)Nc2ccc(C(=O)N(C)C3CCN(C)CC3)cc2)CC1,23,ligand_23,idx_22,CHEMBL5873534,ligand_0023
3eyg,ligand_0024,CHEMBL5942234,CC(=O)NCC1(c2ccc(Cl)cc2)CCN(c2cccn3nc(Nc4ccc(C(=O)N(C)C5CCN(C)CC5)cc4)nc23)CC1,24,ligand_24,idx_23,CHEMBL5942234,ligand_0024
3eyg,ligand_0025,CHEMBL5984758,CC(=O)NCCCN1CCC(N/C=C(/NC(=O)/C(C(=N)N)=C2\N=CC=CN2)C(=N)c2cc(Cl)ccc2OC(F)F)CC1,25,ligand_25,idx_24,CHEMBL5984758,ligand_0025
3eyg,ligand_0026,CHEMBL3927535,CC(=O)NCCCN1CCC(n2cc(NC(=O)/C(C(=N)N)=C3\N=CC=CN3)c(-c3cc(Cl)ccc3OC(F)F)n2)CC1,26,ligand_26,idx_25,CHEMBL3927535,ligand_0026
3eyg,ligand_0027,CHEMBL3946737,CC(=O)NCCCN1CCC(n2cc(NC(=O)c3cnn4cccnc34)c(-c3cc(Cl)ccc3OC(F)F)n2)CC1,27,ligand_27,idx_26,CHEMBL3946737,ligand_0027
3eyg,ligand_0028,CHEMBL2206632,CC(=O)NCCc1nc2cnc3[nH]ccc3c2n1C1CCCCC1,28,ligand_28,idx_27,CHEMBL2206632,ligand_0028
3eyg,ligand_0029,CHEMBL2206623,CC(=O)NCCc1nc2cnc3[nH]ccc3c2n1C1CCN(CCC#N)CC1,29,ligand_29,idx_28,CHEMBL2206623,ligand_0029
3eyg,ligand_0030,CHEMBL2206637,CC(=O)NCc1nc2cnc3[nH]ccc3c2n1C1CC2CCC1C2,30,ligand_30,idx_29,CHEMBL2206637,ligand_0030
3eyg,ligand_0031,CHEMBL2206631,CC(=O)NCc1nc2cnc3[nH]ccc3c2n1C1CCCCC1,31,ligand_31,idx_30,CHEMBL2206631,ligand_0031
3eyg,ligand_0032,CHEMBL2206625,CC(=O)NCc1nc2cnc3[nH]ccc3c2n1C1CCN(CC(F)(F)F)CC1,32,ligand_32,idx_31,CHEMBL2206625,ligand_0032
3eyg,ligand_0033,CHEMBL2206619,CC(=O)NCc1nc2cnc3[nH]ccc3c2n1C1CCN(CCC#N)CC1,33,ligand_33,idx_32,CHEMBL2206619,ligand_0033
3eyg,ligand_0034,CHEMBL2159207,CC(=O)N[C@H]1CC[C@H](n2c(C)nc3cnc4[nH]ccc4c32)CC1,34,ligand_34,idx_33,CHEMBL2159207,ligand_0034
3eyg,ligand_0035,CHEMBL2420821,CC(=O)Nc1cc(NC(=O)c2c(Cl)cccc2Cl)ccn1,35,ligand_35,idx_34,CHEMBL2420821,ligand_0035
3eyg,ligand_0036,CHEMBL3905788,CC(C#N)CN(C)C1CCN(C(=O)Cn2cc(NC(=O)c3cnn4cccnc34)c(-c3cc(Cl)ccc3OC(F)F)n2)CC1,36,ligand_36,idx_35,CHEMBL3905788,ligand_0036
3eyg,ligand_0037,CHEMBL3940217,CC(C#N)CNC1CCN(C(=O)Cn2cc(NC(=O)c3cnn4cccnc34)c(-c3cc(Cl)ccc3OC(F)F)n2)CC1,37,ligand_37,idx_36,CHEMBL3940217,ligand_0037
3eyg,ligand_0038,CHEMBL5771241,CC(C(=O)N(C)C)n1cc(NC(=O)c2cnn3cccnc23)c(-c2cc(Cl)ccc2OC(F)F)n1,38,ligand_38,idx_37,CHEMBL5771241,ligand_0038
3eyg,ligand_0039,CHEMBL5815978,CC(C(=O)N1CCN(C)CC1)n1cc(Nc2nc3c(N4CC5CCC(C4)N5C(=O)C4CC(C(F)(F)F)C4)cccn3n2)cn1,39,ligand_39,idx_38,CHEMBL5815978,ligand_0039
3eyg,ligand_0040,CHEMBL5756665,CC(C(=O)N1CCN(C)CC1)n1cc(Nc2nc3c(N4CC5CCC(C4)N5C(=O)CCC(F)(F)F)cccn3n2)cn1,40,ligand_40,idx_39,CHEMBL5756665,ligand_0040
3eyg,ligand_0041,CHEMBL5855075,CC(C(=O)N1CCN(C)CC1)n1cc(Nc2nc3c(N4CC5CCCC(C4)N5C(=O)CCC(F)(F)F)cccn3n2)cn1,41,ligand_41,idx_40,CHEMBL5855075,ligand_0041
3eyg,ligand_0042,CHEMBL3908154,CC(C)(C#N)CNC1CCN(C(=O)Cn2cc(NC(=O)c3cnn4cccnc34)c(-c3cc(Cl)ccc3OC(F)F)n2)CC1,42,ligand_42,idx_41,CHEMBL3908154,ligand_0042
3eyg,ligand_0043,CHEMBL6000744,CC(C)(C#N)CNC1CCN(C(=O)Cn2cc(Nc3nc4c(N5CC6CCC(C5)N6C(=O)N5CC(C(F)(F)F)C5)cccn4n3)cn2)CC1,43,ligand_43,idx_42,CHEMBL6000744,ligand_0043
3eyg,ligand_0044,CHEMBL2436947,CC(C)(C)CNc1ncnc2c(=O)[nH]ccc12,44,ligand_44,idx_43,CHEMBL2436947,ligand_0044
3eyg,ligand_0045,CHEMBL2436946,CC(C)(C)Nc1ncnc2c(=O)[nH]ccc12,45,ligand_45,idx_44,CHEMBL2436946,ligand_0045
3eyg,ligand_0046,CHEMBL5997589,CC(C)(C)OC(=O)N1CCC(C(=O)Cn2ncc3cc(-c4n[nH]cc4NC(=O)c4cnn5cccnc45)c(OC(F)F)cc32)CC1,46,ligand_46,idx_45,CHEMBL5997589,ligand_0046
3eyg,ligand_0047,CHEMBL5877337,CC(C)(C)OC(=O)N1CCN(C(=O)Cn2cc(NC(=O)c3cnn4cccnc34)c(-c3cc4ccccc4cc3OC(F)F)n2)CC1,47,ligand_47,idx_46,CHEMBL5877337,ligand_0047
3eyg,ligand_0048,CHEMBL5986035,CC(C)(C)OC(=O)N1CCN(C(=O)c2cc3cc(OC(F)F)c(-c4n[nH]cc4NC(=O)c4cnn5cccnc45)cc3s2)CC1,48,ligand_48,idx_47,CHEMBL5986035,ligand_0048
3eyg,ligand_0049,CHEMBL4109287,CC(C)(C)OC(=O)N1CC[C@@H](O)[C@H](n2cc(NC(=O)c3cnn4cccnc34)c(-c3cc(Cl)ccc3OC(F)F)n2)C1,49,ligand_49,idx_48,CHEMBL4109287,ligand_0049
3eyg,ligand_0050,CHEMBL4109552,CC(C)(C)OC(=O)N1CC[C@@H](n2cc(NC(=O)c3cnn4cccnc34)c(-c3cc(Cl)ccc3OC(F)F)n2)[C@H](O)C1,50,ligand_50,idx_49,CHEMBL4109552,ligand_0050
3eyg,ligand_0051,CHEMBL3905318,CC(C)(C)OC(=O)N1CC[C@H](O)[C@@H](n2cc(NC(=O)c3cnn4cccnc34)c(-c3cc(Cl)ccc3OC(F)F)n2)C1,51,ligand_51,idx_50,CHEMBL3905318,ligand_0051
3eyg,ligand_0052,CHEMBL3921889,CC(C)(C)OC(=O)N1CC[C@H](n2cc(NC(=O)c3cnn4cccnc34)c(-c3cc(Cl)ccc3OC(F)F)n2)[C@@H](O)C1,52,ligand_52,idx_51,CHEMBL3921889,ligand_0052
3eyg,ligand_0053,CHEMBL2152296,CC(C)(C)OC(=O)N[C@@H]1CC[C@@H](n2cnc3cnc4[nH]ccc4c32)C1,53,ligand_53,idx_52,CHEMBL2152296,ligand_0053
3eyg,ligand_0054,CHEMBL2392485,CC(C)(C)OC(=O)N[C@@H]1CC[C@@H](n2nnc3cnc4[nH]ccc4c32)C1,54,ligand_54,idx_53,CHEMBL2392485,ligand_0054
3eyg,ligand_0055,CHEMBL2152425,CC(C)(C)OC(=O)N[C@H]1CC[C@@H](n2cnc3cnc4[nH]ccc4c32)C1,55,ligand_55,idx_54,CHEMBL2152425,ligand_0055
3eyg,ligand_0056,CHEMBL2152413,CC(C)(C)OC(=O)N[C@H]1CC[C@@H](n2cnc3cnc4[nH]ccc4c32)CC1,56,ligand_56,idx_55,CHEMBL2152413,ligand_0056
3eyg,ligand_0057,CHEMBL2152412,CC(C)(C)OC(=O)N[C@H]1CC[C@H](n2cnc3cnc4[nH]ccc4c32)CC1,57,ligand_57,idx_56,CHEMBL2152412,ligand_0057
3eyg,ligand_0058,CHEMBL2392482,CC(C)(C)OC(=O)N[C@H]1CC[C@H](n2nnc3cnc4[nH]ccc4c32)CC1,58,ligand_58,idx_57,CHEMBL2392482,ligand_0058
3eyg,ligand_0059,CHEMBL5936762,CC(C)(CCC(=O)c1ccc(Nc2nc3c(N4CCC(O)(c5ccc(Cl)cc5)CC4)cccn3n2)cc1)N1CCOCC1,59,ligand_59,idx_58,CHEMBL5936762,ligand_0059
3eyg,ligand_0060,CHEMBL5919829,CC(C)(CN1CCOCC1)NC(=O)c1ccc(Nc2nc3c(C4=CCN(C(=O)CCC(F)(F)F)CC4)cccn3n2)cc1,60,ligand_60,idx_59,CHEMBL5919829,ligand_0060
3eyg,ligand_0061,CHEMBL5756578,CC(C)(CN1CCOCC1)NC(=O)c1ccc(Nc2nc3c(N4CCC(O)(c5ccc(Cl)cc5)CC4)cccn3n2)cc1,61,ligand_61,idx_60,CHEMBL5756578,ligand_0061
3eyg,ligand_0062,CHEMBL5835546,CC(C)(CNC(=O)c1ccc(Nc2nc3c(C4=CCN(C(=O)CCC(F)(F)F)CC4)cccn3n2)cc1)N1CCOCC1,62,ligand_62,idx_61,CHEMBL5835546,ligand_0062
3eyg,ligand_0063,CHEMBL5955575,CC(C)(CNC(=O)c1ccc(Nc2nc3c(N4CCC(CO)(c5ccc(Cl)cc5)CC4)cccn3n2)cc1)N1CCOCC1,63,ligand_63,idx_62,CHEMBL5955575,ligand_0063
3eyg,ligand_0064,CHEMBL3929116,CC(C)(O)CCN1C[C@@H]2CN(C(=O)Cn3cc(NC(=O)c4cnn5cccnc45)c(-c4cc(Cl)ccc4OC(F)F)n3)C[C@@H]2C1,64,ligand_64,idx_63,CHEMBL3929116,ligand_0064
3eyg,ligand_0065,CHEMBL2386641,CC(C)(O)c1nc2cnc3[nH]ccc3c2n1C1CCCCC1,65,ligand_65,idx_64,CHEMBL2386641,ligand_0065
3eyg,ligand_0066,CHEMBL5870782,CC(C)C(=O)N1CC=C(c2ccc[nH]/c2=N\C(=N)Nc2ccc(C(=O)N(C)C3CCN(C)CC3)cc2)CC1,66,ligand_66,idx_65,CHEMBL5870782,ligand_0066
3eyg,ligand_0067,CHEMBL2152418,CC(C)C(=O)N[C@H]1CC[C@H](n2cnc3cnc4[nH]ccc4c32)CC1,67,ligand_67,idx_66,CHEMBL2152418,ligand_0067
3eyg,ligand_0068,CHEMBL5842852,CC(C)CC(=O)N1CC=C(c2cccn3nc(Nc4ccc(C(=O)N(C)C5CCN(C)CC5)cc4)nc23)CC1,68,ligand_68,idx_67,CHEMBL5842852,ligand_0068
3eyg,ligand_0069,CHEMBL2152396,CC(C)CC(=O)N1CCC(n2cnc3cnc4[nH]ccc4c32)CC1,69,ligand_69,idx_68,CHEMBL2152396,ligand_0069
3eyg,ligand_0070,CHEMBL2392484,CC(C)CC(=O)N[C@H]1CC[C@H](n2nnc3cnc4[nH]ccc4c32)CC1,70,ligand_70,idx_69,CHEMBL2392484,ligand_0070
3eyg,ligand_0071,CHEMBL5963251,CC(C)CCC(=O)N1CC=C(c2cccn3nc(Nc4ccc(C(=O)N(C)C5CCN(C)CC5)cc4)nc23)CC1,71,ligand_71,idx_70,CHEMBL5963251,ligand_0071
3eyg,ligand_0072,CHEMBL6043019,CC(C)CN1CCC(N(C)C(=O)Cn2cc(Nc3nc4c(C5=CCN(C(=O)CCC(F)(F)F)CC5)cccn4n3)cn2)CC1,72,ligand_72,idx_71,CHEMBL6043019,ligand_0072
3eyg,ligand_0073,CHEMBL3969253,CC(C)CN1CCC(n2cc(NC(=O)c3c(N)nn4cccnc34)c(-c3cc(Cl)ccc3OC(F)F)n2)CC1,73,ligand_73,idx_72,CHEMBL3969253,ligand_0073
3eyg,ligand_0074,CHEMBL3909300,CC(C)CN1CCC2(CCN(C(=O)Cn3cc(NC(=O)c4cnn5cccnc45)c(-c4cc(Cl)ccc4OC(F)F)n3)CC2)C1,74,ligand_74,idx_73,CHEMBL3909300,ligand_0074
3eyg,ligand_0075,CHEMBL3900031,CC(C)CN1CCN(C(=O)Cn2cc(NC(=O)c3cnn4cccnc34)c(-c3cc(Cl)ccc3OC(F)F)n2)CC1,75,ligand_75,idx_74,CHEMBL3900031,ligand_0075
3eyg,ligand_0076,CHEMBL6017004,CC(C)CN1CCN(C(=O)c2ccc(Nc3nc4c(C5=CCN(C(=O)CCC(F)(F)F)CC5)cccn4n3)cc2)CC1,76,ligand_76,idx_75,CHEMBL6017004,ligand_0076
3eyg,ligand_0077,CHEMBL6008204,CC(C)CN1CCN(C(=O)c2ccc(Nc3nc4c(N5CCC(O)(c6ccc(Cl)cc6)CC5)cccn4n3)cc2)CC1,77,ligand_77,idx_76,CHEMBL6008204,ligand_0077
3eyg,ligand_0078,CHEMBL3903720,CC(C)CN1C[C@@H]2CN(C(=O)Cn3cc(NC(=O)c4cnn5cccnc45)c(-c4cc(Cl)ccc4OC(F)F)n3)C[C@@H]2C1,78,ligand_78,idx_77,CHEMBL3903720,ligand_0078
3eyg,ligand_0079,CHEMBL6035015,CC(C)COC(=O)N1CC=C(c2cccn3nc(Nc4ccc(C(=O)N(C)C5CCN(C)CC5)cc4)nc23)CC1,79,ligand_79,idx_78,CHEMBL6035015,ligand_0079
3eyg,ligand_0080,CHEMBL2206622,CC(C)CS(=O)(=O)NCc1nc2cnc3[nH]ccc3c2n1C1CCN(CCC#N)CC1,80,ligand_80,idx_79,CHEMBL2206622,ligand_0080
3eyg,ligand_0081,CHEMBL5800048,CC(C)N1CCC(CN(C)C(=O)c2ccc(Nc3nc4c(C5=CCN(C(=O)CCC(F)(F)F)CC5)cccn4n3)cc2)C1,81,ligand_81,idx_80,CHEMBL5800048,ligand_0081
3eyg,ligand_0082,CHEMBL5772406,CC(C)N1CCC(CN(C)C(=O)c2ccc(Nc3nc4c(N5CCC(O)(c6ccc(Cl)cc6)CC5)cccn4n3)cc2)C1,82,ligand_82,idx_81,CHEMBL5772406,ligand_0082
3eyg,ligand_0083,CHEMBL5890807,CC(C)N1CCC(N(C)C(=O)c2ccc(Nc3nc4c(C5=CCN(C(=O)CCC(F)(F)F)CC5)cccn4n3)cc2)CC1,83,ligand_83,idx_82,CHEMBL5890807,ligand_0083
3eyg,ligand_0084,CHEMBL5860240,CC(C)N1CCC(N(C)C(=O)c2ccc(Nc3nc4c(N5CCC(O)(c6ccc(Cl)cc6)CC5)cccn4n3)cc2)CC1,84,ligand_84,idx_83,CHEMBL5860240,ligand_0084
3eyg,ligand_0085,CHEMBL2152405,CC(C)N1CCC[C@H]1C(=O)N1CCC(n2cnc3cnc4[nH]ccc4c32)CC1,85,ligand_85,idx_84,CHEMBL2152405,ligand_0085
3eyg,ligand_0086,CHEMBL3940918,CC(C)N1CCN(C(=O)Cn2cc(NC(=O)c3cnn4cccnc34)c(-c3cc(Cl)ccc3OC(F)F)n2)CC1,86,ligand_86,idx_85,CHEMBL3940918,ligand_0086
3eyg,ligand_0087,CHEMBL3895921,CC(C)N1C[C@H]2CN(C(=O)Cn3cc(NC(=O)c4cnn5cccnc45)c(-c4cc(Cl)ccc4OC(F)F)n3)C[C@H]2C1,87,ligand_87,idx_86,CHEMBL3895921,ligand_0087
3eyg,ligand_0088,CHEMBL6003964,CC(C)OC(=O)n1cc(NC(=O)c2cnn3cccnc23)c(-c2cc3c(cc2OC(F)F)NCCO3)n1,88,ligand_88,idx_87,CHEMBL6003964,ligand_0088
3eyg,ligand_0089,CHEMBL3982069,CC(C)Oc1ccc(CN(C)C2CCN(C(=O)Cn3cc(NC(=O)c4cnn5cccnc45)c(-c4cc(Cl)ccc4OC(F)F)n3)CC2)cc1,89,ligand_89,idx_88,CHEMBL3982069,ligand_0089
3eyg,ligand_0090,CHEMBL5895130,CC(C)c1ccc(C2(O)CCN(c3ccc[nH]/c3=N\C(=N)Nc3ccc(C(=O)N(C)C4CCN(C)CC4)cc3)CC2)cc1,90,ligand_90,idx_89,CHEMBL5895130,ligand_0090
3eyg,ligand_0091,CHEMBL2206062,CC(C)c1nc2cnc3[nH]ccc3c2n1C1CCN(CCC#N)CC1,91,ligand_91,idx_90,CHEMBL2206062,ligand_0091
3eyg,ligand_0092,CHEMBL5749439,CC(CC(=O)N1C2CCC1CN(c1cccn3nc(Nc4cnn(CC(=O)N5CCN(C)CC5)c4)nc13)C2)C(F)(F)F,92,ligand_92,idx_91,CHEMBL5749439,ligand_0092
3eyg,ligand_0093,CHEMBL6060119,CC(CC(=O)N1CC=C(c2cccn3nc(Nc4ccc(C(=O)N(C)C5CCN(C)CC5)cc4)nc23)CC1)C(F)(F)F,93,ligand_93,idx_92,CHEMBL6060119,ligand_0093
3eyg,ligand_0094,CHEMBL6009073,CC(CC(F)(F)F)C(=O)N1C2CCC1CN(c1cccn3nc(Nc4cnn(CC(=O)N5CCN(C)CC5)c4)nc13)C2,94,ligand_94,idx_93,CHEMBL6009073,ligand_0094
3eyg,ligand_0095,CHEMBL5996965,CC(CN(C)C)NC(=O)c1ccc(Nc2nc3c(C4=CCN(C(=O)CCC(F)(F)F)CC4)cccn3n2)cc1,95,ligand_95,idx_94,CHEMBL5996965,ligand_0095
3eyg,ligand_0096,CHEMBL6027484,CC(CN(C)C)NC(=O)c1ccc(Nc2nc3c(N4CCC(O)(c5ccc(Cl)cc5)CC4)cccn3n2)cc1,96,ligand_96,idx_95,CHEMBL6027484,ligand_0096
3eyg,ligand_0097,CHEMBL5893679,CC(CN1CCCCC1)NC(=O)c1ccc(Nc2nc3c(C4=CCN(C(=O)CCC(F)(F)F)CC4)cccn3n2)cc1,97,ligand_97,idx_96,CHEMBL5893679,ligand_0097
3eyg,ligand_0098,CHEMBL5966211,CC(CN1CCCCC1)NC(=O)c1ccc(Nc2nc3c(N4CCC(O)(c5ccc(Cl)cc5)CC4)cccn3n2)cc1,98,ligand_98,idx_97,CHEMBL5966211,ligand_0098
3eyg,ligand_0099,CHEMBL3896662,CC(F)(F)CNC1CCN(C(=O)Cn2cc(NC(=O)c3cnn4cccnc34)c(-c3cc(Cl)ccc3OC(F)F)n2)CC1,99,ligand_99,idx_98,CHEMBL3896662,ligand_0099
3eyg,ligand_0100,CHEMBL5973656,CC(F)(F)CNC1CCN(C(=O)Cn2cc(Nc3nc4c(N5CC6CCC(C5)N6C(=O)N5CC(C(F)(F)F)C5)cccn4n3)cn2)CC1,100,ligand_100,idx_99,CHEMBL5973656,ligand_0100
3eyg,ligand_0101,CHEMBL6031646,CC(O)C1(c2ccc(Cl)cc2)CCN(c2cccn3nc(Nc4ccc(C(=O)N(C)C5CCN(C)CC5)cc4)nc23)CC1,101,ligand_101,idx_100,CHEMBL6031646,ligand_0101
3eyg,ligand_0102,CHEMBL3974475,CC(c1ccccc1)N1CCN(C(=O)Cn2cc(NC(=O)c3cnn4cccnc34)c(-c3cc(Cl)ccc3OC(F)F)n2)CC1,102,ligand_102,idx_101,CHEMBL3974475,ligand_0102
3eyg,ligand_0103,CHEMBL3958970,CC1(C(=O)OCCN2CCOCC2)CCN(C(=O)Cn2cc(NC(=O)c3cnn4cccnc34)c(-c3cc(Cl)ccc3OC(F)F)n2)CC1,103,ligand_103,idx_102,CHEMBL3958970,ligand_0103
3eyg,ligand_0104,CHEMBL5916558,CC1(C)CNc2cc(OC(F)F)c(-c3n[nH]cc3NC(=O)c3cnn4cccnc34)cc2S1,104,ligand_104,idx_103,CHEMBL5916558,ligand_0104
3eyg,ligand_0105,CHEMBL5848071,CC1(C)COc2cc(OC(F)F)c(-c3n[nH]cc3NC(=O)c3cnn4cccnc34)cc2C1=O,105,ligand_105,idx_104,CHEMBL5848071,ligand_0105
3eyg,ligand_0106,CHEMBL3923871,CC1(CN(CCC(F)(F)F)C2CCN(C(=O)Cn3cc(NC(=O)c4cnn5cccnc45)c(-c4cc(Cl)ccc4OC(F)F)n3)CC2)COC1,106,ligand_106,idx_105,CHEMBL3923871,ligand_0106
3eyg,ligand_0107,CHEMBL3960123,CC1(CN2CCN(C(=O)Cn3cc(NC(=O)c4cnn5cccnc45)c(-c4cc(Cl)ccc4OC(F)F)n3)CC2)COC1,107,ligand_107,idx_106,CHEMBL3960123,ligand_0107
3eyg,ligand_0108,CHEMBL3929734,CC1(CN2C[C@@H]3CN(C(=O)Cn4cc(NC(=O)c5cnn6cccnc56)c(-c5cc(Cl)ccc5OC(F)F)n4)C[C@@H]3C2)COC1,108,ligand_108,idx_107,CHEMBL3929734,ligand_0108
3eyg,ligand_0109,CHEMBL3981362,CC1(N2CCOCC2)CCN(C(=O)Cn2cc(NC(=O)c3cnn4cccnc34)c(-c3cc(Cl)ccc3OC(F)F)n2)CC1,109,ligand_109,idx_108,CHEMBL3981362,ligand_0109
3eyg,ligand_0110,CHEMBL3929644,CC1(O)CCN(C(=O)Cn2cc(NC(=O)c3cnn4cccnc34)c(-c3cc(Cl)ccc3OC(F)F)n2)C1,110,ligand_110,idx_109,CHEMBL3929644,ligand_0110
3eyg,ligand_0111,CHEMBL3947456,CC1(O)CCN(C(=O)Cn2cc(NC(=O)c3cnn4cccnc34)c(-c3cc(Cl)ccc3OC(F)F)n2)CC1,111,ligand_111,idx_110,CHEMBL3947456,ligand_0111
3eyg,ligand_0112,CHEMBL2152410,CC1(n2cnc3cnc4[nH]ccc4c32)CCN(CC(F)(F)F)CC1,112,ligand_112,idx_111,CHEMBL2152410,ligand_0112
3eyg,ligand_0113,CHEMBL2152411,CC1(n2cnc3cnc4[nH]ccc4c32)CCN(CCC#N)CC1,113,ligand_113,idx_112,CHEMBL2152411,ligand_0113
3eyg,ligand_0114,CHEMBL2152408,CC1(n2cnc3cnc4[nH]ccc4c32)CCN(Cc2cncnc2)CC1,114,ligand_114,idx_113,CHEMBL2152408,ligand_0114
3eyg,ligand_0115,CHEMBL2152409,CC1(n2cnc3cnc4[nH]ccc4c32)CCN(S(C)(=O)=O)CC1,115,ligand_115,idx_114,CHEMBL2152409,ligand_0115
3eyg,ligand_0116,CHEMBL2152407,CC1(n2cnc3cnc4[nH]ccc4c32)CCNCC1,116,ligand_116,idx_115,CHEMBL2152407,ligand_0116
3eyg,ligand_0117,CHEMBL2392492,CC1(n2nnc3cnc4[nH]ccc4c32)CCN(CCC#N)CC1,117,ligand_117,idx_116,CHEMBL2392492,ligand_0117
3eyg,ligand_0118,CHEMBL2392493,CC1(n2nnc3cnc4[nH]ccc4c32)CCN(S(C)(=O)=O)CC1,118,ligand_118,idx_117,CHEMBL2392493,ligand_0118
3eyg,ligand_0119,CHEMBL5753757,CC1CC(C(=O)N2CC=C(c3cccn4nc(Nc5ccc(C(=O)N(C)C6CCN(C)CC6)cc5)nc34)CC2)C1,119,ligand_119,idx_118,CHEMBL5753757,ligand_0119
3eyg,ligand_0120,CHEMBL5967018,CC1CC(C)CN(CCNC(=O)c2ccc(Nc3nc4c(C5=CCN(C(=O)CCC(F)(F)F)CC5)cccn4n3)cc2)C1,120,ligand_120,idx_119,CHEMBL5967018,ligand_0120
3eyg,ligand_0121,CHEMBL5825475,CC1CC(C)CN(CCNC(=O)c2ccc(Nc3nc4c(N5CCC(CO)(c6ccc(Cl)cc6)CC5)cccn4n3)cc2)C1,121,ligand_121,idx_120,CHEMBL5825475,ligand_0121
3eyg,ligand_0122,CHEMBL5885257,CC1CC1C(=O)N1CC=C(c2cccn3nc(Nc4ccc(C(=O)N(C)C5CCN(C)CC5)cc4)nc23)CC1,122,ligand_122,idx_121,CHEMBL5885257,ligand_0122
3eyg,ligand_0123,CHEMBL5856571,CC1CCCCN1CCCNC(=O)c1ccc(Nc2nc3c(C4=CCN(C(=O)CCC(F)(F)F)CC4)cccn3n2)cc1,123,ligand_123,idx_122,CHEMBL5856571,ligand_0123
3eyg,ligand_0124,CHEMBL3667526,CC1CCCCN1c1nn(CC(C)(C)O)cc1NC(=O)c1cnn2cccnc12,124,ligand_124,idx_123,CHEMBL3667526,ligand_0124
3eyg,ligand_0125,CHEMBL5804320,CC1CCCN(C2CCN(C(=O)c3ccc(Nc4nc5c(C6=CCN(C(=O)CCC(F)(F)F)CC6)cccn5n4)cc3)CC2)C1,125,ligand_125,idx_124,CHEMBL5804320,ligand_0125
3eyg,ligand_0126,CHEMBL5757682,CC1CCCN(CCNC(=O)c2ccc(Nc3nc4c(C5=CCN(C(=O)CCC(F)(F)F)CC5)cccn4n3)cc2)C1,126,ligand_126,idx_125,CHEMBL5757682,ligand_0126
3eyg,ligand_0127,CHEMBL5847505,CC1CCCN(CCNC(=O)c2ccc(Nc3nc4c(N5CCC(CO)(c6ccc(Cl)cc6)CC5)cccn4n3)cc2)C1,127,ligand_127,idx_126,CHEMBL5847505,ligand_0127
3eyg,ligand_0128,CHEMBL5961823,CC1CCN(C2CCN(C(=O)c3ccc(Nc4nc5c(C6=CCN(C(=O)CCC(F)(F)F)CC6)cccn5n4)cc3)CC2)CC1,128,ligand_128,idx_127,CHEMBL5961823,ligand_0128
3eyg,ligand_0129,CHEMBL6010261,CC1CCN(CC(=O)c2ccc(Nc3nc4c(C5=CCN(C(=O)CCC(F)(F)F)CC5)cccn4n3)cc2)CC1,129,ligand_129,idx_128,CHEMBL6010261,ligand_0129
3eyg,ligand_0130,CHEMBL6039923,CC1CCN(CCNC(=O)c2ccc(Nc3nc4c(N5CCC(O)(c6ccc(Cl)cc6)CC5)cccn4n3)cc2)CC1,130,ligand_130,idx_129,CHEMBL6039923,ligand_0130
3eyg,ligand_0131,CHEMBL3933501,CC1CN(C(=O)Cn2cc(NC(=O)c3cnn4cccnc34)c(-c3cc(Cl)ccc3OC(F)F)n2)CCN1C,131,ligand_131,idx_130,CHEMBL3933501,ligand_0131
3eyg,ligand_0132,CHEMBL6003625,CC1CN(C(=O)c2ccc(Nc3nc4c(C5=CCN(C(=O)CCC(F)(F)F)CC5)cccn4n3)cc2)CCN1,132,ligand_132,idx_131,CHEMBL6003625,ligand_0132
3eyg,ligand_0133,CHEMBL5840179,CC1CN(C(=O)c2ccc(Nc3nc4c(N5CCC(O)(c6ccc(Cl)cc6)CC5)cccn4n3)cc2)CCN1,133,ligand_133,idx_132,CHEMBL5840179,ligand_0133
3eyg,ligand_0134,CHEMBL3927656,CC1CN(C)CCN1C(=O)Cn1cc(NC(=O)c2cnn3cccnc23)c(-c2cc(Cl)ccc2OC(F)F)n1,134,ligand_134,idx_133,CHEMBL3927656,ligand_0134
3eyg,ligand_0135,CHEMBL5781745,CC1CN(C2CCN(C(=O)c3ccc(Nc4nc5c(C6=CCN(C(=O)CCC(F)(F)F)CC6)cccn5n4)cc3)CC2)CC(C)O1,135,ligand_135,idx_134,CHEMBL5781745,ligand_0135
3eyg,ligand_0136,CHEMBL5975179,CC1CN(C2CCN(C(=O)c3ccc(Nc4nc5c(N6CCC(O)(c7ccc(Cl)cc7)CC6)cccn5n4)cc3)CC2)CC(C)O1,136,ligand_136,idx_135,CHEMBL5975179,ligand_0136
3eyg,ligand_0137,CHEMBL5906993,CC1CN(CCNC(=O)c2ccc(Nc3nc4c(C5=CCN(C(=O)CCC(F)(F)F)CC5)cccn4n3)cc2)CC(C)O1,137,ligand_137,idx_136,CHEMBL5906993,ligand_0137
3eyg,ligand_0138,CHEMBL5796877,CC1CN(CCNC(=O)c2ccc(Nc3nc4c(N5CCC(O)(c6ccc(Cl)cc6)CC5)cccn4n3)cc2)CC(C)O1,138,ligand_138,idx_137,CHEMBL5796877,ligand_0138
3eyg,ligand_0139,CHEMBL5991719,CC1CNCCN1C(=O)c1ccc(Nc2nc3c(C4=CCN(C(=O)CCC(F)(F)F)CC4)cccn3n2)cc1,139,ligand_139,idx_138,CHEMBL5991719,ligand_0139
3eyg,ligand_0140,CHEMBL5879480,CC1CNc2cc(OC(F)F)c(-c3n[nH]cc3NC(=O)c3cnn4cccnc34)cc2S1,140,ligand_140,idx_139,CHEMBL5879480,ligand_0140
3eyg,ligand_0141,CHEMBL5904045,CC1CNc2cc(OC(F)F)c(-c3nn(CC(=O)N(C)C)cc3NC(=O)c3cnn4cccnc34)cc2S1,141,ligand_141,idx_140,CHEMBL5904045,ligand_0141
3eyg,ligand_0142,CHEMBL5901292,CC1CNc2cc(OC(F)F)c(-c3nn(CC(=O)N4CC=CCC4)cc3NC(=O)c3cnn4cccnc34)cc2S1,142,ligand_142,idx_141,CHEMBL5901292,ligand_0142
3eyg,ligand_0143,CHEMBL5990829,CC1CNc2cc(OC(F)F)c(-c3nn(CC(=O)N4CCCCC4)cc3NC(=O)c3cnn4cccnc34)cc2S1,143,ligand_143,idx_142,CHEMBL5990829,ligand_0143
3eyg,ligand_0144,CHEMBL5804571,CC1CNc2cc(OC(F)F)c(-c3nn(CCN)cc3NC(=O)c3cnn4cccnc34)cc2S1,144,ligand_144,idx_143,CHEMBL5804571,ligand_0144
3eyg,ligand_0145,CHEMBL5806256,CC1CSc2cc(-c3n[nH]cc3NC(=O)c3cnn4cccnc34)c(OC(F)F)cc2N1,145,ligand_145,idx_144,CHEMBL5806256,ligand_0145
3eyg,ligand_0146,CHEMBL5821744,CC1CSc2cc(-c3nn(CC(=O)N(C)C)cc3NC(=O)c3cnn4cccnc34)c(OC(F)F)cc2N1,146,ligand_146,idx_145,CHEMBL5821744,ligand_0146
3eyg,ligand_0147,CHEMBL6049034,CC1CSc2cc(-c3nn(CC(=O)N4CC=CCC4)cc3NC(=O)c3cnn4cccnc34)c(OC(F)F)cc2N1,147,ligand_147,idx_146,CHEMBL6049034,ligand_0147
3eyg,ligand_0148,CHEMBL5758527,CC1CSc2cc(-c3nn(CC(=O)N4CCCCC4)cc3NC(=O)c3cnn4cccnc34)c(OC(F)F)cc2N1,148,ligand_148,idx_147,CHEMBL5758527,ligand_0148
3eyg,ligand_0149,CHEMBL5836552,CC1Sc2cc(-c3n[nH]cc3NC(=O)c3cnn4cccnc34)c(OC(F)F)cc2NC1=O,149,ligand_149,idx_148,CHEMBL5836552,ligand_0149
3eyg,ligand_0150,CHEMBL6056349,CC1Sc2cc(-c3nn(C)cc3NC(=O)c3cnn4cccnc34)c(OC(F)F)cc2NC1=O,150,ligand_150,idx_149,CHEMBL6056349,ligand_0150
3eyg,ligand_0151,CHEMBL5934490,CCC(=O)N1[C@@H]2CCC[C@H]1C[C@H](N(C)c1nc(Nc3cc(C)[nH]n3)cc(O[C@@H]3CCOC3)n1)C2,151,ligand_151,idx_150,CHEMBL5934490,ligand_0151
3eyg,ligand_0152,CHEMBL6024184,CCC(=O)N1[C@@H]2CCC[C@H]1C[C@H](Nc1nc(Nc3cc(C)[nH]n3)cc3ncccc13)C2,152,ligand_152,idx_151,CHEMBL6024184,ligand_0152
3eyg,ligand_0153,CHEMBL5993649,CCC(=O)N1[C@@H]2CC[C@H]1C[C@H](Nc1nc(Nc3cc(C)[nH]n3)cc3ncc(C(=O)OC)cc13)C2,153,ligand_153,idx_152,CHEMBL5993649,ligand_0153
3eyg,ligand_0154,CHEMBL5885866,CCC(=O)N1[C@@H]2CC[C@H]1C[C@H](Nc1nc(Nc3cc(C)[nH]n3)cc3ncccc13)C2,154,ligand_154,idx_153,CHEMBL5885866,ligand_0154
3eyg,ligand_0155,CHEMBL2420832,CCC(=O)Nc1cc(NC(=O)c2c(Cl)cccc2Cl)ccn1,155,ligand_155,idx_154,CHEMBL2420832,ligand_0155
3eyg,ligand_0156,CHEMBL5795316,CCC(C#N)N1[C@@H]2CC[C@H]1C[C@H](Nc1nc(Nc3cc(C)[nH]n3)cc3ncccc13)C2,156,ligand_156,idx_155,CHEMBL5795316,ligand_0156
3eyg,ligand_0157,CHEMBL6011655,CCC(C)C(=O)N1[C@@H]2CC[C@H]1C[C@H](Nc1nc(Nc3cc(C)[nH]n3)cc3nccc(OC)c13)C2,157,ligand_157,idx_156,CHEMBL6011655,ligand_0157
3eyg,ligand_0158,CHEMBL5821912,CCC(C)OC(=O)N1[C@@H]2CCC[C@H]1C[C@H](N(C)c1nc(Nc3cc(CO)[nH]n3)cc(OC)n1)C2,158,ligand_158,idx_157,CHEMBL5821912,ligand_0158
3eyg,ligand_0159,CHEMBL5866266,CCC(C)OC(=O)N1[C@@H]2CCC[C@H]1C[C@H](Nc1nc(Nc3cc(C)[nH]n3)cc3ncccc13)C2,159,ligand_159,idx_158,CHEMBL5866266,ligand_0159
3eyg,ligand_0160,CHEMBL5742932,CCC(CC#N)N1[C@@H]2CC[C@H]1C[C@H](Nc1nc(Nc3cc(C)[nH]n3)cc3ncccc13)C2,160,ligand_160,idx_159,CHEMBL5742932,ligand_0160
3eyg,ligand_0161,CHEMBL6052284,CCC(SC)C(=O)N1[C@@H]2CCC[C@H]1C[C@H](Nc1nc(Nc3cc(C)[nH]n3)cc3ncccc13)C2,161,ligand_161,idx_160,CHEMBL6052284,ligand_0161
3eyg,ligand_0162,CHEMBL5762598,CCC(SC)C(=O)N1[C@@H]2CC[C@H]1C[C@H](Nc1nc(Nc3cc(C)[nH]n3)cc3ncc(C(=O)OC)cc13)C2,162,ligand_162,idx_161,CHEMBL5762598,ligand_0162
3eyg,ligand_0163,CHEMBL5774822,CCC(SC)C(=O)N1[C@@H]2CC[C@H]1C[C@H](Nc1nc(Nc3cc(C)[nH]n3)cc3ncc(S(C)(=O)=O)cc13)C2,163,ligand_163,idx_162,CHEMBL5774822,ligand_0163
3eyg,ligand_0164,CHEMBL6042260,CCC(SC)C(=O)N1[C@@H]2CC[C@H]1C[C@H](Nc1nc(Nc3cc(C)[nH]n3)cc3ncccc13)C2,164,ligand_164,idx_163,CHEMBL6042260,ligand_0164
3eyg,ligand_0165,CHEMBL5782033,CCC(SC)N1[C@@H]2CC[C@H]1C[C@H](Nc1nc(Nc3cc(C)[nH]n3)cc3ncc(S(C)(=O)=O)cc13)C2,165,ligand_165,idx_164,CHEMBL5782033,ligand_0165
3eyg,ligand_0166,CHEMBL5993741,CCC1(S(=O)(=O)N2[C@@H]3CCC[C@H]2C[C@H](Nc2nc(Nc4cc(C)[nH]n4)cc4ncccc24)C3)CC1,166,ligand_166,idx_165,CHEMBL5993741,ligand_0166
3eyg,ligand_0167,CHEMBL5782734,CCC1(S(=O)(=O)N2[C@@H]3CC[C@H]2C[C@H](Nc2nc(Nc4cc(C)[nH]n4)cc4nc(CN5CCC(F)(F)CC5)ccc24)C3)CC1,167,ligand_167,idx_166,CHEMBL5782734,ligand_0167
3eyg,ligand_0168,CHEMBL5940808,CCC1(S(=O)(=O)N2[C@@H]3CC[C@H]2C[C@H](Nc2nc(Nc4cc(C)[nH]n4)cc4nc(CN5CCN(C)CC5)ccc24)C3)CC1,168,ligand_168,idx_167,CHEMBL5940808,ligand_0168
3eyg,ligand_0169,CHEMBL5837308,CCC1(S(=O)(=O)N2[C@@H]3CC[C@H]2C[C@H](Nc2nc(Nc4cc(C)[nH]n4)cc4ncccc24)C3)CC1,169,ligand_169,idx_168,CHEMBL5837308,ligand_0169
3eyg,ligand_0170,CHEMBL5986107,CCCC(=O)N1CC=C(c2cccn3nc(Nc4ccc(C(=O)N(C)C5CCN(C)CC5)cc4)nc23)CC1,170,ligand_170,idx_169,CHEMBL5986107,ligand_0170
3eyg,ligand_0171,CHEMBL5807071,CCCC1CCCN1S(=O)(=O)N1[C@@H]2CCC[C@H]1C[C@H](Nc1nc(Nc3cc(C)[nH]n3)cc3ncccc13)C2,171,ligand_171,idx_170,CHEMBL5807071,ligand_0171
3eyg,ligand_0172,CHEMBL5973481,CCCCC(=O)N1CC=C(c2ccc[nH]/c2=N\C(=N)Nc2ccc(C(=O)N(C)C3CCN(C)CC3)cc2)CC1,172,ligand_172,idx_171,CHEMBL5973481,ligand_0172
3eyg,ligand_0173,CHEMBL3919476,CCCCN(C)C1CCN(c2nc(-c3cc(Cl)ccc3OC(F)F)c(NC(=O)c3cnn4cccnc34)s2)CC1,173,ligand_173,idx_172,CHEMBL3919476,ligand_0173
3eyg,ligand_0174,CHEMBL3946275,CCCCN(C)CC#Cc1nc(-c2cc(Cl)ccc2OC(F)F)c(NC(=O)c2cnn3cccnc23)s1,174,ligand_174,idx_173,CHEMBL3946275,ligand_0174
3eyg,ligand_0175,CHEMBL3897207,CCCCN(CC(F)(F)F)C1CCN(C(=O)Cn2cc(NC(=O)c3cnn4cccnc34)c(-c3cc(Cl)ccc3OC(F)F)n2)CC1,175,ligand_175,idx_174,CHEMBL3897207,ligand_0175
3eyg,ligand_0176,CHEMBL6050795,CCCCOC(=O)N1[C@@H]2CCC[C@H]1C[C@H](Nc1nc(Nc3cc(C)[nH]n3)cc3ncccc13)C2,176,ligand_176,idx_175,CHEMBL6050795,ligand_0176
3eyg,ligand_0177,CHEMBL5818934,CCCN1CCC(N(C(=O)c2ccc(Nc3nc4c(C5=CCN(C(=O)CCC(F)(F)F)CC5)cccn4n3)cc2)C2CC2)CC1,177,ligand_177,idx_176,CHEMBL5818934,ligand_0177
3eyg,ligand_0178,CHEMBL3891057,CCCN1CCN(C(=O)Cn2cc(NC(=O)c3cnn4cccnc34)c(-c3cc(Cl)ccc3OC(F)F)n2)CC1,178,ligand_178,idx_177,CHEMBL3891057,ligand_0178
3eyg,ligand_0179,CHEMBL5884204,CCCN1Cc2[nH]c(-c3n[nH]c4cc(-c5cc(F)c(O)cc5CC)ccc34)nc2CC1C(=O)N1CC(C)(N(C)C)C1,179,ligand_179,idx_178,CHEMBL5884204,ligand_0179
3eyg,ligand_0180,CHEMBL5790072,CCCN1Cc2[nH]c(-c3n[nH]c4cc(-c5cc(F)c(O)cc5CC)ccc34)nc2CC1C(=O)N1CC(N2CCCC2)C1,180,ligand_180,idx_179,CHEMBL5790072,ligand_0180
3eyg,ligand_0181,CHEMBL5770840,CCCN1Cc2[nH]c(-c3n[nH]c4cc(-c5cc(F)c(O)cc5CC)ccc34)nc2CC1C(=O)N1CC(N2CCCCC2)C1,181,ligand_181,idx_180,CHEMBL5770840,ligand_0181
3eyg,ligand_0182,CHEMBL6032608,CCCN1Cc2[nH]c(-c3n[nH]c4cc(-c5cc(F)c(O)cc5CC)ccc34)nc2CC1C(=O)N1CC(NC)C1,182,ligand_182,idx_181,CHEMBL6032608,ligand_0182
3eyg,ligand_0183,CHEMBL5803623,CCCN1Cc2[nH]c(-c3n[nH]c4cc(-c5cc(F)c(O)cc5CC)ccc34)nc2C[C@@H]1C(=O)N1CC(C)(N(C)C)C1,183,ligand_183,idx_182,CHEMBL5803623,ligand_0183
3eyg,ligand_0184,CHEMBL5819815,CCCN1Cc2[nH]c(-c3n[nH]c4cc(-c5cc(F)c(O)cc5CC)ccc34)nc2C[C@@H]1C(=O)N1CC[C@H](N(C)C)C1,184,ligand_184,idx_183,CHEMBL5819815,ligand_0184
3eyg,ligand_0185,CHEMBL5993958,CCCN1Cc2[nH]c(-c3n[nH]c4cc(-c5cc(F)c(O)cc5CC)ccc34)nc2C[C@H]1C(=O)N1CC(C)(N(C)C)C1,185,ligand_185,idx_184,CHEMBL5993958,ligand_0185
3eyg,ligand_0186,CHEMBL5905186,CCCN1Cc2[nH]c(-c3n[nH]c4cc(-c5cc(F)c(O)cc5CC)ccc34)nc2C[C@H]1C(=O)N1CC(N(C)C)C1,186,ligand_186,idx_185,CHEMBL5905186,ligand_0186
3eyg,ligand_0187,CHEMBL5905186,CCCN1Cc2[nH]c(-c3n[nH]c4cc(-c5cc(F)c(O)cc5CC)ccc34)nc2C[C@H]1C(=O)N1CC(N(C)C)C1,187,ligand_187,idx_186,CHEMBL5905186,ligand_0187
3eyg,ligand_0188,CHEMBL6048787,CCCN1Cc2[nH]c(-c3n[nH]c4cc(-c5cc(F)c(O)cc5CC)ccc34)nc2C[C@H]1C(=O)N1CC(N2CCCCC2)C1,188,ligand_188,idx_187,CHEMBL6048787,ligand_0188
3eyg,ligand_0189,CHEMBL5961719,CCCN1Cc2[nH]c(-c3n[nH]c4cc(-c5cc(F)c(O)cc5CC)ccc34)nc2C[C@H]1C(=O)N1CC(NC)C1,189,ligand_189,idx_188,CHEMBL5961719,ligand_0189
3eyg,ligand_0190,CHEMBL5934770,CCCN1Cc2[nH]c(-c3n[nH]c4cc(-c5cc(F)c(O)cc5CC)ccc34)nc2C[C@H]1C(=O)N1CCN(C(C)(C)C)CC1,190,ligand_190,idx_189,CHEMBL5934770,ligand_0190
3eyg,ligand_0191,CHEMBL5753964,CCCN1Cc2[nH]c(-c3n[nH]c4cc(-c5cc(F)c(O)cc5CC)ccc34)nc2C[C@H]1C(=O)N1CCN(CCO)CC1,191,ligand_191,idx_190,CHEMBL5753964,ligand_0191
3eyg,ligand_0192,CHEMBL5753964,CCCN1Cc2[nH]c(-c3n[nH]c4cc(-c5cc(F)c(O)cc5CC)ccc34)nc2C[C@H]1C(=O)N1CCN(CCO)CC1,192,ligand_192,idx_191,CHEMBL5753964,ligand_0192
3eyg,ligand_0193,CHEMBL5779028,CCCN1Cc2[nH]c(-c3n[nH]c4cc(-c5cc(F)c(O)cc5CC)ccc34)nc2C[C@H]1C(=O)N1CCN(CCO)C[C@H]1C,193,ligand_193,idx_192,CHEMBL5779028,ligand_0193
3eyg,ligand_0194,CHEMBL5956972,CCCN1Cc2[nH]c(-c3n[nH]c4cc(-c5cc(F)c(O)cc5CC)ccc34)nc2C[C@H]1C(=O)N1C[C@@H]2C[C@H]1CN2C,194,ligand_194,idx_193,CHEMBL5956972,ligand_0194
3eyg,ligand_0195,CHEMBL5984979,CCCN1Cc2[nH]c(-c3n[nH]c4cc(-c5cc(F)c(O)cc5CC)ccc34)nc2C[C@H]1CN1CC[C@H](C(C)C)C1,195,ligand_195,idx_194,CHEMBL5984979,ligand_0195
3eyg,ligand_0196,CHEMBL5970510,CCCN1Cc2[nH]c(-c3n[nH]c4cc(-c5ccc(O)cc5CC)ccc34)nc2C[C@H]1C(=O)N1CC(C)(N(C)C)C1,196,ligand_196,idx_195,CHEMBL5970510,ligand_0196
3eyg,ligand_0197,CHEMBL5828027,CCCN1Cc2[nH]c(-c3n[nH]c4cc(-c5ccc(O)cc5CC)ccc34)nc2C[C@H]1C(=O)N1CC(N(C)C)C1,197,ligand_197,idx_196,CHEMBL5828027,ligand_0197
3eyg,ligand_0198,CHEMBL6003682,CCCN1Cc2[nH]c(-c3n[nH]c4cc(-c5ccc(O)cc5CC)ccc34)nc2C[C@H]1C(=O)N1CCN(CCO)CC1,198,ligand_198,idx_197,CHEMBL6003682,ligand_0198
3eyg,ligand_0199,CHEMBL6012745,CCCN1Cc2[nH]c(-c3n[nH]c4cc(-c5ccc(O)cc5CC)ccc34)nc2C[C@H]1C(=O)N1C[C@@H]2C[C@H]1CN2C,199,ligand_199,idx_198,CHEMBL6012745,ligand_0199
3eyg,ligand_0200,CHEMBL5978366,CCCOC(=O)N1CC=C(c2cccn3nc(Nc4ccc(C(=O)N(C)C5CCN(C)CC5)cc4)nc23)CC1,200,ligand_200,idx_199,CHEMBL5978366,ligand_0200
3eyg,ligand_0201,CHEMBL2206060,CCCc1nc2cnc3[nH]ccc3c2n1C1CCN(CCC#N)CC1,201,ligand_201,idx_200,CHEMBL2206060,ligand_0201
3eyg,ligand_0202,CHEMBL5876938,CCN(C)C(=O)Cn1cc(NC(=O)c2cnn3cccnc23)c(-c2cc3c(cc2OC(F)F)NCCO3)n1,202,ligand_202,idx_201,CHEMBL5876938,ligand_0202
3eyg,ligand_0203,CHEMBL3915560,CCN(Cc1cccnc1)C(=O)Cn1cc(NC(=O)c2cnn3cccnc23)c(-c2cc(Cl)ccc2OC(F)F)n1,203,ligand_203,idx_202,CHEMBL3915560,ligand_0203
3eyg,ligand_0204,CHEMBL3914623,CCN(Cc1ccnc(C)c1)C(=O)Cn1cc(NC(=O)c2cnn3cccnc23)c(-c2cc(Cl)ccc2OC(F)F)n1,204,ligand_204,idx_203,CHEMBL3914623,ligand_0204
3eyg,ligand_0205,CHEMBL3976701,CCN(Cc1ccnc(Cl)c1)C(=O)Cn1cc(NC(=O)c2cnn3cccnc23)c(-c2cc(Cl)ccc2OC(F)F)n1,205,ligand_205,idx_204,CHEMBL3976701,ligand_0205
3eyg,ligand_0206,CHEMBL6019264,CCN(Cc1ccncc1)C(=O)c1ccc(Nc2nc3c(C4=CCN(C(=O)CCC(F)(F)F)CC4)cccn3n2)cc1,206,ligand_206,idx_205,CHEMBL6019264,ligand_0206
3eyg,ligand_0207,CHEMBL5835143,CCN(Cc1ccncc1)C(=O)c1ccc(Nc2nc3c(N4CCC(CO)(c5ccc(Cl)cc5)CC4)cccn3n2)cc1,207,ligand_207,idx_206,CHEMBL5835143,ligand_0207
3eyg,ligand_0208,CHEMBL6037343,CCN(Cc1ccncc1)C(=O)c1ccc(Nc2nc3c(N4CCC(O)(c5ccc(Cl)cc5)CC4)cccn3n2)cc1,208,ligand_208,idx_207,CHEMBL6037343,ligand_0208
3eyg,ligand_0209,CHEMBL5933359,CCN1CC(S(=O)(=O)N2[C@@H]3CC[C@H]2C[C@H](Nc2nc(Nc4cc(C)[nH]n4)cc4ncccc24)C3)C1,209,ligand_209,idx_208,CHEMBL5933359,ligand_0209
3eyg,ligand_0210,CHEMBL3960474,CCN1CC2CN(C(=O)Cn3cc(NC(=O)c4c(N)nn5cccnc45)c(-c4cc(Cl)ccc4OC(F)F)n3)CC2C1,210,ligand_210,idx_209,CHEMBL3960474,ligand_0210
3eyg,ligand_0211,CHEMBL5786740,CCN1CCC(CN(C)C(=O)c2ccc(Nc3nc4c(C5=CCN(C(=O)CCC(F)(F)F)CC5)cccn4n3)cc2)C1,211,ligand_211,idx_210,CHEMBL5786740,ligand_0211
3eyg,ligand_0212,CHEMBL5897313,CCN1CCC(CN(C)C(=O)c2ccc(Nc3nc4c(N5CCC(O)(c6ccc(Cl)cc6)CC5)cccn4n3)cc2)C1,212,ligand_212,idx_211,CHEMBL5897313,ligand_0212
3eyg,ligand_0213,CHEMBL2386648,CCN1CCC(n2c([C@@H](C)O)nc3cnc4[nH]ccc4c32)C(F)(F)C1,213,ligand_213,idx_212,CHEMBL2386648,ligand_0213
3eyg,ligand_0214,CHEMBL2152399,CCN1CCC(n2cnc3cnc4[nH]ccc4c32)CC1,214,ligand_214,idx_213,CHEMBL2152399,ligand_0214
3eyg,ligand_0215,CHEMBL5898692,CCN1CCN(C(=O)Cn2cc(NC(=O)/C(C=N)=C3\N=CC=CN3)c(-c3cc4ccccc4cc3OC(F)F)n2)CC1,215,ligand_215,idx_214,CHEMBL5898692,ligand_0215
3eyg,ligand_0216,CHEMBL3912892,CCN1CCN(C(=O)Cn2cc(NC(=O)c3c(N)nn4cccnc34)c(-c3cc(Cl)ccc3OC(F)F)n2)CC1,216,ligand_216,idx_215,CHEMBL3912892,ligand_0216
3eyg,ligand_0217,CHEMBL3955984,CCN1CCN(C(=O)Cn2cc(NC(=O)c3cnn4cccnc34)c(-c3cc(Cl)ccc3OC(F)F)n2)CC1,217,ligand_217,idx_216,CHEMBL3955984,ligand_0217
3eyg,ligand_0218,CHEMBL5846006,CCN1CCN(C(=O)Cn2cc(NC(=O)c3cnn4cccnc34)c(-c3cc4cn[nH]c4cc3OC(F)F)n2)CC1,218,ligand_218,idx_217,CHEMBL5846006,ligand_0218
3eyg,ligand_0219,CHEMBL6010259,CCN1CCN(C(=O)Cn2cc(Nc3nc4c(N5CC6CCC(C5)N6C(=O)N5CC(C(F)(F)F)C5)cccn4n3)cn2)CC1,219,ligand_219,idx_218,CHEMBL6010259,ligand_0219
3eyg,ligand_0220,CHEMBL3899762,CCN1C[C@@H]2CN(C(=O)Cn3cc(NC(=O)c4cnn5cccnc45)c(-c4cc(Cl)ccc4OC(F)F)n3)C[C@@H]2C1,220,ligand_220,idx_219,CHEMBL3899762,ligand_0220
3eyg,ligand_0221,CHEMBL3983381,CCNC(=O)CCCN1CCC(n2cc(NC(=O)c3cnn4cccnc34)c(-c3cc(Cl)ccc3OC(F)F)n2)CC1,221,ligand_221,idx_220,CHEMBL3983381,ligand_0221
3eyg,ligand_0222,CHEMBL2420812,CCNC(=O)Nc1cc(NC(=O)c2c(Cl)cccc2Cl)ccn1,222,ligand_222,idx_221,CHEMBL2420812,ligand_0222
3eyg,ligand_0223,CHEMBL3984741,CCNC1CCN(C(=O)Cn2cc(NC(=O)c3c(N)nn4cccnc34)c(-c3cc(Cl)ccc3OC(F)F)n2)CC1,223,ligand_223,idx_222,CHEMBL3984741,ligand_0223
3eyg,ligand_0224,CHEMBL3949681,CCN[C@@H](C)Cn1cc(NC(=O)c2cnn3cccnc23)c(-c2cc(Cl)ccc2OC(F)F)n1,224,ligand_224,idx_223,CHEMBL3949681,ligand_0224
3eyg,ligand_0225,CHEMBL3918255,CCOC(=O)C1CCN(CCN2CCN(C(=O)Cn3cc(NC(=O)c4cnn5cccnc45)c(-c4cc(Cl)ccc4OC(F)F)n3)CC2)CC1,225,ligand_225,idx_224,CHEMBL3918255,ligand_0225
3eyg,ligand_0226,CHEMBL6055473,CCOC(=O)CC1(c2ccc(Cl)cc2)CCN(c2cccn3nc(Nc4ccc(C(=O)N(C)C5CCN(C)CC5)cc4)nc23)CC1,226,ligand_226,idx_225,CHEMBL6055473,ligand_0226
3eyg,ligand_0227,CHEMBL3898055,CCOC(=O)CCCN1CCC(n2cc(NC(=O)c3c(N)nn4cccnc34)c(-c3cc(Cl)ccc3OC(F)F)n2)CC1,227,ligand_227,idx_226,CHEMBL3898055,ligand_0227
3eyg,ligand_0228,CHEMBL3929711,CCOC(=O)CCN(C)C1CCN(C(=O)Cn2cc(NC(=O)c3cnn4cccnc34)c(-c3cc(Cl)ccc3OC(F)F)n2)CC1,228,ligand_228,idx_227,CHEMBL3929711,ligand_0228
3eyg,ligand_0229,CHEMBL3915926,CCOC(=O)CCN1CCN(C(=O)Cn2cc(NC(=O)c3cnn4cccnc34)c(-c3cc(Cl)ccc3OC(F)F)n2)CC1,229,ligand_229,idx_228,CHEMBL3915926,ligand_0229
3eyg,ligand_0230,CHEMBL3910888,CCOC(=O)CN(CCn1cc(NC(=O)c2cnn3cccnc23)c(-c2cc(Cl)ccc2OC(F)F)n1)Cc1cccnc1,230,ligand_230,idx_229,CHEMBL3910888,ligand_0230
3eyg,ligand_0231,CHEMBL3932031,CCOC(=O)CN1CCC(n2cc(NC(=O)c3cnn4cccnc34)c(-c3cc(Cl)ccc3OC(F)F)n2)CC1,231,ligand_231,idx_230,CHEMBL3932031,ligand_0231
3eyg,ligand_0232,CHEMBL3921546,CCOC(=O)CN1CCN(C(=O)Cn2cc(NC(=O)c3cnn4cccnc34)c(-c3cc(Cl)ccc3OC(F)F)n2)CC1,232,ligand_232,idx_231,CHEMBL3921546,ligand_0232
3eyg,ligand_0233,CHEMBL3970958,CCOC(=O)CNC1CCN(C(=O)Cn2cc(NC(=O)c3cnn4cccnc34)c(-c3cc(Cl)ccc3OC(F)F)n2)CC1,233,ligand_233,idx_232,CHEMBL3970958,ligand_0233
3eyg,ligand_0234,CHEMBL3958066,CCOC(=O)CNCCn1cc(NC(=O)c2cnn3cccnc23)c(-c2cc(Cl)ccc2OC(F)F)n1,234,ligand_234,idx_233,CHEMBL3958066,ligand_0234
3eyg,ligand_0235,CHEMBL6051498,CCOC(=O)N1CC=C(C2=CC=CN3NC(Nc4ccc(C(=O)N5CCC6(CNC6)C5)cc4)N=C23)CC1,235,ligand_235,idx_234,CHEMBL6051498,ligand_0235
3eyg,ligand_0236,CHEMBL5760704,CCOC(=O)N1CC=C(C2=CC=CN3NC(Nc4ccc(C(=O)N5CCN(CCC#N)CC5)cc4)NC23)CC1,236,ligand_236,idx_235,CHEMBL5760704,ligand_0236
3eyg,ligand_0237,CHEMBL5906288,CCOC(=O)N1CC=C(c2cccn3nc(Cc4ccc(C(=O)N5CCO[C@@H]6CNC[C@@H]65)cc4)nc23)CC1,237,ligand_237,idx_236,CHEMBL5906288,ligand_0237
3eyg,ligand_0238,CHEMBL5790004,CCOC(=O)N1CC=C(c2cccn3nc(Nc4ccc(C(=O)N(C)C5CCCNC5)cc4)nc23)CC1,238,ligand_238,idx_237,CHEMBL5790004,ligand_0238
3eyg,ligand_0239,CHEMBL6034577,CCOC(=O)N1CC=C(c2cccn3nc(Nc4ccc(C(=O)N(C)C5CCN(C(C)C)CC5)cc4)nc23)CC1,239,ligand_239,idx_238,CHEMBL6034577,ligand_0239
3eyg,ligand_0240,CHEMBL5780366,CCOC(=O)N1CC=C(c2cccn3nc(Nc4ccc(C(=O)N(C)C5CCN(C)C5)cc4)nc23)CC1,240,ligand_240,idx_239,CHEMBL5780366,ligand_0240
3eyg,ligand_0241,CHEMBL5897334,CCOC(=O)N1CC=C(c2cccn3nc(Nc4ccc(C(=O)N(C)C5CCN(C)CC5)cc4)nc23)CC1,241,ligand_241,idx_240,CHEMBL5897334,ligand_0241
3eyg,ligand_0242,CHEMBL5760719,CCOC(=O)N1CC=C(c2cccn3nc(Nc4ccc(C(=O)N(C)C5CCN(Cc6ccccc6)C5)cc4)nc23)CC1,242,ligand_242,idx_241,CHEMBL5760719,ligand_0242
3eyg,ligand_0243,CHEMBL5744795,CCOC(=O)N1CC=C(c2cccn3nc(Nc4ccc(C(=O)N(C)CC5CCCN(C)C5)cc4)nc23)CC1,243,ligand_243,idx_242,CHEMBL5744795,ligand_0243
3eyg,ligand_0244,CHEMBL6015096,CCOC(=O)N1CC=C(c2cccn3nc(Nc4ccc(C(=O)N(C)CC5CCN(C(C)C)C5)cc4)nc23)CC1,244,ligand_244,idx_243,CHEMBL6015096,ligand_0244
3eyg,ligand_0245,CHEMBL5892479,CCOC(=O)N1CC=C(c2cccn3nc(Nc4ccc(C(=O)N(C)CC5CCN(CC)C5)cc4)nc23)CC1,245,ligand_245,idx_244,CHEMBL5892479,ligand_0245
3eyg,ligand_0246,CHEMBL5927616,CCOC(=O)N1CC=C(c2cccn3nc(Nc4ccc(C(=O)N(C)CCN)cc4)nc23)CC1,246,ligand_246,idx_245,CHEMBL5927616,ligand_0246
3eyg,ligand_0247,CHEMBL6037700,CCOC(=O)N1CC=C(c2cccn3nc(Nc4ccc(C(=O)N(C)CCc5ccccn5)cc4)nc23)CC1,247,ligand_247,idx_246,CHEMBL6037700,ligand_0247
3eyg,ligand_0248,CHEMBL5850595,CCOC(=O)N1CC=C(c2cccn3nc(Nc4ccc(C(=O)N(C)CCc5cccnc5)cc4)nc23)CC1,248,ligand_248,idx_247,CHEMBL5850595,ligand_0248
3eyg,ligand_0249,CHEMBL5970803,CCOC(=O)N1CC=C(c2cccn3nc(Nc4ccc(C(=O)N(C)CCc5ccncc5)cc4)nc23)CC1,249,ligand_249,idx_248,CHEMBL5970803,ligand_0249
3eyg,ligand_0250,CHEMBL5759880,CCOC(=O)N1CC=C(c2cccn3nc(Nc4ccc(C(=O)N(C)Cc5cccc6cccnc56)cc4)nc23)CC1,250,ligand_250,idx_249,CHEMBL5759880,ligand_0250
3eyg,ligand_0251,CHEMBL5769549,CCOC(=O)N1CC=C(c2cccn3nc(Nc4ccc(C(=O)N(C)Cc5ccccn5)cc4)nc23)CC1,251,ligand_251,idx_250,CHEMBL5769549,ligand_0251
3eyg,ligand_0252,CHEMBL5905747,CCOC(=O)N1CC=C(c2cccn3nc(Nc4ccc(C(=O)N(C)Cc5cccnc5)cc4)nc23)CC1,252,ligand_252,idx_251,CHEMBL5905747,ligand_0252
3eyg,ligand_0253,CHEMBL5937544,CCOC(=O)N1CC=C(c2cccn3nc(Nc4ccc(C(=O)N(C)Cc5ccncc5)cc4)nc23)CC1,253,ligand_253,idx_252,CHEMBL5937544,ligand_0253
3eyg,ligand_0254,CHEMBL5879637,CCOC(=O)N1CC=C(c2cccn3nc(Nc4ccc(C(=O)N(C)Cc5ncccc5C)cc4)nc23)CC1,254,ligand_254,idx_253,CHEMBL5879637,ligand_0254
3eyg,ligand_0255,CHEMBL5743499,CCOC(=O)N1CC=C(c2cccn3nc(Nc4ccc(C(=O)N(C5CC5)C5CCN(C)CC5)cc4)nc23)CC1,255,ligand_255,idx_254,CHEMBL5743499,ligand_0255
3eyg,ligand_0256,CHEMBL5832192,CCOC(=O)N1CC=C(c2cccn3nc(Nc4ccc(C(=O)N(CC)Cc5ccncc5)cc4)nc23)CC1,256,ligand_256,idx_255,CHEMBL5832192,ligand_0256
3eyg,ligand_0257,CHEMBL5949931,CCOC(=O)N1CC=C(c2cccn3nc(Nc4ccc(C(=O)N(CCOC)C5CCN(C)CC5)cc4)nc23)CC1,257,ligand_257,idx_256,CHEMBL5949931,ligand_0257
3eyg,ligand_0258,CHEMBL5804176,CCOC(=O)N1CC=C(c2cccn3nc(Nc4ccc(C(=O)N(Cc5ccccn5)C5CC5)cc4)nc23)CC1,258,ligand_258,idx_257,CHEMBL5804176,ligand_0258
3eyg,ligand_0259,CHEMBL5823269,CCOC(=O)N1CC=C(c2cccn3nc(Nc4ccc(C(=O)N5CC(C(=O)N(C)C)C5)cc4)nc23)CC1,259,ligand_259,idx_258,CHEMBL5823269,ligand_0259
3eyg,ligand_0260,CHEMBL5796298,CCOC(=O)N1CC=C(c2cccn3nc(Nc4ccc(C(=O)N5CC(C(=O)N6CCN(C)CC6)C5)cc4)nc23)CC1,260,ligand_260,idx_259,CHEMBL5796298,ligand_0260
3eyg,ligand_0261,CHEMBL5943323,CCOC(=O)N1CC=C(c2cccn3nc(Nc4ccc(C(=O)N5CC(C6CCCN6C)C5)cc4)nc23)CC1,261,ligand_261,idx_260,CHEMBL5943323,ligand_0261
3eyg,ligand_0262,CHEMBL5825734,CCOC(=O)N1CC=C(c2cccn3nc(Nc4ccc(C(=O)N5CC(CN)C5)cc4)nc23)CC1,262,ligand_262,idx_261,CHEMBL5825734,ligand_0262
3eyg,ligand_0263,CHEMBL5886936,CCOC(=O)N1CC=C(c2cccn3nc(Nc4ccc(C(=O)N5CC(N)C5)cc4)nc23)CC1,263,ligand_263,idx_262,CHEMBL5886936,ligand_0263
3eyg,ligand_0264,CHEMBL5819265,CCOC(=O)N1CC=C(c2cccn3nc(Nc4ccc(C(=O)N5CC(NC)C5)cc4)nc23)CC1,264,ligand_264,idx_263,CHEMBL5819265,ligand_0264
3eyg,ligand_0265,CHEMBL5871304,CCOC(=O)N1CC=C(c2cccn3nc(Nc4ccc(C(=O)N5CC6(CCCCN6)C5)cc4)nc23)CC1,265,ligand_265,idx_264,CHEMBL5871304,ligand_0265
3eyg,ligand_0266,CHEMBL5990027,CCOC(=O)N1CC=C(c2cccn3nc(Nc4ccc(C(=O)N5CC6(CCCNC6)C5)cc4)nc23)CC1,266,ligand_266,idx_265,CHEMBL5990027,ligand_0266
3eyg,ligand_0267,CHEMBL5781672,CCOC(=O)N1CC=C(c2cccn3nc(Nc4ccc(C(=O)N5CC6(CCN(C)C6)C5)cc4)nc23)CC1,267,ligand_267,idx_266,CHEMBL5781672,ligand_0267
3eyg,ligand_0268,CHEMBL5752749,CCOC(=O)N1CC=C(c2cccn3nc(Nc4ccc(C(=O)N5CC6(CCN(C)CC6)C5)cc4)nc23)CC1,268,ligand_268,idx_267,CHEMBL5752749,ligand_0268
3eyg,ligand_0269,CHEMBL5959526,CCOC(=O)N1CC=C(c2cccn3nc(Nc4ccc(C(=O)N5CC6(CCNC6)C5)cc4)nc23)CC1,269,ligand_269,idx_268,CHEMBL5959526,ligand_0269
3eyg,ligand_0270,CHEMBL5927244,CCOC(=O)N1CC=C(c2cccn3nc(Nc4ccc(C(=O)N5CC6(CN(C(C)=O)C6)C5)cc4)nc23)CC1,270,ligand_270,idx_269,CHEMBL5927244,ligand_0270
3eyg,ligand_0271,CHEMBL5916648,CCOC(=O)N1CC=C(c2cccn3nc(Nc4ccc(C(=O)N5CC6(CN(C)CCO6)C5)cc4)nc23)CC1,271,ligand_271,idx_270,CHEMBL5916648,ligand_0271
3eyg,ligand_0272,CHEMBL5907473,CCOC(=O)N1CC=C(c2cccn3nc(Nc4ccc(C(=O)N5CC6(CNC6)C5)cc4)nc23)CC1,272,ligand_272,idx_271,CHEMBL5907473,ligand_0272
3eyg,ligand_0273,CHEMBL5746352,CCOC(=O)N1CC=C(c2cccn3nc(Nc4ccc(C(=O)N5CC6CC5(CN)C6)cc4)nc23)CC1,273,ligand_273,idx_272,CHEMBL5746352,ligand_0273
3eyg,ligand_0274,CHEMBL6012777,CCOC(=O)N1CC=C(c2cccn3nc(Nc4ccc(C(=O)N5CC6CC5CN(C)C6)cc4)nc23)CC1,274,ligand_274,idx_273,CHEMBL6012777,ligand_0274
3eyg,ligand_0275,CHEMBL6026408,CCOC(=O)N1CC=C(c2cccn3nc(Nc4ccc(C(=O)N5CC6CN(C)CC(C5)O6)cc4)nc23)CC1,275,ligand_275,idx_274,CHEMBL6026408,ligand_0275
3eyg,ligand_0276,CHEMBL5875194,CCOC(=O)N1CC=C(c2cccn3nc(Nc4ccc(C(=O)N5CC6CNCC(C5)O6)cc4)nc23)CC1,276,ligand_276,idx_275,CHEMBL5875194,ligand_0276
3eyg,ligand_0277,CHEMBL5981370,CCOC(=O)N1CC=C(c2cccn3nc(Nc4ccc(C(=O)N5CC6CNCC6C5)cc4)nc23)CC1,277,ligand_277,idx_276,CHEMBL5981370,ligand_0277
3eyg,ligand_0278,CHEMBL6060751,CCOC(=O)N1CC=C(c2cccn3nc(Nc4ccc(C(=O)N5CCC(CN)C5)cc4)nc23)CC1,278,ligand_278,idx_277,CHEMBL6060751,ligand_0278
3eyg,ligand_0279,CHEMBL6023732,CCOC(=O)N1CC=C(c2cccn3nc(Nc4ccc(C(=O)N5CCC(CN)CC5)cc4)nc23)CC1,279,ligand_279,idx_278,CHEMBL6023732,ligand_0279
3eyg,ligand_0280,CHEMBL5971863,CCOC(=O)N1CC=C(c2cccn3nc(Nc4ccc(C(=O)N5CCC(Cc6ccccn6)C5)cc4)nc23)CC1,280,ligand_280,idx_279,CHEMBL5971863,ligand_0280
3eyg,ligand_0281,CHEMBL6021180,CCOC(=O)N1CC=C(c2cccn3nc(Nc4ccc(C(=O)N5CCC(Cc6ccccn6)CC5)cc4)nc23)CC1,281,ligand_281,idx_280,CHEMBL6021180,ligand_0281
3eyg,ligand_0282,CHEMBL6044272,CCOC(=O)N1CC=C(c2cccn3nc(Nc4ccc(C(=O)N5CCC(Cc6cccnc6)C5)cc4)nc23)CC1,282,ligand_282,idx_281,CHEMBL6044272,ligand_0282
3eyg,ligand_0283,CHEMBL6026593,CCOC(=O)N1CC=C(c2cccn3nc(Nc4ccc(C(=O)N5CCC(Cc6ccncc6)C5)cc4)nc23)CC1,283,ligand_283,idx_282,CHEMBL6026593,ligand_0283
3eyg,ligand_0284,CHEMBL6052654,CCOC(=O)N1CC=C(c2cccn3nc(Nc4ccc(C(=O)N5CCC(N(C)C)C5)cc4)nc23)CC1,284,ligand_284,idx_283,CHEMBL6052654,ligand_0284
3eyg,ligand_0285,CHEMBL5943004,CCOC(=O)N1CC=C(c2cccn3nc(Nc4ccc(C(=O)N5CCC(N(C)C)CC5)cc4)nc23)CC1,285,ligand_285,idx_284,CHEMBL5943004,ligand_0285
3eyg,ligand_0286,CHEMBL5787853,CCOC(=O)N1CC=C(c2cccn3nc(Nc4ccc(C(=O)N5CCC(N(CC)CC)C5)cc4)nc23)CC1,286,ligand_286,idx_285,CHEMBL5787853,ligand_0286
3eyg,ligand_0287,CHEMBL5794952,CCOC(=O)N1CC=C(c2cccn3nc(Nc4ccc(C(=O)N5CCC(N6CC(C)OC(C)C6)CC5)cc4)nc23)CC1,287,ligand_287,idx_286,CHEMBL5794952,ligand_0287
3eyg,ligand_0288,CHEMBL6031339,CCOC(=O)N1CC=C(c2cccn3nc(Nc4ccc(C(=O)N5CCC(N6CCCC6)CC5)cc4)nc23)CC1,288,ligand_288,idx_287,CHEMBL6031339,ligand_0288
3eyg,ligand_0289,CHEMBL5800008,CCOC(=O)N1CC=C(c2cccn3nc(Nc4ccc(C(=O)N5CCC(N6CCN(C)CC6)CC5)cc4)nc23)CC1,289,ligand_289,idx_288,CHEMBL5800008,ligand_0289
3eyg,ligand_0290,CHEMBL5951863,CCOC(=O)N1CC=C(c2cccn3nc(Nc4ccc(C(=O)N5CCC(N6CCOCC6)C5)cc4)nc23)CC1,290,ligand_290,idx_289,CHEMBL5951863,ligand_0290
3eyg,ligand_0291,CHEMBL5955540,CCOC(=O)N1CC=C(c2cccn3nc(Nc4ccc(C(=O)N5CCC(N6CCOCC6)CC5)cc4)nc23)CC1,291,ligand_291,idx_290,CHEMBL5955540,ligand_0291
3eyg,ligand_0292,CHEMBL5855849,CCOC(=O)N1CC=C(c2cccn3nc(Nc4ccc(C(=O)N5CCC(NC)C5)cc4)nc23)CC1,292,ligand_292,idx_291,CHEMBL5855849,ligand_0292
3eyg,ligand_0293,CHEMBL5841276,CCOC(=O)N1CC=C(c2cccn3nc(Nc4ccc(C(=O)N5CCC(c6ccccn6)CC5)cc4)nc23)CC1,293,ligand_293,idx_292,CHEMBL5841276,ligand_0293
3eyg,ligand_0294,CHEMBL5860517,CCOC(=O)N1CC=C(c2cccn3nc(Nc4ccc(C(=O)N5CCC(c6ccncc6)C5)cc4)nc23)CC1,294,ligand_294,idx_293,CHEMBL5860517,ligand_0294
3eyg,ligand_0295,CHEMBL6046092,CCOC(=O)N1CC=C(c2cccn3nc(Nc4ccc(C(=O)N5CCC(c6ccncc6)CC5)cc4)nc23)CC1,295,ligand_295,idx_294,CHEMBL6046092,ligand_0295
3eyg,ligand_0296,CHEMBL5803038,CCOC(=O)N1CC=C(c2cccn3nc(Nc4ccc(C(=O)N5CCC6(CC5)CC(N)C6)cc4)nc23)CC1,296,ligand_296,idx_295,CHEMBL5803038,ligand_0296
3eyg,ligand_0297,CHEMBL5773277,CCOC(=O)N1CC=C(c2cccn3nc(Nc4ccc(C(=O)N5CCC6(CC5)CNC6)cc4)nc23)CC1,297,ligand_297,idx_296,CHEMBL5773277,ligand_0297
3eyg,ligand_0298,CHEMBL5768837,CCOC(=O)N1CC=C(c2cccn3nc(Nc4ccc(C(=O)N5CCC6(CC5)CNCCO6)cc4)nc23)CC1,298,ligand_298,idx_297,CHEMBL5768837,ligand_0298
3eyg,ligand_0299,CHEMBL6057358,CCOC(=O)N1CC=C(c2cccn3nc(Nc4ccc(C(=O)N5CCC6(CCCCN6)C5)cc4)nc23)CC1,299,ligand_299,idx_298,CHEMBL6057358,ligand_0299
3eyg,ligand_0300,CHEMBL6045835,CCOC(=O)N1CC=C(c2cccn3nc(Nc4ccc(C(=O)N5CCC6(CCCN6)C5)cc4)nc23)CC1,300,ligand_300,idx_299,CHEMBL6045835,ligand_0300
3eyg,ligand_0301,CHEMBL5755526,CCOC(=O)N1CC=C(c2cccn3nc(Nc4ccc(C(=O)N5CCC6(CCCN6)CC5)cc4)nc23)CC1,301,ligand_301,idx_300,CHEMBL5755526,ligand_0301
3eyg,ligand_0302,CHEMBL5757575,CCOC(=O)N1CC=C(c2cccn3nc(Nc4ccc(C(=O)N5CCC6(CCCNC6)C5)cc4)nc23)CC1,302,ligand_302,idx_301,CHEMBL5757575,ligand_0302
3eyg,ligand_0303,CHEMBL6044209,CCOC(=O)N1CC=C(c2cccn3nc(Nc4ccc(C(=O)N5CCC6(CCCNC6)CC5)cc4)nc23)CC1,303,ligand_303,idx_302,CHEMBL6044209,ligand_0303
3eyg,ligand_0304,CHEMBL5755315,CCOC(=O)N1CC=C(c2cccn3nc(Nc4ccc(C(=O)N5CCC6(CCN6)CC5)cc4)nc23)CC1,304,ligand_304,idx_303,CHEMBL5755315,ligand_0304
3eyg,ligand_0305,CHEMBL5944048,CCOC(=O)N1CC=C(c2cccn3nc(Nc4ccc(C(=O)N5CCC6(CCNC6)C5)cc4)nc23)CC1,305,ligand_305,idx_304,CHEMBL5944048,ligand_0305
3eyg,ligand_0306,CHEMBL5985611,CCOC(=O)N1CC=C(c2cccn3nc(Nc4ccc(C(=O)N5CCC6(CCNC6)CC5)cc4)nc23)CC1,306,ligand_306,idx_305,CHEMBL5985611,ligand_0306
3eyg,ligand_0307,CHEMBL6048957,CCOC(=O)N1CC=C(c2cccn3nc(Nc4ccc(C(=O)N5CCC6(CCNCC6)C5)cc4)nc23)CC1,307,ligand_307,idx_306,CHEMBL6048957,ligand_0307
3eyg,ligand_0308,CHEMBL6063340,CCOC(=O)N1CC=C(c2cccn3nc(Nc4ccc(C(=O)N5CCC6(CCNCC6)CC5)cc4)nc23)CC1,308,ligand_308,idx_307,CHEMBL6063340,ligand_0308
3eyg,ligand_0309,CHEMBL5866473,CCOC(=O)N1CC=C(c2cccn3nc(Nc4ccc(C(=O)N5CCC6CNCC65)cc4)nc23)CC1,309,ligand_309,idx_308,CHEMBL5866473,ligand_0309
3eyg,ligand_0310,CHEMBL5806938,CCOC(=O)N1CC=C(c2cccn3nc(Nc4ccc(C(=O)N5CCCC(CCN(C)C)C5)cc4)nc23)CC1,310,ligand_310,idx_309,CHEMBL5806938,ligand_0310
3eyg,ligand_0311,CHEMBL5977540,CCOC(=O)N1CC=C(c2cccn3nc(Nc4ccc(C(=O)N5CCCC(N6CCOCC6)C5)cc4)nc23)CC1,311,ligand_311,idx_310,CHEMBL5977540,ligand_0311
3eyg,ligand_0312,CHEMBL5997237,CCOC(=O)N1CC=C(c2cccn3nc(Nc4ccc(C(=O)N5CCCC(O)(CN(C)C)CC5)cc4)nc23)CC1,312,ligand_312,idx_311,CHEMBL5997237,ligand_0312
3eyg,ligand_0313,CHEMBL5820600,CCOC(=O)N1CC=C(c2cccn3nc(Nc4ccc(C(=O)N5CCCC(O)(CN6CCCC6)CC5)cc4)nc23)CC1,313,ligand_313,idx_312,CHEMBL5820600,ligand_0313
3eyg,ligand_0314,CHEMBL5915468,CCOC(=O)N1CC=C(c2cccn3nc(Nc4ccc(C(=O)N5CCCC(c6ccccn6)C5)cc4)nc23)CC1,314,ligand_314,idx_313,CHEMBL5915468,ligand_0314
3eyg,ligand_0315,CHEMBL5778392,CCOC(=O)N1CC=C(c2cccn3nc(Nc4ccc(C(=O)N5CCCC56CCCNC6)cc4)nc23)CC1,315,ligand_315,idx_314,CHEMBL5778392,ligand_0315
3eyg,ligand_0316,CHEMBL5752884,CCOC(=O)N1CC=C(c2cccn3nc(Nc4ccc(C(=O)N5CCCC56CCNC6)cc4)nc23)CC1,316,ligand_316,idx_315,CHEMBL5752884,ligand_0316
3eyg,ligand_0317,CHEMBL6044371,CCOC(=O)N1CC=C(c2cccn3nc(Nc4ccc(C(=O)N5CCCC56CCNCC6)cc4)nc23)CC1,317,ligand_317,idx_316,CHEMBL6044371,ligand_0317
3eyg,ligand_0318,CHEMBL5995016,CCOC(=O)N1CC=C(c2cccn3nc(Nc4ccc(C(=O)N5CCCC5C5CCCCN5C)cc4)nc23)CC1,318,ligand_318,idx_317,CHEMBL5995016,ligand_0318
3eyg,ligand_0319,CHEMBL5857046,CCOC(=O)N1CC=C(c2cccn3nc(Nc4ccc(C(=O)N5CCCC5CN)cc4)nc23)CC1,319,ligand_319,idx_318,CHEMBL5857046,ligand_0319
3eyg,ligand_0320,CHEMBL5815060,CCOC(=O)N1CC=C(c2cccn3nc(Nc4ccc(C(=O)N5CCCC5Cc5ccccn5)cc4)nc23)CC1,320,ligand_320,idx_319,CHEMBL5815060,ligand_0320
3eyg,ligand_0321,CHEMBL5751913,CCOC(=O)N1CC=C(c2cccn3nc(Nc4ccc(C(=O)N5CCCC5c5cc(N(C)C)cc(C)n5)cc4)nc23)CC1,321,ligand_321,idx_320,CHEMBL5751913,ligand_0321
3eyg,ligand_0322,CHEMBL5899972,CCOC(=O)N1CC=C(c2cccn3nc(Nc4ccc(C(=O)N5CCCC5c5ccc(C)cn5)cc4)nc23)CC1,322,ligand_322,idx_321,CHEMBL5899972,ligand_0322
3eyg,ligand_0323,CHEMBL6025883,CCOC(=O)N1CC=C(c2cccn3nc(Nc4ccc(C(=O)N5CCCC5c5ccncc5)cc4)nc23)CC1,323,ligand_323,idx_322,CHEMBL6025883,ligand_0323
3eyg,ligand_0324,CHEMBL5775310,CCOC(=O)N1CC=C(c2cccn3nc(Nc4ccc(C(=O)N5CCCC6(CCCCN6)C5)cc4)nc23)CC1,324,ligand_324,idx_323,CHEMBL5775310,ligand_0324
3eyg,ligand_0325,CHEMBL6015755,CCOC(=O)N1CC=C(c2cccn3nc(Nc4ccc(C(=O)N5CCCC6(CCCN(C)C6)C5)cc4)nc23)CC1,325,ligand_325,idx_324,CHEMBL6015755,ligand_0325
3eyg,ligand_0326,CHEMBL5921038,CCOC(=O)N1CC=C(c2cccn3nc(Nc4ccc(C(=O)N5CCCC6(CCCN6)CC5)cc4)nc23)CC1,326,ligand_326,idx_325,CHEMBL5921038,ligand_0326
3eyg,ligand_0327,CHEMBL6001961,CCOC(=O)N1CC=C(c2cccn3nc(Nc4ccc(C(=O)N5CCCC6(CCCNC6)C5)cc4)nc23)CC1,327,ligand_327,idx_326,CHEMBL6001961,ligand_0327
3eyg,ligand_0328,CHEMBL5784779,CCOC(=O)N1CC=C(c2cccn3nc(Nc4ccc(C(=O)N5CCCC6(CCNC6)C5)cc4)nc23)CC1,328,ligand_328,idx_327,CHEMBL5784779,ligand_0328
3eyg,ligand_0329,CHEMBL5915320,CCOC(=O)N1CC=C(c2cccn3nc(Nc4ccc(C(=O)N5CCCC6(CCNCC6)C5)cc4)nc23)CC1,329,ligand_329,idx_328,CHEMBL5915320,ligand_0329
3eyg,ligand_0330,CHEMBL5781626,CCOC(=O)N1CC=C(c2cccn3nc(Nc4ccc(C(=O)N5CCCC6(CCNCO6)C5)cc4)nc23)CC1,330,ligand_330,idx_329,CHEMBL5781626,ligand_0330
3eyg,ligand_0331,CHEMBL6020552,CCOC(=O)N1CC=C(c2cccn3nc(Nc4ccc(C(=O)N5CCCCC56CCCNC6)cc4)nc23)CC1,331,ligand_331,idx_330,CHEMBL6020552,ligand_0331
3eyg,ligand_0332,CHEMBL5820739,CCOC(=O)N1CC=C(c2cccn3nc(Nc4ccc(C(=O)N5CCCCC5Cc5ccccn5)cc4)nc23)CC1,332,ligand_332,idx_331,CHEMBL5820739,ligand_0332
3eyg,ligand_0333,CHEMBL6000430,CCOC(=O)N1CC=C(c2cccn3nc(Nc4ccc(C(=O)N5CCCN(c6ccncc6)CC5)cc4)nc23)CC1,333,ligand_333,idx_332,CHEMBL6000430,ligand_0333
3eyg,ligand_0334,CHEMBL5854958,CCOC(=O)N1CC=C(c2cccn3nc(Nc4ccc(C(=O)N5CCCNCC5)cc4)nc23)CC1,334,ligand_334,idx_333,CHEMBL5854958,ligand_0334
3eyg,ligand_0335,CHEMBL5879945,CCOC(=O)N1CC=C(c2cccn3nc(Nc4ccc(C(=O)N5CCN(C)C(C(=O)N(C)C)C5)cc4)nc23)CC1,335,ligand_335,idx_334,CHEMBL5879945,ligand_0335
3eyg,ligand_0336,CHEMBL5820380,CCOC(=O)N1CC=C(c2cccn3nc(Nc4ccc(C(=O)N5CCN(C)CC(CO)C5)cc4)nc23)CC1,336,ligand_336,idx_335,CHEMBL5820380,ligand_0336
3eyg,ligand_0337,CHEMBL6060933,CCOC(=O)N1CC=C(c2cccn3nc(Nc4ccc(C(=O)N5CCN(C)CC5)cc4)nc23)CC1,337,ligand_337,idx_336,CHEMBL6060933,ligand_0337
3eyg,ligand_0338,CHEMBL5749615,CCOC(=O)N1CC=C(c2cccn3nc(Nc4ccc(C(=O)N5CCN(C)CC5C(=O)N(C)C)cc4)nc23)CC1,338,ligand_338,idx_337,CHEMBL5749615,ligand_0338
3eyg,ligand_0339,CHEMBL5881515,CCOC(=O)N1CC=C(c2cccn3nc(Nc4ccc(C(=O)N5CCN(C6CC6)CC5)cc4)nc23)CC1,339,ligand_339,idx_338,CHEMBL5881515,ligand_0339
3eyg,ligand_0340,CHEMBL5823778,CCOC(=O)N1CC=C(c2cccn3nc(Nc4ccc(C(=O)N5CCN(C6CCC6)CC5)cc4)nc23)CC1,340,ligand_340,idx_339,CHEMBL5823778,ligand_0340
3eyg,ligand_0341,CHEMBL5998371,CCOC(=O)N1CC=C(c2cccn3nc(Nc4ccc(C(=O)N5CCN(CC(C)C)CC5)cc4)nc23)CC1,341,ligand_341,idx_340,CHEMBL5998371,ligand_0341
3eyg,ligand_0342,CHEMBL5986020,CCOC(=O)N1CC=C(c2cccn3nc(Nc4ccc(C(=O)N5CCN(CC6CC6)CC5)cc4)nc23)CC1,342,ligand_342,idx_341,CHEMBL5986020,ligand_0342
3eyg,ligand_0343,CHEMBL6026337,CCOC(=O)N1CC=C(c2cccn3nc(Nc4ccc(C(=O)N5CCN(CC6CCCO6)CC5)cc4)nc23)CC1,343,ligand_343,idx_342,CHEMBL6026337,ligand_0343
3eyg,ligand_0344,CHEMBL5788438,CCOC(=O)N1CC=C(c2cccn3nc(Nc4ccc(C(=O)N5CCN(CCN(C)C)CC5)cc4)nc23)CC1,344,ligand_344,idx_343,CHEMBL5788438,ligand_0344
3eyg,ligand_0345,CHEMBL6018646,CCOC(=O)N1CC=C(c2cccn3nc(Nc4ccc(C(=O)N5CCN(CCN6CCOCC6)CC5)cc4)nc23)CC1,345,ligand_345,idx_344,CHEMBL6018646,ligand_0345
3eyg,ligand_0346,CHEMBL5858740,CCOC(=O)N1CC=C(c2cccn3nc(Nc4ccc(C(=O)N5CCN(CCO)CC5)cc4)nc23)CC1,346,ligand_346,idx_345,CHEMBL5858740,ligand_0346
3eyg,ligand_0347,CHEMBL5858223,CCOC(=O)N1CC=C(c2cccn3nc(Nc4ccc(C(=O)N5CCN(CCOC)CC5)cc4)nc23)CC1,347,ligand_347,idx_346,CHEMBL5858223,ligand_0347
3eyg,ligand_0348,CHEMBL5976585,CCOC(=O)N1CC=C(c2cccn3nc(Nc4ccc(C(=O)N5CCN(CCn6ccnc6)CC5)cc4)nc23)CC1,348,ligand_348,idx_347,CHEMBL5976585,ligand_0348
3eyg,ligand_0349,CHEMBL5828677,CCOC(=O)N1CC=C(c2cccn3nc(Nc4ccc(C(=O)N5CCN(Cc6ccccn6)CC5)cc4)nc23)CC1,349,ligand_349,idx_348,CHEMBL5828677,ligand_0349
3eyg,ligand_0350,CHEMBL5908750,CCOC(=O)N1CC=C(c2cccn3nc(Nc4ccc(C(=O)N5CCN(Cc6cccnc6)CC5)cc4)nc23)CC1,350,ligand_350,idx_349,CHEMBL5908750,ligand_0350
3eyg,ligand_0351,CHEMBL5838685,CCOC(=O)N1CC=C(c2cccn3nc(Nc4ccc(C(=O)N5CCN(c6ccccn6)CC5)cc4)nc23)CC1,351,ligand_351,idx_350,CHEMBL5838685,ligand_0351
3eyg,ligand_0352,CHEMBL5991645,CCOC(=O)N1CC=C(c2cccn3nc(Nc4ccc(C(=O)N5CCN(c6cccnc6)CC5)cc4)nc23)CC1,352,ligand_352,idx_351,CHEMBL5991645,ligand_0352
3eyg,ligand_0353,CHEMBL5958136,CCOC(=O)N1CC=C(c2cccn3nc(Nc4ccc(C(=O)N5CCN6CCCC6C5)cc4)nc23)CC1,353,ligand_353,idx_352,CHEMBL5958136,ligand_0353
3eyg,ligand_0354,CHEMBL5847050,CCOC(=O)N1CC=C(c2cccn3nc(Nc4ccc(C(=O)N5CCN6CCCCC6C5)cc4)nc23)CC1,354,ligand_354,idx_353,CHEMBL5847050,ligand_0354
3eyg,ligand_0355,CHEMBL5938496,CCOC(=O)N1CC=C(c2cccn3nc(Nc4ccc(C(=O)N5CCNCC5)cc4)nc23)CC1,355,ligand_355,idx_354,CHEMBL5938496,ligand_0355
3eyg,ligand_0356,CHEMBL5954946,CCOC(=O)N1CC=C(c2cccn3nc(Nc4ccc(C(=O)N5CCNCC5C)cc4)nc23)CC1,356,ligand_356,idx_355,CHEMBL5954946,ligand_0356
3eyg,ligand_0357,CHEMBL6003161,CCOC(=O)N1CC=C(c2cccn3nc(Nc4ccc(C(=O)N5CCOC(c6ccccn6)C5)cc4)nc23)CC1,357,ligand_357,idx_356,CHEMBL6003161,ligand_0357
3eyg,ligand_0358,CHEMBL5819007,CCOC(=O)N1CC=C(c2cccn3nc(Nc4ccc(C(=O)N5CCOC6(CCCNC6)C5)cc4)nc23)CC1,358,ligand_358,idx_357,CHEMBL5819007,ligand_0358
3eyg,ligand_0359,CHEMBL6064250,CCOC(=O)N1CC=C(c2cccn3nc(Nc4ccc(C(=O)N5CCOC6(CCNCC6)C5)cc4)nc23)CC1,359,ligand_359,idx_358,CHEMBL6064250,ligand_0359
3eyg,ligand_0360,CHEMBL5970729,CCOC(=O)N1CC=C(c2cccn3nc(Nc4ccc(C(=O)N5CCOC6CCNCC65)cc4)nc23)CC1,360,ligand_360,idx_359,CHEMBL5970729,ligand_0360
3eyg,ligand_0361,CHEMBL6044779,CCOC(=O)N1CC=C(c2cccn3nc(Nc4ccc(C(=O)N5CCO[C@@H]6CNC[C@H]65)cc4)nc23)CC1,361,ligand_361,idx_360,CHEMBL6044779,ligand_0361
3eyg,ligand_0362,CHEMBL5743659,CCOC(=O)N1CC=C(c2cccn3nc(Nc4ccc(C(=O)N5CC[C@H](N(C)C)C5)cc4)nc23)CC1,362,ligand_362,idx_361,CHEMBL5743659,ligand_0362
3eyg,ligand_0363,CHEMBL6020046,CCOC(=O)N1CC=C(c2cccn3nc(Nc4ccc(C(=O)N5CC[C@H]6CN(C)C[C@]65C)cc4)nc23)CC1,363,ligand_363,idx_362,CHEMBL6020046,ligand_0363
3eyg,ligand_0364,CHEMBL5929745,CCOC(=O)N1CC=C(c2cccn3nc(Nc4ccc(C(=O)N5CC[C@H]6CNC[C@H]65)cc4)nc23)CC1,364,ligand_364,idx_363,CHEMBL5929745,ligand_0364
3eyg,ligand_0365,CHEMBL5791651,CCOC(=O)N1CC=C(c2cccn3nc(Nc4ccc(C(=O)N5C[C@@H]6CCN(C)[C@@H]6C5)cc4)nc23)CC1,365,ligand_365,idx_364,CHEMBL5791651,ligand_0365
3eyg,ligand_0366,CHEMBL5946441,CCOC(=O)N1CC=C(c2cccn3nc(Nc4ccc(C(=O)N5C[C@@H]6CCN[C@@H]6C5)cc4)nc23)CC1,366,ligand_366,idx_365,CHEMBL5946441,ligand_0366
3eyg,ligand_0367,CHEMBL6007949,CCOC(=O)N1CC=C(c2cccn3nc(Nc4ccc(C(=O)N5C[C@@H]6C[C@]6(N)C5)cc4)nc23)CC1,367,ligand_367,idx_366,CHEMBL6007949,ligand_0367
3eyg,ligand_0368,CHEMBL5938106,CCOC(=O)N1CC=C(c2cccn3nc(Nc4ccc(C(=O)N5C[C@H]6CNC[C@H]6C5)cc4)nc23)CC1,368,ligand_368,idx_367,CHEMBL5938106,ligand_0368
3eyg,ligand_0369,CHEMBL6023833,CCOC(=O)N1CC=C(c2cccn3nc(Nc4ccc(C(=O)N5C[C@H]6CN[C@H]6C5)cc4)nc23)CC1,369,ligand_369,idx_368,CHEMBL6023833,ligand_0369
3eyg,ligand_0370,CHEMBL5899961,CCOC(=O)N1CC=C(c2cccn3nc(Nc4ccc(C(=O)N5Cc6cccnc6C5)cc4)nc23)CC1,370,ligand_370,idx_369,CHEMBL5899961,ligand_0370
3eyg,ligand_0371,CHEMBL5852366,CCOC(=O)N1CC=C(c2cccn3nc(Nc4ccc(C(=O)NC(C)(C)CN5CCOCC5)cc4)nc23)CC1,371,ligand_371,idx_370,CHEMBL5852366,ligand_0371
3eyg,ligand_0372,CHEMBL5790189,CCOC(=O)N1CC=C(c2cccn3nc(Nc4ccc(C(=O)NC(C)CN(C)C)cc4)nc23)CC1,372,ligand_372,idx_371,CHEMBL5790189,ligand_0372
3eyg,ligand_0373,CHEMBL5905892,CCOC(=O)N1CC=C(c2cccn3nc(Nc4ccc(C(=O)NC(C)c5cccc(C)n5)cc4)nc23)CC1,373,ligand_373,idx_372,CHEMBL5905892,ligand_0373
3eyg,ligand_0374,CHEMBL5818919,CCOC(=O)N1CC=C(c2cccn3nc(Nc4ccc(C(=O)NC5CC56CCNCC6)cc4)nc23)CC1,374,ligand_374,idx_373,CHEMBL5818919,ligand_0374
3eyg,ligand_0375,CHEMBL5815638,CCOC(=O)N1CC=C(c2cccn3nc(Nc4ccc(C(=O)NC5CC6(CCNCC6)C5)cc4)nc23)CC1,375,ligand_375,idx_374,CHEMBL5815638,ligand_0375
3eyg,ligand_0376,CHEMBL5922584,CCOC(=O)N1CC=C(c2cccn3nc(Nc4ccc(C(=O)NC5CCCNC5)cc4)nc23)CC1,376,ligand_376,idx_375,CHEMBL5922584,ligand_0376
3eyg,ligand_0377,CHEMBL6054986,CCOC(=O)N1CC=C(c2cccn3nc(Nc4ccc(C(=O)NC5CCN(C)C5)cc4)nc23)CC1,377,ligand_377,idx_376,CHEMBL6054986,ligand_0377
3eyg,ligand_0378,CHEMBL5770851,CCOC(=O)N1CC=C(c2cccn3nc(Nc4ccc(C(=O)NC5CCN(C)CC5)cc4)nc23)CC1,378,ligand_378,idx_377,CHEMBL5770851,ligand_0378
3eyg,ligand_0379,CHEMBL5893747,CCOC(=O)N1CC=C(c2cccn3nc(Nc4ccc(C(=O)NC5CCNCC5)cc4)nc23)CC1,379,ligand_379,idx_378,CHEMBL5893747,ligand_0379
3eyg,ligand_0380,CHEMBL5829655,CCOC(=O)N1CC=C(c2cccn3nc(Nc4ccc(C(=O)NC5CN(C)C5)cc4)nc23)CC1,380,ligand_380,idx_379,CHEMBL5829655,ligand_0380
3eyg,ligand_0381,CHEMBL5766960,CCOC(=O)N1CC=C(c2cccn3nc(Nc4ccc(C(=O)NCC(C)(C)N5CCOCC5)cc4)nc23)CC1,381,ligand_381,idx_380,CHEMBL5766960,ligand_0381
3eyg,ligand_0382,CHEMBL5793313,CCOC(=O)N1CC=C(c2cccn3nc(Nc4ccc(C(=O)NCC5CCCCN5C)cc4)nc23)CC1,382,ligand_382,idx_381,CHEMBL5793313,ligand_0382
3eyg,ligand_0383,CHEMBL6042139,CCOC(=O)N1CC=C(c2cccn3nc(Nc4ccc(C(=O)NCC5CCCN(C)C5)cc4)nc23)CC1,383,ligand_383,idx_382,CHEMBL6042139,ligand_0383
3eyg,ligand_0384,CHEMBL5955785,CCOC(=O)N1CC=C(c2cccn3nc(Nc4ccc(C(=O)NCC5CCCN5)cc4)nc23)CC1,384,ligand_384,idx_383,CHEMBL5955785,ligand_0384
3eyg,ligand_0385,CHEMBL5782443,CCOC(=O)N1CC=C(c2cccn3nc(Nc4ccc(C(=O)NCC5CCCNC5)cc4)nc23)CC1,385,ligand_385,idx_384,CHEMBL5782443,ligand_0385
3eyg,ligand_0386,CHEMBL5767586,CCOC(=O)N1CC=C(c2cccn3nc(Nc4ccc(C(=O)NCC5CCN(C)CC5)cc4)nc23)CC1,386,ligand_386,idx_385,CHEMBL5767586,ligand_0386
3eyg,ligand_0387,CHEMBL5923039,CCOC(=O)N1CC=C(c2cccn3nc(Nc4ccc(C(=O)NCC5CCNC5)cc4)nc23)CC1,387,ligand_387,idx_386,CHEMBL5923039,ligand_0387
3eyg,ligand_0388,CHEMBL6043234,CCOC(=O)N1CC=C(c2cccn3nc(Nc4ccc(C(=O)NCC5CCNCC5)cc4)nc23)CC1,388,ligand_388,idx_387,CHEMBL6043234,ligand_0388
3eyg,ligand_0389,CHEMBL5975491,CCOC(=O)N1CC=C(c2cccn3nc(Nc4ccc(C(=O)NCCC5CCCCN5)cc4)nc23)CC1,389,ligand_389,idx_388,CHEMBL5975491,ligand_0389
3eyg,ligand_0390,CHEMBL5772721,CCOC(=O)N1CC=C(c2cccn3nc(Nc4ccc(C(=O)NCCC5CCCN5)cc4)nc23)CC1,390,ligand_390,idx_389,CHEMBL5772721,ligand_0390
3eyg,ligand_0391,CHEMBL5779428,CCOC(=O)N1CC=C(c2cccn3nc(Nc4ccc(C(=O)NCCC5CCCN5C)cc4)nc23)CC1,391,ligand_391,idx_390,CHEMBL5779428,ligand_0391
3eyg,ligand_0392,CHEMBL6018391,CCOC(=O)N1CC=C(c2cccn3nc(Nc4ccc(C(=O)NCCC5CCCNC5)cc4)nc23)CC1,392,ligand_392,idx_391,CHEMBL6018391,ligand_0392
3eyg,ligand_0393,CHEMBL5750051,CCOC(=O)N1CC=C(c2cccn3nc(Nc4ccc(C(=O)NCCC5CCN(C)CC5)cc4)nc23)CC1,393,ligand_393,idx_392,CHEMBL5750051,ligand_0393
3eyg,ligand_0394,CHEMBL5860723,CCOC(=O)N1CC=C(c2cccn3nc(Nc4ccc(C(=O)NCCC5CCNCC5)cc4)nc23)CC1,394,ligand_394,idx_393,CHEMBL5860723,ligand_0394
3eyg,ligand_0395,CHEMBL5828033,CCOC(=O)N1CC=C(c2cccn3nc(Nc4ccc(C(=O)NCCCN5CCN(C)CC5)cc4)nc23)CC1,395,ligand_395,idx_394,CHEMBL5828033,ligand_0395
3eyg,ligand_0396,CHEMBL6018387,CCOC(=O)N1CC=C(c2cccn3nc(Nc4ccc(C(=O)NCCCN5CCOCC5)cc4)nc23)CC1,396,ligand_396,idx_395,CHEMBL6018387,ligand_0396
3eyg,ligand_0397,CHEMBL5798603,CCOC(=O)N1CC=C(c2cccn3nc(Nc4ccc(C(=O)NCCN(C)C)cc4)nc23)CC1,397,ligand_397,idx_396,CHEMBL5798603,ligand_0397
3eyg,ligand_0398,CHEMBL5820748,CCOC(=O)N1CC=C(c2cccn3nc(Nc4ccc(C(=O)NCCN5CC(C)OC(C)C5)cc4)nc23)CC1,398,ligand_398,idx_397,CHEMBL5820748,ligand_0398
3eyg,ligand_0399,CHEMBL5983028,CCOC(=O)N1CC=C(c2cccn3nc(Nc4ccc(C(=O)NCCN5CCC(C)CC5)cc4)nc23)CC1,399,ligand_399,idx_398,CHEMBL5983028,ligand_0399
3eyg,ligand_0400,CHEMBL5749284,CCOC(=O)N1CC=C(c2cccn3nc(Nc4ccc(C(=O)NCCN5CCCC(C)C5)cc4)nc23)CC1,400,ligand_400,idx_399,CHEMBL5749284,ligand_0400
3eyg,ligand_0401,CHEMBL5758594,CCOC(=O)N1CC=C(c2cccn3nc(Nc4ccc(C(=O)NCCN5CCCCC5)cc4)nc23)CC1,401,ligand_401,idx_400,CHEMBL5758594,ligand_0401
3eyg,ligand_0402,CHEMBL5774864,CCOC(=O)N1CC=C(c2cccn3nc(Nc4ccc(C(=O)NCCN5CCN(C)CC5)cc4)nc23)CC1,402,ligand_402,idx_401,CHEMBL5774864,ligand_0402
3eyg,ligand_0403,CHEMBL5832933,CCOC(=O)N1CC=C(c2cccn3nc(Nc4ccc(C(=O)NCCN5CCNCC5)cc4)nc23)CC1,403,ligand_403,idx_402,CHEMBL5832933,ligand_0403
3eyg,ligand_0404,CHEMBL5939637,CCOC(=O)N1CC=C(c2cccn3nc(Nc4ccc(C(=O)NCCNC)cc4)nc23)CC1,404,ligand_404,idx_403,CHEMBL5939637,ligand_0404
3eyg,ligand_0405,CHEMBL6062603,CCOC(=O)N1CC=C(c2cccn3nc(Nc4ccc(C(=O)NCCc5cccc(C)n5)cc4)nc23)CC1,405,ligand_405,idx_404,CHEMBL6062603,ligand_0405
3eyg,ligand_0406,CHEMBL5837783,CCOC(=O)N1CC=C(c2cccn3nc(Nc4ccc(C(=O)NCCc5ccccn5)cc4)nc23)CC1,406,ligand_406,idx_405,CHEMBL5837783,ligand_0406
3eyg,ligand_0407,CHEMBL5861018,CCOC(=O)N1CC=C(c2cccn3nc(Nc4ccc(C(=O)NCCc5cccnc5)cc4)nc23)CC1,407,ligand_407,idx_406,CHEMBL5861018,ligand_0407
3eyg,ligand_0408,CHEMBL5907062,CCOC(=O)N1CC=C(c2cccn3nc(Nc4ccc(C(=O)NCCc5ccncc5)cc4)nc23)CC1,408,ligand_408,idx_407,CHEMBL5907062,ligand_0408
3eyg,ligand_0409,CHEMBL5828209,CCOC(=O)N1CC=C(c2cccn3nc(Nc4ccc(C(=O)NCc5cc(C)ccn5)cc4)nc23)CC1,409,ligand_409,idx_408,CHEMBL5828209,ligand_0409
3eyg,ligand_0410,CHEMBL5770149,CCOC(=O)N1CC=C(c2cccn3nc(Nc4ccc(C(=O)NCc5ccc(C)nc5)cc4)nc23)CC1,410,ligand_410,idx_409,CHEMBL5770149,ligand_0410
3eyg,ligand_0411,CHEMBL5895129,CCOC(=O)N1CC=C(c2cccn3nc(Nc4ccc(C(=O)NCc5cccnc5C)cc4)nc23)CC1,411,ligand_411,idx_410,CHEMBL5895129,ligand_0411
3eyg,ligand_0412,CHEMBL5903663,CCOC(=O)N1CC=C(c2cccn3nc(Nc4ccc(C(=O)NCc5cncc(C)c5)cc4)nc23)CC1,412,ligand_412,idx_411,CHEMBL5903663,ligand_0412
3eyg,ligand_0413,CHEMBL6018214,CCOC(=O)N1CC=C(c2cccn3nc(Nc4ccc(C(=O)N[C@H]5CN6CCC5CC6)cc4)nc23)CC1,413,ligand_413,idx_412,CHEMBL6018214,ligand_0413
3eyg,ligand_0414,CHEMBL5971888,CCOC(=O)N1CC=C(c2cccn3nc(Nc4ccc(C(=O)N[C@H]5[C@@H]6CNC[C@@H]65)cc4)nc23)CC1,414,ligand_414,idx_413,CHEMBL5971888,ligand_0414
3eyg,ligand_0415,CHEMBL5842093,CCOC(=O)N1CC=C(c2cccn3nc(Nc4ccc(C(=O)OC5CCN(C)CC5)cc4)nc23)CC1,415,ligand_415,idx_414,CHEMBL5842093,ligand_0415
3eyg,ligand_0416,CHEMBL5884872,CCOC(=O)N1[C@@H]2CCC[C@H]1C[C@H](Nc1nc(Nc3cc(C)[nH]n3)cc3ncccc13)C2,416,ligand_416,idx_415,CHEMBL5884872,ligand_0416
3eyg,ligand_0417,CHEMBL5740430,CCOC(=O)N1[C@@H]2CC[C@H]1C[C@H](Nc1nc(Nc3cc(C)[nH]n3)cc3ncccc13)C2,417,ligand_417,idx_416,CHEMBL5740430,ligand_0417
3eyg,ligand_0418,CHEMBL2206620,CCOC(=O)NCc1nc2cnc3[nH]ccc3c2n1C1CCN(CCC#N)CC1,418,ligand_418,idx_417,CHEMBL2206620,ligand_0418
3eyg,ligand_0419,CHEMBL3909987,CCOC(=O)[C@@H](N)CCn1cc(NC(=O)c2cnn3cccnc23)c(-c2cc(Cl)ccc2OC(F)F)n1,419,ligand_419,idx_418,CHEMBL3909987,ligand_0419
3eyg,ligand_0420,CHEMBL2436964,CCOC(=O)[C@H]1CCC[C@H]1Nc1ncnc2c(=O)[nH]ccc12,420,ligand_420,idx_419,CHEMBL2436964,ligand_0420
3eyg,ligand_0421,CHEMBL5866987,CCOC(=O)c1cc2cc(-c3n[nH]cc3NC(=O)c3cnn4cccnc34)c(OC)cc2s1,421,ligand_421,idx_420,CHEMBL5866987,ligand_0421
3eyg,ligand_0422,CHEMBL5992579,CCOCC(=O)N1[C@@H]2CCC[C@H]1C[C@H](Nc1nc(Nc3cc(C)[nH]n3)cc3ncccc13)C2,422,ligand_422,idx_421,CHEMBL5992579,ligand_0422
3eyg,ligand_0423,CHEMBL5776583,CCOCC(=O)N1[C@@H]2CC[C@H]1C[C@H](Nc1nc(Nc3cc(C)[nH]n3)cc3ncccc13)C2,423,ligand_423,idx_422,CHEMBL5776583,ligand_0423
3eyg,ligand_0424,CHEMBL3667528,CCOc1ccc(Cl)cc1-c1nn([C@H]2CCCC[C@@H]2O)cc1NC(=O)c1cnn2cccnc12,424,ligand_424,idx_423,CHEMBL3667528,ligand_0424
3eyg,ligand_0425,CHEMBL5913977,CCS(=O)(=O)N1C2CCC1CN(c1cccn3nc(Nc4cnn(CC(=O)N5CCN(C)CC5)c4)nc13)C2,425,ligand_425,idx_424,CHEMBL5913977,ligand_0425
3eyg,ligand_0426,CHEMBL5740874,CCS(=O)(=O)N1[C@@H]2CCC[C@H]1C[C@H](N(C)c1nc(CO[C@@H]3CCOC3)c(F)c(Nc3cc(C)[nH]n3)n1)C2,426,ligand_426,idx_425,CHEMBL5740874,ligand_0426
3eyg,ligand_0427,CHEMBL5967472,CCS(=O)(=O)N1[C@@H]2CCC[C@H]1C[C@H](N(C)c1nc(CO[C@H]3CCOC3)c(F)c(Nc3cc(C)[nH]n3)n1)C2,427,ligand_427,idx_426,CHEMBL5967472,ligand_0427
3eyg,ligand_0428,CHEMBL5824312,CCS(=O)(=O)N1[C@@H]2CCC[C@H]1C[C@H](N(C)c1nc(Nc3cc(C)[nH]n3)c(F)c(C3CCOCC3)n1)C2,428,ligand_428,idx_427,CHEMBL5824312,ligand_0428
3eyg,ligand_0429,CHEMBL6052596,CCS(=O)(=O)N1[C@@H]2CCC[C@H]1C[C@H](N(C)c1nc(Nc3cc(C)[nH]n3)cc(C3CCOC(C)(C)C3)n1)C2,429,ligand_429,idx_428,CHEMBL6052596,ligand_0429
3eyg,ligand_0430,CHEMBL5841353,CCS(=O)(=O)N1[C@@H]2CCC[C@H]1C[C@H](Nc1nc(Nc3cc(CO)[nH]n3)cc(OC)n1)C2,430,ligand_430,idx_429,CHEMBL5841353,ligand_0430
3eyg,ligand_0431,CHEMBL5763505,CCS(=O)(=O)N1[C@@H]2CC[C@H]1C[C@H](Nc1nc(Nc3cc(C)[nH]n3)c(F)c3ncccc13)C2,431,ligand_431,idx_430,CHEMBL5763505,ligand_0431
3eyg,ligand_0432,CHEMBL6031893,CCS(=O)(=O)N1[C@@H]2CC[C@H]1C[C@H](Nc1nc(Nc3cc(C)[nH]n3)cc3nc(CN4CCOCC4)ccc13)C2,432,ligand_432,idx_431,CHEMBL6031893,ligand_0432
3eyg,ligand_0433,CHEMBL5873656,CCS(=O)(=O)N1[C@@H]2CC[C@H]1C[C@H](Nc1nc(Nc3cc(C)[nH]n3)cc3nc(OC)ccc13)C2,433,ligand_433,idx_432,CHEMBL5873656,ligand_0433
3eyg,ligand_0434,CHEMBL5958721,CCS(=O)(=O)N1[C@@H]2CC[C@H]1C[C@H](Nc1nc(Nc3cc(C)[nH]n3)cc3nccc(OC)c13)C2,434,ligand_434,idx_433,CHEMBL5958721,ligand_0434
3eyg,ligand_0435,CHEMBL5974229,CCSC(C)C(=O)N1[C@@H]2CCC[C@H]1C[C@H](Nc1nc(Nc3cc(C)[nH]n3)cc3ncccc13)C2,435,ligand_435,idx_434,CHEMBL5974229,ligand_0435
3eyg,ligand_0436,CHEMBL5992475,CC[C@@H](CO)Cn1cc(NC(=O)c2cnn3cccnc23)c(-c2cc3c(cc2OC(F)F)NCCO3)n1,436,ligand_436,idx_435,CHEMBL5992475,ligand_0436
3eyg,ligand_0437,CHEMBL2386643,CC[C@@H](O)c1nc2cnc3[nH]ccc3c2n1C1CCCCC1,437,ligand_437,idx_436,CHEMBL2386643,ligand_0437
3eyg,ligand_0438,CHEMBL3039513,CC[C@@](C)(Nc1ccnc(-c2c[nH]c3ncccc23)n1)C(=O)NCC(F)(F)F,438,ligand_438,idx_437,CHEMBL3039513,ligand_0438
3eyg,ligand_0439,CHEMBL6006858,CC[C@H](CO)Cn1cc(NC(=O)c2cnn3cccnc23)c(-c2cc3c(cc2OC(F)F)NCCO3)n1,439,ligand_439,idx_438,CHEMBL6006858,ligand_0439
3eyg,ligand_0440,CHEMBL2386642,CC[C@H](O)c1nc2cnc3[nH]ccc3c2n1C1CCCCC1,440,ligand_440,idx_439,CHEMBL2386642,ligand_0440
3eyg,ligand_0441,CHEMBL5947396,CCc1cc(O)c(F)cc1-c1ccc2c(-c3nc4c([nH]3)CCN(C3CN(C(C)CC)C3)C4)n[nH]c2c1,441,ligand_441,idx_440,CHEMBL5947396,ligand_0441
3eyg,ligand_0442,CHEMBL5801538,CCc1cc(O)c(F)cc1-c1ccc2c(-c3nc4c([nH]3)CCN(C[C@@H]3CCCN3)C4)n[nH]c2c1,442,ligand_442,idx_441,CHEMBL5801538,ligand_0442
3eyg,ligand_0443,CHEMBL6015077,CCc1cc(O)c(F)cc1-c1ccc2c(-c3nc4c([nH]3)CCN(C[C@@H]3CCCN3C)C4)n[nH]c2c1,443,ligand_443,idx_442,CHEMBL6015077,ligand_0443
3eyg,ligand_0444,CHEMBL5779192,CCc1cc(O)c(F)cc1-c1ccc2c(-c3nc4c([nH]3)CN(C(C)C)C(C(=O)N3CC(C)(N(C)C)C3)C4)n[nH]c2c1,444,ligand_444,idx_443,CHEMBL5779192,ligand_0444
3eyg,ligand_0445,CHEMBL6009898,CCc1cc(O)c(F)cc1-c1ccc2c(-c3nc4c([nH]3)CN(C(C)C)C(C(=O)N3CC(N(C)C)C3)C4)n[nH]c2c1,445,ligand_445,idx_444,CHEMBL6009898,ligand_0445
3eyg,ligand_0446,CHEMBL6038888,CCc1cc(O)c(F)cc1-c1ccc2c(-c3nc4c([nH]3)CN(C(C)C)C(C(=O)N3CC(N5CCCC5)C3)C4)n[nH]c2c1,446,ligand_446,idx_445,CHEMBL6038888,ligand_0446
3eyg,ligand_0447,CHEMBL6000467,CCc1cc(O)c(F)cc1-c1ccc2c(-c3nc4c([nH]3)CN(C(C)C)C(C(=O)N3CC(N5CCCCC5)C3)C4)n[nH]c2c1,447,ligand_447,idx_446,CHEMBL6000467,ligand_0447
3eyg,ligand_0448,CHEMBL5771387,CCc1cc(O)c(F)cc1-c1ccc2c(-c3nc4c([nH]3)CN(C(C)C)[C@@H](C(=O)N3CC(C)(N(C)C)C3)C4)n[nH]c2c1,448,ligand_448,idx_447,CHEMBL5771387,ligand_0448
3eyg,ligand_0449,CHEMBL6037681,CCc1cc(O)c(F)cc1-c1ccc2c(-c3nc4c([nH]3)CN(C(C)C)[C@@H](C(=O)N3CC(N(C)C)C3)C4)n[nH]c2c1,449,ligand_449,idx_448,CHEMBL6037681,ligand_0449
3eyg,ligand_0450,CHEMBL5775383,CCc1cc(O)c(F)cc1-c1ccc2c(-c3nc4c([nH]3)CN(C(C)C)[C@@H](CN3CC[C@H](N(C)C)C3)C4)n[nH]c2c1,450,ligand_450,idx_449,CHEMBL5775383,ligand_0450
3eyg,ligand_0451,CHEMBL5997591,CCc1cc(O)c(F)cc1-c1ccc2c(-c3nc4c([nH]3)CN(C(C)C)[C@H](C(=O)N3CC(C)(N(C)C)C3)C4)n[nH]c2c1,451,ligand_451,idx_450,CHEMBL5997591,ligand_0451
3eyg,ligand_0452,CHEMBL5997591,CCc1cc(O)c(F)cc1-c1ccc2c(-c3nc4c([nH]3)CN(C(C)C)[C@H](C(=O)N3CC(C)(N(C)C)C3)C4)n[nH]c2c1,452,ligand_452,idx_451,CHEMBL5997591,ligand_0452
3eyg,ligand_0453,CHEMBL5997591,CCc1cc(O)c(F)cc1-c1ccc2c(-c3nc4c([nH]3)CN(C(C)C)[C@H](C(=O)N3CC(C)(N(C)C)C3)C4)n[nH]c2c1,453,ligand_453,idx_452,CHEMBL5997591,ligand_0453
3eyg,ligand_0454,CHEMBL5979950,CCc1cc(O)c(F)cc1-c1ccc2c(-c3nc4c([nH]3)CN(C(C)C)[C@H](C(=O)N3CC(N(C)C)C3)C4)n[nH]c2c1,454,ligand_454,idx_453,CHEMBL5979950,ligand_0454
3eyg,ligand_0455,CHEMBL5979950,CCc1cc(O)c(F)cc1-c1ccc2c(-c3nc4c([nH]3)CN(C(C)C)[C@H](C(=O)N3CC(N(C)C)C3)C4)n[nH]c2c1,455,ligand_455,idx_454,CHEMBL5979950,ligand_0455
3eyg,ligand_0456,CHEMBL5909265,CCc1cc(O)c(F)cc1-c1ccc2c(-c3nc4c([nH]3)CN(C(C)C)[C@H](C(=O)N3CC(N5CCCCC5)C3)C4)n[nH]c2c1,456,ligand_456,idx_455,CHEMBL5909265,ligand_0456
3eyg,ligand_0457,CHEMBL5744137,CCc1cc(O)c(F)cc1-c1ccc2c(-c3nc4c([nH]3)CN(C(C)C)[C@H](C(=O)N3CCCN(C)CC3)C4)n[nH]c2c1,457,ligand_457,idx_456,CHEMBL5744137,ligand_0457
3eyg,ligand_0458,CHEMBL5744137,CCc1cc(O)c(F)cc1-c1ccc2c(-c3nc4c([nH]3)CN(C(C)C)[C@H](C(=O)N3CCCN(C)CC3)C4)n[nH]c2c1,458,ligand_458,idx_457,CHEMBL5744137,ligand_0458
3eyg,ligand_0459,CHEMBL5791141,CCc1cc(O)c(F)cc1-c1ccc2c(-c3nc4c([nH]3)CN(C(C)C)[C@H](C(=O)N3CC[C@H](N(C)C)C3)C4)n[nH]c2c1,459,ligand_459,idx_458,CHEMBL5791141,ligand_0459
3eyg,ligand_0460,CHEMBL5791141,CCc1cc(O)c(F)cc1-c1ccc2c(-c3nc4c([nH]3)CN(C(C)C)[C@H](C(=O)N3CC[C@H](N(C)C)C3)C4)n[nH]c2c1,460,ligand_460,idx_459,CHEMBL5791141,ligand_0460
3eyg,ligand_0461,CHEMBL5957273,CCc1cc(O)c(F)cc1-c1ccc2c(-c3nc4c([nH]3)CN(C(C)C)[C@H](CN3CC[C@H](N(C)C)C3)C4)n[nH]c2c1,461,ligand_461,idx_460,CHEMBL5957273,ligand_0461
3eyg,ligand_0462,CHEMBL5963652,CCc1cc(O)c(F)cc1-c1ccc2c(-c3nc4c([nH]3)CN(C)C(C(=O)N3CC(C)(N(C)C)C3)C4)n[nH]c2c1,462,ligand_462,idx_461,CHEMBL5963652,ligand_0462
3eyg,ligand_0463,CHEMBL5963075,CCc1cc(O)c(F)cc1-c1ccc2c(-c3nc4c([nH]3)CN(C)C(C(=O)N3CC(N(C)C)C3)C4)n[nH]c2c1,463,ligand_463,idx_462,CHEMBL5963075,ligand_0463
3eyg,ligand_0464,CHEMBL5937971,CCc1cc(O)c(F)cc1-c1ccc2c(-c3nc4c([nH]3)CN(C)C(C(=O)N3CC(N5CCCC5)C3)C4)n[nH]c2c1,464,ligand_464,idx_463,CHEMBL5937971,ligand_0464
3eyg,ligand_0465,CHEMBL6010684,CCc1cc(O)c(F)cc1-c1ccc2c(-c3nc4c([nH]3)CN(C)C(C(=O)N3CC(N5CCCCC5)C3)C4)n[nH]c2c1,465,ligand_465,idx_464,CHEMBL6010684,ligand_0465
3eyg,ligand_0466,CHEMBL6063489,CCc1cc(O)c(F)cc1-c1ccc2c(-c3nc4c([nH]3)CN(C)C(C(=O)N3CCN(C(C)C)CC3)C4)n[nH]c2c1,466,ligand_466,idx_465,CHEMBL6063489,ligand_0466
3eyg,ligand_0467,CHEMBL5954739,CCc1cc(O)c(F)cc1-c1ccc2c(-c3nc4c([nH]3)CN(C)[C@@H](C(=O)N3CCN(C)C[C@@H]3C)C4)n[nH]c2c1,467,ligand_467,idx_466,CHEMBL5954739,ligand_0467
3eyg,ligand_0468,CHEMBL5910404,CCc1cc(O)c(F)cc1-c1ccc2c(-c3nc4c([nH]3)CN(C)[C@H](C(=O)N3CC(C)(N(C)C)C3)C4)n[nH]c2c1,468,ligand_468,idx_467,CHEMBL5910404,ligand_0468
3eyg,ligand_0469,CHEMBL5770854,CCc1cc(O)c(F)cc1-c1ccc2c(-c3nc4c([nH]3)CN(C)[C@H](C(=O)N3CC(N(C)C)C3)C4)n[nH]c2c1,469,ligand_469,idx_468,CHEMBL5770854,ligand_0469
3eyg,ligand_0470,CHEMBL5827817,CCc1cc(O)c(F)cc1-c1ccc2c(-c3nc4c([nH]3)CN(C)[C@H](C(=O)N3CC(N5CCCCC5)C3)C4)n[nH]c2c1,470,ligand_470,idx_469,CHEMBL5827817,ligand_0470
3eyg,ligand_0471,CHEMBL5949644,CCc1cc(O)c(F)cc1-c1ccc2c(-c3nc4c([nH]3)CN(C)[C@H](C(=O)N3CCN(C(C)C)CC3)C4)n[nH]c2c1,471,ligand_471,idx_470,CHEMBL5949644,ligand_0471
3eyg,ligand_0472,CHEMBL5881510,CCc1cc(O)c(F)cc1-c1ccc2c(-c3nc4c([nH]3)CN(C)[C@H](C(=O)N3CCN(C)C[C@@H]3C)C4)n[nH]c2c1,472,ligand_472,idx_471,CHEMBL5881510,ligand_0472
3eyg,ligand_0473,CHEMBL5881510,CCc1cc(O)c(F)cc1-c1ccc2c(-c3nc4c([nH]3)CN(C)[C@H](C(=O)N3CCN(C)C[C@@H]3C)C4)n[nH]c2c1,473,ligand_473,idx_472,CHEMBL5881510,ligand_0473
3eyg,ligand_0474,CHEMBL5851343,CCc1cc(O)c(F)cc1-c1ccc2c(-c3nc4c([nH]3)CN(C)[C@H](C(=O)N3CCN(CCO)C[C@H]3C)C4)n[nH]c2c1,474,ligand_474,idx_473,CHEMBL5851343,ligand_0474
3eyg,ligand_0475,CHEMBL5851343,CCc1cc(O)c(F)cc1-c1ccc2c(-c3nc4c([nH]3)CN(C)[C@H](C(=O)N3CCN(CCO)C[C@H]3C)C4)n[nH]c2c1,475,ligand_475,idx_474,CHEMBL5851343,ligand_0475
3eyg,ligand_0476,CHEMBL5938763,CCc1cc(O)c(F)cc1-c1ccc2c(-c3nc4c([nH]3)CN(CC)C(C(=O)N3CC(C)(N(C)C)C3)C4)n[nH]c2c1,476,ligand_476,idx_475,CHEMBL5938763,ligand_0476
3eyg,ligand_0477,CHEMBL6055756,CCc1cc(O)c(F)cc1-c1ccc2c(-c3nc4c([nH]3)CN(CC)C(C(=O)N3CC(N(C)C)C3)C4)n[nH]c2c1,477,ligand_477,idx_476,CHEMBL6055756,ligand_0477
3eyg,ligand_0478,CHEMBL5907043,CCc1cc(O)c(F)cc1-c1ccc2c(-c3nc4c([nH]3)CN(CC)C(C(=O)N3CC(N5CCCC5)C3)C4)n[nH]c2c1,478,ligand_478,idx_477,CHEMBL5907043,ligand_0478
3eyg,ligand_0479,CHEMBL5927214,CCc1cc(O)c(F)cc1-c1ccc2c(-c3nc4c([nH]3)CN(CC)C(C(=O)N3CC(N5CCCCC5)C3)C4)n[nH]c2c1,479,ligand_479,idx_478,CHEMBL5927214,ligand_0479
3eyg,ligand_0480,CHEMBL5875211,CCc1cc(O)c(F)cc1-c1ccc2c(-c3nc4c([nH]3)CN(CC)[C@@H](C(=O)N(C)CCN(CC)CC)C4)n[nH]c2c1,480,ligand_480,idx_479,CHEMBL5875211,ligand_0480
3eyg,ligand_0481,CHEMBL5828102,CCc1cc(O)c(F)cc1-c1ccc2c(-c3nc4c([nH]3)CN(CC)[C@@H](C(=O)N3CC(C)(N(C)C)C3)C4)n[nH]c2c1,481,ligand_481,idx_480,CHEMBL5828102,ligand_0481
3eyg,ligand_0482,CHEMBL5776771,CCc1cc(O)c(F)cc1-c1ccc2c(-c3nc4c([nH]3)CN(CC)[C@@H](C(=O)N3CC(N(C)C)C3)C4)n[nH]c2c1,482,ligand_482,idx_481,CHEMBL5776771,ligand_0482
3eyg,ligand_0483,CHEMBL5783241,CCc1cc(O)c(F)cc1-c1ccc2c(-c3nc4c([nH]3)CN(CC)[C@@H](C(=O)N3CC(N5CCCC5)C3)C4)n[nH]c2c1,483,ligand_483,idx_482,CHEMBL5783241,ligand_0483
3eyg,ligand_0484,CHEMBL5948963,CCc1cc(O)c(F)cc1-c1ccc2c(-c3nc4c([nH]3)CN(CC)[C@@H](C(=O)N3CC(N5CCCCC5)C3)C4)n[nH]c2c1,484,ligand_484,idx_483,CHEMBL5948963,ligand_0484
3eyg,ligand_0485,CHEMBL6059721,CCc1cc(O)c(F)cc1-c1ccc2c(-c3nc4c([nH]3)CN(CC)[C@@H](C(=O)N3CCN(C(C)(C)C)CC3)C4)n[nH]c2c1,485,ligand_485,idx_484,CHEMBL6059721,ligand_0485
3eyg,ligand_0486,CHEMBL5958745,CCc1cc(O)c(F)cc1-c1ccc2c(-c3nc4c([nH]3)CN(CC)[C@H](C(=O)N(C)CCN(CC)CC)C4)n[nH]c2c1,486,ligand_486,idx_485,CHEMBL5958745,ligand_0486
3eyg,ligand_0487,CHEMBL5776613,CCc1cc(O)c(F)cc1-c1ccc2c(-c3nc4c([nH]3)CN(CC)[C@H](C(=O)N3CC(C)(N(C)C)C3)C4)n[nH]c2c1,487,ligand_487,idx_486,CHEMBL5776613,ligand_0487
3eyg,ligand_0488,CHEMBL5776613,CCc1cc(O)c(F)cc1-c1ccc2c(-c3nc4c([nH]3)CN(CC)[C@H](C(=O)N3CC(C)(N(C)C)C3)C4)n[nH]c2c1,488,ligand_488,idx_487,CHEMBL5776613,ligand_0488
3eyg,ligand_0489,CHEMBL6036273,CCc1cc(O)c(F)cc1-c1ccc2c(-c3nc4c([nH]3)CN(CC)[C@H](C(=O)N3CC(N(C)C)C3)C4)n[nH]c2c1,489,ligand_489,idx_488,CHEMBL6036273,ligand_0489
3eyg,ligand_0490,CHEMBL6036273,CCc1cc(O)c(F)cc1-c1ccc2c(-c3nc4c([nH]3)CN(CC)[C@H](C(=O)N3CC(N(C)C)C3)C4)n[nH]c2c1,490,ligand_490,idx_489,CHEMBL6036273,ligand_0490
3eyg,ligand_0491,CHEMBL6036273,CCc1cc(O)c(F)cc1-c1ccc2c(-c3nc4c([nH]3)CN(CC)[C@H](C(=O)N3CC(N(C)C)C3)C4)n[nH]c2c1,491,ligand_491,idx_490,CHEMBL6036273,ligand_0491
3eyg,ligand_0492,CHEMBL5930192,CCc1cc(O)c(F)cc1-c1ccc2c(-c3nc4c([nH]3)CN(CC)[C@H](C(=O)N3CC(N5CCCCC5)C3)C4)n[nH]c2c1,492,ligand_492,idx_491,CHEMBL5930192,ligand_0492
3eyg,ligand_0493,CHEMBL5930192,CCc1cc(O)c(F)cc1-c1ccc2c(-c3nc4c([nH]3)CN(CC)[C@H](C(=O)N3CC(N5CCCCC5)C3)C4)n[nH]c2c1,493,ligand_493,idx_492,CHEMBL5930192,ligand_0493
3eyg,ligand_0494,CHEMBL5798094,CCc1cc(O)c(F)cc1-c1ccc2c(-c3nc4c([nH]3)CN(CC)[C@H](C(=O)N3CCN(C(C)(C)C)CC3)C4)n[nH]c2c1,494,ligand_494,idx_493,CHEMBL5798094,ligand_0494
3eyg,ligand_0495,CHEMBL6064937,CCc1cc(O)c(F)cc1-c1ccc2c(-c3nc4c([nH]3)CNC(C(=O)N3CCN(C(C)C)CC3)C4)n[nH]c2c1,495,ligand_495,idx_494,CHEMBL6064937,ligand_0495
3eyg,ligand_0496,CHEMBL5894302,CCc1cc(O)c(F)cc1-c1ccc2c(-c3nc4c([nH]3)CNC(C(=O)N3CCN(C)CC3)C4)n[nH]c2c1,496,ligand_496,idx_495,CHEMBL5894302,ligand_0496
3eyg,ligand_0497,CHEMBL5952598,CCc1cc(O)c(F)cc1-c1ccc2c(-c3nc4c([nH]3)CN[C@H](C(=O)N3CCN(C(C)C)CC3)C4)n[nH]c2c1,497,ligand_497,idx_496,CHEMBL5952598,ligand_0497
3eyg,ligand_0498,CHEMBL5813467,CCc1cc(O)ccc1-c1ccc2c(-c3nc4c([nH]3)CN(C(C)C)[C@H](C(=O)N3CC(C)(N(C)C)C3)C4)n[nH]c2c1,498,ligand_498,idx_497,CHEMBL5813467,ligand_0498
3eyg,ligand_0499,CHEMBL5867421,CCc1cc(O)ccc1-c1ccc2c(-c3nc4c([nH]3)CN(C(C)C)[C@H](C(=O)N3CCCN(C)CC3)C4)n[nH]c2c1,499,ligand_499,idx_498,CHEMBL5867421,ligand_0499
3eyg,ligand_0500,CHEMBL5963013,CCc1cc(O)ccc1-c1ccc2c(-c3nc4c([nH]3)CN(C(C)C)[C@H](C(=O)N3CC[C@H](N(C)C)C3)C4)n[nH]c2c1,500,ligand_500,idx_499,CHEMBL5963013,ligand_0500
3eyg,ligand_0501,CHEMBL6049594,CCc1cc(O)ccc1-c1ccc2c(-c3nc4c([nH]3)CN(C)[C@H](C(=O)N3CCN(C(=O)OC(C)(C)C)C[C@@H]3C)C4)n[nH]c2c1,501,ligand_501,idx_500,CHEMBL6049594,ligand_0501
3eyg,ligand_0502,CHEMBL5973717,CCc1cc(O)ccc1-c1ccc2c(-c3nc4c([nH]3)CN(C)[C@H](C(=O)N3CCN(C)C[C@@H]3C)C4)n[nH]c2c1,502,ligand_502,idx_501,CHEMBL5973717,ligand_0502
3eyg,ligand_0503,CHEMBL6062038,CCc1cc(O)ccc1-c1ccc2c(-c3nc4c([nH]3)CN(C)[C@H](C(=O)N3CCN(CCO)C[C@H]3C)C4)n[nH]c2c1,503,ligand_503,idx_502,CHEMBL6062038,ligand_0503
3eyg,ligand_0504,CHEMBL5792137,CCc1cc(O)ccc1-c1ccc2c(-c3nc4c([nH]3)CN(CC)[C@H](C(=O)N3CC(C)(N(C)C)C3)C4)n[nH]c2c1,504,ligand_504,idx_503,CHEMBL5792137,ligand_0504
3eyg,ligand_0505,CHEMBL6064118,CCc1cc(O)ccc1-c1ccc2c(-c3nc4c([nH]3)CN(CC)[C@H](C(=O)N3CC(N(C)C)C3)C4)n[nH]c2c1,505,ligand_505,idx_504,CHEMBL6064118,ligand_0505
3eyg,ligand_0506,CHEMBL4802163,CCc1cc(O)ccc1-c1ccc2c(-c3nc4c([nH]3)C[C@@H](C(=O)N3CC(N(C)C)C3)N(C(C)C)C4)n[nH]c2c1,506,ligand_506,idx_505,CHEMBL4802163,ligand_0506
3eyg,ligand_0507,CHEMBL5912984,CCc1ccc(C2(O)CCN(c3cccn4nc(Nc5ccc(C(=O)N(C)C6CCN(C)CC6)cc5)nc34)CC2)cc1,507,ligand_507,idx_506,CHEMBL5912984,ligand_0507
3eyg,ligand_0508,CHEMBL5888575,CCc1cnn([C@@]2(CC#N)[C@@H]3CC[C@H]2CN(c2cccn4nc(Nc5cnn(CC(=O)N6CCN(C)CC6)c5)nc24)C3)c1,508,ligand_508,idx_507,CHEMBL5888575,ligand_0508
3eyg,ligand_0509,CHEMBL2436945,CCc1nc(N[C@@H]2CCC[C@@H]2C#N)c2cc[nH]c(=O)c2n1,509,ligand_509,idx_508,CHEMBL2436945,ligand_0509
3eyg,ligand_0510,CHEMBL5785069,CCn1cc(NC(=O)c2cnn3cccnc23)c(-c2cc3ccccc3cc2OC(F)F)n1,510,ligand_510,idx_509,CHEMBL5785069,ligand_0510
3eyg,ligand_0511,CHEMBL2420829,CCn1cc(Nc2cc(NC(=O)c3c(Cl)cccc3Cl)ccn2)cn1,511,ligand_511,idx_510,CHEMBL2420829,ligand_0511
3eyg,ligand_0512,CHEMBL3939892,CN(C(=O)Cn1cc(NC(=O)c2cnn3cccnc23)c(-c2cc(Cl)ccc2OC(F)F)n1)C1(CO)CC1,512,ligand_512,idx_511,CHEMBL3939892,ligand_0512
3eyg,ligand_0513,CHEMBL5994819,CN(C(=O)c1ccc(Nc2nc3c(C4=CCN(C(=O)CCC(F)(F)F)CC4)cccn3n2)cc1)C1CCCNC1,513,ligand_513,idx_512,CHEMBL5994819,ligand_0513
3eyg,ligand_0514,CHEMBL6049118,CN(C(=O)c1ccc(Nc2nc3c(C4=CCN(C(=O)CCC(F)(F)F)CC4)cccn3n2)cc1)C1CCN(Cc2ccccc2)C1,514,ligand_514,idx_513,CHEMBL6049118,ligand_0514
3eyg,ligand_0515,CHEMBL5902629,CN(C(=O)c1ccc(Nc2nc3c(C4=CCN(C(=O)CCC(F)(F)F)CC4)cccn3n2)cc1)C1CNC1,515,ligand_515,idx_514,CHEMBL5902629,ligand_0515
3eyg,ligand_0516,CHEMBL5879372,CN(C(=O)c1ccc(Nc2nc3c(N4CCC(O)(c5ccc(Cl)cc5)CC4)cccn3n2)cc1)C1CCCNC1,516,ligand_516,idx_515,CHEMBL5879372,ligand_0516
3eyg,ligand_0517,CHEMBL6063522,CN(C(=O)c1ccc(Nc2nc3c(N4CCC(O)(c5ccc(Cl)cc5)CC4)cccn3n2)cc1)C1CCN(Cc2ccccc2)C1,517,ligand_517,idx_516,CHEMBL6063522,ligand_0517
3eyg,ligand_0518,CHEMBL5784147,CN(C)C(=O)C1(c2ccncc2)CCCN1C(=O)c1ccc(Nc2nc3c(C4=CCN(C(=O)CCC(F)(F)F)CC4)cccn3n2)cc1,518,ligand_518,idx_517,CHEMBL5784147,ligand_0518
3eyg,ligand_0519,CHEMBL5836291,CN(C)C(=O)C1(c2ccncc2)CCCN1C(=O)c1ccc(Nc2nc3c(N4CCC(O)(c5ccc(Cl)cc5)CC4)cccn3n2)cc1,519,ligand_519,idx_518,CHEMBL5836291,ligand_0519
3eyg,ligand_0520,CHEMBL5987540,CN(C)C(=O)C1CN(C(=O)c2ccc(Nc3nc4c(C5=CCN(C(=O)CCC(F)(F)F)CC5)cccn4n3)cc2)CCN1C,520,ligand_520,idx_519,CHEMBL5987540,ligand_0520
3eyg,ligand_0521,CHEMBL5835055,CN(C)C(=O)C1CN(C(=O)c2ccc(Nc3nc4c(N5CCC(O)(c6ccc(Cl)cc6)CC5)cccn4n3)cc2)C1,521,ligand_521,idx_520,CHEMBL5835055,ligand_0521
3eyg,ligand_0522,CHEMBL5800020,CN(C)C(=O)C1CN(C(=O)c2ccc(Nc3nc4c(N5CCC(O)(c6ccc(Cl)cc6)CC5)cccn4n3)cc2)CCN1C,522,ligand_522,idx_521,CHEMBL5800020,ligand_0522
3eyg,ligand_0523,CHEMBL3977319,CN(C)C(=O)CCCN(C)C1CCN(C(=O)Cn2cc(NC(=O)c3cnn4cccnc34)c(-c3cc(Cl)ccc3OC(F)F)n2)CC1,523,ligand_523,idx_522,CHEMBL3977319,ligand_0523
3eyg,ligand_0524,CHEMBL3971636,CN(C)C(=O)CCCN1CCC(n2cc(NC(=O)c3c(N)nn4cccnc34)c(-c3cc(Cl)ccc3OC(F)F)n2)CC1,524,ligand_524,idx_523,CHEMBL3971636,ligand_0524
3eyg,ligand_0525,CHEMBL3931538,CN(C)C(=O)CN(C)C1CCN(C(=O)Cn2cc(NC(=O)c3cnn4cccnc34)c(-c3cc(Cl)ccc3OC(F)F)n2)CC1,525,ligand_525,idx_524,CHEMBL3931538,ligand_0525
3eyg,ligand_0526,CHEMBL3982869,CN(C)C(=O)CN1CCC(CN2CCN(C(=O)Cn3cc(NC(=O)c4cnn5cccnc45)c(-c4cc(Cl)ccc4OC(F)F)n3)CC2)CC1,526,ligand_526,idx_525,CHEMBL3982869,ligand_0526
3eyg,ligand_0527,CHEMBL3961154,CN(C)C(=O)CN1CCN(C(=O)Cn2cc(NC(=O)c3cnn4cccnc34)c(-c3cc(Cl)ccc3OC(F)F)n2)CC1,527,ligand_527,idx_526,CHEMBL3961154,ligand_0527
3eyg,ligand_0528,CHEMBL6004302,CN(C)C(=O)CN1CCN(C(=O)Cn2cc(NC(=O)c3cnn4cccnc34)c(-c3cc4ccccc4cc3OC(F)F)n2)CC1,528,ligand_528,idx_527,CHEMBL6004302,ligand_0528
3eyg,ligand_0529,CHEMBL3928573,CN(C)C(=O)CN1CCN(CC2CCN(C(=O)Cn3cc(NC(=O)c4cnn5cccnc45)c(-c4cc(Cl)ccc4OC(F)F)n3)CC2)CC1,529,ligand_529,idx_528,CHEMBL3928573,ligand_0529
3eyg,ligand_0530,CHEMBL3900033,CN(C)C(=O)CNC1CCN(C(=O)Cn2cc(NC(=O)c3cnn4cccnc34)c(-c3cc(Cl)ccc3OC(F)F)n2)CC1,530,ligand_530,idx_529,CHEMBL3900033,ligand_0530
3eyg,ligand_0531,CHEMBL5934759,CN(C)C(=O)Cn1cc(NC(=O)c2c(N)nn3cccnc23)c(-c2cc(Cl)ccc2OC(F)F)n1,531,ligand_531,idx_530,CHEMBL5934759,ligand_0531
3eyg,ligand_0532,CHEMBL5802587,CN(C)C(=O)Cn1cc(NC(=O)c2cnn3cccnc23)c(-c2cc(Br)ccc2OC(F)F)n1,532,ligand_532,idx_531,CHEMBL5802587,ligand_0532
3eyg,ligand_0533,CHEMBL5974372,CN(C)C(=O)Cn1cc(NC(=O)c2cnn3cccnc23)c(-c2cc(C(F)CF)ccc2OC(F)F)n1,533,ligand_533,idx_532,CHEMBL5974372,ligand_0533
3eyg,ligand_0534,CHEMBL5803866,CN(C)C(=O)Cn1cc(NC(=O)c2cnn3cccnc23)c(-c2cc(C(F)F)ccc2OC(F)F)n1,534,ligand_534,idx_533,CHEMBL5803866,ligand_0534
3eyg,ligand_0535,CHEMBL5942165,CN(C)C(=O)Cn1cc(NC(=O)c2cnn3cccnc23)c(-c2cc(C3CC3)ccc2OC(F)F)n1,535,ligand_535,idx_534,CHEMBL5942165,ligand_0535
3eyg,ligand_0536,CHEMBL5846541,CN(C)C(=O)Cn1cc(NC(=O)c2cnn3cccnc23)c(-c2cc(CC(F)F)ccc2OC(F)F)n1,536,ligand_536,idx_535,CHEMBL5846541,ligand_0536
3eyg,ligand_0537,CHEMBL5935429,CN(C)C(=O)Cn1cc(NC(=O)c2cnn3cccnc23)c(-c2cc(CCF)ccc2OC(F)F)n1,537,ligand_537,idx_536,CHEMBL5935429,ligand_0537
3eyg,ligand_0538,CHEMBL5994056,CN(C)C(=O)Cn1cc(NC(=O)c2cnn3cccnc23)c(-c2cc(Cl)ccc2OC(F)F)n1,538,ligand_538,idx_537,CHEMBL5994056,ligand_0538
3eyg,ligand_0539,CHEMBL5850872,CN(C)C(=O)Cn1cc(NC(=O)c2cnn3cccnc23)c(-c2cc(I)ccc2OC(F)F)n1,539,ligand_539,idx_538,CHEMBL5850872,ligand_0539
3eyg,ligand_0540,CHEMBL5905294,CN(C)C(=O)Cn1cc(NC(=O)c2cnn3cccnc23)c(-c2cc(OC(F)F)ccc2OC(F)F)n1,540,ligand_540,idx_539,CHEMBL5905294,ligand_0540
3eyg,ligand_0541,CHEMBL5929226,CN(C)C(=O)Cn1cc(NC(=O)c2cnn3cccnc23)c(-c2cc(Oc3ccc(C(=O)N(C)C)cc3)ccc2OC(F)F)n1,541,ligand_541,idx_540,CHEMBL5929226,ligand_0541
3eyg,ligand_0542,CHEMBL5978891,CN(C)C(=O)Cn1cc(NC(=O)c2cnn3cccnc23)c(-c2cc(Oc3ccc4c(c3)CNCC4)ccc2OC(F)F)n1,542,ligand_542,idx_541,CHEMBL5978891,ligand_0542
3eyg,ligand_0543,CHEMBL5981322,CN(C)C(=O)Cn1cc(NC(=O)c2cnn3cccnc23)c(-c2cc([C@@H]3C[C@H]3C#N)ccc2OC(F)F)n1,543,ligand_543,idx_542,CHEMBL5981322,ligand_0543
3eyg,ligand_0544,CHEMBL6034033,CN(C)C(=O)Cn1cc(NC(=O)c2cnn3cccnc23)c(-c2cc3c(cc2OC(F)F)CCO3)n1,544,ligand_544,idx_543,CHEMBL6034033,ligand_0544
3eyg,ligand_0545,CHEMBL5772646,CN(C)C(=O)Cn1cc(NC(=O)c2cnn3cccnc23)c(-c2cc3c(cc2OC(F)F)NCCO3)n1,545,ligand_545,idx_544,CHEMBL5772646,ligand_0545
3eyg,ligand_0546,CHEMBL5912104,CN(C)C(=O)Cn1cc(NC(=O)c2cnn3cccnc23)c(-c2cc3c(cc2OC(F)F)NCCS3)n1,546,ligand_546,idx_545,CHEMBL5912104,ligand_0546
3eyg,ligand_0547,CHEMBL5885036,CN(C)C(=O)Cn1cc(NC(=O)c2cnn3cccnc23)c(-c2cc3c(cc2OC(F)F)SCCO3)n1,547,ligand_547,idx_546,CHEMBL5885036,ligand_0547
3eyg,ligand_0548,CHEMBL5820226,CN(C)C(=O)Cn1cc(NC(=O)c2cnn3cccnc23)c(-c2cc3cnsc3cc2OC(F)F)n1,548,ligand_548,idx_547,CHEMBL5820226,ligand_0548
3eyg,ligand_0549,CHEMBL6057171,CN(C)C(=O)Cn1cc(NC(=O)c2cnn3cccnc23)c(-c2cc3sncc3cc2OC(F)F)n1,549,ligand_549,idx_548,CHEMBL6057171,ligand_0549
3eyg,ligand_0550,CHEMBL3894039,CN(C)C(=O)[C@@H]1CCCN1C1CCN(C(=O)Cn2cc(NC(=O)c3cnn4cccnc34)c(-c3cc(Cl)ccc3OC(F)F)n2)CC1,550,ligand_550,idx_549,CHEMBL3894039,ligand_0550
3eyg,ligand_0551,CHEMBL3890546,CN(C)C(=O)[C@@H]1CCCN1CC1CCN(C(=O)Cn2cc(NC(=O)c3cnn4cccnc34)c(-c3cc(Cl)ccc3OC(F)F)n2)CC1,551,ligand_551,idx_550,CHEMBL3890546,ligand_0551
3eyg,ligand_0552,CHEMBL3906961,CN(C)C1CCN(C(=O)C2CCN(c3nc(-c4cc(Cl)ccc4OC(F)F)c(NC(=O)c4cnn5cccnc45)s3)CC2)CC1,552,ligand_552,idx_551,CHEMBL3906961,ligand_0552
3eyg,ligand_0553,CHEMBL3937927,CN(C)C1CCN(C(=O)Cn2cc(NC(=O)c3c(N)nn4cccnc34)c(-c3cc(Cl)ccc3OC(F)F)n2)C1,553,ligand_553,idx_552,CHEMBL3937927,ligand_0553
3eyg,ligand_0554,CHEMBL3959924,CN(C)C1CCN(C(=O)Cn2cc(NC(=O)c3c(N)nn4cccnc34)c(-c3cc(Cl)ccc3OC(F)F)n2)CC1,554,ligand_554,idx_553,CHEMBL3959924,ligand_0554
3eyg,ligand_0555,CHEMBL3956075,CN(C)C1CCN(C(=O)Cn2cc(NC(=O)c3cnn4cccnc34)c(-c3cc(Cl)ccc3OC(F)F)n2)C1,555,ligand_555,idx_554,CHEMBL3956075,ligand_0555
3eyg,ligand_0556,CHEMBL3925466,CN(C)C1CCN(C(=O)Cn2cc(NC(=O)c3cnn4cccnc34)c(-c3cc(Cl)ccc3OC(F)F)n2)CC1,556,ligand_556,idx_555,CHEMBL3925466,ligand_0556
3eyg,ligand_0557,CHEMBL3921881,CN(C)C1CCN(C(=O)c2ccc(-c3nc(-c4cc(Cl)ccc4OC(F)F)c(NC(=O)c4cnn5cccnc45)s3)cc2)CC1,557,ligand_557,idx_556,CHEMBL3921881,ligand_0557
3eyg,ligand_0558,CHEMBL3900032,CN(C)C1CCN(C(=O)c2ccc(-n3cc(NC(=O)c4cnn5cccnc45)c(-c4cc(Cl)ccc4OC(F)F)n3)cc2)CC1,558,ligand_558,idx_557,CHEMBL3900032,ligand_0558
3eyg,ligand_0559,CHEMBL5872305,CN(C)C1CCN(C(=O)c2ccc(Nc3nc4c(C5=CCN(C(=O)CCC(F)(F)F)CC5)cccn4n3)cc2)C1,559,ligand_559,idx_558,CHEMBL5872305,ligand_0559
3eyg,ligand_0560,CHEMBL5815341,CN(C)C1CCN(C(=O)c2ccc(Nc3nc4c(C5=CCN(C(=O)CCC(F)(F)F)CC5)cccn4n3)cc2)CC1,560,ligand_560,idx_559,CHEMBL5815341,ligand_0560
3eyg,ligand_0561,CHEMBL5936196,CN(C)C1CCN(C(=O)c2ccc(Nc3nc4c(N5CCC(O)(c6ccc(Cl)cc6)CC5)cccn4n3)cc2)C1,561,ligand_561,idx_560,CHEMBL5936196,ligand_0561
3eyg,ligand_0562,CHEMBL5972887,CN(C)C1CCN(C(=O)c2ccc(Nc3nc4c(N5CCC(O)(c6ccc(Cl)cc6)CC5)cccn4n3)cc2)CC1,562,ligand_562,idx_561,CHEMBL5972887,ligand_0562
3eyg,ligand_0563,CHEMBL3918206,CN(C)C1CCN(C(=O)c2nc(-c3cc(Cl)ccc3OC(F)F)c(NC(=O)c3cnn4cccnc34)s2)CC1,563,ligand_563,idx_562,CHEMBL3918206,ligand_0563
3eyg,ligand_0564,CHEMBL3910933,CN(C)C1CCN(Cc2nc(-c3cc(Cl)ccc3OC(F)F)c(NC(=O)c3cnn4cccnc34)s2)CC1,564,ligand_564,idx_563,CHEMBL3910933,ligand_0564
3eyg,ligand_0565,CHEMBL3921926,CN(C)C1CCN(c2nc(-c3cc(Cl)ccc3OC(F)F)c(NC(=O)c3cnn4cccnc34)s2)CC1,565,ligand_565,idx_564,CHEMBL3921926,ligand_0565
3eyg,ligand_0566,CHEMBL3932430,CN(C)C1CN(C(=O)Cn2cc(NC(=O)c3c(N)nn4cccnc34)c(-c3cc(Cl)ccc3OC(F)F)n2)C1,566,ligand_566,idx_565,CHEMBL3932430,ligand_0566
3eyg,ligand_0567,CHEMBL3950178,CN(C)C1CN(C(=O)Cn2cc(NC(=O)c3cnn4cccnc34)c(-c3cc(Cl)ccc3OC(F)F)n2)C1,567,ligand_567,idx_566,CHEMBL3950178,ligand_0567
3eyg,ligand_0568,CHEMBL3970487,CN(C)CC#Cc1nc(-c2cc(Cl)ccc2OC(F)F)c(NC(=O)c2cnn3cccnc23)s1,568,ligand_568,idx_567,CHEMBL3970487,ligand_0568
3eyg,ligand_0569,CHEMBL3914779,CN(C)CC(=O)Cn1cc(NC(=O)c2cnn3cccnc23)c(-c2cc(Cl)ccc2OC(F)F)n1,569,ligand_569,idx_568,CHEMBL3914779,ligand_0569
3eyg,ligand_0570,CHEMBL2152402,CN(C)CC(=O)N1CCC(n2cnc3cnc4[nH]ccc4c32)CC1,570,ligand_570,idx_569,CHEMBL2152402,ligand_0570
3eyg,ligand_0571,CHEMBL3915738,CN(C)CC(O)Cn1cc(NC(=O)c2cnn3cccnc23)c(-c2cc(Cl)ccc2OC(F)F)n1,571,ligand_571,idx_570,CHEMBL3915738,ligand_0571
3eyg,ligand_0572,CHEMBL5882031,CN(C)CC1(O)CCCN(C(=O)c2ccc(Nc3nc4c(C5=CCN(C(=O)CCC(F)(F)F)CC5)cccn4n3)cc2)CC1,572,ligand_572,idx_571,CHEMBL5882031,ligand_0572
3eyg,ligand_0573,CHEMBL5956742,CN(C)CC1(O)CCCN(C(=O)c2ccc(Nc3nc4c(N5CCC(O)(c6ccc(Cl)cc6)CC5)cccn4n3)cc2)CC1,573,ligand_573,idx_572,CHEMBL5956742,ligand_0573
3eyg,ligand_0574,CHEMBL3918506,CN(C)CC1(O)CCN(C(=O)Cn2cc(NC(=O)c3cnn4cccnc34)c(-c3cc(Cl)ccc3OC(F)F)n2)CC1,574,ligand_574,idx_573,CHEMBL3918506,ligand_0574
3eyg,ligand_0575,CHEMBL3900004,CN(C)CC1(c2ccccc2)CCN(C(=O)Cn2cc(NC(=O)c3cnn4cccnc34)c(-c3cc(Cl)ccc3OC(F)F)n2)CC1,575,ligand_575,idx_574,CHEMBL3900004,ligand_0575
3eyg,ligand_0576,CHEMBL3896994,CN(C)CC1CCN(C(=O)Cn2cc(NC(=O)c3cnn4cccnc34)c(-c3cc(Cl)ccc3OC(F)F)n2)CC1,576,ligand_576,idx_575,CHEMBL3896994,ligand_0576
3eyg,ligand_0577,CHEMBL3912946,CN(C)CC1CCN(c2nc(-c3cc(Cl)ccc3OC(F)F)c(NC(=O)c3cnn4cccnc34)s2)CC1,577,ligand_577,idx_576,CHEMBL3912946,ligand_0577
3eyg,ligand_0578,CHEMBL5979381,CN(C)CCC(=O)N1CC=C(c2cccn3nc(Nc4ccc(C(=O)N(C)C5CCN(C)CC5)cc4)nc23)CC1,578,ligand_578,idx_577,CHEMBL5979381,ligand_0578
3eyg,ligand_0579,CHEMBL5883790,CN(C)CCC1CCCN(C(=O)c2ccc(Nc3nc4c(C5=CCN(C(=O)CCC(F)(F)F)CC5)cccn4n3)cc2)C1,579,ligand_579,idx_578,CHEMBL5883790,ligand_0579
3eyg,ligand_0580,CHEMBL5963954,CN(C)CCC1CCCN(C(=O)c2ccc(Nc3nc4c(N5CCC(O)(c6ccc(Cl)cc6)CC5)cccn4n3)cc2)C1,580,ligand_580,idx_579,CHEMBL5963954,ligand_0580
3eyg,ligand_0581,CHEMBL3944383,CN(C)CCC1CCN(c2nc(-c3cc(Cl)ccc3OC(F)F)c(NC(=O)c3cnn4cccnc34)s2)CC1,581,ligand_581,idx_580,CHEMBL3944383,ligand_0581
3eyg,ligand_0582,CHEMBL3939335,CN(C)CCN1CCN(C(=O)Cn2cc(NC(=O)c3cnn4cccnc34)c(-c3cc(Cl)ccc3OC(F)F)n2)CC1,582,ligand_582,idx_581,CHEMBL3939335,ligand_0582
3eyg,ligand_0583,CHEMBL5865604,CN(C)CCN1CCN(C(=O)c2ccc(Nc3nc4c(C5=CCN(C(=O)CCC(F)(F)F)CC5)cccn4n3)cc2)CC1,583,ligand_583,idx_582,CHEMBL5865604,ligand_0583
3eyg,ligand_0584,CHEMBL5817839,CN(C)CCN1CCN(C(=O)c2ccc(Nc3nc4c(N5CCC(O)(c6ccc(Cl)cc6)CC5)cccn4n3)cc2)CC1,584,ligand_584,idx_583,CHEMBL5817839,ligand_0584
3eyg,ligand_0585,CHEMBL5842370,CN(C)CCNC(=O)c1ccc(Nc2nc3c(C4=CCN(C(=O)CCC(F)(F)F)CC4)cccn3n2)cc1,585,ligand_585,idx_584,CHEMBL5842370,ligand_0585
3eyg,ligand_0586,CHEMBL5787280,CN(C)CCNC(=O)c1ccc(Nc2nc3c(N4CCC(O)(c5ccc(Cl)cc5)CC4)cccn3n2)cc1,586,ligand_586,idx_585,CHEMBL5787280,ligand_0586
3eyg,ligand_0587,CHEMBL3978448,CN(C)CCOC(=O)C1(C)CCN(C(=O)Cn2cc(NC(=O)c3cnn4cccnc34)c(-c3cc(Cl)ccc3OC(F)F)n2)CC1,587,ligand_587,idx_586,CHEMBL3978448,ligand_0587
3eyg,ligand_0588,CHEMBL3969204,CN(C)CCOC(=O)C1CCN(C(=O)Cn2cc(NC(=O)c3cnn4cccnc34)c(-c3cc(Cl)ccc3OC(F)F)n2)CC1,588,ligand_588,idx_587,CHEMBL3969204,ligand_0588
3eyg,ligand_0589,CHEMBL3970998,CN(C)CCOC1CCN(C(=O)Cn2cc(NC(=O)c3c(N)nn4cccnc34)c(-c3cc(Cl)ccc3OC(F)F)n2)CC1,589,ligand_589,idx_588,CHEMBL3970998,ligand_0589
3eyg,ligand_0590,CHEMBL3979961,CN(C)CCOC1CCN(C(=O)Cn2cc(NC(=O)c3cnn4cccnc34)c(-c3cc(Cl)ccc3OC(F)F)n2)CC1,590,ligand_590,idx_589,CHEMBL3979961,ligand_0590
3eyg,ligand_0591,CHEMBL5832333,CN(C)CCn1cc(NC(=O)c2cnn3cccnc23)c(-c2cc3c(cc2OC(F)F)NC(=O)CS3)n1,591,ligand_591,idx_590,CHEMBL5832333,ligand_0591
3eyg,ligand_0592,CHEMBL5865929,CN(C)CCn1cc(NC(=O)c2cnn3cccnc23)c(-c2cc3c(cc2OC(F)F)NCCS3)n1,592,ligand_592,idx_591,CHEMBL5865929,ligand_0592
3eyg,ligand_0593,CHEMBL3975201,CN(C)C[C@@H]1CCCN(C(=O)Cn2cc(NC(=O)c3c(N)nn4cccnc34)c(-c3cc(Cl)ccc3OC(F)F)n2)C1,593,ligand_593,idx_592,CHEMBL3975201,ligand_0593
3eyg,ligand_0594,CHEMBL3951860,CN(C)C[C@@H]1CCCN(C(=O)Cn2cc(NC(=O)c3cnn4cccnc34)c(-c3cc(Cl)ccc3OC(F)F)n2)C1,594,ligand_594,idx_593,CHEMBL3951860,ligand_0594
3eyg,ligand_0595,CHEMBL3954699,CN(C)C[C@@H]1CCCN1C(=O)Cn1cc(NC(=O)c2c(N)nn3cccnc23)c(-c2cc(Cl)ccc2OC(F)F)n1,595,ligand_595,idx_594,CHEMBL3954699,ligand_0595
3eyg,ligand_0596,CHEMBL4115152,CN(C)C[C@H]1CCCN(C(=O)Cn2cc(NC(=O)c3cnn4cccnc34)c(-c3cc(Cl)ccc3OC(F)F)n2)C1,596,ligand_596,idx_595,CHEMBL4115152,ligand_0596
3eyg,ligand_0597,CHEMBL4108609,CN(C)C[C@H]1CCCN1C(=O)Cn1cc(NC(=O)c2c(N)nn3cccnc23)c(-c2cc(Cl)ccc2OC(F)F)n1,597,ligand_597,idx_596,CHEMBL4108609,ligand_0597
3eyg,ligand_0598,CHEMBL3946308,CN(C)Cc1ccc(-c2nc(-c3cc(Cl)ccc3OC(F)F)c(NC(=O)c3cnn4cccnc34)s2)cc1,598,ligand_598,idx_597,CHEMBL3946308,ligand_0598
3eyg,ligand_0599,CHEMBL5997916,CN(C)[C@H]1CCN(C(=O)c2ccc(Nc3nc4c(C5=CCN(C(=O)CCC(F)(F)F)CC5)cccn4n3)cc2)C1,599,ligand_599,idx_598,CHEMBL5997916,ligand_0599
3eyg,ligand_0600,CHEMBL5806416,CN(C)[C@H]1CCN(C(=O)c2ccc(Nc3nc4c(N5CCC(O)(c6ccc(Cl)cc6)CC5)cccn4n3)cc2)C1,600,ligand_600,idx_599,CHEMBL5806416,ligand_0600
3eyg,ligand_0601,CHEMBL5904294,CN(C)c1cc(CC2CCN(C(=O)c3ccc(Nc4nc5c(C6=CCN(C(=O)CCC(F)(F)F)CC6)cccn5n4)cc3)C2)ncn1,601,ligand_601,idx_600,CHEMBL5904294,ligand_0601
3eyg,ligand_0602,CHEMBL5975162,CN(C)c1cc(CC2CCN(C(=O)c3ccc(Nc4nc5c(N6CCC(O)(c7ccc(Cl)cc7)CC6)cccn5n4)cc3)C2)ncn1,602,ligand_602,idx_601,CHEMBL5975162,ligand_0602
3eyg,ligand_0603,CHEMBL5755540,CN(C)c1cccc(C2CCN(C(=O)c3ccc(Nc4nc5c(C6=CCN(C(=O)CCC(F)(F)F)CC6)cccn5n4)cc3)CC2)n1,603,ligand_603,idx_602,CHEMBL5755540,ligand_0603
3eyg,ligand_0604,CHEMBL3914162,CN(C1CCN(C(=O)Cn2cc(NC(=O)c3cnn4cccnc34)c(-c3cc(Cl)ccc3OC(F)F)n2)CC1)C1(C#N)CC1,604,ligand_604,idx_603,CHEMBL3914162,ligand_0604
3eyg,ligand_0605,CHEMBL3911166,CN(C1CCN(C(=O)Cn2cc(NC(=O)c3cnn4cccnc34)c(-c3cc(Cl)ccc3OC(F)F)n2)CC1)C1COC1,605,ligand_605,idx_604,CHEMBL3911166,ligand_0605
3eyg,ligand_0606,CHEMBL4112987,CN(C1CCN(C(=O)Cn2cc(NC(=O)c3cnn4cccnc34)c(-c3cc(Cl)ccc3OC(F)F)n2)CC1)[C@@H]1CCOC1,606,ligand_606,idx_605,CHEMBL4112987,ligand_0606
3eyg,ligand_0607,CHEMBL3891615,CN(C1CCN(C(=O)Cn2cc(NC(=O)c3cnn4cccnc34)c(-c3cc(Cl)ccc3OC(F)F)n2)CC1)[C@H]1CCOC1,607,ligand_607,idx_606,CHEMBL3891615,ligand_0607
3eyg,ligand_0608,CHEMBL5877530,CN(C1CCN(C(=O)Cn2cc(Nc3nc4c(N5CC6CCC(C5)N6C(=O)CCC(F)(F)F)cccn4n3)cn2)CC1)C1COC1,608,ligand_608,idx_607,CHEMBL5877530,ligand_0608
3eyg,ligand_0609,CHEMBL5897746,CN(C1CCN(C(=O)Cn2cc(Nc3nc4c(N5CC6CCC(C5)N6C(=O)N5CC(C(F)(F)F)C5)cccn4n3)cn2)CC1)C1COC1,609,ligand_609,idx_608,CHEMBL5897746,ligand_0609
3eyg,ligand_0610,CHEMBL3984319,CN(CC(C)(C)C#N)C1CCN(C(=O)Cn2cc(NC(=O)c3cnn4cccnc34)c(-c3cc(Cl)ccc3OC(F)F)n2)CC1,610,ligand_610,idx_609,CHEMBL3984319,ligand_0610
3eyg,ligand_0611,CHEMBL3970779,CN(CC(C)(F)F)C1CCN(C(=O)Cn2cc(NC(=O)c3cnn4cccnc34)c(-c3cc(Cl)ccc3OC(F)F)n2)CC1,611,ligand_611,idx_610,CHEMBL3970779,ligand_0611
3eyg,ligand_0612,CHEMBL3934458,CN(CC(F)(F)F)C1CCN(C(=O)C2CCN(c3nc(-c4cc(Cl)ccc4OC(F)F)c(NC(=O)c4cnn5cccnc45)s3)CC2)CC1,612,ligand_612,idx_611,CHEMBL3934458,ligand_0612
3eyg,ligand_0613,CHEMBL3890537,CN(CC(F)(F)F)C1CCN(C(=O)Cn2cc(NC(=O)c3cnn4cccnc34)c(-c3cc(Cl)ccc3OC(F)F)n2)CC1,613,ligand_613,idx_612,CHEMBL3890537,ligand_0613
3eyg,ligand_0614,CHEMBL3924554,CN(CC(F)(F)F)C1CCN(C(=O)c2ccc(-n3cc(NC(=O)c4cnn5cccnc45)c(-c4cc(Cl)ccc4OC(F)F)n3)cc2)CC1,614,ligand_614,idx_613,CHEMBL3924554,ligand_0614
3eyg,ligand_0615,CHEMBL3923526,CN(CC(F)(F)F)C1CCN(c2nc(-c3cc(Cl)ccc3OC(F)F)c(NC(=O)c3cnn4cccnc34)s2)CC1,615,ligand_615,idx_614,CHEMBL3923526,ligand_0615
3eyg,ligand_0616,CHEMBL3945615,CN(CC(F)(F)c1ccccc1)C1CCN(C(=O)Cn2cc(NC(=O)c3cnn4cccnc34)c(-c3cc(Cl)ccc3OC(F)F)n2)CC1,616,ligand_616,idx_615,CHEMBL3945615,ligand_0616
3eyg,ligand_0617,CHEMBL3981690,CN(CC1(C#N)CC1)C1CCN(C(=O)Cn2cc(NC(=O)c3cnn4cccnc34)c(-c3cc(Cl)ccc3OC(F)F)n2)CC1,617,ligand_617,idx_616,CHEMBL3981690,ligand_0617
3eyg,ligand_0618,CHEMBL5895322,CN(CC1(C#N)CC1)C1CCN(C(=O)Cn2cc(Nc3nc4c(N5CC6CCC(C5)N6C(=O)C5CC(C(F)(F)F)C5)cccn4n3)cn2)CC1,618,ligand_618,idx_617,CHEMBL5895322,ligand_0618
3eyg,ligand_0619,CHEMBL3921728,CN(CC1(C#N)CCCCC1)C1CCN(C(=O)Cn2cc(NC(=O)c3cnn4cccnc34)c(-c3cc(Cl)ccc3OC(F)F)n2)CC1,619,ligand_619,idx_618,CHEMBL3921728,ligand_0619
3eyg,ligand_0620,CHEMBL3897943,CN(CC1(C#N)CCCCC1)C1CCN(c2nc(-c3cc(Cl)ccc3OC(F)F)c(NC(=O)c3cnn4cccnc34)s2)CC1,620,ligand_620,idx_619,CHEMBL3897943,ligand_0620
3eyg,ligand_0621,CHEMBL3944446,CN(CC1(C)COC1)C1CCN(C(=O)Cn2cc(NC(=O)c3cnn4cccnc34)c(-c3cc(Cl)ccc3OC(F)F)n2)CC1,621,ligand_621,idx_620,CHEMBL3944446,ligand_0621
3eyg,ligand_0622,CHEMBL3920538,CN(CC1(C)COC1)C1CCN(c2nc(-c3cc(Cl)ccc3OC(F)F)c(NC(=O)c3cnn4cccnc34)s2)CC1,622,ligand_622,idx_621,CHEMBL3920538,ligand_0622
3eyg,ligand_0623,CHEMBL3907006,CN(CC1(C)OCCO1)C1CCN(C(=O)Cn2cc(NC(=O)c3cnn4cccnc34)c(-c3cc(Cl)ccc3OC(F)F)n2)CC1,623,ligand_623,idx_622,CHEMBL3907006,ligand_0623
3eyg,ligand_0624,CHEMBL3916925,CN(CC1(CC#N)CC1)C1CCN(C(=O)Cn2cc(NC(=O)c3cnn4cccnc34)c(-c3cc(Cl)ccc3OC(F)F)n2)CC1,624,ligand_624,idx_623,CHEMBL3916925,ligand_0624
3eyg,ligand_0625,CHEMBL3948591,CN(CC1=CC(=O)OC1)C1CCN(C(=O)Cn2cc(NC(=O)c3cnn4cccnc34)c(-c3cc(Cl)ccc3OC(F)F)n2)CC1,625,ligand_625,idx_624,CHEMBL3948591,ligand_0625
3eyg,ligand_0626,CHEMBL3962087,CN(CC1CCC(=O)O1)C1CCN(C(=O)Cn2cc(NC(=O)c3cnn4cccnc34)c(-c3cc(Cl)ccc3OC(F)F)n2)CC1,626,ligand_626,idx_625,CHEMBL3962087,ligand_0626
3eyg,ligand_0627,CHEMBL3923151,CN(CC1OCCO1)C1CCN(C(=O)Cn2cc(NC(=O)c3cnn4cccnc34)c(-c3cc(Cl)ccc3OC(F)F)n2)CC1,627,ligand_627,idx_626,CHEMBL3923151,ligand_0627
3eyg,ligand_0628,CHEMBL3934132,CN(CC1Oc2ccccc2O1)C1CCN(C(=O)Cn2cc(NC(=O)c3cnn4cccnc34)c(-c3cc(Cl)ccc3OC(F)F)n2)CC1,628,ligand_628,idx_627,CHEMBL3934132,ligand_0628
3eyg,ligand_0629,CHEMBL3933766,CN(CCC#N)C1CCC(=CCn2cc(NC(=O)c3cnn4cccnc34)c(-c3cc(Cl)ccc3OC(F)F)n2)CC1,629,ligand_629,idx_628,CHEMBL3933766,ligand_0629
3eyg,ligand_0630,CHEMBL3964801,CN(CCC#N)C1CCN(C(=O)Cn2cc(NC(=O)c3cnn4cccnc34)c(-c3cc(Cl)ccc3OC(F)F)n2)CC1,630,ligand_630,idx_629,CHEMBL3964801,ligand_0630
3eyg,ligand_0631,CHEMBL6042340,CN(CCC#N)C1CCN(C(=O)Cn2cc(NC(=O)c3cnn4cccnc34)c(-c3cc4ccccc4cc3OC(F)F)n2)CC1,631,ligand_631,idx_630,CHEMBL6042340,ligand_0631
3eyg,ligand_0632,CHEMBL5905216,CN(CCC#N)C1CCN(C(=O)Cn2cc(Nc3nc4c(N5CCC(CO)(c6ccc(Cl)cc6)CC5)cccn4n3)cn2)CC1,632,ligand_632,idx_631,CHEMBL5905216,ligand_0632
3eyg,ligand_0633,CHEMBL3958770,CN(CCC#N)C1CCN(c2nc(-c3cc(Cl)ccc3OC(F)F)c(NC(=O)c3cnn4cccnc34)s2)CC1,633,ligand_633,idx_632,CHEMBL3958770,ligand_0633
3eyg,ligand_0634,CHEMBL3965438,CN(CCC1CCCCC1)C1CCN(C(=O)Cn2cc(NC(=O)c3cnn4cccnc34)c(-c3cc(Cl)ccc3OC(F)F)n2)CC1,634,ligand_634,idx_633,CHEMBL3965438,ligand_0634
3eyg,ligand_0635,CHEMBL3959085,CN(CCCC#N)C1CCN(C(=O)Cn2cc(NC(=O)c3cnn4cccnc34)c(-c3cc(Cl)ccc3OC(F)F)n2)CC1,635,ligand_635,idx_634,CHEMBL3959085,ligand_0635
3eyg,ligand_0636,CHEMBL3935428,CN(CCCC(N)=O)C1CCN(c2nc(-c3cc(Cl)ccc3OC(F)F)c(NC(=O)c3cnn4cccnc34)s2)CC1,636,ligand_636,idx_635,CHEMBL3935428,ligand_0636
3eyg,ligand_0637,CHEMBL3964224,CN(CCCN1CCC(n2cc(NC(=O)c3c(N)nn4cccnc34)c(-c3cc(Cl)ccc3OC(F)F)n2)CC1)C(=O)c1ccccc1,637,ligand_637,idx_636,CHEMBL3964224,ligand_0637
3eyg,ligand_0638,CHEMBL3898708,CN(CCCc1ccccc1)C1CCN(C(=O)Cn2cc(NC(=O)c3cnn4cccnc34)c(-c3cc(Cl)ccc3OC(F)F)n2)CC1,638,ligand_638,idx_637,CHEMBL3898708,ligand_0638
3eyg,ligand_0639,CHEMBL5827685,CN(CCN)C(=O)c1ccc(Nc2nc3c(C4=CCN(C(=O)CCC(F)(F)F)CC4)cccn3n2)cc1,639,ligand_639,idx_638,CHEMBL5827685,ligand_0639
3eyg,ligand_0640,CHEMBL5894552,CN(CCN)C(=O)c1ccc(Nc2nc3c(N4CCC(O)(c5ccc(Cl)cc5)CC4)cccn3n2)cc1,640,ligand_640,idx_639,CHEMBL5894552,ligand_0640
3eyg,ligand_0641,CHEMBL3889937,CN(CCO)C1CCN(C(=O)Cn2cc(NC(=O)c3c(N)nn4cccnc34)c(-c3cc(Cl)ccc3OC(F)F)n2)CC1,641,ligand_641,idx_640,CHEMBL3889937,ligand_0641
3eyg,ligand_0642,CHEMBL2436942,CN(CCO)c1nc(N[C@@H]2CCC[C@@H]2C#N)c2cc[nH]c(=O)c2n1,642,ligand_642,idx_641,CHEMBL2436942,ligand_0642
3eyg,ligand_0643,CHEMBL3946998,CN(CCOc1ccc(Br)cc1)C1CCN(C(=O)Cn2cc(NC(=O)c3cnn4cccnc34)c(-c3cc(Cl)ccc3OC(F)F)n2)CC1,643,ligand_643,idx_642,CHEMBL3946998,ligand_0643
3eyg,ligand_0644,CHEMBL3913096,CN(CCOc1ccc(Cl)cc1)C1CCN(C(=O)Cn2cc(NC(=O)c3cnn4cccnc34)c(-c3cc(Cl)ccc3OC(F)F)n2)CC1,644,ligand_644,idx_643,CHEMBL3913096,ligand_0644
3eyg,ligand_0645,CHEMBL3950892,CN(CCOc1ccccc1)C1CCN(C(=O)Cn2cc(NC(=O)c3cnn4cccnc34)c(-c3cc(Cl)ccc3OC(F)F)n2)CC1,645,ligand_645,idx_644,CHEMBL3950892,ligand_0645
3eyg,ligand_0646,CHEMBL3907313,CN(CCOc1ccccc1Br)C1CCN(C(=O)Cn2cc(NC(=O)c3cnn4cccnc34)c(-c3cc(Cl)ccc3OC(F)F)n2)CC1,646,ligand_646,idx_645,CHEMBL3907313,ligand_0646
3eyg,ligand_0647,CHEMBL3961979,CN(CCOc1ccccc1Cl)C1CCN(C(=O)Cn2cc(NC(=O)c3cnn4cccnc34)c(-c3cc(Cl)ccc3OC(F)F)n2)CC1,647,ligand_647,idx_646,CHEMBL3961979,ligand_0647
3eyg,ligand_0648,CHEMBL3905546,CN(CCc1ccc(Cl)cc1)C1CCN(C(=O)Cn2cc(NC(=O)c3cnn4cccnc34)c(-c3cc(Cl)ccc3OC(F)F)n2)CC1,648,ligand_648,idx_647,CHEMBL3905546,ligand_0648
3eyg,ligand_0649,CHEMBL3981440,CN(CCc1ccc(O)cc1)C1CCN(C(=O)Cn2cc(NC(=O)c3cnn4cccnc34)c(-c3cc(Cl)ccc3OC(F)F)n2)CC1,649,ligand_649,idx_648,CHEMBL3981440,ligand_0649
3eyg,ligand_0650,CHEMBL3906556,CN(CCc1ccccc1)C1CCN(C(=O)Cn2cc(NC(=O)c3cnn4cccnc34)c(-c3cc(Cl)ccc3OC(F)F)n2)CC1,650,ligand_650,idx_649,CHEMBL3906556,ligand_0650
3eyg,ligand_0651,CHEMBL3907485,CN(CCc1ccccc1)C1CCN(c2nc(-c3cc(Cl)ccc3OC(F)F)c(NC(=O)c3cnn4cccnc34)s2)CC1,651,ligand_651,idx_650,CHEMBL3907485,ligand_0651
3eyg,ligand_0652,CHEMBL3937284,CN(CCc1ccccc1)Cc1nc(-c2cc(Cl)ccc2OC(F)F)c(NC(=O)c2cnn3cccnc23)s1,652,ligand_652,idx_651,CHEMBL3937284,ligand_0652
3eyg,ligand_0653,CHEMBL5855066,CN(CCc1ccccn1)C(=O)c1ccc(Nc2nc3c(C4=CCN(C(=O)CCC(F)(F)F)CC4)cccn3n2)cc1,653,ligand_653,idx_652,CHEMBL5855066,ligand_0653
3eyg,ligand_0654,CHEMBL5838315,CN(CCc1ccccn1)C(=O)c1ccc(Nc2nc3c(N4CCC(O)(c5ccc(Cl)cc5)CC4)cccn3n2)cc1,654,ligand_654,idx_653,CHEMBL5838315,ligand_0654
3eyg,ligand_0655,CHEMBL3897795,CN(CCc1ccccn1)C1CCN(C(=O)Cn2cc(NC(=O)c3cnn4cccnc34)c(-c3cc(Cl)ccc3OC(F)F)n2)CC1,655,ligand_655,idx_654,CHEMBL3897795,ligand_0655
3eyg,ligand_0656,CHEMBL5827863,CN(CCc1cccnc1)C(=O)c1ccc(Nc2nc3c(C4=CCN(C(=O)CCC(F)(F)F)CC4)cccn3n2)cc1,656,ligand_656,idx_655,CHEMBL5827863,ligand_0656
3eyg,ligand_0657,CHEMBL5847038,CN(CCc1cccnc1)C(=O)c1ccc(Nc2nc3c(N4CCC(O)(c5ccc(Cl)cc5)CC4)cccn3n2)cc1,657,ligand_657,idx_656,CHEMBL5847038,ligand_0657
3eyg,ligand_0658,CHEMBL5928661,CN(CCc1ccncc1)C(=O)c1ccc(Nc2nc3c(C4=CCN(C(=O)CCC(F)(F)F)CC4)cccn3n2)cc1,658,ligand_658,idx_657,CHEMBL5928661,ligand_0658
3eyg,ligand_0659,CHEMBL6011410,CN(CCc1ccncc1)C(=O)c1ccc(Nc2nc3c(N4CCC(O)(c5ccc(Cl)cc5)CC4)cccn3n2)cc1,659,ligand_659,idx_658,CHEMBL6011410,ligand_0659
3eyg,ligand_0660,CHEMBL3962664,CN(CCn1cc(NC(=O)c2cnn3cccnc23)c(-c2cc(Cl)ccc2OC(F)F)n1)CC1CCC(=O)O1,660,ligand_660,idx_659,CHEMBL3962664,ligand_0660
3eyg,ligand_0661,CHEMBL3900819,CN(Cc1ccc(Br)cc1)C1CCN(C(=O)Cn2cc(NC(=O)c3cnn4cccnc34)c(-c3cc(Cl)ccc3OC(F)F)n2)CC1,661,ligand_661,idx_660,CHEMBL3900819,ligand_0661
3eyg,ligand_0662,CHEMBL3958691,CN(Cc1ccc(C(C)(C)C)cc1)C1CCN(C(=O)Cn2cc(NC(=O)c3cnn4cccnc34)c(-c3cc(Cl)ccc3OC(F)F)n2)CC1,662,ligand_662,idx_661,CHEMBL3958691,ligand_0662
3eyg,ligand_0663,CHEMBL3937195,CN(Cc1ccc(Cl)c(Cl)c1)C1CCN(C(=O)Cn2cc(NC(=O)c3cnn4cccnc34)c(-c3cc(Cl)ccc3OC(F)F)n2)CC1,663,ligand_663,idx_662,CHEMBL3937195,ligand_0663
3eyg,ligand_0664,CHEMBL3905167,CN(Cc1ccc(Cl)cc1)C1CCN(C(=O)Cn2cc(NC(=O)c3cnn4cccnc34)c(-c3cc(Cl)ccc3OC(F)F)n2)CC1,664,ligand_664,idx_663,CHEMBL3905167,ligand_0664
3eyg,ligand_0665,CHEMBL3902522,CN(Cc1ccc(F)c(Br)c1)C1CCN(C(=O)Cn2cc(NC(=O)c3cnn4cccnc34)c(-c3cc(Cl)ccc3OC(F)F)n2)CC1,665,ligand_665,idx_664,CHEMBL3902522,ligand_0665
3eyg,ligand_0666,CHEMBL3919674,CN(Cc1ccc2ccccc2c1)C1CCN(C(=O)Cn2cc(NC(=O)c3cnn4cccnc34)c(-c3cc(Cl)ccc3OC(F)F)n2)CC1,666,ligand_666,idx_665,CHEMBL3919674,ligand_0666
3eyg,ligand_0667,CHEMBL5749281,CN(Cc1ccc2ncccc2c1)C(=O)c1ccc(Nc2nc3c(C4=CCN(C(=O)CCC(F)(F)F)CC4)cccn3n2)cc1,667,ligand_667,idx_666,CHEMBL5749281,ligand_0667
3eyg,ligand_0668,CHEMBL6008922,CN(Cc1ccc2ncccc2c1)C(=O)c1ccc(Nc2nc3c(N4CCC(O)(C5CCC(Cl)CC5)CC4)cccn3n2)cc1,668,ligand_668,idx_667,CHEMBL6008922,ligand_0668
3eyg,ligand_0669,CHEMBL3931819,CN(Cc1cccc(Br)c1)C1CCN(C(=O)Cn2cc(NC(=O)c3cnn4cccnc34)c(-c3cc(Cl)ccc3OC(F)F)n2)CC1,669,ligand_669,idx_668,CHEMBL3931819,ligand_0669
3eyg,ligand_0670,CHEMBL3914169,CN(Cc1cccc(C(F)(F)F)c1)C1CCN(C(=O)Cn2cc(NC(=O)c3cnn4cccnc34)c(-c3cc(Cl)ccc3OC(F)F)n2)CC1,670,ligand_670,idx_669,CHEMBL3914169,ligand_0670
3eyg,ligand_0671,CHEMBL6056903,CN(Cc1cccc2cccnc12)C(=O)c1ccc(Nc2nc3c(C4=CCN(C(=O)CCC(F)(F)F)CC4)cccn3n2)cc1,671,ligand_671,idx_670,CHEMBL6056903,ligand_0671
3eyg,ligand_0672,CHEMBL5797844,CN(Cc1ccccc1)C1CCCN(C(=O)c2ccc(Nc3nc4c(C5=CCN(C(=O)CCC(F)(F)F)CC5)cccn4n3)cc2)C1,672,ligand_672,idx_671,CHEMBL5797844,ligand_0672
3eyg,ligand_0673,CHEMBL3959615,CN(Cc1ccccc1)C1CCN(C(=O)Cn2cc(NC(=O)c3cnn4cccnc34)c(-c3cc(Cl)ccc3OC(F)F)n2)CC1,673,ligand_673,idx_672,CHEMBL3959615,ligand_0673
3eyg,ligand_0674,CHEMBL3892543,CN(Cc1ccccc1)C1CCN(c2nc(-c3cc(Cl)ccc3OC(F)F)c(NC(=O)c3cnn4cccnc34)s2)CC1,674,ligand_674,idx_673,CHEMBL3892543,ligand_0674
3eyg,ligand_0675,CHEMBL5987377,CN(Cc1ccccc1-c1cccnc1)C(=O)c1ccc(Nc2nc3c(C4=CCN(C(=O)CCC(F)(F)F)CC4)cccn3n2)cc1,675,ligand_675,idx_674,CHEMBL5987377,ligand_0675
3eyg,ligand_0676,CHEMBL6012416,CN(Cc1ccccn1)C(=O)c1ccc(Nc2nc3c(C4=CCN(C(=O)CCC(F)(F)F)CC4)cccn3n2)cc1,676,ligand_676,idx_675,CHEMBL6012416,ligand_0676
3eyg,ligand_0677,CHEMBL5814291,CN(Cc1cccnc1)C(=O)c1ccc(Nc2nc3c(C4=CCN(C(=O)CCC(F)(F)F)CC4)cccn3n2)cc1,677,ligand_677,idx_676,CHEMBL5814291,ligand_0677
3eyg,ligand_0678,CHEMBL5926753,CN(Cc1cccnc1)C(=O)c1ccc(Nc2nc3c(N4CCC(O)(c5ccc(Cl)cc5)CC4)cccn3n2)cc1,678,ligand_678,idx_677,CHEMBL5926753,ligand_0678
3eyg,ligand_0679,CHEMBL6042983,CN(Cc1ccncc1)C(=O)c1ccc(Nc2nc3c(C4=CCN(C(=O)CCC(F)(F)F)CC4)cccn3n2)cc1,679,ligand_679,idx_678,CHEMBL6042983,ligand_0679
3eyg,ligand_0680,CHEMBL5952913,CN(Cc1ccncc1)C(=O)c1ccc(Nc2nc3c(N4CCC(O)(c5ccc(Cl)cc5)CC4)cccn3n2)cc1,680,ligand_680,idx_679,CHEMBL5952913,ligand_0680
3eyg,ligand_0681,CHEMBL2436958,CN(c1ncnc2c(=O)[nH]ccc12)C1CCCC1,681,ligand_681,idx_680,CHEMBL2436958,ligand_0681
3eyg,ligand_0682,CHEMBL5998268,CN1C(C)(C)CC(NC(=O)c2ccc(Nc3nc4c(C5=CCN(C(=O)CCC(F)(F)F)CC5)cccn4n3)cc2)CC1(C)C,682,ligand_682,idx_681,CHEMBL5998268,ligand_0682
3eyg,ligand_0683,CHEMBL5839696,CN1C2COCC1CN(C(=O)c1ccc(Nc3nc4c(N5CCC(O)(c6ccc(Cl)cc6)CC5)cccn4n3)cc1)C2,683,ligand_683,idx_682,CHEMBL5839696,ligand_0683
3eyg,ligand_0684,CHEMBL5805197,CN1CC(NC(=O)c2ccc(Nc3nc4c(N5CCC(O)(c6ccc(Cl)cc6)CC5)cccn4n3)cc2)C1,684,ligand_684,idx_683,CHEMBL5805197,ligand_0684
3eyg,ligand_0685,CHEMBL5818338,CN1CC(O)(c2cccc(Oc3ccc(OC(F)F)c(-c4nn(CC(=O)N(C)C)cc4NC(=O)c4cnn5cccnc45)c3)c2)C1,685,ligand_685,idx_684,CHEMBL5818338,ligand_0685
3eyg,ligand_0686,CHEMBL3969424,CN1CC2(C1)CN(C(=O)Cn1cc(NC(=O)c3cnn4cccnc34)c(-c3cc(Cl)ccc3OC(F)F)n1)C2,686,ligand_686,idx_685,CHEMBL3969424,ligand_0686
3eyg,ligand_0687,CHEMBL3921334,CN1CC2(CCN(C(=O)Cn3cc(NC(=O)c4cnn5cccnc45)c(-c4cc(Cl)ccc4OC(F)F)n3)C2)C1,687,ligand_687,idx_686,CHEMBL3921334,ligand_0687
3eyg,ligand_0688,CHEMBL3957787,CN1CC2(CCN(C(=O)Cn3cc(NC(=O)c4cnn5cccnc45)c(-c4cc(Cl)ccc4OC(F)F)n3)CC2)C1,688,ligand_688,idx_687,CHEMBL3957787,ligand_0688
3eyg,ligand_0689,CHEMBL5824280,CN1CC2CC(C1)N(C(=O)c1ccc(Nc3nc4c(C5=CCN(C(=O)CCC(F)(F)F)CC5)cccn4n3)cc1)C2,689,ligand_689,idx_688,CHEMBL5824280,ligand_0689
3eyg,ligand_0690,CHEMBL6008550,CN1CC2CC(C1)N(C(=O)c1ccc(Nc3nc4c(N5CCC(O)(c6ccc(Cl)cc6)CC5)cccn4n3)cc1)C2,690,ligand_690,idx_689,CHEMBL6008550,ligand_0690
3eyg,ligand_0691,CHEMBL3909568,CN1CC2CN(C(=O)Cn3cc(NC(=O)c4c(N)nn5cccnc45)c(-c4cc(Cl)ccc4OC(F)F)n3)CC2C1,691,ligand_691,idx_690,CHEMBL3909568,ligand_0691
3eyg,ligand_0692,CHEMBL5741415,CN1CC2CN(C(=O)c3ccc(Nc4nc5c(C6=CCN(C(=O)CCC(F)(F)F)CC6)cccn5n4)cc3)CC(C1)O2,692,ligand_692,idx_691,CHEMBL5741415,ligand_0692
3eyg,ligand_0693,CHEMBL5858393,CN1CC2CN(C(=O)c3ccc(Nc4nc5c(C6=CCN(C(=O)CCC(F)(F)F)CC6)cccn5n4)cc3)CC2C1,693,ligand_693,idx_692,CHEMBL5858393,ligand_0693
3eyg,ligand_0694,CHEMBL6044742,CN1CC2CN(C(=O)c3ccc(Nc4nc5c(N6CCC(O)(c7ccc(Cl)cc7)CC6)cccn5n4)cc3)CC(C1)O2,694,ligand_694,idx_693,CHEMBL6044742,ligand_0694
3eyg,ligand_0695,CHEMBL5975893,CN1CC2CN(C(=O)c3ccc(Nc4nc5c(N6CCC(O)(c7ccc(Cl)cc7)CC6)cccn5n4)cc3)CC2C1,695,ligand_695,idx_694,CHEMBL5975893,ligand_0695
3eyg,ligand_0696,CHEMBL3926957,CN1CCC(=CCn2cc(NC(=O)c3cnn4cccnc34)c(-c3cc(Cl)ccc3OC(F)F)n2)CC1,696,ligand_696,idx_695,CHEMBL3926957,ligand_0696
3eyg,ligand_0697,CHEMBL5750874,CN1CCC(C2CCCCN2C(=O)c2ccc(Nc3nc4c(C5=CCN(C(=O)CCC(F)(F)F)CC5)cccn4n3)cc2)CC1,697,ligand_697,idx_696,CHEMBL5750874,ligand_0697
3eyg,ligand_0698,CHEMBL5758665,CN1CCC(CCNC(=O)c2ccc(Nc3nc4c(C5=CCN(C(=O)CCC(F)(F)F)CC5)cccn4n3)cc2)CC1,698,ligand_698,idx_697,CHEMBL5758665,ligand_0698
3eyg,ligand_0699,CHEMBL5874639,CN1CCC(CCNC(=O)c2ccc(Nc3nc4c(N5CCC(O)(c6ccc(Cl)cc6)CC5)cccn4n3)cc2)CC1,699,ligand_699,idx_698,CHEMBL5874639,ligand_0699
3eyg,ligand_0700,CHEMBL5820121,CN1CCC(CNC(=O)c2ccc(Nc3nc4c(C5=CCN(C(=O)CCC(F)(F)F)CC5)cccn4n3)cc2)CC1,700,ligand_700,idx_699,CHEMBL5820121,ligand_0700
3eyg,ligand_0701,CHEMBL5804291,CN1CCC(CNC(=O)c2ccc(Nc3nc4c(N5CCC(O)(c6ccc(Cl)cc6)CC5)cccn4n3)cc2)CC1,701,ligand_701,idx_700,CHEMBL5804291,ligand_0701
3eyg,ligand_0702,CHEMBL3924292,CN1CCC(COC(=O)C2(C)CCN(C(=O)Cn3cc(NC(=O)c4cnn5cccnc45)c(-c4cc(Cl)ccc4OC(F)F)n3)CC2)CC1,702,ligand_702,idx_701,CHEMBL3924292,ligand_0702
3eyg,ligand_0703,CHEMBL3892798,CN1CCC(COC(=O)C2CCN(C(=O)Cn3cc(NC(=O)c4cnn5cccnc45)c(-c4cc(Cl)ccc4OC(F)F)n3)CC2)CC1,703,ligand_703,idx_702,CHEMBL3892798,ligand_0703
3eyg,ligand_0704,CHEMBL6036535,CN1CCC(Cn2cc(NC(=O)c3cnn4cccnc34)c(-c3cc4ccccc4cc3OC(F)F)n2)CC1,704,ligand_704,idx_703,CHEMBL6036535,ligand_0704
3eyg,ligand_0705,CHEMBL5874611,CN1CCC(N(C(=O)c2ccc(Nc3nc4c(C5=CCN(C(=O)CCC(F)(F)F)CC5)cccn4n3)cc2)C2CC2)CC1,705,ligand_705,idx_704,CHEMBL5874611,ligand_0705
3eyg,ligand_0706,CHEMBL5832149,CN1CCC(N(C(=O)c2ccc(Nc3nc4c(N5CCC(O)(c6ccc(Cl)cc6)CC5)cccn4n3)cc2)C2CC2)CC1,706,ligand_706,idx_705,CHEMBL5832149,ligand_0706
3eyg,ligand_0707,CHEMBL5946076,CN1CCC(N(C)C(=O)c2ccc(Cc3nc4c(N5CCC(O)C(c6ccc(Cl)cc6)C5)cccn4n3)cc2)CC1,707,ligand_707,idx_706,CHEMBL5946076,ligand_0707
3eyg,ligand_0708,CHEMBL5933824,CN1CCC(N(C)C(=O)c2ccc(NC(=N)/N=c3\[nH]cccc3C3=CCN(C(=O)C4CCCCC4)CC3)cc2)CC1,708,ligand_708,idx_707,CHEMBL5933824,ligand_0708
3eyg,ligand_0709,CHEMBL5782531,CN1CCC(N(C)C(=O)c2ccc(NC(=N)/N=c3\[nH]cccc3C3=CCN(C(=O)CC#N)CC3)cc2)CC1,709,ligand_709,idx_708,CHEMBL5782531,ligand_0709
3eyg,ligand_0710,CHEMBL5956577,CN1CCC(N(C)C(=O)c2ccc(NC(=N)/N=c3\[nH]cccc3C3=CCN(C(=O)NCc4ccccc4)CC3)cc2)CC1,710,ligand_710,idx_709,CHEMBL5956577,ligand_0710
3eyg,ligand_0711,CHEMBL5847125,CN1CCC(N(C)C(=O)c2ccc(NC(=N)/N=c3\[nH]cccc3C3=CCN(C(=O)OCc4ccccc4)CC3)cc2)CC1,711,ligand_711,idx_710,CHEMBL5847125,ligand_0711
3eyg,ligand_0712,CHEMBL6013015,CN1CCC(N(C)C(=O)c2ccc(NC(=N)/N=c3\[nH]cccc3C3=CCN(C(=O)[C@H]4CC[C@@H](C#N)CC4)CC3)cc2)CC1,712,ligand_712,idx_711,CHEMBL6013015,ligand_0712
3eyg,ligand_0713,CHEMBL5838401,CN1CCC(N(C)C(=O)c2ccc(NC(=N)/N=c3\[nH]cccc3N3CCC(C#N)CC3)cc2)CC1,713,ligand_713,idx_712,CHEMBL5838401,ligand_0713
3eyg,ligand_0714,CHEMBL6065883,CN1CCC(N(C)C(=O)c2ccc(NC(=N)/N=c3\[nH]cccc3N3CCC(C(C)(C)O)CC3)cc2)CC1,714,ligand_714,idx_713,CHEMBL6065883,ligand_0714
3eyg,ligand_0715,CHEMBL5913293,CN1CCC(N(C)C(=O)c2ccc(NC(=N)/N=c3\[nH]cccc3N3CCC(O)(c4ccc(F)cc4)CC3)cc2)CC1,715,ligand_715,idx_714,CHEMBL5913293,ligand_0715
3eyg,ligand_0716,CHEMBL5930185,CN1CCC(N(C)C(=O)c2ccc(NC(=N)/N=c3\[nH]cccc3N3CCCCC3)cc2)CC1,716,ligand_716,idx_715,CHEMBL5930185,ligand_0716
3eyg,ligand_0717,CHEMBL5909030,CN1CCC(N(C)C(=O)c2ccc(Nc3cn4cccc(N5CCN(c6ccccc6)CC5)c4n3)cc2)CC1,717,ligand_717,idx_716,CHEMBL5909030,ligand_0717
3eyg,ligand_0718,CHEMBL5890189,CN1CCC(N(C)C(=O)c2ccc(Nc3nc4c(C5=CCC(CC#N)(c6ccc(Cl)cc6)CC5)cccn4n3)cc2)CC1,718,ligand_718,idx_717,CHEMBL5890189,ligand_0718
3eyg,ligand_0719,CHEMBL5909219,CN1CCC(N(C)C(=O)c2ccc(Nc3nc4c(C5=CCN(C(=O)C6C(C)(C)C6(C)C)CC5)cccn4n3)cc2)CC1,719,ligand_719,idx_718,CHEMBL5909219,ligand_0719
3eyg,ligand_0720,CHEMBL6026752,CN1CCC(N(C)C(=O)c2ccc(Nc3nc4c(C5=CCN(C(=O)C6CC(C)(C)C6)CC5)cccn4n3)cc2)CC1,720,ligand_720,idx_719,CHEMBL6026752,ligand_0720
3eyg,ligand_0721,CHEMBL6009862,CN1CCC(N(C)C(=O)c2ccc(Nc3nc4c(C5=CCN(C(=O)C6CC(C)(O)C6)CC5)cccn4n3)cc2)CC1,721,ligand_721,idx_720,CHEMBL6009862,ligand_0721
3eyg,ligand_0722,CHEMBL5871763,CN1CCC(N(C)C(=O)c2ccc(Nc3nc4c(C5=CCN(C(=O)C6CC6(C)C)CC5)cccn4n3)cc2)CC1,722,ligand_722,idx_721,CHEMBL5871763,ligand_0722
3eyg,ligand_0723,CHEMBL5861690,CN1CCC(N(C)C(=O)c2ccc(Nc3nc4c(C5=CCN(C(=O)C6CC6)CC5)cccn4n3)cc2)CC1,723,ligand_723,idx_722,CHEMBL5861690,ligand_0723
3eyg,ligand_0724,CHEMBL5851530,CN1CCC(N(C)C(=O)c2ccc(Nc3nc4c(C5=CCN(C(=O)C6CCC6)CC5)cccn4n3)cc2)CC1,724,ligand_724,idx_723,CHEMBL5851530,ligand_0724
3eyg,ligand_0725,CHEMBL5747384,CN1CCC(N(C)C(=O)c2ccc(Nc3nc4c(C5=CCN(C(=O)C6CCCC6)CC5)cccn4n3)cc2)CC1,725,ligand_725,idx_724,CHEMBL5747384,ligand_0725
3eyg,ligand_0726,CHEMBL5802931,CN1CCC(N(C)C(=O)c2ccc(Nc3nc4c(C5=CCN(C(=O)C6CCOC6)CC5)cccn4n3)cc2)CC1,726,ligand_726,idx_725,CHEMBL5802931,ligand_0726
3eyg,ligand_0727,CHEMBL5952232,CN1CCC(N(C)C(=O)c2ccc(Nc3nc4c(C5=CCN(C(=O)C6CCOCC6)CC5)cccn4n3)cc2)CC1,727,ligand_727,idx_726,CHEMBL5952232,ligand_0727
3eyg,ligand_0728,CHEMBL5946735,CN1CCC(N(C)C(=O)c2ccc(Nc3nc4c(C5=CCN(C(=O)CC(C)(C)C)CC5)cccn4n3)cc2)CC1,728,ligand_728,idx_727,CHEMBL5946735,ligand_0728
3eyg,ligand_0729,CHEMBL6027973,CN1CCC(N(C)C(=O)c2ccc(Nc3nc4c(C5=CCN(C(=O)CC(C)(C)O)CC5)cccn4n3)cc2)CC1,729,ligand_729,idx_728,CHEMBL6027973,ligand_0729
3eyg,ligand_0730,CHEMBL5959658,CN1CCC(N(C)C(=O)c2ccc(Nc3nc4c(C5=CCN(C(=O)CC(F)(F)F)CC5)cccn4n3)cc2)CC1,730,ligand_730,idx_729,CHEMBL5959658,ligand_0730
3eyg,ligand_0731,CHEMBL5979767,CN1CCC(N(C)C(=O)c2ccc(Nc3nc4c(C5=CCN(C(=O)CC6CC6)CC5)cccn4n3)cc2)CC1,731,ligand_731,idx_730,CHEMBL5979767,ligand_0731
3eyg,ligand_0732,CHEMBL5823716,CN1CCC(N(C)C(=O)c2ccc(Nc3nc4c(C5=CCN(C(=O)CCC#N)CC5)cccn4n3)cc2)CC1,732,ligand_732,idx_731,CHEMBL5823716,ligand_0732
3eyg,ligand_0733,CHEMBL5871688,CN1CCC(N(C)C(=O)c2ccc(Nc3nc4c(C5=CCN(C(=O)CCC(F)(F)F)CC5)cccn4n3)cc2)C1,733,ligand_733,idx_732,CHEMBL5871688,ligand_0733
3eyg,ligand_0734,CHEMBL5820002,CN1CCC(N(C)C(=O)c2ccc(Nc3nc4c(C5=CCN(C(=O)CCC(F)(F)F)CC5)cccn4n3)cc2)CC1,734,ligand_734,idx_733,CHEMBL5820002,ligand_0734
3eyg,ligand_0735,CHEMBL5804032,CN1CCC(N(C)C(=O)c2ccc(Nc3nc4c(C5=CCN(C(=O)CCO)CC5)cccn4n3)cc2)CC1,735,ligand_735,idx_734,CHEMBL5804032,ligand_0735
3eyg,ligand_0736,CHEMBL5878801,CN1CCC(N(C)C(=O)c2ccc(Nc3nc4c(C5=CCN(C(=O)N6CC(C#N)C6)CC5)cccn4n3)cc2)CC1,736,ligand_736,idx_735,CHEMBL5878801,ligand_0736
3eyg,ligand_0737,CHEMBL5840637,CN1CCC(N(C)C(=O)c2ccc(Nc3nc4c(C5=CCN(C(=O)N6CC(C)(C)C6)C5)cccn4n3)cc2)CC1,737,ligand_737,idx_736,CHEMBL5840637,ligand_0737
3eyg,ligand_0738,CHEMBL5937644,CN1CCC(N(C)C(=O)c2ccc(Nc3nc4c(C5=CCN(C(=O)N6CC(C)(C)C6)CC5)cccn4n3)cc2)CC1,738,ligand_738,idx_737,CHEMBL5937644,ligand_0738
3eyg,ligand_0739,CHEMBL5898072,CN1CCC(N(C)C(=O)c2ccc(Nc3nc4c(C5=CCN(C(=O)N6CC(C)(C)C6)CCC5)cccn4n3)cc2)CC1,739,ligand_739,idx_738,CHEMBL5898072,ligand_0739
3eyg,ligand_0740,CHEMBL6003569,CN1CCC(N(C)C(=O)c2ccc(Nc3nc4c(C5=CCN(C(=O)N6CC7(COC7)C6)CC5)cccn4n3)cc2)CC1,740,ligand_740,idx_739,CHEMBL6003569,ligand_0740
3eyg,ligand_0741,CHEMBL6026521,CN1CCC(N(C)C(=O)c2ccc(Nc3nc4c(C5=CCN(C(=O)N6CCOCC6)CC5)cccn4n3)cc2)CC1,741,ligand_741,idx_740,CHEMBL6026521,ligand_0741
3eyg,ligand_0742,CHEMBL5801693,CN1CCC(N(C)C(=O)c2ccc(Nc3nc4c(C5=CCN(C(=O)N6CCS(=O)(=O)CC6)CC5)cccn4n3)cc2)CC1,742,ligand_742,idx_741,CHEMBL5801693,ligand_0742
3eyg,ligand_0743,CHEMBL6062817,CN1CCC(N(C)C(=O)c2ccc(Nc3nc4c(C5=CCN(C(=O)OC6CC6)CC5)cccn4n3)cc2)CC1,743,ligand_743,idx_742,CHEMBL6062817,ligand_0743
3eyg,ligand_0744,CHEMBL5859694,CN1CCC(N(C)C(=O)c2ccc(Nc3nc4c(C5=CCN(C(=O)OC6CCOC6)CC5)cccn4n3)cc2)CC1,744,ligand_744,idx_743,CHEMBL5859694,ligand_0744
3eyg,ligand_0745,CHEMBL5922962,CN1CCC(N(C)C(=O)c2ccc(Nc3nc4c(C5=CCN(C(=O)OC6COC6)CC5)cccn4n3)cc2)CC1,745,ligand_745,idx_744,CHEMBL5922962,ligand_0745
3eyg,ligand_0746,CHEMBL5997130,CN1CCC(N(C)C(=O)c2ccc(Nc3nc4c(C5=CCN(C(=O)OCC#N)CC5)cccn4n3)cc2)CC1,746,ligand_746,idx_745,CHEMBL5997130,ligand_0746
3eyg,ligand_0747,CHEMBL5829463,CN1CCC(N(C)C(=O)c2ccc(Nc3nc4c(C5=CCN(C(=O)OCC(F)(F)F)CC5)cccn4n3)cc2)CC1,747,ligand_747,idx_746,CHEMBL5829463,ligand_0747
3eyg,ligand_0748,CHEMBL5926864,CN1CCC(N(C)C(=O)c2ccc(Nc3nc4c(C5=CCN(C(=O)OCC(F)F)CC5)cccn4n3)cc2)CC1,748,ligand_748,idx_747,CHEMBL5926864,ligand_0748
3eyg,ligand_0749,CHEMBL5801227,CN1CCC(N(C)C(=O)c2ccc(Nc3nc4c(C5=CCN(C(=O)OCC6CC6)CC5)cccn4n3)cc2)CC1,749,ligand_749,idx_748,CHEMBL5801227,ligand_0749
3eyg,ligand_0750,CHEMBL5922344,CN1CCC(N(C)C(=O)c2ccc(Nc3nc4c(C5=CCN(C(=O)[C@H]6CC[C@H](C#N)CC6)CC5)cccn4n3)cc2)CC1,750,ligand_750,idx_749,CHEMBL5922344,ligand_0750
3eyg,ligand_0751,CHEMBL5903750,CN1CCC(N(C)C(=O)c2ccc(Nc3nc4c(C5=CCN(C(=O)c6ccccc6)CC5)cccn4n3)cc2)CC1,751,ligand_751,idx_750,CHEMBL5903750,ligand_0751
3eyg,ligand_0752,CHEMBL5750442,CN1CCC(N(C)C(=O)c2ccc(Nc3nc4c(C5=CCN(CC#N)CC5)cccn4n3)cc2)CC1,752,ligand_752,idx_751,CHEMBL5750442,ligand_0752
3eyg,ligand_0753,CHEMBL5804534,CN1CCC(N(C)C(=O)c2ccc(Nc3nc4c(C5=CCN(Cc6ccccc6)CC5)cccn4n3)cc2)CC1,753,ligand_753,idx_752,CHEMBL5804534,ligand_0753
3eyg,ligand_0754,CHEMBL5897544,CN1CCC(N(C)C(=O)c2ccc(Nc3nc4c(C5=CCNCC5)cccn4n3)cc2)CC1,754,ligand_754,idx_753,CHEMBL5897544,ligand_0754
3eyg,ligand_0755,CHEMBL5853956,CN1CCC(N(C)C(=O)c2ccc(Nc3nc4c(N5CC6CC5CN6Cc5ccccc5)cccn4n3)cc2)CC1,755,ligand_755,idx_754,CHEMBL5853956,ligand_0755
3eyg,ligand_0756,CHEMBL6040962,CN1CCC(N(C)C(=O)c2ccc(Nc3nc4c(N5CC=C(c6ccccc6)CC5)cccn4n3)cc2)CC1,756,ligand_756,idx_755,CHEMBL6040962,ligand_0756
3eyg,ligand_0757,CHEMBL5986357,CN1CCC(N(C)C(=O)c2ccc(Nc3nc4c(N5CC=C(c6ccccc6)CCC5)cccn4n3)cc2)CC1,757,ligand_757,idx_756,CHEMBL5986357,ligand_0757
3eyg,ligand_0758,CHEMBL5992911,CN1CCC(N(C)C(=O)c2ccc(Nc3nc4c(N5CCC(C#N)(c6ccccc6)CC5)cccn4n3)cc2)CC1,758,ligand_758,idx_757,CHEMBL5992911,ligand_0758
3eyg,ligand_0759,CHEMBL5999702,CN1CCC(N(C)C(=O)c2ccc(Nc3nc4c(N5CCC(C(=O)N6CC(C)(C)C6)CC5)cccn4n3)cc2)CC1,759,ligand_759,idx_758,CHEMBL5999702,ligand_0759
3eyg,ligand_0760,CHEMBL5836971,CN1CCC(N(C)C(=O)c2ccc(Nc3nc4c(N5CCC(C(=O)O)(c6ccc(Cl)cc6)CC5)cccn4n3)cc2)CC1,760,ligand_760,idx_759,CHEMBL5836971,ligand_0760
3eyg,ligand_0761,CHEMBL5841120,CN1CCC(N(C)C(=O)c2ccc(Nc3nc4c(N5CCC(C)(C(=O)NCc6ccccc6)CC5)cccn4n3)cc2)CC1,761,ligand_761,idx_760,CHEMBL5841120,ligand_0761
3eyg,ligand_0762,CHEMBL5859565,CN1CCC(N(C)C(=O)c2ccc(Nc3nc4c(N5CCC(C)(N(C)S(=O)(=O)c6ccccc6)CC5)cccn4n3)cc2)CC1,762,ligand_762,idx_761,CHEMBL5859565,ligand_0762
3eyg,ligand_0763,CHEMBL6062836,CN1CCC(N(C)C(=O)c2ccc(Nc3nc4c(N5CCC(C)(NC(=O)c6ccccc6)CC5)cccn4n3)cc2)CC1,763,ligand_763,idx_762,CHEMBL6062836,ligand_0763
3eyg,ligand_0764,CHEMBL5930735,CN1CCC(N(C)C(=O)c2ccc(Nc3nc4c(N5CCC(C)(NS(=O)(=O)c6ccccc6)CC5)cccn4n3)cc2)CC1,764,ligand_764,idx_763,CHEMBL5930735,ligand_0764
3eyg,ligand_0765,CHEMBL5987842,CN1CCC(N(C)C(=O)c2ccc(Nc3nc4c(N5CCC(C)(O)CC5)cccn4n3)cc2)CC1,765,ligand_765,idx_764,CHEMBL5987842,ligand_0765
3eyg,ligand_0766,CHEMBL5992543,CN1CCC(N(C)C(=O)c2ccc(Nc3nc4c(N5CCC(C)(c6ccc(Cl)cc6)CC5)cccn4n3)cc2)CC1,766,ligand_766,idx_765,CHEMBL5992543,ligand_0766
3eyg,ligand_0767,CHEMBL5965600,CN1CCC(N(C)C(=O)c2ccc(Nc3nc4c(N5CCC(C)(c6ccccc6)CC5)cccn4n3)cc2)CC1,767,ligand_767,idx_766,CHEMBL5965600,ligand_0767
3eyg,ligand_0768,CHEMBL5826953,CN1CCC(N(C)C(=O)c2ccc(Nc3nc4c(N5CCC(CC#N)(C6CCCC6)CC5)cccn4n3)cc2)CC1,768,ligand_768,idx_767,CHEMBL5826953,ligand_0768
3eyg,ligand_0769,CHEMBL6049988,CN1CCC(N(C)C(=O)c2ccc(Nc3nc4c(N5CCC(CC#N)(c6ccc(Cl)c(F)c6)CC5)cccn4n3)cc2)CC1,769,ligand_769,idx_768,CHEMBL6049988,ligand_0769
3eyg,ligand_0770,CHEMBL6053901,CN1CCC(N(C)C(=O)c2ccc(Nc3nc4c(N5CCC(CC#N)(c6ccccc6)CC5)cccn4n3)cc2)CC1,770,ligand_770,idx_769,CHEMBL6053901,ligand_0770
3eyg,ligand_0771,CHEMBL5895155,CN1CCC(N(C)C(=O)c2ccc(Nc3nc4c(N5CCC(CC(=O)N(C)C)(c6ccc(Cl)cc6)CC5)cccn4n3)cc2)CC1,771,ligand_771,idx_770,CHEMBL5895155,ligand_0771
3eyg,ligand_0772,CHEMBL5784709,CN1CCC(N(C)C(=O)c2ccc(Nc3nc4c(N5CCC(CC(=O)O)(c6ccc(Cl)cc6)CC5)cccn4n3)cc2)CC1,772,ligand_772,idx_771,CHEMBL5784709,ligand_0772
3eyg,ligand_0773,CHEMBL5982102,CN1CCC(N(C)C(=O)c2ccc(Nc3nc4c(N5CCC(CC(F)F)(c6ccc(Cl)cc6)CC5)cccn4n3)cc2)CC1,773,ligand_773,idx_772,CHEMBL5982102,ligand_0773
3eyg,ligand_0774,CHEMBL5833739,CN1CCC(N(C)C(=O)c2ccc(Nc3nc4c(N5CCC(CC(N)=O)(c6ccc(Cl)cc6)CC5)cccn4n3)cc2)CC1,774,ligand_774,idx_773,CHEMBL5833739,ligand_0774
3eyg,ligand_0775,CHEMBL5795302,CN1CCC(N(C)C(=O)c2ccc(Nc3nc4c(N5CCC(CC(N)=O)(c6ccccc6)CC5)cccn4n3)cc2)CC1,775,ligand_775,idx_774,CHEMBL5795302,ligand_0775
3eyg,ligand_0776,CHEMBL5887382,CN1CCC(N(C)C(=O)c2ccc(Nc3nc4c(N5CCC(CCC#N)(c6ccc(Cl)cc6)CC5)cccn4n3)cc2)CC1,776,ligand_776,idx_775,CHEMBL5887382,ligand_0776
3eyg,ligand_0777,CHEMBL6014349,CN1CCC(N(C)C(=O)c2ccc(Nc3nc4c(N5CCC(CCO)(c6ccc(Cl)cc6)CC5)cccn4n3)cc2)CC1,777,ligand_777,idx_776,CHEMBL6014349,ligand_0777
3eyg,ligand_0778,CHEMBL5932107,CN1CCC(N(C)C(=O)c2ccc(Nc3nc4c(N5CCC(CN)(c6ccc(Cl)cc6)CC5)cccn4n3)cc2)CC1,778,ligand_778,idx_777,CHEMBL5932107,ligand_0778
3eyg,ligand_0779,CHEMBL5759804,CN1CCC(N(C)C(=O)c2ccc(Nc3nc4c(N5CCC(CO)(CNCC(F)(F)F)CC5)cccn4n3)cc2)CC1,779,ligand_779,idx_778,CHEMBL5759804,ligand_0779
3eyg,ligand_0780,CHEMBL5748581,CN1CCC(N(C)C(=O)c2ccc(Nc3nc4c(N5CCC(CO)(c6ccc(C(F)F)cc6)CC5)cccn4n3)cc2)CC1,780,ligand_780,idx_779,CHEMBL5748581,ligand_0780
3eyg,ligand_0781,CHEMBL5881264,CN1CCC(N(C)C(=O)c2ccc(Nc3nc4c(N5CCC(CO)(c6ccc(Cl)cc6)CC5)cccn4n3)cc2)CC1,781,ligand_781,idx_780,CHEMBL5881264,ligand_0781
3eyg,ligand_0782,CHEMBL5852338,CN1CCC(N(C)C(=O)c2ccc(Nc3nc4c(N5CCC(F)(c6ccccc6)CC5)cccn4n3)cc2)CC1,782,ligand_782,idx_781,CHEMBL5852338,ligand_0782
3eyg,ligand_0783,CHEMBL5818386,CN1CCC(N(C)C(=O)c2ccc(Nc3nc4c(N5CCC(O)(C6CCCCC6)CC5)cccn4n3)cc2)CC1,783,ligand_783,idx_782,CHEMBL5818386,ligand_0783
3eyg,ligand_0784,CHEMBL6009755,CN1CCC(N(C)C(=O)c2ccc(Nc3nc4c(N5CCC(O)(c6ccc(C#N)cc6)CC5)cccn4n3)cc2)CC1,784,ligand_784,idx_783,CHEMBL6009755,ligand_0784
3eyg,ligand_0785,CHEMBL5870204,CN1CCC(N(C)C(=O)c2ccc(Nc3nc4c(N5CCC(O)(c6ccc(Cl)cc6)CC5)cccn4n3)cc2)C1,785,ligand_785,idx_784,CHEMBL5870204,ligand_0785
3eyg,ligand_0786,CHEMBL6003651,CN1CCC(N(C)C(=O)c2ccc(Nc3nc4c(N5CCC(O)(c6cccc(C#N)c6)CC5)cccn4n3)cc2)CC1,786,ligand_786,idx_785,CHEMBL6003651,ligand_0786
3eyg,ligand_0787,CHEMBL5887161,CN1CCC(N(C)C(=O)c2ccc(Nc3nc4c(N5CCC(O)(c6cccc(Cl)c6)CC5)cccn4n3)cc2)CC1,787,ligand_787,idx_786,CHEMBL5887161,ligand_0787
3eyg,ligand_0788,CHEMBL6029962,CN1CCC(N(C)C(=O)c2ccc(Nc3nc4c(N5CCC(O)(c6ccccc6)CC5)cccn4n3)cc2)CC1,788,ligand_788,idx_787,CHEMBL6029962,ligand_0788
3eyg,ligand_0789,CHEMBL5827829,CN1CCC(N(C)C(=O)c2ccc(Nc3nc4c(N5CCC(O)(c6ccccc6Cl)CC5)cccn4n3)cc2)CC1,789,ligand_789,idx_788,CHEMBL5827829,ligand_0789
3eyg,ligand_0790,CHEMBL5827917,CN1CCC(N(C)C(=O)c2ccc(Nc3nc4c(N5CCC(O)(c6ccncc6)CC5)cccn4n3)cc2)CC1,790,ligand_790,idx_789,CHEMBL5827917,ligand_0790
3eyg,ligand_0791,CHEMBL5794042,CN1CCC(N(C)C(=O)c2ccc(Nc3nc4c(N5CCC(O)CC5)cccn4n3)cc2)CC1,791,ligand_791,idx_790,CHEMBL5794042,ligand_0791
3eyg,ligand_0792,CHEMBL5907178,CN1CCC(N(C)C(=O)c2ccc(Nc3nc4c(N5CCC(OCC#N)CC5)cccn4n3)cc2)CC1,792,ligand_792,idx_791,CHEMBL5907178,ligand_0792
3eyg,ligand_0793,CHEMBL5944501,CN1CCC(N(C)C(=O)c2ccc(Nc3nc4c(N5CCC(c6ccc(Cl)cc6)(C(O)C(F)(F)F)CC5)cccn4n3)cc2)CC1,793,ligand_793,idx_792,CHEMBL5944501,ligand_0793
3eyg,ligand_0794,CHEMBL5954984,CN1CCC(N(C)C(=O)c2ccc(Nc3nc4c(N5CCC(c6ccc(Cl)cc6)(C(O)CO)CC5)cccn4n3)cc2)CC1,794,ligand_794,idx_793,CHEMBL5954984,ligand_0794
3eyg,ligand_0795,CHEMBL5976077,CN1CCC(N(C)C(=O)c2ccc(Nc3nc4c(N5CCC6(CC5)CNC(=O)C6)cccn4n3)cc2)CC1,795,ligand_795,idx_794,CHEMBL5976077,ligand_0795
3eyg,ligand_0796,CHEMBL5832628,CN1CCC(N(C)C(=O)c2ccc(Nc3nc4c(N5CCC6(CC5)CNC(=O)O6)cccn4n3)cc2)CC1,796,ligand_796,idx_795,CHEMBL5832628,ligand_0796
3eyg,ligand_0797,CHEMBL5784375,CN1CCC(N(C)C(=O)c2ccc(Nc3nc4c(N5CCC6(CNC(=O)C6)C5)cccn4n3)cc2)CC1,797,ligand_797,idx_796,CHEMBL5784375,ligand_0797
3eyg,ligand_0798,CHEMBL5863475,CN1CCC(N(C)C(=O)c2ccc(Nc3nc4c(N5CCC6(CNC(=O)O6)C5)cccn4n3)cc2)CC1,798,ligand_798,idx_797,CHEMBL5863475,ligand_0798
3eyg,ligand_0799,CHEMBL5803933,CN1CCC(N(C)C(=O)c2ccc(Nc3nc4c(N5CCC=C(c6ccccc6)CC5)cccn4n3)cc2)CC1,799,ligand_799,idx_798,CHEMBL5803933,ligand_0799
3eyg,ligand_0800,CHEMBL5975520,CN1CCC(N(C)C(=O)c2ccc(Nc3nc4c(N5CCCC(O)(c6ccccc6)CC5)cccn4n3)cc2)CC1,800,ligand_800,idx_799,CHEMBL5975520,ligand_0800
3eyg,ligand_0801,CHEMBL5815001,CN1CCC(N(C)C(=O)c2ccc(Nc3nc4c(N5CCN(C(=O)N6CC(C)(C)C6)CC5)cccn4n3)cc2)CC1,801,ligand_801,idx_800,CHEMBL5815001,ligand_0801
3eyg,ligand_0802,CHEMBL5767797,CN1CCC(N(C)C(=O)c2ccc(Nc3nc4c(N5CCN6C(=O)COC[C@@H]6C5)cccn4n3)cc2)CC1,802,ligand_802,idx_801,CHEMBL5767797,ligand_0802
3eyg,ligand_0803,CHEMBL5743646,CN1CCC(N(C)C(=O)c2ccc(Nc3nc4c(N5CCN6C(=O)COC[C@H]6C5)cccn4n3)cc2)CC1,803,ligand_803,idx_802,CHEMBL5743646,ligand_0803
3eyg,ligand_0804,CHEMBL5969480,CN1CCC(N(C)C(=O)c2ccc(Nc3nc4c(N5CCN6C(=O)NCCC6C5)cccn4n3)cc2)CC1,804,ligand_804,idx_803,CHEMBL5969480,ligand_0804
3eyg,ligand_0805,CHEMBL5841194,CN1CCC(N(C)C(=O)c2ccc(Nc3nc4c(N5CCN6CCOC[C@@H]6C5)cccn4n3)cc2)CC1,805,ligand_805,idx_804,CHEMBL5841194,ligand_0805
3eyg,ligand_0806,CHEMBL5771945,CN1CCC(N(C)C(=O)c2ccc(Nc3nc4c(N5CCc6ccccc6C5)cccn4n3)cc2)CC1,806,ligand_806,idx_805,CHEMBL5771945,ligand_0806
3eyg,ligand_0807,CHEMBL5775820,CN1CCC(N(C)C(=O)c2ccc(Nc3nc4c(N5C[C@@H]6C[C@](C)(c7ccccc7)C[C@@H]6C5)cccn4n3)cc2)CC1,807,ligand_807,idx_806,CHEMBL5775820,ligand_0807
3eyg,ligand_0808,CHEMBL5895384,CN1CCC(N(C)C(=O)c2ccc(Nc3nc4c(OCc5ccccc5)cccn4n3)cc2)CC1,808,ligand_808,idx_807,CHEMBL5895384,ligand_0808
3eyg,ligand_0809,CHEMBL6035321,CN1CCC(N(C)C(=O)c2ccc(Nc3nc4c(Oc5ccc6oc(=O)n(Cc7ccccc7)c6c5)cccn4n3)cc2)CC1,809,ligand_809,idx_808,CHEMBL6035321,ligand_0809
3eyg,ligand_0810,CHEMBL5987159,CN1CCC(N(C)C(=O)c2ccc(Nc3nc4c(Oc5ccccc5)cccn4n3)cc2)CC1,810,ligand_810,idx_809,CHEMBL5987159,ligand_0810
3eyg,ligand_0811,CHEMBL5940826,CN1CCC(NC(=O)c2ccc(Nc3nc4c(C5=CCN(C(=O)CCC(F)(F)F)CC5)cccn4n3)cc2)C1,811,ligand_811,idx_810,CHEMBL5940826,ligand_0811
3eyg,ligand_0812,CHEMBL5797909,CN1CCC(NC(=O)c2ccc(Nc3nc4c(C5=CCN(C(=O)CCC(F)(F)F)CC5)cccn4n3)cc2)CC1,812,ligand_812,idx_811,CHEMBL5797909,ligand_0812
3eyg,ligand_0813,CHEMBL5786283,CN1CCC(NC(=O)c2ccc(Nc3nc4c(N5CCC(O)(c6ccc(Cl)cc6)CC5)cccn4n3)cc2)C1,813,ligand_813,idx_812,CHEMBL5786283,ligand_0813
3eyg,ligand_0814,CHEMBL5837336,CN1CCC(NC(=O)c2ccc(Nc3nc4c(N5CCC(O)(c6ccc(Cl)cc6)CC5)cccn4n3)cc2)CC1,814,ligand_814,idx_813,CHEMBL5837336,ligand_0814
3eyg,ligand_0815,CHEMBL5990872,CN1CCC(OC(=O)c2ccc(Nc3nc4c(C5=CCN(C(=O)C6CC(C)(C)C6)CC5)cccn4n3)cc2)CC1,815,ligand_815,idx_814,CHEMBL5990872,ligand_0815
3eyg,ligand_0816,CHEMBL6024574,CN1CCC(OC(=O)c2ccc(Nc3nc4c(C5=CCN(C(=O)CCC(F)(F)F)CC5)cccn4n3)cc2)CC1,816,ligand_816,idx_815,CHEMBL6024574,ligand_0816
3eyg,ligand_0817,CHEMBL6055132,CN1CCC(OC(=O)c2ccc(Nc3nc4c(N5CCC(O)(c6ccc(Cl)cc6)CC5)cccn4n3)cc2)CC1,817,ligand_817,idx_816,CHEMBL6055132,ligand_0817
3eyg,ligand_0818,CHEMBL3984799,CN1CCC(n2cc(Cn3cc(NC(=O)c4cnn5cccnc45)c(-c4cc(Cl)ccc4OC(F)F)n3)nn2)CC1,818,ligand_818,idx_817,CHEMBL3984799,ligand_0818
3eyg,ligand_0819,CHEMBL3937878,CN1CCC(n2cc(NC(=O)c3c(N)nn4cccnc34)c(-c3cc(Cl)ccc3OC(F)F)n2)CC1,819,ligand_819,idx_818,CHEMBL3937878,ligand_0819
3eyg,ligand_0820,CHEMBL5940071,CN1CCC(n2cc(NC(=O)c3cnn4cccnc34)c(-c3cc4c(cc3OC(F)F)NCCS4)n2)C1=O,820,ligand_820,idx_819,CHEMBL5940071,ligand_0820
3eyg,ligand_0821,CHEMBL3975592,CN1CCC2(C1)CN(C(=O)Cn1cc(NC(=O)c3cnn4cccnc34)c(-c3cc(Cl)ccc3OC(F)F)n1)C2,821,ligand_821,idx_820,CHEMBL3975592,ligand_0821
3eyg,ligand_0822,CHEMBL5830523,CN1CCC2(C1)CN(C(=O)c1ccc(Nc3nc4c(C5=CCN(C(=O)CCC(F)(F)F)CC5)cccn4n3)cc1)C2,822,ligand_822,idx_821,CHEMBL5830523,ligand_0822
3eyg,ligand_0823,CHEMBL5902950,CN1CCC2(C1)CN(C(=O)c1ccc(Nc3nc4c(N5CCC(O)(c6ccc(Cl)cc6)CC5)cccn4n3)cc1)C2,823,ligand_823,idx_822,CHEMBL5902950,ligand_0823
3eyg,ligand_0824,CHEMBL3943816,CN1CCC2(CC1)CCN(C(=O)Cn1cc(NC(=O)c3cnn4cccnc34)c(-c3cc(Cl)ccc3OC(F)F)n1)C2,824,ligand_824,idx_823,CHEMBL3943816,ligand_0824
3eyg,ligand_0825,CHEMBL5935327,CN1CCC2(CC1)CN(C(=O)Cn1cc(NC(=O)c3c(N)nn4cccnc34)c(-c3cc(Cl)ccc3OC(F)F)n1)CCO2,825,ligand_825,idx_824,CHEMBL5935327,ligand_0825
3eyg,ligand_0826,CHEMBL3968827,CN1CCC2(CC1)CN(C(=O)Cn1cc(NC(=O)c3cnn4cccnc34)c(-c3cc(Cl)ccc3OC(F)F)n1)C2,826,ligand_826,idx_825,CHEMBL3968827,ligand_0826
3eyg,ligand_0827,CHEMBL3966652,CN1CCC2(CC1)CN(C(=O)Cn1cc(NC(=O)c3cnn4cccnc34)c(-c3cc(Cl)ccc3OC(F)F)n1)CCO2,827,ligand_827,idx_826,CHEMBL3966652,ligand_0827
3eyg,ligand_0828,CHEMBL6047033,CN1CCC2(CC1)CN(C(=O)c1ccc(Nc3nc4c(C5=CCN(C(=O)CCC(F)(F)F)CC5)cccn4n3)cc1)C2,828,ligand_828,idx_827,CHEMBL6047033,ligand_0828
3eyg,ligand_0829,CHEMBL5981151,CN1CCC2(CC1)CN(C(=O)c1ccc(Nc3nc4c(N5CCC(O)(c6ccc(Cl)cc6)CC5)cccn4n3)cc1)C2,829,ligand_829,idx_828,CHEMBL5981151,ligand_0829
3eyg,ligand_0830,CHEMBL3958363,CN1CCC2(CCN(C(=O)Cn3cc(NC(=O)c4cnn5cccnc45)c(-c4cc(Cl)ccc4OC(F)F)n3)C2)C1,830,ligand_830,idx_829,CHEMBL3958363,ligand_0830
3eyg,ligand_0831,CHEMBL3933698,CN1CCC2(CCN(C(=O)Cn3cc(NC(=O)c4cnn5cccnc45)c(-c4cc(Cl)ccc4OC(F)F)n3)CC2)C1,831,ligand_831,idx_830,CHEMBL3933698,ligand_0831
3eyg,ligand_0832,CHEMBL3898224,CN1CCC2C(C1)OCCN2C(=O)Cn1cc(NC(=O)c2c(N)nn3cccnc23)c(-c2cc(Cl)ccc2OC(F)F)n1,832,ligand_832,idx_831,CHEMBL3898224,ligand_0832
3eyg,ligand_0833,CHEMBL3892526,CN1CCC2CN(C(=O)Cn3cc(NC(=O)c4c(N)nn5cccnc45)c(-c4cc(Cl)ccc4OC(F)F)n3)CCC21,833,ligand_833,idx_832,CHEMBL3892526,ligand_0833
3eyg,ligand_0834,CHEMBL3983983,CN1CCC2CN(C(=O)Cn3cc(NC(=O)c4cnn5cccnc45)c(-c4cc(Cl)ccc4OC(F)F)n3)CC21,834,ligand_834,idx_833,CHEMBL3983983,ligand_0834
3eyg,ligand_0835,CHEMBL3912732,CN1CCC2CN(C(=O)Cn3cc(NC(=O)c4cnn5cccnc45)c(-c4cc(Cl)ccc4OC(F)F)n3)CC2C1,835,ligand_835,idx_834,CHEMBL3912732,ligand_0835
3eyg,ligand_0836,CHEMBL3981242,CN1CCC2CN(C(=O)Cn3cc(NC(=O)c4cnn5cccnc45)c(-c4cc(Cl)ccc4OC(F)F)n3)CCC21,836,ligand_836,idx_835,CHEMBL3981242,ligand_0836
3eyg,ligand_0837,CHEMBL5776048,CN1CCC2CN(C(=O)c3ccc(Nc4nc5c(N6CCC(CO)(c7ccc(Cl)cc7)CC6)cccn5n4)cc3)CC21,837,ligand_837,idx_836,CHEMBL5776048,ligand_0837
3eyg,ligand_0838,CHEMBL5855104,CN1CCCC(CN(C)C(=O)c2ccc(Nc3nc4c(C5=CCN(C(=O)CCC(F)(F)F)CC5)cccn4n3)cc2)C1,838,ligand_838,idx_837,CHEMBL5855104,ligand_0838
3eyg,ligand_0839,CHEMBL6059486,CN1CCCC(CN(C)C(=O)c2ccc(Nc3nc4c(N5CCC(O)(c6ccc(Cl)cc6)CC5)cccn4n3)cc2)C1,839,ligand_839,idx_838,CHEMBL6059486,ligand_0839
3eyg,ligand_0840,CHEMBL5960928,CN1CCCC(CNC(=O)c2ccc(Nc3nc4c(C5=CCN(C(=O)CCC(F)(F)F)CC5)cccn4n3)cc2)C1,840,ligand_840,idx_839,CHEMBL5960928,ligand_0840
3eyg,ligand_0841,CHEMBL5762688,CN1CCCC(CNC(=O)c2ccc(Nc3nc4c(N5CCC(O)(c6ccc(Cl)cc6)CC5)cccn4n3)cc2)C1,841,ligand_841,idx_840,CHEMBL5762688,ligand_0841
3eyg,ligand_0842,CHEMBL3894688,CN1CCCC(n2cc(NC(=O)c3c(N)nn4cccnc34)c(-c3cc(Cl)ccc3OC(F)F)n2)CC1,842,ligand_842,idx_841,CHEMBL3894688,ligand_0842
3eyg,ligand_0843,CHEMBL5780971,CN1CCCC(n2cc(NC(=O)c3cnn4cccnc34)c(-c3cc4cn[nH]c4cc3OC(F)F)n2)C1,843,ligand_843,idx_842,CHEMBL5780971,ligand_0843
3eyg,ligand_0844,CHEMBL5928606,CN1CCCC12CC(C(=O)c1ccc(Nc3nc4c(N5CCC(CO)(c6ccc(Cl)cc6)CC5)cccn4n3)cc1)C2,844,ligand_844,idx_843,CHEMBL5928606,ligand_0844
3eyg,ligand_0845,CHEMBL5750902,CN1CCCC12CN(C(=O)c1ccc(Nc3nc4c(C5=CCN(C(=O)CCC(F)(F)F)CC5)cccn4n3)cc1)C2,845,ligand_845,idx_844,CHEMBL5750902,ligand_0845
3eyg,ligand_0846,CHEMBL5785298,CN1CCCC12CN(C(=O)c1ccc(Nc3nc4c(N5CCC(O)(c6ccc(Cl)cc6)CC5)cccn4n3)cc1)C2,846,ligand_846,idx_845,CHEMBL5785298,ligand_0846
3eyg,ligand_0847,CHEMBL5857480,CN1CCCC1CCNC(=O)c1ccc(Nc2nc3c(C4=CCN(C(=O)CCC(F)(F)F)CC4)cccn3n2)cc1,847,ligand_847,idx_846,CHEMBL5857480,ligand_0847
3eyg,ligand_0848,CHEMBL5847524,CN1CCCC1CCNC(=O)c1ccc(Nc2nc3c(N4CCC(O)(c5ccc(Cl)cc5)CC4)cccn3n2)cc1,848,ligand_848,idx_847,CHEMBL5847524,ligand_0848
3eyg,ligand_0849,CHEMBL5865133,CN1CCCC1Cn1cc(NC(=O)c2cnn3cccnc23)c(-c2cc3cn[nH]c3cc2OC(F)F)n1,849,ligand_849,idx_848,CHEMBL5865133,ligand_0849
3eyg,ligand_0850,CHEMBL5934444,CN1CCCC2(CCCN(C(=O)c3ccc(Nc4nc5c(C6=CCN(C(=O)CCC(F)(F)F)CC6)cccn5n4)cc3)C2)C1,850,ligand_850,idx_849,CHEMBL5934444,ligand_0850
3eyg,ligand_0851,CHEMBL6035768,CN1CCCC2(CCCN(C(=O)c3ccc(Nc4nc5c(N6CCC(O)(c7ccc(Cl)cc7)CC6)cccn5n4)cc3)C2)C1,851,ligand_851,idx_850,CHEMBL6035768,ligand_0851
3eyg,ligand_0852,CHEMBL3950981,CN1CCCC2CN(C(=O)Cn3cc(NC(=O)c4cnn5cccnc45)c(-c4cc(Cl)ccc4OC(F)F)n3)CC21,852,ligand_852,idx_851,CHEMBL3950981,ligand_0852
3eyg,ligand_0853,CHEMBL5898135,CN1CCCCC1C1CCCN1C(=O)c1ccc(Nc2nc3c(C4=CCN(C(=O)CCC(F)(F)F)CC4)cccn3n2)cc1,853,ligand_853,idx_852,CHEMBL5898135,ligand_0853
3eyg,ligand_0854,CHEMBL5972452,CN1CCCCC1C1CCCN1C(=O)c1ccc(Nc2nc3c(N4CCC(O)(c5ccc(Cl)cc5)CC4)cccn3n2)cc1,854,ligand_854,idx_853,CHEMBL5972452,ligand_0854
3eyg,ligand_0855,CHEMBL5837445,CN1CCCCC1CNC(=O)c1ccc(Nc2nc3c(C4=CCN(C(=O)CCC(F)(F)F)CC4)cccn3n2)cc1,855,ligand_855,idx_854,CHEMBL5837445,ligand_0855
3eyg,ligand_0856,CHEMBL5851860,CN1CCCCC1CNC(=O)c1ccc(Nc2nc3c(N4CCC(O)(c5ccc(Cl)cc5)CC4)cccn3n2)cc1,856,ligand_856,idx_855,CHEMBL5851860,ligand_0856
3eyg,ligand_0857,CHEMBL2152406,CN1CCCC[C@H]1C(=O)N1CCC(n2cnc3cnc4[nH]ccc4c32)CC1,857,ligand_857,idx_856,CHEMBL2152406,ligand_0857
3eyg,ligand_0858,CHEMBL3944331,CN1CCCN(C(=O)Cn2cc(NC(=O)c3c(N)nn4cccnc34)c(-c3cc(Cl)ccc3OC(F)F)n2)CC1,858,ligand_858,idx_857,CHEMBL3944331,ligand_0858
3eyg,ligand_0859,CHEMBL3975210,CN1CCCN(C(=O)Cn2cc(NC(=O)c3cnn4cccnc34)c(-c3cc(Cl)ccc3OC(F)F)n2)CC1,859,ligand_859,idx_858,CHEMBL3975210,ligand_0859
3eyg,ligand_0860,CHEMBL2152403,CN1CCC[C@@H]1C(=O)N1CCC(n2cnc3cnc4[nH]ccc4c32)CC1,860,ligand_860,idx_859,CHEMBL2152403,ligand_0860
3eyg,ligand_0861,CHEMBL6012680,CN1CCC[C@@H]1Cn1cc(NC(=O)c2cnn3cccnc23)c(-c2cc3c(cc2OC(F)F)NC(=O)CS3)n1,861,ligand_861,idx_860,CHEMBL6012680,ligand_0861
3eyg,ligand_0862,CHEMBL6003230,CN1CCC[C@@H]1Cn1cc(NC(=O)c2cnn3cccnc23)c(-c2cc3c(cc2OC(F)F)NCCS3)n1,862,ligand_862,idx_861,CHEMBL6003230,ligand_0862
3eyg,ligand_0863,CHEMBL6044662,CN1CCC[C@@H]1Cn1cc(NC(=O)c2cnn3cccnc23)c(-c2cc3cn[nH]c3cc2OC(F)F)n1,863,ligand_863,idx_862,CHEMBL6044662,ligand_0863
3eyg,ligand_0864,CHEMBL2152404,CN1CCC[C@H]1C(=O)N1CCC(n2cnc3cnc4[nH]ccc4c32)CC1,864,ligand_864,idx_863,CHEMBL2152404,ligand_0864
3eyg,ligand_0865,CHEMBL2392491,CN1CCC[C@H]1C(=O)N1CCC(n2nnc3cnc4[nH]ccc4c32)CC1,865,ligand_865,idx_864,CHEMBL2392491,ligand_0865
3eyg,ligand_0866,CHEMBL5886151,CN1CCC[C@H]1Cn1cc(NC(=O)c2cnn3cccnc23)c(-c2cc3cn[nH]c3cc2OC(F)F)n1,866,ligand_866,idx_865,CHEMBL5886151,ligand_0866
3eyg,ligand_0867,CHEMBL3937016,CN1CCN(C(=O)C2CCN(C(=O)Cn3cc(NC(=O)c4cnn5cccnc45)c(-c4cc(Cl)ccc4OC(F)F)n3)CC2)CC1,867,ligand_867,idx_866,CHEMBL3937016,ligand_0867
3eyg,ligand_0868,CHEMBL5934032,CN1CCN(C(=O)C2CCN(C(=O)c3ccc(Nc4nc5c(C6=CCN(C(=O)CCC(F)(F)F)CC6)cccn5n4)cc3)CC2)CC1,868,ligand_868,idx_867,CHEMBL5934032,ligand_0868
3eyg,ligand_0869,CHEMBL5976781,CN1CCN(C(=O)C2CCN(C(=O)c3ccc(Nc4nc5c(N6CCC(O)(c7ccc(Cl)cc7)CC6)cccn5n4)cc3)CC2)CC1,869,ligand_869,idx_868,CHEMBL5976781,ligand_0869
3eyg,ligand_0870,CHEMBL5993506,CN1CCN(C(=O)C2CN(C(=O)c3ccc(Nc4nc5c(C6=CCN(C(=O)CCC(F)(F)F)CC6)cccn5n4)cc3)C2)CC1,870,ligand_870,idx_869,CHEMBL5993506,ligand_0870
3eyg,ligand_0871,CHEMBL5859563,CN1CCN(C(=O)C2CN(C(=O)c3ccc(Nc4nc5c(N6CCC(O)(c7ccc(Cl)cc7)CC6)cccn5n4)cc3)C2)CC1,871,ligand_871,idx_870,CHEMBL5859563,ligand_0871
3eyg,ligand_0872,CHEMBL6044753,CN1CCN(C(=O)C2COCCN2C(=O)c2ccc(Nc3nc4c(C5=CCN(C(=O)CCC(F)(F)F)CC5)cccn4n3)cc2)CC1,872,ligand_872,idx_871,CHEMBL6044753,ligand_0872
3eyg,ligand_0873,CHEMBL5993589,CN1CCN(C(=O)C2COCCN2C(=O)c2ccc(Nc3nc4c(N5CCC(O)(c6ccc(Cl)cc6)CC5)cccn4n3)cc2)CC1,873,ligand_873,idx_872,CHEMBL5993589,ligand_0873
3eyg,ligand_0874,CHEMBL3926009,CN1CCN(C(=O)Cn2cc(NC(=O)c3c(N)nn4cccnc34)c(-c3cc(Cl)ccc3OC(F)F)n2)CC1,874,ligand_874,idx_873,CHEMBL3926009,ligand_0874
3eyg,ligand_0875,CHEMBL3933811,CN1CCN(C(=O)Cn2cc(NC(=O)c3cnn4cccnc34)c(-c3cc(Cl)ccc3OC(F)F)n2)C(C)(C)C1,875,ligand_875,idx_874,CHEMBL3933811,ligand_0875
3eyg,ligand_0876,CHEMBL3950688,CN1CCN(C(=O)Cn2cc(NC(=O)c3cnn4cccnc34)c(-c3cc(Cl)ccc3OC(F)F)n2)CC1,876,ligand_876,idx_875,CHEMBL3950688,ligand_0876
3eyg,ligand_0877,CHEMBL3942659,CN1CCN(C(=O)Cn2cc(NC(=O)c3cnn4cccnc34)c(-c3cc(Cl)ccc3OC(F)F)n2)CC1(C)C,877,ligand_877,idx_876,CHEMBL3942659,ligand_0877
3eyg,ligand_0878,CHEMBL4113953,CN1CCN(C(=O)Cn2cc(NC(=O)c3cnn4cccnc34)c(-c3cc(Cl)ccc3OC(F)F)n2)C[C@@H]1CO,878,ligand_878,idx_877,CHEMBL4113953,ligand_0878
3eyg,ligand_0879,CHEMBL3952702,CN1CCN(C(=O)Cn2cc(NC(=O)c3cnn4cccnc34)c(-c3cc(Cl)ccc3OC(F)F)n2)C[C@H]1CO,879,ligand_879,idx_878,CHEMBL3952702,ligand_0879
3eyg,ligand_0880,CHEMBL5970490,CN1CCN(C(=O)Cn2cc(Nc3nc4c(C5=CC6CCC(C5)N6C(=O)CCC(F)(F)F)cccn4n3)cn2)CC1,880,ligand_880,idx_879,CHEMBL5970490,ligand_0880
3eyg,ligand_0881,CHEMBL5901636,CN1CCN(C(=O)Cn2cc(Nc3nc4c(C5=CC6CCC(C5)N6C(=O)OCC(F)(F)F)cccn4n3)cn2)CC1,881,ligand_881,idx_880,CHEMBL5901636,ligand_0881
3eyg,ligand_0882,CHEMBL5816167,CN1CCN(C(=O)Cn2cc(Nc3nc4c(C5=CC6CCC(C5)N6C(=O)[C@H]5C[C@@H](C(F)(F)F)C5)cccn4n3)cn2)CC1,882,ligand_882,idx_881,CHEMBL5816167,ligand_0882
3eyg,ligand_0883,CHEMBL5971732,CN1CCN(C(=O)Cn2cc(Nc3nc4c(C5=CC6CCC(C5)N6C(=O)[C@H]5C[C@H](C(F)(F)F)C5)cccn4n3)cn2)CC1,883,ligand_883,idx_882,CHEMBL5971732,ligand_0883
3eyg,ligand_0884,CHEMBL6011738,CN1CCN(C(=O)Cn2cc(Nc3nc4c(C5=CC6CCC(C5)N6Cc5ccc(Cl)cc5)cccn4n3)cn2)CC1,884,ligand_884,idx_883,CHEMBL6011738,ligand_0884
3eyg,ligand_0885,CHEMBL6063788,CN1CCN(C(=O)Cn2cc(Nc3nc4c(N5C6CCC5CN(C(=O)CCC(F)(F)F)C6)cccn4n3)cn2)CC1,885,ligand_885,idx_884,CHEMBL6063788,ligand_0885
3eyg,ligand_0886,CHEMBL5911849,CN1CCN(C(=O)Cn2cc(Nc3nc4c(N5CC6CC(C5)N6C(=O)CCC(F)(F)F)cccn4n3)cn2)CC1,886,ligand_886,idx_885,CHEMBL5911849,ligand_0886
3eyg,ligand_0887,CHEMBL5986294,CN1CCN(C(=O)Cn2cc(Nc3nc4c(N5CC6CC(C5)N6Cc5ccc(Cl)cc5)cccn4n3)cn2)CC1,887,ligand_887,idx_886,CHEMBL5986294,ligand_0887
3eyg,ligand_0888,CHEMBL5978754,CN1CCN(C(=O)Cn2cc(Nc3nc4c(N5CC6CCC(C5)C6=CC#N)cccn4n3)cn2)CC1,888,ligand_888,idx_887,CHEMBL5978754,ligand_0888
3eyg,ligand_0889,CHEMBL5788815,CN1CCN(C(=O)Cn2cc(Nc3nc4c(N5CC6CCC(C5)N6C(=O)C(C)(C)CC(F)(F)F)cccn4n3)cn2)CC1,889,ligand_889,idx_888,CHEMBL5788815,ligand_0889
3eyg,ligand_0890,CHEMBL5871033,CN1CCN(C(=O)Cn2cc(Nc3nc4c(N5CC6CCC(C5)N6C(=O)C5(C#N)CC5)cccn4n3)cn2)CC1,890,ligand_890,idx_889,CHEMBL5871033,ligand_0890
3eyg,ligand_0891,CHEMBL5904836,CN1CCN(C(=O)Cn2cc(Nc3nc4c(N5CC6CCC(C5)N6C(=O)C5(C#N)CCC5)cccn4n3)cn2)CC1,891,ligand_891,idx_890,CHEMBL5904836,ligand_0891
3eyg,ligand_0892,CHEMBL5915180,CN1CCN(C(=O)Cn2cc(Nc3nc4c(N5CC6CCC(C5)N6C(=O)C5(C#N)CCCC5)cccn4n3)cn2)CC1,892,ligand_892,idx_891,CHEMBL5915180,ligand_0892
3eyg,ligand_0893,CHEMBL5815982,CN1CCN(C(=O)Cn2cc(Nc3nc4c(N5CC6CCC(C5)N6C(=O)C5(C(F)(F)F)CC5)cccn4n3)cn2)CC1,893,ligand_893,idx_892,CHEMBL5815982,ligand_0893
3eyg,ligand_0894,CHEMBL5821724,CN1CCN(C(=O)Cn2cc(Nc3nc4c(N5CC6CCC(C5)N6C(=O)C5C6CC(F)(F)CC65)cccn4n3)cn2)CC1,894,ligand_894,idx_893,CHEMBL5821724,ligand_0894
3eyg,ligand_0895,CHEMBL5843500,CN1CCN(C(=O)Cn2cc(Nc3nc4c(N5CC6CCC(C5)N6C(=O)C5CC(C#N)C5)cccn4n3)cn2)CC1,895,ligand_895,idx_894,CHEMBL5843500,ligand_0895
3eyg,ligand_0896,CHEMBL6042977,CN1CCN(C(=O)Cn2cc(Nc3nc4c(N5CC6CCC(C5)N6C(=O)C5CC(F)(F)C5)cccn4n3)cn2)CC1,896,ligand_896,idx_895,CHEMBL6042977,ligand_0896
3eyg,ligand_0897,CHEMBL5926768,CN1CCN(C(=O)Cn2cc(Nc3nc4c(N5CC6CCC(C5)N6C(=O)C5CC5(F)F)cccn4n3)cn2)CC1,897,ligand_897,idx_896,CHEMBL5926768,ligand_0897
3eyg,ligand_0898,CHEMBL5833154,CN1CCN(C(=O)Cn2cc(Nc3nc4c(N5CC6CCC(C5)N6C(=O)C5CC5C(F)(F)F)cccn4n3)cn2)CC1,898,ligand_898,idx_897,CHEMBL5833154,ligand_0898
3eyg,ligand_0899,CHEMBL5905001,CN1CCN(C(=O)Cn2cc(Nc3nc4c(N5CC6CCC(C5)N6C(=O)C5CC6C(C5)C6(F)F)cccn4n3)cn2)CC1,899,ligand_899,idx_898,CHEMBL5905001,ligand_0899
3eyg,ligand_0900,CHEMBL6021235,CN1CCN(C(=O)Cn2cc(Nc3nc4c(N5CC6CCC(C5)N6C(=O)C5CC6CCC5O6)cccn4n3)cn2)CC1,900,ligand_900,idx_899,CHEMBL6021235,ligand_0900
3eyg,ligand_0901,CHEMBL5900236,CN1CCN(C(=O)Cn2cc(Nc3nc4c(N5CC6CCC(C5)N6C(=O)C5CCC(F)(F)C5)cccn4n3)cn2)CC1,901,ligand_901,idx_900,CHEMBL5900236,ligand_0901
3eyg,ligand_0902,CHEMBL5846289,CN1CCN(C(=O)Cn2cc(Nc3nc4c(N5CC6CCC(C5)N6C(=O)C5CCC(F)(F)CC5)cccn4n3)cn2)CC1,902,ligand_902,idx_901,CHEMBL5846289,ligand_0902
3eyg,ligand_0903,CHEMBL5797090,CN1CCN(C(=O)Cn2cc(Nc3nc4c(N5CC6CCC(C5)N6C(=O)C5CCSC5)cccn4n3)cn2)CC1,903,ligand_903,idx_902,CHEMBL5797090,ligand_0903
3eyg,ligand_0904,CHEMBL5956031,CN1CCN(C(=O)Cn2cc(Nc3nc4c(N5CC6CCC(C5)N6C(=O)C5CCSCC5)cccn4n3)cn2)CC1,904,ligand_904,idx_903,CHEMBL5956031,ligand_0904
3eyg,ligand_0905,CHEMBL5781535,CN1CCN(C(=O)Cn2cc(Nc3nc4c(N5CC6CCC(C5)N6C(=O)C5CSC5)cccn4n3)cn2)CC1,905,ligand_905,idx_904,CHEMBL5781535,ligand_0905
3eyg,ligand_0906,CHEMBL6049033,CN1CCN(C(=O)Cn2cc(Nc3nc4c(N5CC6CCC(C5)N6C(=O)CC(C)(C)C(F)(F)F)cccn4n3)cn2)CC1,906,ligand_906,idx_905,CHEMBL6049033,ligand_0906
3eyg,ligand_0907,CHEMBL5968448,CN1CCN(C(=O)Cn2cc(Nc3nc4c(N5CC6CCC(C5)N6C(=O)CC(F)(F)F)cccn4n3)cn2)CC1,907,ligand_907,idx_906,CHEMBL5968448,ligand_0907
3eyg,ligand_0908,CHEMBL5862403,CN1CCN(C(=O)Cn2cc(Nc3nc4c(N5CC6CCC(C5)N6C(=O)CC(N)C(F)(F)F)cccn4n3)cn2)CC1,908,ligand_908,idx_907,CHEMBL5862403,ligand_0908
3eyg,ligand_0909,CHEMBL5814578,CN1CCN(C(=O)Cn2cc(Nc3nc4c(N5CC6CCC(C5)N6C(=O)CC(O)C(F)(F)F)cccn4n3)cn2)CC1,909,ligand_909,idx_908,CHEMBL5814578,ligand_0909
3eyg,ligand_0910,CHEMBL5938586,CN1CCN(C(=O)Cn2cc(Nc3nc4c(N5CC6CCC(C5)N6C(=O)CC5CC(F)(F)C5(F)F)cccn4n3)cn2)CC1,910,ligand_910,idx_909,CHEMBL5938586,ligand_0910
3eyg,ligand_0911,CHEMBL6004321,CN1CCN(C(=O)Cn2cc(Nc3nc4c(N5CC6CCC(C5)N6C(=O)CC5CC(F)(F)C5)cccn4n3)cn2)CC1,911,ligand_911,idx_910,CHEMBL6004321,ligand_0911
3eyg,ligand_0912,CHEMBL5953365,CN1CCN(C(=O)Cn2cc(Nc3nc4c(N5CC6CCC(C5)N6C(=O)CC5CC5(F)F)cccn4n3)cn2)CC1,912,ligand_912,idx_911,CHEMBL5953365,ligand_0912
3eyg,ligand_0913,CHEMBL6061437,CN1CCN(C(=O)Cn2cc(Nc3nc4c(N5CC6CCC(C5)N6C(=O)CC5CSCCS5)cccn4n3)cn2)CC1,913,ligand_913,idx_912,CHEMBL6061437,ligand_0913
3eyg,ligand_0914,CHEMBL5859454,CN1CCN(C(=O)Cn2cc(Nc3nc4c(N5CC6CCC(C5)N6C(=O)CCC(F)(F)F)cccn4n3)cn2)CC1,914,ligand_914,idx_913,CHEMBL5859454,ligand_0914
3eyg,ligand_0915,CHEMBL5831196,CN1CCN(C(=O)Cn2cc(Nc3nc4c(N5CC6CCC(C5)N6C(=O)COC(F)(F)F)cccn4n3)cn2)CC1,915,ligand_915,idx_914,CHEMBL5831196,ligand_0915
3eyg,ligand_0916,CHEMBL5770596,CN1CCN(C(=O)Cn2cc(Nc3nc4c(N5CC6CCC(C5)N6C(=O)COCC(F)(F)F)cccn4n3)cn2)CC1,916,ligand_916,idx_915,CHEMBL5770596,ligand_0916
3eyg,ligand_0917,CHEMBL5940769,CN1CCN(C(=O)Cn2cc(Nc3nc4c(N5CC6CCC(C5)N6C(=O)Cc5ccc(F)cc5)cccn4n3)cn2)CC1,917,ligand_917,idx_916,CHEMBL5940769,ligand_0917
3eyg,ligand_0918,CHEMBL5781494,CN1CCN(C(=O)Cn2cc(Nc3nc4c(N5CC6CCC(C5)N6C(=O)Cc5ccccc5F)cccn4n3)cn2)CC1,918,ligand_918,idx_917,CHEMBL5781494,ligand_0918
3eyg,ligand_0919,CHEMBL5809181,CN1CCN(C(=O)Cn2cc(Nc3nc4c(N5CC6CCC(C5)N6C(=O)Cc5ccncc5)cccn4n3)cn2)CC1,919,ligand_919,idx_918,CHEMBL5809181,ligand_0919
3eyg,ligand_0920,CHEMBL5946429,CN1CCN(C(=O)Cn2cc(Nc3nc4c(N5CC6CCC(C5)N6C(=O)N5CC(C(F)(F)F)C5)cccn4n3)cn2)CC1,920,ligand_920,idx_919,CHEMBL5946429,ligand_0920
3eyg,ligand_0921,CHEMBL5773996,CN1CCN(C(=O)Cn2cc(Nc3nc4c(N5CC6CCC(C5)N6C(=O)N5CC(F)(F)C5)cccn4n3)cn2)CC1,921,ligand_921,idx_920,CHEMBL5773996,ligand_0921
3eyg,ligand_0922,CHEMBL5893928,CN1CCN(C(=O)Cn2cc(Nc3nc4c(N5CC6CCC(C5)N6C(=O)N5CC(F)C5)cccn4n3)cn2)CC1,922,ligand_922,idx_921,CHEMBL5893928,ligand_0922
3eyg,ligand_0923,CHEMBL5881067,CN1CCN(C(=O)Cn2cc(Nc3nc4c(N5CC6CCC(C5)N6C(=O)N5CC(O)(C(F)(F)F)C5)cccn4n3)cn2)CC1,923,ligand_923,idx_922,CHEMBL5881067,ligand_0923
3eyg,ligand_0924,CHEMBL5956623,CN1CCN(C(=O)Cn2cc(Nc3nc4c(N5CC6CCC(C5)N6C(=O)N5CCC(C#N)CC5)cccn4n3)cn2)CC1,924,ligand_924,idx_923,CHEMBL5956623,ligand_0924
3eyg,ligand_0925,CHEMBL5837606,CN1CCN(C(=O)Cn2cc(Nc3nc4c(N5CC6CCC(C5)N6C(=O)N5CCC(C(F)(F)F)C5)cccn4n3)cn2)CC1,925,ligand_925,idx_924,CHEMBL5837606,ligand_0925
3eyg,ligand_0926,CHEMBL5838990,CN1CCN(C(=O)Cn2cc(Nc3nc4c(N5CC6CCC(C5)N6C(=O)N5CCC(F)(F)CC5)cccn4n3)cn2)CC1,926,ligand_926,idx_925,CHEMBL5838990,ligand_0926
3eyg,ligand_0927,CHEMBL6048350,CN1CCN(C(=O)Cn2cc(Nc3nc4c(N5CC6CCC(C5)N6C(=O)NCC(F)(F)F)cccn4n3)cn2)CC1,927,ligand_927,idx_926,CHEMBL6048350,ligand_0927
3eyg,ligand_0928,CHEMBL6001503,CN1CCN(C(=O)Cn2cc(Nc3nc4c(N5CC6CCC(C5)N6C(=O)[C@H]5C[C@@H](C(F)(F)F)C5)cccn4n3)cn2)CC1,928,ligand_928,idx_927,CHEMBL6001503,ligand_0928
3eyg,ligand_0929,CHEMBL5986867,CN1CCN(C(=O)Cn2cc(Nc3nc4c(N5CC6CCC(C5)N6C(=O)[C@H]5C[C@H](C(F)(F)F)C5)cccn4n3)cn2)CC1,929,ligand_929,idx_928,CHEMBL5986867,ligand_0929
3eyg,ligand_0930,CHEMBL5750610,CN1CCN(C(=O)Cn2cc(Nc3nc4c(N5CC6CCC(C5)N6C(=O)c5ccc(C#N)cc5)cccn4n3)cn2)CC1,930,ligand_930,idx_929,CHEMBL5750610,ligand_0930
3eyg,ligand_0931,CHEMBL5874879,CN1CCN(C(=O)Cn2cc(Nc3nc4c(N5CC6CCC(C5)N6C(=O)c5ccc(CC#N)cc5)cccn4n3)cn2)CC1,931,ligand_931,idx_930,CHEMBL5874879,ligand_0931
3eyg,ligand_0932,CHEMBL6002951,CN1CCN(C(=O)Cn2cc(Nc3nc4c(N5CC6CCC(C5)N6C(=O)c5ccc(Cl)cc5)cccn4n3)cn2)CC1,932,ligand_932,idx_931,CHEMBL6002951,ligand_0932
3eyg,ligand_0933,CHEMBL5840817,CN1CCN(C(=O)Cn2cc(Nc3nc4c(N5CC6CCC(C5)N6C(=O)c5cccc(C#N)c5)cccn4n3)cn2)CC1,933,ligand_933,idx_932,CHEMBL5840817,ligand_0933
3eyg,ligand_0934,CHEMBL6003203,CN1CCN(C(=O)Cn2cc(Nc3nc4c(N5CC6CCC(C5)N6C(=O)c5cccc(CC#N)c5)cccn4n3)cn2)CC1,934,ligand_934,idx_933,CHEMBL6003203,ligand_0934
3eyg,ligand_0935,CHEMBL5971616,CN1CCN(C(=O)Cn2cc(Nc3nc4c(N5CC6CCC(C5)N6C(=O)c5cccc(Cl)c5)cccn4n3)cn2)CC1,935,ligand_935,idx_934,CHEMBL5971616,ligand_0935
3eyg,ligand_0936,CHEMBL6036716,CN1CCN(C(=O)Cn2cc(Nc3nc4c(N5CC6CCC(C5)N6C(=O)c5ccccc5)cccn4n3)cn2)CC1,936,ligand_936,idx_935,CHEMBL6036716,ligand_0936
3eyg,ligand_0937,CHEMBL5869340,CN1CCN(C(=O)Cn2cc(Nc3nc4c(N5CC6CCC(C5)N6C(=O)c5ccccc5C#N)cccn4n3)cn2)CC1,937,ligand_937,idx_936,CHEMBL5869340,ligand_0937
3eyg,ligand_0938,CHEMBL5785809,CN1CCN(C(=O)Cn2cc(Nc3nc4c(N5CC6CCC(C5)N6C(=O)c5ccccc5CC#N)cccn4n3)cn2)CC1,938,ligand_938,idx_937,CHEMBL5785809,ligand_0938
3eyg,ligand_0939,CHEMBL5985763,CN1CCN(C(=O)Cn2cc(Nc3nc4c(N5CC6CCC(C5)N6C(=O)c5ccccc5Cl)cccn4n3)cn2)CC1,939,ligand_939,idx_938,CHEMBL5985763,ligand_0939
3eyg,ligand_0940,CHEMBL5784424,CN1CCN(C(=O)Cn2cc(Nc3nc4c(N5CC6CCC(C5)N6C(=O)c5cccs5)cccn4n3)cn2)CC1,940,ligand_940,idx_939,CHEMBL5784424,ligand_0940
3eyg,ligand_0941,CHEMBL5784372,CN1CCN(C(=O)Cn2cc(Nc3nc4c(N5CC6CCC(C5)N6C(=O)c5ccns5)cccn4n3)cn2)CC1,941,ligand_941,idx_940,CHEMBL5784372,ligand_0941
3eyg,ligand_0942,CHEMBL5953351,CN1CCN(C(=O)Cn2cc(Nc3nc4c(N5CC6CCC(C5)N6C(=O)c5ccsc5)cccn4n3)cn2)CC1,942,ligand_942,idx_941,CHEMBL5953351,ligand_0942
3eyg,ligand_0943,CHEMBL5882476,CN1CCN(C(=O)Cn2cc(Nc3nc4c(N5CC6CCC(C5)N6C(=O)c5cnc(CC(F)(F)F)s5)cccn4n3)cn2)CC1,943,ligand_943,idx_942,CHEMBL5882476,ligand_0943
3eyg,ligand_0944,CHEMBL5889631,CN1CCN(C(=O)Cn2cc(Nc3nc4c(N5CC6CCC(C5)N6C(=O)c5cncs5)cccn4n3)cn2)CC1,944,ligand_944,idx_943,CHEMBL5889631,ligand_0944
3eyg,ligand_0945,CHEMBL5952270,CN1CCN(C(=O)Cn2cc(Nc3nc4c(N5CC6CCC(C5)N6C5CCN(C(=O)CC#N)CC5)cccn4n3)cn2)CC1,945,ligand_945,idx_944,CHEMBL5952270,ligand_0945
3eyg,ligand_0946,CHEMBL5955420,CN1CCN(C(=O)Cn2cc(Nc3nc4c(N5CC6CCC(C5)N6C5CN(C(=O)CC#N)C5)cccn4n3)cn2)CC1,946,ligand_946,idx_945,CHEMBL5955420,ligand_0946
3eyg,ligand_0947,CHEMBL5928129,CN1CCN(C(=O)Cn2cc(Nc3nc4c(N5CC6CCC(C5)N6CC(F)(F)F)cccn4n3)cn2)CC1,947,ligand_947,idx_946,CHEMBL5928129,ligand_0947
3eyg,ligand_0948,CHEMBL5920452,CN1CCN(C(=O)Cn2cc(Nc3nc4c(N5CC6CCC(C5)N6CC5(C#N)CC5)cccn4n3)cn2)CC1,948,ligand_948,idx_947,CHEMBL5920452,ligand_0948
3eyg,ligand_0949,CHEMBL5796530,CN1CCN(C(=O)Cn2cc(Nc3nc4c(N5CC6CCC(C5)N6CC5(CC#N)CC5)cccn4n3)cn2)CC1,949,ligand_949,idx_948,CHEMBL5796530,ligand_0949
3eyg,ligand_0950,CHEMBL6016303,CN1CCN(C(=O)Cn2cc(Nc3nc4c(N5CC6CCC(C5)N6CC5(CS(C)(=O)=O)CC5)cccn4n3)cn2)CC1,950,ligand_950,idx_949,CHEMBL6016303,ligand_0950
3eyg,ligand_0951,CHEMBL5935943,CN1CCN(C(=O)Cn2cc(Nc3nc4c(N5CC6CCC(C5)N6CC5CC5)cccn4n3)cn2)CC1,951,ligand_951,idx_950,CHEMBL5935943,ligand_0951
3eyg,ligand_0952,CHEMBL5911513,CN1CCN(C(=O)Cn2cc(Nc3nc4c(N5CC6CCC(C5)N6CCCC(F)(F)F)cccn4n3)cn2)CC1,952,ligand_952,idx_951,CHEMBL5911513,ligand_0952
3eyg,ligand_0953,CHEMBL5900775,CN1CCN(C(=O)Cn2cc(Nc3nc4c(N5CC6CCC(C5)N6CCc5ccccc5)cccn4n3)cn2)CC1,953,ligand_953,idx_952,CHEMBL5900775,ligand_0953
3eyg,ligand_0954,CHEMBL5753972,CN1CCN(C(=O)Cn2cc(Nc3nc4c(N5CC6CCC(C5)N6Cc5ccc(C#N)cc5)cccn4n3)cn2)CC1,954,ligand_954,idx_953,CHEMBL5753972,ligand_0954
3eyg,ligand_0955,CHEMBL6009825,CN1CCN(C(=O)Cn2cc(Nc3nc4c(N5CC6CCC(C5)N6Cc5ccc(Cl)cc5)cccn4n3)cn2)CC1,955,ligand_955,idx_954,CHEMBL6009825,ligand_0955
3eyg,ligand_0956,CHEMBL6049277,CN1CCN(C(=O)Cn2cc(Nc3nc4c(N5CC6CCC(C5)N6Cc5cccc(C#N)c5)cccn4n3)cn2)CC1,956,ligand_956,idx_955,CHEMBL6049277,ligand_0956
3eyg,ligand_0957,CHEMBL5819215,CN1CCN(C(=O)Cn2cc(Nc3nc4c(N5CC6CCC(C5)N6Cc5ccccc5)cccn4n3)cn2)CC1,957,ligand_957,idx_956,CHEMBL5819215,ligand_0957
3eyg,ligand_0958,CHEMBL5890631,CN1CCN(C(=O)Cn2cc(Nc3nc4c(N5CC6CCC(C5)N6Cc5ccccc5C#N)cccn4n3)cn2)CC1,958,ligand_958,idx_957,CHEMBL5890631,ligand_0958
3eyg,ligand_0959,CHEMBL5850446,CN1CCN(C(=O)Cn2cc(Nc3nc4c(N5CC6CCC(C5)N6Cc5ccccc5F)cccn4n3)cn2)CC1,959,ligand_959,idx_958,CHEMBL5850446,ligand_0959
3eyg,ligand_0960,CHEMBL5851682,CN1CCN(C(=O)Cn2cc(Nc3nc4c(N5CC6CCC(C5)N6Cc5cnc(CC(F)(F)F)s5)cccn4n3)cn2)CC1,960,ligand_960,idx_959,CHEMBL5851682,ligand_0960
3eyg,ligand_0961,CHEMBL5959014,CN1CCN(C(=O)Cn2cc(Nc3nc4c(N5CC6CCC(C5)N6S(=O)(=O)C5CC5)cccn4n3)cn2)CC1,961,ligand_961,idx_960,CHEMBL5959014,ligand_0961
3eyg,ligand_0962,CHEMBL5954112,CN1CCN(C(=O)Cn2cc(Nc3nc4c(N5CC6CCC(C5)N6S(=O)(=O)C5CCCCC5)cccn4n3)cn2)CC1,962,ligand_962,idx_961,CHEMBL5954112,ligand_0962
3eyg,ligand_0963,CHEMBL5876305,CN1CCN(C(=O)Cn2cc(Nc3nc4c(N5CC6CCC(C5)N6S(=O)(=O)CCC(F)(F)F)cccn4n3)cn2)CC1,963,ligand_963,idx_962,CHEMBL5876305,ligand_0963
3eyg,ligand_0964,CHEMBL5946111,CN1CCN(C(=O)Cn2cc(Nc3nc4c(N5CC6CCC(C5)N6S(=O)(=O)CCCC#N)cccn4n3)cn2)CC1,964,ligand_964,idx_963,CHEMBL5946111,ligand_0964
3eyg,ligand_0965,CHEMBL6036319,CN1CCN(C(=O)Cn2cc(Nc3nc4c(N5CC6CCC(C5)N6S(=O)(=O)CCCC(F)(F)F)cccn4n3)cn2)CC1,965,ligand_965,idx_964,CHEMBL6036319,ligand_0965
3eyg,ligand_0966,CHEMBL5909229,CN1CCN(C(=O)Cn2cc(Nc3nc4c(N5CC6CCC(C5)N6S(=O)(=O)Cc5ccc(C#N)cc5)cccn4n3)cn2)CC1,966,ligand_966,idx_965,CHEMBL5909229,ligand_0966
3eyg,ligand_0967,CHEMBL5808649,CN1CCN(C(=O)Cn2cc(Nc3nc4c(N5CC6CCC(C5)N6S(=O)(=O)Cc5ccc(C(F)(F)F)cc5)cccn4n3)cn2)CC1,967,ligand_967,idx_966,CHEMBL5808649,ligand_0967
3eyg,ligand_0968,CHEMBL6055646,CN1CCN(C(=O)Cn2cc(Nc3nc4c(N5CC6CCC(C5)N6S(=O)(=O)Cc5ccc(Cl)cc5)cccn4n3)cn2)CC1,968,ligand_968,idx_967,CHEMBL6055646,ligand_0968
3eyg,ligand_0969,CHEMBL6017140,CN1CCN(C(=O)Cn2cc(Nc3nc4c(N5CC6CCC(C5)N6S(=O)(=O)Cc5ccc(F)cc5)cccn4n3)cn2)CC1,969,ligand_969,idx_968,CHEMBL6017140,ligand_0969
3eyg,ligand_0970,CHEMBL5932986,CN1CCN(C(=O)Cn2cc(Nc3nc4c(N5CC6CCC(C5)N6S(=O)(=O)Cc5cccc(Cl)c5)cccn4n3)cn2)CC1,970,ligand_970,idx_969,CHEMBL5932986,ligand_0970
3eyg,ligand_0971,CHEMBL5861115,CN1CCN(C(=O)Cn2cc(Nc3nc4c(N5CC6CCC(C5)N6S(=O)(=O)Cc5cccc(F)c5)cccn4n3)cn2)CC1,971,ligand_971,idx_970,CHEMBL5861115,ligand_0971
3eyg,ligand_0972,CHEMBL6009328,CN1CCN(C(=O)Cn2cc(Nc3nc4c(N5CC6CCC(C5)N6S(=O)(=O)Cc5ccccc5)cccn4n3)cn2)CC1,972,ligand_972,idx_971,CHEMBL6009328,ligand_0972
3eyg,ligand_0973,CHEMBL5835980,CN1CCN(C(=O)Cn2cc(Nc3nc4c(N5CC6CCC(C5)N6S(=O)(=O)Cc5ccccc5C(F)(F)F)cccn4n3)cn2)CC1,973,ligand_973,idx_972,CHEMBL5835980,ligand_0973
3eyg,ligand_0974,CHEMBL5843111,CN1CCN(C(=O)Cn2cc(Nc3nc4c(N5CC6CCC(C5)N6S(=O)(=O)Cc5ccccc5Cl)cccn4n3)cn2)CC1,974,ligand_974,idx_973,CHEMBL5843111,ligand_0974
3eyg,ligand_0975,CHEMBL5780025,CN1CCN(C(=O)Cn2cc(Nc3nc4c(N5CC6CCC(C5)N6S(=O)(=O)Cc5ccccc5F)cccn4n3)cn2)CC1,975,ligand_975,idx_974,CHEMBL5780025,ligand_0975
3eyg,ligand_0976,CHEMBL6014548,CN1CCN(C(=O)Cn2cc(Nc3nc4c(N5CC6CCC(C5)N6S(=O)(=O)c5ccc(C#N)cc5)cccn4n3)cn2)CC1,976,ligand_976,idx_975,CHEMBL6014548,ligand_0976
3eyg,ligand_0977,CHEMBL5973244,CN1CCN(C(=O)Cn2cc(Nc3nc4c(N5CC6CCC(C5)N6S(=O)(=O)c5ccc(C(F)(F)F)cc5)cccn4n3)cn2)CC1,977,ligand_977,idx_976,CHEMBL5973244,ligand_0977
3eyg,ligand_0978,CHEMBL6000955,CN1CCN(C(=O)Cn2cc(Nc3nc4c(N5CC6CCC(C5)N6S(=O)(=O)c5ccc(Cl)cc5)cccn4n3)cn2)CC1,978,ligand_978,idx_977,CHEMBL6000955,ligand_0978
3eyg,ligand_0979,CHEMBL6023581,CN1CCN(C(=O)Cn2cc(Nc3nc4c(N5CC6CCC(C5)N6S(=O)(=O)c5ccc(Cl)cc5F)cccn4n3)cn2)CC1,979,ligand_979,idx_978,CHEMBL6023581,ligand_0979
3eyg,ligand_0980,CHEMBL5944490,CN1CCN(C(=O)Cn2cc(Nc3nc4c(N5CC6CCC(C5)N6S(=O)(=O)c5ccc(F)cc5)cccn4n3)cn2)CC1,980,ligand_980,idx_979,CHEMBL5944490,ligand_0980
3eyg,ligand_0981,CHEMBL5757152,CN1CCN(C(=O)Cn2cc(Nc3nc4c(N5CC6CCC(C5)N6S(=O)(=O)c5cccc(C#N)c5)cccn4n3)cn2)CC1,981,ligand_981,idx_980,CHEMBL5757152,ligand_0981
3eyg,ligand_0982,CHEMBL5743192,CN1CCN(C(=O)Cn2cc(Nc3nc4c(N5CC6CCC(C5)N6S(=O)(=O)c5cccc(C(F)(F)F)c5)cccn4n3)cn2)CC1,982,ligand_982,idx_981,CHEMBL5743192,ligand_0982
3eyg,ligand_0983,CHEMBL5851713,CN1CCN(C(=O)Cn2cc(Nc3nc4c(N5CC6CCC(C5)N6S(=O)(=O)c5cccc(Cl)c5)cccn4n3)cn2)CC1,983,ligand_983,idx_982,CHEMBL5851713,ligand_0983
3eyg,ligand_0984,CHEMBL5898727,CN1CCN(C(=O)Cn2cc(Nc3nc4c(N5CC6CCC(C5)N6S(=O)(=O)c5cccc(F)c5)cccn4n3)cn2)CC1,984,ligand_984,idx_983,CHEMBL5898727,ligand_0984
3eyg,ligand_0985,CHEMBL5767853,CN1CCN(C(=O)Cn2cc(Nc3nc4c(N5CC6CCC(C5)N6S(=O)(=O)c5ccccc5)cccn4n3)cn2)CC1,985,ligand_985,idx_984,CHEMBL5767853,ligand_0985
3eyg,ligand_0986,CHEMBL5771242,CN1CCN(C(=O)Cn2cc(Nc3nc4c(N5CC6CCC(C5)N6S(=O)(=O)c5ccccc5C#N)cccn4n3)cn2)CC1,986,ligand_986,idx_985,CHEMBL5771242,ligand_0986
3eyg,ligand_0987,CHEMBL5863879,CN1CCN(C(=O)Cn2cc(Nc3nc4c(N5CC6CCC(C5)N6S(=O)(=O)c5ccccc5C(F)(F)F)cccn4n3)cn2)CC1,987,ligand_987,idx_986,CHEMBL5863879,ligand_0987
3eyg,ligand_0988,CHEMBL5897588,CN1CCN(C(=O)Cn2cc(Nc3nc4c(N5CC6CCC(C5)N6S(=O)(=O)c5ccccc5Cl)cccn4n3)cn2)CC1,988,ligand_988,idx_987,CHEMBL5897588,ligand_0988
3eyg,ligand_0989,CHEMBL5830132,CN1CCN(C(=O)Cn2cc(Nc3nc4c(N5CC6CCC(C5)N6S(=O)(=O)c5ccccc5F)cccn4n3)cn2)CC1,989,ligand_989,idx_988,CHEMBL5830132,ligand_0989
3eyg,ligand_0990,CHEMBL5840777,CN1CCN(C(=O)Cn2cc(Nc3nc4c(N5CC6CCC(C5)N6S(=O)(=O)c5cccnc5)cccn4n3)cn2)CC1,990,ligand_990,idx_989,CHEMBL5840777,ligand_0990
3eyg,ligand_0991,CHEMBL5958584,CN1CCN(C(=O)Cn2cc(Nc3nc4c(N5CC6CCC(C5)N6S(=O)(=O)c5cccs5)cccn4n3)cn2)CC1,991,ligand_991,idx_990,CHEMBL5958584,ligand_0991
3eyg,ligand_0992,CHEMBL5983498,CN1CCN(C(=O)Cn2cc(Nc3nc4c(N5CC6CCC(C5)N6c5ccc(Cl)cc5)cccn4n3)cn2)CC1,992,ligand_992,idx_991,CHEMBL5983498,ligand_0992
3eyg,ligand_0993,CHEMBL5875677,CN1CCN(C(=O)Cn2cc(Nc3nc4c(N5CC6CCC5CN6C(=O)CCC(F)(F)F)cccn4n3)cn2)CC1,993,ligand_993,idx_992,CHEMBL5875677,ligand_0993
3eyg,ligand_0994,CHEMBL5826740,CN1CCN(C(=O)Cn2cc(Nc3nc4c(N5CC6CCCC(C5)N6C(=O)C5CSC5)cccn4n3)cn2)CC1,994,ligand_994,idx_993,CHEMBL5826740,ligand_0994
3eyg,ligand_0995,CHEMBL5892899,CN1CCN(C(=O)Cn2cc(Nc3nc4c(N5CC6CCCC(C5)N6C(=O)CC5CC(F)(F)C5)cccn4n3)cn2)CC1,995,ligand_995,idx_994,CHEMBL5892899,ligand_0995
3eyg,ligand_0996,CHEMBL5749534,CN1CCN(C(=O)Cn2cc(Nc3nc4c(N5CC6CCCC(C5)N6C(=O)CCC(F)(F)F)cccn4n3)cn2)CC1,996,ligand_996,idx_995,CHEMBL5749534,ligand_0996
3eyg,ligand_0997,CHEMBL5969998,CN1CCN(C(=O)Cn2cc(Nc3nc4c(N5CC6CCCC(C5)N6C(=O)N5CC(C(F)(F)F)C5)cccn4n3)cn2)CC1,997,ligand_997,idx_996,CHEMBL5969998,ligand_0997
3eyg,ligand_0998,CHEMBL5805336,CN1CCN(C(=O)Cn2cc(Nc3nc4c(N5CC6CCCC(C5)N6C(=O)[C@H]5C[C@@H](C(F)(F)F)C5)cccn4n3)cn2)CC1,998,ligand_998,idx_997,CHEMBL5805336,ligand_0998
3eyg,ligand_0999,CHEMBL5822074,CN1CCN(C(=O)Cn2cc(Nc3nc4c(N5CC6CCCC(C5)N6C(=O)[C@H]5C[C@H](C(F)(F)F)C5)cccn4n3)cn2)CC1,999,ligand_999,idx_998,CHEMBL5822074,ligand_0999
3eyg,ligand_1000,CHEMBL6009468,CN1CCN(C(=O)Cn2cc(Nc3nc4c(N5CC6COCC(C5)N6C(=O)CCC(F)(F)F)cccn4n3)cn2)CC1,1000,ligand_1000,idx_999,CHEMBL6009468,ligand_1000
3eyg,ligand_1001,CHEMBL6035993,CN1CCN(C(=O)Cn2cc(Nc3nc4c(N5C[C@@H]6C[C@H]5CN6C(=O)CCC(F)(F)F)cccn4n3)cn2)CC1,1001,ligand_1001,idx_1000,CHEMBL6035993,ligand_1001
3eyg,ligand_1002,CHEMBL5862274,CN1CCN(C(=O)Cn2cc(Nc3nc4c(N5C[C@H]6CC[C@@H](C5)[C@@H]6OCc5ccncc5)cccn4n3)cn2)CC1,1002,ligand_1002,idx_1001,CHEMBL5862274,ligand_1002
3eyg,ligand_1003,CHEMBL5862764,CN1CCN(C(=O)Cn2cc(Nc3nc4c(N5C[C@H]6CC[C@@H](C5)[C@H]6N(C)C(=O)CC(F)(F)F)cccn4n3)cn2)CC1,1003,ligand_1003,idx_1002,CHEMBL5862764,ligand_1003
3eyg,ligand_1004,CHEMBL5989901,CN1CCN(C(=O)Cn2cc(Nc3nc4c(N5C[C@H]6CC[C@@H](C5)[C@H]6N(C)CCC(F)(F)F)cccn4n3)cn2)CC1,1004,ligand_1004,idx_1003,CHEMBL5989901,ligand_1004
3eyg,ligand_1005,CHEMBL5815287,CN1CCN(C(=O)Cn2cc(Nc3nc4c(N5C[C@H]6CC[C@@H](C5)[C@H]6NCCC(F)(F)F)cccn4n3)cn2)CC1,1005,ligand_1005,idx_1004,CHEMBL5815287,ligand_1005
3eyg,ligand_1006,CHEMBL5808976,CN1CCN(C(=O)Cn2cc(Nc3nc4c(N5C[C@H]6CC[C@@H](C5)[C@H]6OCc5ccc(C#N)cc5)cccn4n3)cn2)CC1,1006,ligand_1006,idx_1005,CHEMBL5808976,ligand_1006
3eyg,ligand_1007,CHEMBL5897268,CN1CCN(C(=O)Cn2cc(Nc3nc4c(N5C[C@H]6CC[C@@H](C5)[C@H]6OCc5ccc(F)nc5)cccn4n3)cn2)CC1,1007,ligand_1007,idx_1006,CHEMBL5897268,ligand_1007
3eyg,ligand_1008,CHEMBL5963700,CN1CCN(C(=O)Cn2cc(Nc3nc4c(N5C[C@H]6CC[C@@H](C5)[C@H]6OCc5cccc(C#N)c5)cccn4n3)cn2)CC1,1008,ligand_1008,idx_1007,CHEMBL5963700,ligand_1008
3eyg,ligand_1009,CHEMBL5856566,CN1CCN(C(=O)Cn2cc(Nc3nc4c(N5C[C@H]6CC[C@@H](C5)[C@H]6OCc5cccc(C(=O)N(C)C)c5)cccn4n3)cn2)CC1,1009,ligand_1009,idx_1008,CHEMBL5856566,ligand_1009
3eyg,ligand_1010,CHEMBL5773934,CN1CCN(C(=O)Cn2cc(Nc3nc4c(N5C[C@H]6CC[C@@H](C5)[C@H]6OCc5cccc(CO)c5)cccn4n3)cn2)CC1,1010,ligand_1010,idx_1009,CHEMBL5773934,ligand_1010
3eyg,ligand_1011,CHEMBL5973985,CN1CCN(C(=O)Cn2cc(Nc3nc4c(N5C[C@H]6CC[C@@H](C5)[C@H]6OCc5ccccc5)cccn4n3)cn2)CC1,1011,ligand_1011,idx_1010,CHEMBL5973985,ligand_1011
3eyg,ligand_1012,CHEMBL6010094,CN1CCN(C(=O)Cn2cc(Nc3nc4c(N5C[C@H]6CC[C@@H](C5)[C@H]6OCc5ccccc5C#N)cccn4n3)cn2)CC1,1012,ligand_1012,idx_1011,CHEMBL6010094,ligand_1012
3eyg,ligand_1013,CHEMBL5871730,CN1CCN(C(=O)Cn2cc(Nc3nc4c(N5C[C@H]6CC[C@@H](C5)[C@H]6OCc5cccnc5)cccn4n3)cn2)CC1,1013,ligand_1013,idx_1012,CHEMBL5871730,ligand_1013
3eyg,ligand_1014,CHEMBL6061075,CN1CCN(C(=O)Cn2cc(Nc3nc4c(N5C[C@H]6CC[C@@H](C5)[C@H]6OCc5ccncc5)cccn4n3)cn2)CC1,1014,ligand_1014,idx_1013,CHEMBL6061075,ligand_1014
3eyg,ligand_1015,CHEMBL5924822,CN1CCN(C(=O)Cn2cc(Nc3nc4c(N5C[C@H]6CC[C@@H](C5)[C@H]6OCc5cnn(C)c5)cccn4n3)cn2)CC1,1015,ligand_1015,idx_1014,CHEMBL5924822,ligand_1015
3eyg,ligand_1016,CHEMBL5957686,CN1CCN(C(=O)Cn2cc(Nc3nc4c(N5C[C@H]6C[C@@H]5CN6C(=O)CCC(F)(F)F)cccn4n3)cn2)CC1,1016,ligand_1016,idx_1015,CHEMBL5957686,ligand_1016
3eyg,ligand_1017,CHEMBL5906138,CN1CCN(C(=O)Cn2cc(Nc3nc4c([C@H]5C[C@H]6CC[C@@H](C5)N6C(=O)CCC(F)(F)F)cccn4n3)cn2)CC1,1017,ligand_1017,idx_1016,CHEMBL5906138,ligand_1017
3eyg,ligand_1018,CHEMBL3891220,CN1CCN(C(=O)c2ccc(-c3nc(-c4cc(Cl)ccc4OC(F)F)c(NC(=O)c4cnn5cccnc45)s3)cc2)CC1,1018,ligand_1018,idx_1017,CHEMBL3891220,ligand_1018
3eyg,ligand_1019,CHEMBL6064394,CN1CCN(C(=O)c2ccc(Nc3nc4c(C5=CCN(C(=O)CCC(F)(F)F)CC5)cccn4n3)cc2)C(C(=O)N(C)C)C1,1019,ligand_1019,idx_1018,CHEMBL6064394,ligand_1019
3eyg,ligand_1020,CHEMBL6029130,CN1CCN(C(=O)c2ccc(Nc3nc4c(C5=CCN(C(=O)CCC(F)(F)F)CC5)cccn4n3)cc2)CC(CO)C1,1020,ligand_1020,idx_1019,CHEMBL6029130,ligand_1020
3eyg,ligand_1021,CHEMBL5786093,CN1CCN(C(=O)c2ccc(Nc3nc4c(C5=CCN(C(=O)CCC(F)(F)F)CC5)cccn4n3)cc2)CC1,1021,ligand_1021,idx_1020,CHEMBL5786093,ligand_1021
3eyg,ligand_1022,CHEMBL5857632,CN1CCN(C(=O)c2ccc(Nc3nc4c(N5CCC(O)(c6ccc(Cl)cc6)CC5)cccn4n3)cc2)C(C(=O)N(C)C)C1,1022,ligand_1022,idx_1021,CHEMBL5857632,ligand_1022
3eyg,ligand_1023,CHEMBL5755340,CN1CCN(C(=O)c2ccc(Nc3nc4c(N5CCC(O)(c6ccc(Cl)cc6)CC5)cccn4n3)cc2)CC(CO)C1,1023,ligand_1023,idx_1022,CHEMBL5755340,ligand_1023
3eyg,ligand_1024,CHEMBL5830672,CN1CCN(C(=O)c2ccc(Nc3nc4c(N5CCC(O)(c6ccc(Cl)cc6)CC5)cccn4n3)cc2)CC1,1024,ligand_1024,idx_1023,CHEMBL5830672,ligand_1024
3eyg,ligand_1025,CHEMBL3948702,CN1CCN(C/C=C/Cn2cc(NC(=O)c3cnn4cccnc34)c(-c3cc(Cl)ccc3OC(F)F)n2)CC1,1025,ligand_1025,idx_1024,CHEMBL3948702,ligand_1025
3eyg,ligand_1026,CHEMBL3957195,CN1CCN(C2CCN(C(=O)Cn3cc(NC(=O)c4cnn5cccnc45)c(-c4cc(Cl)ccc4OC(F)F)n3)CC2)C(=O)C1,1026,ligand_1026,idx_1025,CHEMBL3957195,ligand_1026
3eyg,ligand_1027,CHEMBL3968155,CN1CCN(C2CCN(C(=O)Cn3cc(NC(=O)c4cnn5cccnc45)c(-c4cc(Cl)ccc4OC(F)F)n3)CC2)CC1,1027,ligand_1027,idx_1026,CHEMBL3968155,ligand_1027
3eyg,ligand_1028,CHEMBL3922831,CN1CCN(C2CCN(C(=O)Cn3cc(NC(=O)c4cnn5cccnc45)c(-c4cc(Cl)ccc4OC(F)F)n3)CC2)CC1=O,1028,ligand_1028,idx_1027,CHEMBL3922831,ligand_1028
3eyg,ligand_1029,CHEMBL5952351,CN1CCN(C2CCN(C(=O)c3ccc(Nc4nc5c(C6=CCN(C(=O)CCC(F)(F)F)CC6)cccn5n4)cc3)CC2)CC1,1029,ligand_1029,idx_1028,CHEMBL5952351,ligand_1029
3eyg,ligand_1030,CHEMBL5886556,CN1CCN(C2CCN(C(=O)c3ccc(Nc4nc5c(N6CCC(O)(c7ccc(Cl)cc7)CC6)cccn5n4)cc3)CC2)CC1,1030,ligand_1030,idx_1029,CHEMBL5886556,ligand_1030
3eyg,ligand_1031,CHEMBL3943256,CN1CCN(CC2CCN(C(=O)Cn3cc(NC(=O)c4cnn5cccnc45)c(-c4cc(Cl)ccc4OC(F)F)n3)CC2)CC1,1031,ligand_1031,idx_1030,CHEMBL3943256,ligand_1031
3eyg,ligand_1032,CHEMBL3949394,CN1CCN(CCCN2CCC(n3cc(NC(=O)c4c(N)nn5cccnc45)c(-c4cc(Cl)ccc4OC(F)F)n3)CC2)C1=O,1032,ligand_1032,idx_1031,CHEMBL3949394,ligand_1032
3eyg,ligand_1033,CHEMBL3941957,CN1CCN(CCCN2CCC(n3cc(NC(=O)c4cnn5cccnc45)c(-c4cc(Cl)ccc4OC(F)F)n3)CC2)C1=O,1033,ligand_1033,idx_1032,CHEMBL3941957,ligand_1033
3eyg,ligand_1034,CHEMBL5759758,CN1CCN(CCCNC(=O)c2ccc(Nc3nc4c(C5=CCN(C(=O)CCC(F)(F)F)CC5)cccn4n3)cc2)CC1,1034,ligand_1034,idx_1033,CHEMBL5759758,ligand_1034
3eyg,ligand_1035,CHEMBL6000294,CN1CCN(CCCNC(=O)c2ccc(Nc3nc4c(N5CCC(O)(c6ccc(Cl)cc6)CC5)cccn4n3)cc2)CC1,1035,ligand_1035,idx_1034,CHEMBL6000294,ligand_1035
3eyg,ligand_1036,CHEMBL5831598,CN1CCN(CCNC(=O)c2ccc(Nc3nc4c(C5=CCN(C(=O)CCC(F)(F)F)CC5)cccn4n3)cc2)CC1,1036,ligand_1036,idx_1035,CHEMBL5831598,ligand_1036
3eyg,ligand_1037,CHEMBL5873488,CN1CCN(CCNC(=O)c2ccc(Nc3nc4c(N5CCC(O)(c6ccc(Cl)cc6)CC5)cccn4n3)cc2)CC1,1037,ligand_1037,idx_1036,CHEMBL5873488,ligand_1037
3eyg,ligand_1038,CHEMBL3952022,CN1CCN(c2nc(-c3cc(Cl)ccc3OC(F)F)c(NC(=O)c3cnn4cccnc34)s2)CC1,1038,ligand_1038,idx_1037,CHEMBL3952022,ligand_1038
3eyg,ligand_1039,CHEMBL6000400,CN1CCOC2(C1)CN(C(=O)c1ccc(Nc3nc4c(C5=CCN(C(=O)CCC(F)(F)F)CC5)cccn4n3)cc1)C2,1039,ligand_1039,idx_1038,CHEMBL6000400,ligand_1039
3eyg,ligand_1040,CHEMBL5915512,CN1CCOC2(C1)CN(C(=O)c1ccc(Nc3nc4c(N5CCC(O)(c6ccc(Cl)cc6)CC5)cccn4n3)cc1)C2,1040,ligand_1040,idx_1039,CHEMBL5915512,ligand_1040
3eyg,ligand_1041,CHEMBL4108502,CN1CC[C@@H](n2cc(NC(=O)c3c(N)nn4cccnc34)c(-c3cc(Cl)ccc3OC(F)F)n2)C1,1041,ligand_1041,idx_1040,CHEMBL4108502,ligand_1041
3eyg,ligand_1042,CHEMBL4109979,CN1CC[C@@H]2CN(C(=O)Cn3cc(NC(=O)c4cnn5cccnc45)c(-c4cc(Cl)ccc4OC(F)F)n3)CC[C@@H]21,1042,ligand_1042,idx_1041,CHEMBL4109979,ligand_1042
3eyg,ligand_1043,CHEMBL4106670,CN1CC[C@@H]2CN(C(=O)Cn3cc(NC(=O)c4cnn5cccnc45)c(-c4cc(Cl)ccc4OC(F)F)n3)C[C@@H]2C1,1043,ligand_1043,idx_1042,CHEMBL4106670,ligand_1043
3eyg,ligand_1044,CHEMBL3896393,CN1CC[C@@H]2[C@@H](CCN2C(=O)Cn2cc(NC(=O)c3cnn4cccnc34)c(-c3cc(Cl)ccc3OC(F)F)n2)C1,1044,ligand_1044,idx_1043,CHEMBL3896393,ligand_1044
3eyg,ligand_1045,CHEMBL4115292,CN1CC[C@@H]2[C@H](CCN2C(=O)Cn2cc(NC(=O)c3cnn4cccnc34)c(-c3cc(Cl)ccc3OC(F)F)n2)C1,1045,ligand_1045,idx_1044,CHEMBL4115292,ligand_1045
3eyg,ligand_1046,CHEMBL3890200,CN1CC[C@H](n2cc(NC(=O)c3c(N)nn4cccnc34)c(-c3cc(Cl)ccc3OC(F)F)n2)C1,1046,ligand_1046,idx_1045,CHEMBL3890200,ligand_1046
3eyg,ligand_1047,CHEMBL3920824,CN1CC[C@H]2CN(C(=O)Cn3cc(NC(=O)c4cnn5cccnc45)c(-c4cc(Cl)ccc4OC(F)F)n3)CC[C@H]21,1047,ligand_1047,idx_1046,CHEMBL3920824,ligand_1047
3eyg,ligand_1048,CHEMBL3891137,CN1CC[C@H]2CN(C(=O)Cn3cc(NC(=O)c4cnn5cccnc45)c(-c4cc(Cl)ccc4OC(F)F)n3)C[C@H]2C1,1048,ligand_1048,idx_1047,CHEMBL3891137,ligand_1048
3eyg,ligand_1049,CHEMBL6023991,CN1CC[C@H]2CN(C(=O)c3ccc(Nc4nc5c(C6=CCN(C(=O)CCC(F)(F)F)CC6)cccn5n4)cc3)C[C@H]21,1049,ligand_1049,idx_1048,CHEMBL6023991,ligand_1049
3eyg,ligand_1050,CHEMBL5801183,CN1CC[C@H]2CN(C(=O)c3ccc(Nc4nc5c(N6CCC(O)(c7ccc(Cl)cc7)CC6)cccn5n4)cc3)C[C@H]21,1050,ligand_1050,idx_1049,CHEMBL5801183,ligand_1050
3eyg,ligand_1051,CHEMBL3925919,CN1CC[C@H]2[C@@H](CCN2C(=O)Cn2cc(NC(=O)c3cnn4cccnc34)c(-c3cc(Cl)ccc3OC(F)F)n2)C1,1051,ligand_1051,idx_1050,CHEMBL3925919,ligand_1051
3eyg,ligand_1052,CHEMBL4107631,CN1CC[C@H]2[C@H](CCN2C(=O)Cn2cc(NC(=O)c3cnn4cccnc34)c(-c3cc(Cl)ccc3OC(F)F)n2)C1,1052,ligand_1052,idx_1051,CHEMBL4107631,ligand_1052
3eyg,ligand_1053,CHEMBL5814940,CN1C[C@@H]2CCN(C(=O)c3ccc(Nc4nc5c(C6=CCN(C(=O)CCC(F)(F)F)CC6)cccn5n4)cc3)[C@@H]2C1,1053,ligand_1053,idx_1052,CHEMBL5814940,ligand_1053
3eyg,ligand_1054,CHEMBL6063901,CN1C[C@@H]2CCN(C(=O)c3ccc(Nc4nc5c(N6CCC(O)(c7ccc(Cl)cc7)CC6)cccn5n4)cc3)[C@@H]2C1,1054,ligand_1054,idx_1053,CHEMBL6063901,ligand_1054
3eyg,ligand_1055,CHEMBL3918497,CN1C[C@@H]2CN(C(=O)Cn3cc(NC(=O)c4cnn5ccc(N)nc45)c(-c4cc(Cl)ccc4OC(F)F)n3)C[C@@H]2C1,1055,ligand_1055,idx_1054,CHEMBL3918497,ligand_1055
3eyg,ligand_1056,CHEMBL3974166,CN1C[C@@H]2CN(C(=O)Cn3cc(NC(=O)c4cnn5cccnc45)c(-c4cc(Cl)ccc4OC(F)F)n3)C[C@@H]2C1,1056,ligand_1056,idx_1055,CHEMBL3974166,ligand_1056
3eyg,ligand_1057,CHEMBL4112986,CN1C[C@@H]2CN(C(=O)Cn3cc(NC(=O)c4cnn5cccnc45)c(-c4cc(Cl)ccc4OC(F)F)n3)C[C@]2(c2ccccc2)C1,1057,ligand_1057,idx_1056,CHEMBL4112986,ligand_1057
3eyg,ligand_1058,CHEMBL3890152,CN1C[C@@H]2CN(C(=O)c3nc(-c4cc(Cl)ccc4OC(F)F)c(NC(=O)c4cnn5cccnc45)s3)C[C@@H]2C1,1058,ligand_1058,idx_1057,CHEMBL3890152,ligand_1058
3eyg,ligand_1059,CHEMBL3914707,CN1C[C@@H]2CN(Cc3nc(-c4cc(Cl)ccc4OC(F)F)c(NC(=O)c4cnn5cccnc45)s3)C[C@@H]2C1,1059,ligand_1059,idx_1058,CHEMBL3914707,ligand_1059
3eyg,ligand_1060,CHEMBL3949658,CN1C[C@@H]2C[C@H]1CN2C(=O)Cn1cc(NC(=O)c2c(N)nn3cccnc23)c(-c2cc(Cl)ccc2OC(F)F)n1,1060,ligand_1060,idx_1059,CHEMBL3949658,ligand_1060
3eyg,ligand_1061,CHEMBL3942241,CN1C[C@@H]2[C@H](C1)[C@H](CO)N(C(=O)Cn1cc(NC(=O)c3cnn4cccnc34)c(-c3cc(Cl)ccc3OC(F)F)n1)[C@@H]2c1ccccc1,1061,ligand_1061,idx_1060,CHEMBL3942241,ligand_1061
3eyg,ligand_1062,CHEMBL4111284,CN1C[C@H]2CCN(C(=O)Cn3cc(NC(=O)c4cnn5cccnc45)c(-c4cc(Cl)ccc4OC(F)F)n3)C[C@H]2C1,1062,ligand_1062,idx_1061,CHEMBL4111284,ligand_1062
3eyg,ligand_1063,CHEMBL3905567,CN1C[C@H]2CN(C(=O)Cn3cc(NC(=O)c4cnn5cccnc45)c(-c4cc(Cl)ccc4OC(F)F)n3)C[C@@]2(c2ccccc2)C1,1063,ligand_1063,idx_1062,CHEMBL3905567,ligand_1063
3eyg,ligand_1064,CHEMBL4111927,CN1C[C@H]2C[C@@H]1CN2C(=O)Cn1cc(NC(=O)c2c(N)nn3cccnc23)c(-c2cc(Cl)ccc2OC(F)F)n1,1064,ligand_1064,idx_1063,CHEMBL4111927,ligand_1064
3eyg,ligand_1065,CHEMBL3950200,CN1[C@@H]2CC[C@H]1CN(C(=O)Cn1cc(NC(=O)c3cnn4cccnc34)c(-c3cc(Cl)ccc3OC(F)F)n1)C2,1065,ligand_1065,idx_1064,CHEMBL3950200,ligand_1065
3eyg,ligand_1066,CHEMBL5833877,CNC(=O)C1CN(C(=O)c2ccc(Nc3nc4c(C5=CCN(C(=O)CCC(F)(F)F)CC5)cccn4n3)cc2)CCN1C,1066,ligand_1066,idx_1065,CHEMBL5833877,ligand_1066
3eyg,ligand_1067,CHEMBL5992209,CNC(=O)C1CN(C(=O)c2ccc(Nc3nc4c(C5=CCN(C(=O)CCC(F)(F)F)CC5)cccn4n3)cc2)CCN1CCc1ccccc1,1067,ligand_1067,idx_1066,CHEMBL5992209,ligand_1067
3eyg,ligand_1068,CHEMBL5772627,CNC(=O)C1CN(C(=O)c2ccc(Nc3nc4c(C5=CCN(C(=O)CCC(F)(F)F)CC5)cccn4n3)cc2)CCN1Cc1ccccc1,1068,ligand_1068,idx_1067,CHEMBL5772627,ligand_1068
3eyg,ligand_1069,CHEMBL5884434,CNC(=O)C1CN(C(=O)c2ccc(Nc3nc4c(N5CCC(O)(c6ccc(Cl)cc6)CC5)cccn4n3)cc2)CCN1C,1069,ligand_1069,idx_1068,CHEMBL5884434,ligand_1069
3eyg,ligand_1070,CHEMBL5793046,CNC(=O)C1CN(C(=O)c2ccc(Nc3nc4c(N5CCC(O)(c6ccc(Cl)cc6)CC5)cccn4n3)cc2)CCN1CCc1ccccc1,1070,ligand_1070,idx_1069,CHEMBL5793046,ligand_1070
3eyg,ligand_1071,CHEMBL5779339,CNC(=O)C1CN(C(=O)c2ccc(Nc3nc4c(N5CCC(O)(c6ccc(Cl)cc6)CC5)cccn4n3)cc2)CCN1Cc1ccccc1,1071,ligand_1071,idx_1070,CHEMBL5779339,ligand_1071
3eyg,ligand_1072,CHEMBL5895173,CNC(=O)C1CN(C(C)C)CCN1C(=O)c1ccc(Nc2nc3c(N4CCC(O)(c5ccc(Cl)cc5)CC4)cccn3n2)cc1,1072,ligand_1072,idx_1071,CHEMBL5895173,ligand_1072
3eyg,ligand_1073,CHEMBL5795721,CNC(=O)C1CN(C(C)C)CCN1C(=O)c1ccc(Nc2nc3n(n2)C=CCC3C2=CCN(C(=O)CCC(F)(F)F)CC2)cc1,1073,ligand_1073,idx_1072,CHEMBL5795721,ligand_1073
3eyg,ligand_1074,CHEMBL5769439,CNC(=O)C1CN(C)CCN1C(=O)c1ccc(Nc2nc3c(C4=CCN(C(=O)CCC(F)(F)F)CC4)cccn3n2)cc1,1074,ligand_1074,idx_1073,CHEMBL5769439,ligand_1074
3eyg,ligand_1075,CHEMBL5858392,CNC(=O)C1CN(C)CCN1C(=O)c1ccc(Nc2nc3c(N4CCC(O)(c5ccc(Cl)cc5)CC4)cccn3n2)cc1,1075,ligand_1075,idx_1074,CHEMBL5858392,ligand_1075
3eyg,ligand_1076,CHEMBL5782858,CNC(=O)CC1(c2ccc(Cl)cc2)CCN(c2cccn3nc(Nc4ccc(C(=O)N(C)C5CCN(C)CC5)cc4)nc23)CC1,1076,ligand_1076,idx_1075,CHEMBL5782858,ligand_1076
3eyg,ligand_1077,CHEMBL3900499,CNC(=O)CCCN1CCC(n2cc(NC(=O)c3c(N)nn4cccnc34)c(-c3cc(Cl)ccc3OC(F)F)n2)CC1,1077,ligand_1077,idx_1076,CHEMBL3900499,ligand_1077
3eyg,ligand_1078,CHEMBL3913141,CNC(=O)CCCN1CCC(n2cc(NC(=O)c3cnn4cccnc34)c(-c3cc(Cl)ccc3OC(F)F)n2)CC1,1078,ligand_1078,idx_1077,CHEMBL3913141,ligand_1078
3eyg,ligand_1079,CHEMBL3899968,CNC(=O)CCN1CCC(n2cc(NC(=O)c3cnn4cccnc34)c(-c3cc(Cl)ccc3OC(F)F)n2)CC1,1079,ligand_1079,idx_1078,CHEMBL3899968,ligand_1079
3eyg,ligand_1080,CHEMBL3954749,CNC(=O)CN1CCC(n2cc(NC(=O)c3cnn4cccnc34)c(-c3cc(Cl)ccc3OC(F)F)n2)CC1,1080,ligand_1080,idx_1079,CHEMBL3954749,ligand_1080
3eyg,ligand_1081,CHEMBL3932623,CNC(=O)CN1CCN(C(=O)Cn2cc(NC(=O)c3cnn4cccnc34)c(-c3cc(Cl)ccc3OC(F)F)n2)CC1,1081,ligand_1081,idx_1080,CHEMBL3932623,ligand_1081
3eyg,ligand_1082,CHEMBL5895143,CNC(=O)CN1[C@@H]2CCC[C@H]1C[C@H](Nc1nc(Nc3cc(C)[nH]n3)cc3ncccc13)C2,1082,ligand_1082,idx_1081,CHEMBL5895143,ligand_1082
3eyg,ligand_1083,CHEMBL6021986,CNC(=O)CN1[C@@H]2CC[C@H]1C[C@H](Nc1nc(Nc3cc(C)[nH]n3)cc3ncc(C(=O)OC)cc13)C2,1083,ligand_1083,idx_1082,CHEMBL6021986,ligand_1083
3eyg,ligand_1084,CHEMBL5926299,CNC(=O)CN1[C@@H]2CC[C@H]1C[C@H](Nc1nc(Nc3cc(C)[nH]n3)cc3ncccc13)C2,1084,ligand_1084,idx_1083,CHEMBL5926299,ligand_1084
3eyg,ligand_1085,CHEMBL5833998,CNC(=O)Cn1cc(NC(=O)c2cnn3cccnc23)c(-c2cc3c(cc2OC(F)F)NCCO3)n1,1085,ligand_1085,idx_1084,CHEMBL5833998,ligand_1085
3eyg,ligand_1086,CHEMBL5918836,CNC(=O)Cn1cc(NC(=O)c2cnn3cccnc23)c(-c2cc3c(cc2OC(F)F)NCCS3)n1,1086,ligand_1086,idx_1085,CHEMBL5918836,ligand_1086
3eyg,ligand_1087,CHEMBL5937772,CNC(=O)Cn1cc(NC(=O)c2cnn3cccnc23)c(-c2cc3c(cc2OC(F)F)SCCO3)n1,1087,ligand_1087,idx_1086,CHEMBL5937772,ligand_1087
3eyg,ligand_1088,CHEMBL5792915,CNC(=O)N1CC=C(c2cccn3nc(Nc4ccc(C(=O)N(C)C5CCN(C)CC5)cc4)nc23)CC1,1088,ligand_1088,idx_1087,CHEMBL5792915,ligand_1088
3eyg,ligand_1089,CHEMBL3900605,CNC(=O)[C@@H]1CCCN1C1CCN(C(=O)Cn2cc(NC(=O)c3cnn4cccnc34)c(-c3cc(Cl)ccc3OC(F)F)n2)CC1,1089,ligand_1089,idx_1088,CHEMBL3900605,ligand_1089
3eyg,ligand_1090,CHEMBL3962975,CNC(=O)[C@@H]1CCCN1CC1CCN(C(=O)Cn2cc(NC(=O)c3cnn4cccnc34)c(-c3cc(Cl)ccc3OC(F)F)n2)CC1,1090,ligand_1090,idx_1089,CHEMBL3962975,ligand_1090
3eyg,ligand_1091,CHEMBL3966860,CNC1CCN(C(=O)Cn2cc(NC(=O)c3cnn4cccnc34)c(-c3cc(Cl)ccc3OC(F)F)n2)CC1,1091,ligand_1091,idx_1090,CHEMBL3966860,ligand_1091
3eyg,ligand_1092,CHEMBL5857663,CNC1CCN(C(=O)Cn2cc(Nc3nc4c(N5CCC(CO)(c6ccc(Cl)cc6)CC5)cccn4n3)cn2)CC1,1092,ligand_1092,idx_1091,CHEMBL5857663,ligand_1092
3eyg,ligand_1093,CHEMBL5805312,CNC1CCN(C(=O)c2ccc(Nc3nc4c(C5=CCN(C(=O)CCC(F)(F)F)CC5)cccn4n3)cc2)C1,1093,ligand_1093,idx_1092,CHEMBL5805312,ligand_1093
3eyg,ligand_1094,CHEMBL5987097,CNC1CCN(C(=O)c2ccc(Nc3nc4c(N5CCC(O)(c6ccc(Cl)cc6)CC5)cccn4n3)cc2)C1,1094,ligand_1094,idx_1093,CHEMBL5987097,ligand_1094
3eyg,ligand_1095,CHEMBL5823332,CNC1CN(C(=O)c2ccc(Nc3nc4c(N5CCC(CO)(c6ccc(C)cc6)CC5)cccn4n3)cc2)C1,1095,ligand_1095,idx_1094,CHEMBL5823332,ligand_1095
3eyg,ligand_1096,CHEMBL5999871,CNC1CN(C(=O)c2ccc(Nc3nc4c(N5CCC(O)C(c6ccc(Cl)cc6)C5)cccn4n3)cc2)C1,1096,ligand_1096,idx_1095,CHEMBL5999871,ligand_1096
3eyg,ligand_1097,CHEMBL5748177,CNCCNC(=O)c1ccc(Nc2nc3c(C4=CCN(C(=O)CCC(F)(F)F)CC4)cccn3n2)cc1,1097,ligand_1097,idx_1096,CHEMBL5748177,ligand_1097
3eyg,ligand_1098,CHEMBL5781117,CNCCn1cc(NC(=O)c2cnn3cccnc23)c(-c2cc3c(cc2OC(F)F)NC(=O)CS3)n1,1098,ligand_1098,idx_1097,CHEMBL5781117,ligand_1098
3eyg,ligand_1099,CHEMBL5752115,CNCCn1cc(NC(=O)c2cnn3cccnc23)c(-c2cc3c(cc2OC(F)F)NCCS3)n1,1099,ligand_1099,idx_1098,CHEMBL5752115,ligand_1099
3eyg,ligand_1100,CHEMBL3954236,CN[C@@H](C)Cn1cc(NC(=O)c2cnn3cccnc23)c(-c2cc(Cl)ccc2OC(F)F)n1,1100,ligand_1100,idx_1099,CHEMBL3954236,ligand_1100
3eyg,ligand_1101,CHEMBL4107920,CN[C@@H]1CCC[C@H](n2cc(NC(=O)c3c(N)nn4cccnc34)c(-c3cc(Cl)ccc3OC(F)F)n2)C1,1101,ligand_1101,idx_1100,CHEMBL4107920,ligand_1101
3eyg,ligand_1102,CHEMBL3977237,CN[C@H]1C[C@@H](n2cc(NC(=O)c3c(N)nn4cccnc34)c(-c3cc(Cl)ccc3OC(F)F)n2)C1,1102,ligand_1102,idx_1101,CHEMBL3977237,ligand_1102
3eyg,ligand_1103,CHEMBL2436939,CNc1nc(N[C@@H]2CCC[C@@H]2C#N)c2cc[nH]c(=O)c2n1,1103,ligand_1103,idx_1102,CHEMBL2436939,ligand_1103
3eyg,ligand_1104,CHEMBL5941551,CO/N=C/C1(c2ccc(Cl)cc2)CCN(c2cccn3nc(Nc4ccc(C(=O)N(C)C5CCN(C)CC5)cc4)nc23)CC1,1104,ligand_1104,idx_1103,CHEMBL5941551,ligand_1104
3eyg,ligand_1105,CHEMBL6050767,COC(=O)C1(C(=O)N2[C@@H]3CCC[C@H]2C[C@H](Nc2nc(Nc4cc(C)[nH]n4)cc4ncccc24)C3)CC1,1105,ligand_1105,idx_1104,CHEMBL6050767,ligand_1105
3eyg,ligand_1106,CHEMBL6038546,COC(=O)C1(C(=O)N2[C@@H]3CC[C@H]2C[C@H](Nc2nc(Nc4cc(C)[nH]n4)cc4ncccc24)C3)CC1,1106,ligand_1106,idx_1105,CHEMBL6038546,ligand_1106
3eyg,ligand_1107,CHEMBL3895560,COC(=O)C1(C)CCN(CCN2CCN(C(=O)Cn3cc(NC(=O)c4cnn5cccnc45)c(-c4cc(Cl)ccc4OC(F)F)n3)CC2)CC1,1107,ligand_1107,idx_1106,CHEMBL3895560,ligand_1107
3eyg,ligand_1108,CHEMBL5849253,COC(=O)C1C2CCC1CN(c1cccn3nc(Nc4cnn(CC(=O)N5CCN(C)CC5)c4)nc13)C2,1108,ligand_1108,idx_1107,CHEMBL5849253,ligand_1108
3eyg,ligand_1109,CHEMBL3985677,COC(=O)C1CCN(CCN2CCN(C(=O)Cn3cc(NC(=O)c4cnn5cccnc45)c(-c4cc(Cl)ccc4OC(F)F)n3)CC2)CC1,1109,ligand_1109,idx_1108,CHEMBL3985677,ligand_1109
3eyg,ligand_1110,CHEMBL5985330,COC(=O)CCCN1[C@@H]2CCC[C@H]1C[C@H](Nc1nc(Nc3cc(C)[nH]n3)cc3ncccc13)C2,1110,ligand_1110,idx_1109,CHEMBL5985330,ligand_1110
3eyg,ligand_1111,CHEMBL5795188,COC(=O)CCCN1[C@@H]2CC[C@H]1C[C@H](Nc1nc(Nc3cc(C)[nH]n3)cc3ncccc13)C2,1111,ligand_1111,idx_1110,CHEMBL5795188,ligand_1111
3eyg,ligand_1112,CHEMBL3970778,COC(=O)CCN(C)C1CCN(C(=O)Cn2cc(NC(=O)c3cnn4cccnc34)c(-c3cc(Cl)ccc3OC(F)F)n2)CC1,1112,ligand_1112,idx_1111,CHEMBL3970778,ligand_1112
3eyg,ligand_1113,CHEMBL3909519,COC(=O)CCN1CCN(C(=O)Cn2cc(NC(=O)c3cnn4cccnc34)c(-c3cc(Cl)ccc3OC(F)F)n2)CC1,1113,ligand_1113,idx_1112,CHEMBL3909519,ligand_1113
3eyg,ligand_1114,CHEMBL5930188,COC(=O)CCN1CCN(C(=O)Cn2cc(Nc3nc4c(N5CCC(CO)(c6ccc(Cl)cc6)CC5)cccn4n3)cn2)CC1,1114,ligand_1114,idx_1113,CHEMBL5930188,ligand_1114
3eyg,ligand_1115,CHEMBL5785185,COC(=O)CCN1[C@@H]2CCC[C@H]1C[C@H](Nc1nc(Nc3cc(C)[nH]n3)cc3ncccc13)C2,1115,ligand_1115,idx_1114,CHEMBL5785185,ligand_1115
3eyg,ligand_1116,CHEMBL5974419,COC(=O)CCN1[C@@H]2CC[C@H]1C[C@H](Nc1nc(Nc3cc(C)[nH]n3)cc3ncccc13)C2,1116,ligand_1116,idx_1115,CHEMBL5974419,ligand_1116
3eyg,ligand_1117,CHEMBL3941118,COC(=O)CN1CCN(C(=O)Cn2cc(NC(=O)c3cnn4cccnc34)c(-c3cc(Cl)ccc3OC(F)F)n2)CC1,1117,ligand_1117,idx_1116,CHEMBL3941118,ligand_1117
3eyg,ligand_1118,CHEMBL5837867,COC(=O)CN1[C@@H]2CCC[C@H]1C[C@H](Nc1nc(Nc3cc(C)[nH]n3)cc3ncccc13)C2,1118,ligand_1118,idx_1117,CHEMBL5837867,ligand_1118
3eyg,ligand_1119,CHEMBL5923620,COC(=O)CN1[C@@H]2CC[C@H]1C[C@H](Nc1nc(Nc3cc(C)[nH]n3)cc3ncccc13)C2,1119,ligand_1119,idx_1118,CHEMBL5923620,ligand_1119
3eyg,ligand_1120,CHEMBL3972612,COC(=O)CNC1CCN(C(=O)Cn2cc(NC(=O)c3cnn4cccnc34)c(-c3cc(Cl)ccc3OC(F)F)n2)CC1,1120,ligand_1120,idx_1119,CHEMBL3972612,ligand_1120
3eyg,ligand_1121,CHEMBL3985077,COC(=O)CNCCn1cc(NC(=O)c2cnn3cccnc23)c(-c2cc(Cl)ccc2OC(F)F)n1,1121,ligand_1121,idx_1120,CHEMBL3985077,ligand_1121
3eyg,ligand_1122,CHEMBL5962172,COC(=O)Cn1cc(NC(=O)c2cnn3cccnc23)c(-c2cc3sc(C#N)cc3cc2OC(F)F)n1,1122,ligand_1122,idx_1121,CHEMBL5962172,ligand_1122
3eyg,ligand_1123,CHEMBL6051317,COC(=O)Cn1cc(NC(=O)c2cnn3cccnc23)c(-c2cc3sc(C(N)=O)cc3cc2OC(F)F)n1,1123,ligand_1123,idx_1122,CHEMBL6051317,ligand_1123
3eyg,ligand_1124,CHEMBL5881828,COC(=O)Cn1cc(NC(=O)c2cnn3cccnc23)c(-c2cc3sccc3cc2OC(F)F)n1,1124,ligand_1124,idx_1123,CHEMBL5881828,ligand_1124
3eyg,ligand_1125,CHEMBL2152423,COC(=O)N(C)[C@H]1CC[C@H](n2cnc3cnc4[nH]ccc4c32)CC1,1125,ligand_1125,idx_1124,CHEMBL2152423,ligand_1125
3eyg,ligand_1126,CHEMBL5962998,COC(=O)N1CC=C(c2ccc[nH]/c2=N\C(=N)Nc2ccc(C(=O)N(C)C3CCN(C)CC3)cc2)CC1,1126,ligand_1126,idx_1125,CHEMBL5962998,ligand_1126
3eyg,ligand_1127,CHEMBL5920972,COC(=O)N1CC=C(c2cccn3nc(Nc4ccc(C(=O)NCC5CCCCN5)cc4)nc23)CC1,1127,ligand_1127,idx_1126,CHEMBL5920972,ligand_1127
3eyg,ligand_1128,CHEMBL6026622,COC(=O)N1[C@@H]2CCC[C@H]1C[C@H](N(C)c1nc(Nc3cc(C)[nH]n3)cc(C3CCOCC3)n1)C2,1128,ligand_1128,idx_1127,CHEMBL6026622,ligand_1128
3eyg,ligand_1129,CHEMBL5783238,COC(=O)N1[C@@H]2CCC[C@H]1C[C@H](N(C)c1nc(Nc3cc(C)[nH]n3)cc(OC3COC3)n1)C2,1129,ligand_1129,idx_1128,CHEMBL5783238,ligand_1129
3eyg,ligand_1130,CHEMBL5879603,COC(=O)N1[C@@H]2CCC[C@H]1C[C@H](N(C)c1nc(Nc3cc(C)[nH]n3)cc(O[C@@H]3CCOC3)n1)C2,1130,ligand_1130,idx_1129,CHEMBL5879603,ligand_1130
3eyg,ligand_1131,CHEMBL5823140,COC(=O)N1[C@@H]2CCC[C@H]1C[C@H](N(C)c1nc(Nc3cc(CO)[nH]n3)cc(OC)n1)C2,1131,ligand_1131,idx_1130,CHEMBL5823140,ligand_1131
3eyg,ligand_1132,CHEMBL2152424,COC(=O)N[C@@H]1CC[C@@H](n2cnc3cnc4[nH]ccc4c32)C1,1132,ligand_1132,idx_1131,CHEMBL2152424,ligand_1132
3eyg,ligand_1133,CHEMBL2392486,COC(=O)N[C@@H]1CC[C@@H](n2nnc3cnc4[nH]ccc4c32)C1,1133,ligand_1133,idx_1132,CHEMBL2392486,ligand_1133
3eyg,ligand_1134,CHEMBL2159208,COC(=O)N[C@H]1CC[C@H](n2c(C)nc3cnc4[nH]ccc4c32)CC1,1134,ligand_1134,idx_1133,CHEMBL2159208,ligand_1134
3eyg,ligand_1135,CHEMBL2151053,COC(=O)N[C@H]1CC[C@H](n2cnc3cnc4[nH]ccc4c32)CC1,1135,ligand_1135,idx_1134,CHEMBL2151053,ligand_1135
3eyg,ligand_1136,CHEMBL2392483,COC(=O)N[C@H]1CC[C@H](n2nnc3cnc4[nH]ccc4c32)CC1,1136,ligand_1136,idx_1135,CHEMBL2392483,ligand_1136
3eyg,ligand_1137,CHEMBL2420813,COC(=O)Nc1cc(NC(=O)c2c(Cl)cccc2Cl)ccn1,1137,ligand_1137,idx_1136,CHEMBL2420813,ligand_1137
3eyg,ligand_1138,CHEMBL3915304,COC(=O)[C@@H](N)CCn1cc(NC(=O)c2cnn3cccnc23)c(-c2cc(Cl)ccc2OC(F)F)n1,1138,ligand_1138,idx_1137,CHEMBL3915304,ligand_1138
3eyg,ligand_1139,CHEMBL5889710,COC(=O)c1cc2cc(OC(F)F)c(-c3n[nH]cc3NC(=O)c3cnn4cccnc34)cc2s1,1139,ligand_1139,idx_1138,CHEMBL5889710,ligand_1139
3eyg,ligand_1140,CHEMBL5997656,COC(=O)c1cnc2cc(Nc3cc(C)[nH]n3)nc(N[C@@H]3C[C@H]4CCC[C@@H](C3)N4C3CCOC(=O)C3)c2c1,1140,ligand_1140,idx_1139,CHEMBL5997656,ligand_1140
3eyg,ligand_1141,CHEMBL6030363,COC(=O)c1cnc2cc(Nc3cc(C)[nH]n3)nc(N[C@@H]3C[C@H]4CCC[C@@H](C3)N4C[C@H]3CCC(=O)O3)c2c1,1141,ligand_1141,idx_1140,CHEMBL6030363,ligand_1141
3eyg,ligand_1142,CHEMBL5756021,COC(=O)c1cnc2cc(Nc3cc(C)[nH]n3)nc(N[C@@H]3C[C@H]4CC[C@@H](C3)N4C(=O)C(C)C(O)=S)c2c1,1142,ligand_1142,idx_1141,CHEMBL5756021,ligand_1142
3eyg,ligand_1143,CHEMBL5830377,COC(=O)c1cnc2cc(Nc3cc(C)[nH]n3)nc(N[C@@H]3C[C@H]4CC[C@@H](C3)N4C(=O)CC(F)F)c2c1,1143,ligand_1143,idx_1142,CHEMBL5830377,ligand_1143
3eyg,ligand_1144,CHEMBL5740619,COC(=O)c1cnc2cc(Nc3cc(C)[nH]n3)nc(N[C@@H]3C[C@H]4CC[C@@H](C3)N4C(=O)CF)c2c1,1144,ligand_1144,idx_1143,CHEMBL5740619,ligand_1144
3eyg,ligand_1145,CHEMBL5885588,COC(=O)c1cnc2cc(Nc3cc(C)[nH]n3)nc(N[C@@H]3C[C@H]4CC[C@@H](C3)N4C(=O)CN(C)C)c2c1,1145,ligand_1145,idx_1144,CHEMBL5885588,ligand_1145
3eyg,ligand_1146,CHEMBL6012897,COC(=O)c1cnc2cc(Nc3cc(C)[nH]n3)nc(N[C@@H]3C[C@H]4CC[C@@H](C3)N4C3CCCOC3=O)c2c1,1146,ligand_1146,idx_1145,CHEMBL6012897,ligand_1146
3eyg,ligand_1147,CHEMBL5941466,COC(=O)c1cnc2cc(Nc3cc(C)[nH]n3)nc(N[C@@H]3C[C@H]4CC[C@@H](C3)N4C3CCOC3=O)c2c1,1147,ligand_1147,idx_1146,CHEMBL5941466,ligand_1147
3eyg,ligand_1148,CHEMBL5858870,COC(=O)c1cnc2cc(Nc3cc(C)[nH]n3)nc(N[C@@H]3C[C@H]4CC[C@@H](C3)N4CCC(F)(F)F)c2c1,1148,ligand_1148,idx_1147,CHEMBL5858870,ligand_1148
3eyg,ligand_1149,CHEMBL6042110,COC(=O)c1cnc2cc(Nc3cc(C)[nH]n3)nc(N[C@@H]3C[C@H]4CC[C@@H](C3)N4CCCF)c2c1,1149,ligand_1149,idx_1148,CHEMBL6042110,ligand_1149
3eyg,ligand_1150,CHEMBL5787759,COC(=O)c1cnc2cc(Nc3cc(C)[nH]n3)nc(N[C@@H]3C[C@H]4CC[C@@H](C3)N4CCF)c2c1,1150,ligand_1150,idx_1149,CHEMBL5787759,ligand_1150
3eyg,ligand_1151,CHEMBL5858641,COC(=O)c1cnc2cc(Nc3cc(C)[nH]n3)nc(N[C@@H]3C[C@H]4CC[C@@H](C3)N4C[C@H]3CCC(=O)O3)c2c1,1151,ligand_1151,idx_1150,CHEMBL5858641,ligand_1151
3eyg,ligand_1152,CHEMBL5981643,COC1(C(F)(F)F)CN(C(=O)N2C3CCC2CN(c2cccn4nc(Nc5cnn(CC(=O)N6CCN(C)CC6)c5)nc24)C3)C1,1152,ligand_1152,idx_1151,CHEMBL5981643,ligand_1152
3eyg,ligand_1153,CHEMBL5945059,COC1(c2ccccc2)CCN(c2cccn3nc(Nc4ccc(C(=O)N(C)C5CCN(C)CC5)cc4)nc23)CC1,1153,ligand_1153,idx_1152,CHEMBL5945059,ligand_1153
3eyg,ligand_1154,CHEMBL5901247,COC1CC(C(=O)N2CC=C(c3cccn4nc(Nc5ccc(C(=O)N(C)C6CCN(C)CC6)cc5)nc34)CC2)C1,1154,ligand_1154,idx_1153,CHEMBL5901247,ligand_1154
3eyg,ligand_1155,CHEMBL5880665,COC1CCN(c2cccn3nc(Nc4ccc(C(=O)N(C)C5CCN(C)CC5)cc4)nc23)CC1,1155,ligand_1155,idx_1154,CHEMBL5880665,ligand_1155
3eyg,ligand_1156,CHEMBL5751020,COCC1(c2ccc(Cl)cc2)CCN(c2cccn3nc(Nc4ccc(C(=O)N(C)C5CCN(C)CC5)cc4)nc23)CC1,1156,ligand_1156,idx_1155,CHEMBL5751020,ligand_1156
3eyg,ligand_1157,CHEMBL5973994,COCC1CCCN1S(=O)(=O)N1[C@@H]2CCC[C@H]1C[C@H](Nc1nc(Nc3cc(C)[nH]n3)cc3ncccc13)C2,1157,ligand_1157,idx_1156,CHEMBL5973994,ligand_1157
3eyg,ligand_1158,CHEMBL6019702,COCC1CCCN1S(=O)(=O)N1[C@@H]2CC[C@H]1C[C@H](Nc1nc(Nc3cc(C)[nH]n3)cc3ncccc13)C2,1158,ligand_1158,idx_1157,CHEMBL6019702,ligand_1158
3eyg,ligand_1159,CHEMBL6012374,COCCC(=O)N1CC=C(c2cccn3nc(Nc4ccc(C(=O)N(C)C5CCN(C)CC5)cc4)nc23)CC1,1159,ligand_1159,idx_1158,CHEMBL6012374,ligand_1159
3eyg,ligand_1160,CHEMBL5856145,COCCC(=O)N1[C@@H]2CCC[C@H]1C[C@H](N(C)c1nc(Nc3cc(C)[nH]n3)cc(O[C@@H]3CCOC3)n1)C2,1160,ligand_1160,idx_1159,CHEMBL5856145,ligand_1160
3eyg,ligand_1161,CHEMBL3916637,COCCCN1C[C@@H]2CN(C(=O)Cn3cc(NC(=O)c4cnn5cccnc45)c(-c4cc(Cl)ccc4OC(F)F)n3)C[C@@H]2C1,1161,ligand_1161,idx_1160,CHEMBL3916637,ligand_1161
3eyg,ligand_1162,CHEMBL5987058,COCCCN1[C@@H]2CCC[C@H]1C[C@H](Nc1nc(Nc3cc(C)[nH]n3)cc3ncccc13)C2,1162,ligand_1162,idx_1161,CHEMBL5987058,ligand_1162
3eyg,ligand_1163,CHEMBL6059171,COCCCN1[C@@H]2CC[C@H]1C[C@H](Nc1nc(Nc3cc(C)[nH]n3)cc3ncccc13)C2,1163,ligand_1163,idx_1162,CHEMBL6059171,ligand_1163
3eyg,ligand_1164,CHEMBL5820682,COCCN(C(=O)c1ccc(Nc2nc3c(C4=CCN(C(=O)CCC(F)(F)F)CC4)cccn3n2)cc1)C1CCN(C)CC1,1164,ligand_1164,idx_1163,CHEMBL5820682,ligand_1164
3eyg,ligand_1165,CHEMBL5759356,COCCN(C(=O)c1ccc(Nc2nc3c(N4CCC(O)(c5ccc(Cl)cc5)CC4)cccn3n2)cc1)C1CCN(C)CC1,1165,ligand_1165,idx_1164,CHEMBL5759356,ligand_1165
3eyg,ligand_1166,CHEMBL3914377,COCCN(C)C1CCN(C(=O)Cn2cc(NC(=O)c3c(N)nn4cccnc34)c(-c3cc(Cl)ccc3OC(F)F)n2)CC1,1166,ligand_1166,idx_1165,CHEMBL3914377,ligand_1166
3eyg,ligand_1167,CHEMBL3901746,COCCN(C)C1CCN(C(=O)Cn2cc(NC(=O)c3cnn4cccnc34)c(-c3cc(Cl)ccc3OC(F)F)n2)CC1,1167,ligand_1167,idx_1166,CHEMBL3901746,ligand_1167
3eyg,ligand_1168,CHEMBL3932570,COCCN1CCN(C(=O)Cn2cc(NC(=O)c3c(N)nn4cccnc34)c(-c3cc(Cl)ccc3OC(F)F)n2)CC1,1168,ligand_1168,idx_1167,CHEMBL3932570,ligand_1168
3eyg,ligand_1169,CHEMBL3913842,COCCN1CCN(C(=O)Cn2cc(NC(=O)c3cnn4cccnc34)c(-c3cc(Cl)ccc3OC(F)F)n2)CC1,1169,ligand_1169,idx_1168,CHEMBL3913842,ligand_1169
3eyg,ligand_1170,CHEMBL5770771,COCCN1CCN(C(=O)c2ccc(Nc3nc4c(C5=CCN(C(=O)CCC(F)(F)F)CC5)cccn4n3)cc2)CC1,1170,ligand_1170,idx_1169,CHEMBL5770771,ligand_1170
3eyg,ligand_1171,CHEMBL5836148,COCCN1CCN(C(=O)c2ccc(Nc3nc4c(N5CCC(O)(c6ccc(Cl)cc6)CC5)cccn4n3)cc2)CC1,1171,ligand_1171,idx_1170,CHEMBL5836148,ligand_1171
3eyg,ligand_1172,CHEMBL3957231,COCCNCCn1cc(NC(=O)c2cnn3cccnc23)c(-c2cc(Cl)ccc2OC(F)F)n1,1172,ligand_1172,idx_1171,CHEMBL3957231,ligand_1172
3eyg,ligand_1173,CHEMBL5857330,COCCOC(=O)N1[C@@H]2CCC[C@H]1C[C@H](Nc1nc(Nc3cc(C)[nH]n3)cc3ncccc13)C2,1173,ligand_1173,idx_1172,CHEMBL5857330,ligand_1173
3eyg,ligand_1174,CHEMBL5943970,COCCOC(=O)N1[C@@H]2CC[C@H]1C[C@H](Nc1nc(Nc3cc(C)[nH]n3)cc3ncccc13)C2,1174,ligand_1174,idx_1173,CHEMBL5943970,ligand_1174
3eyg,ligand_1175,CHEMBL5815993,COCCOc1cc(COC2CCN(c3cccn4nc(Nc5ccc(C(=O)N(C)C6CCN(C)CC6)cc5)nc34)CC2)ccn1,1175,ligand_1175,idx_1174,CHEMBL5815993,ligand_1175
3eyg,ligand_1176,CHEMBL5991655,COCCS(=O)(=O)N1[C@@H]2CCC[C@H]1C[C@H](N(C)c1nc(Nc3cc(CO)[nH]n3)cc(OC)n1)C2,1176,ligand_1176,idx_1175,CHEMBL5991655,ligand_1176
3eyg,ligand_1177,CHEMBL5986994,COCCS(=O)(=O)N1[C@@H]2CCC[C@H]1C[C@H](Nc1nc(Nc3cc(C)[nH]n3)cc3nc(CN4CCOCC4)ccc13)C2,1177,ligand_1177,idx_1176,CHEMBL5986994,ligand_1177
3eyg,ligand_1178,CHEMBL5983748,COCCS(=O)(=O)N1[C@@H]2CC[C@H]1C[C@H](Nc1nc(Nc3cc(C)[nH]n3)cc3ncccc13)C2,1178,ligand_1178,idx_1177,CHEMBL5983748,ligand_1178
3eyg,ligand_1179,CHEMBL2386628,CO[C@H]1CC[C@H](n2c([C@@H](C)O)nc3cnc4[nH]ccc4c32)CC1,1179,ligand_1179,idx_1178,CHEMBL2386628,ligand_1179
3eyg,ligand_1180,CHEMBL6025940,COc1cc(Nc2cc(CO)[nH]n2)nc(N(C)C2C[C@H]3CCC[C@@H](C2)N3C(=O)C(F)F)n1,1180,ligand_1180,idx_1179,CHEMBL6025940,ligand_1180
3eyg,ligand_1181,CHEMBL5915221,COc1cc(Nc2cc(CO)[nH]n2)nc(N(C)[C@@H]2C[C@H]3CCC[C@@H](C2)N3C(=O)C(F)F)n1,1181,ligand_1181,idx_1180,CHEMBL5915221,ligand_1181
3eyg,ligand_1182,CHEMBL5845505,COc1cc(Nc2cc(CO)[nH]n2)nc(N(C)[C@@H]2C[C@H]3CCC[C@@H](C2)N3C(=O)C2CC2)n1,1182,ligand_1182,idx_1181,CHEMBL5845505,ligand_1182
3eyg,ligand_1183,CHEMBL5895088,COc1cc(Nc2cc(CO)[nH]n2)nc(N(C)[C@@H]2C[C@H]3CCC[C@@H](C2)N3C(=O)C2CCC2)n1,1183,ligand_1183,idx_1182,CHEMBL5895088,ligand_1183
3eyg,ligand_1184,CHEMBL5753236,COc1cc(Nc2cc(CO)[nH]n2)nc(N(C)[C@@H]2C[C@H]3CCC[C@@H](C2)N3C(=O)C2CCCC2)n1,1184,ligand_1184,idx_1183,CHEMBL5753236,ligand_1184
3eyg,ligand_1185,CHEMBL5787533,COc1cc(Nc2cc(CO)[nH]n2)nc(N(C)[C@@H]2C[C@H]3CCC[C@@H](C2)N3C(=O)CC(C)C)n1,1185,ligand_1185,idx_1184,CHEMBL5787533,ligand_1185
3eyg,ligand_1186,CHEMBL5750757,COc1cc(Nc2cc(CO)[nH]n2)nc(N(C)[C@@H]2C[C@H]3CCC[C@@H](C2)N3C(=O)CC2CC2)n1,1186,ligand_1186,idx_1185,CHEMBL5750757,ligand_1186
3eyg,ligand_1187,CHEMBL5895600,COc1cc(Nc2cc(CO)[nH]n2)nc(N(C)[C@@H]2C[C@H]3CCC[C@@H](C2)N3C(=O)N2CCOCC2)n1,1187,ligand_1187,idx_1186,CHEMBL5895600,ligand_1187
3eyg,ligand_1188,CHEMBL5765954,COc1cc(Nc2cc(CO)[nH]n2)nc(N(C)[C@@H]2C[C@H]3CCC[C@@H](C2)N3C(=O)OCC(C)C)n1,1188,ligand_1188,idx_1187,CHEMBL5765954,ligand_1188
3eyg,ligand_1189,CHEMBL6062393,COc1cc(Nc2cc(CO)[nH]n2)nc(N(C)[C@@H]2C[C@H]3CCC[C@@H](C2)N3C(C)=O)n1,1189,ligand_1189,idx_1188,CHEMBL6062393,ligand_1189
3eyg,ligand_1190,CHEMBL6009005,COc1cc(Nc2cc(CO)[nH]n2)nc(N(C)[C@@H]2C[C@H]3CCC[C@@H](C2)N3C)n1,1190,ligand_1190,idx_1189,CHEMBL6009005,ligand_1190
3eyg,ligand_1191,CHEMBL6061440,COc1cc(Nc2cc(CO)[nH]n2)nc(N(C)[C@@H]2C[C@H]3CCC[C@@H](C2)N3C2CCC2)n1,1191,ligand_1191,idx_1190,CHEMBL6061440,ligand_1191
3eyg,ligand_1192,CHEMBL5750311,COc1cc(Nc2cc(CO)[nH]n2)nc(N(C)[C@@H]2C[C@H]3CCC[C@@H](C2)N3C2CCCC2)n1,1192,ligand_1192,idx_1191,CHEMBL5750311,ligand_1192
3eyg,ligand_1193,CHEMBL5913288,COc1cc(Nc2cc(CO)[nH]n2)nc(N(C)[C@@H]2C[C@H]3CCC[C@@H](C2)N3CC2(C#N)CC2)n1,1193,ligand_1193,idx_1192,CHEMBL5913288,ligand_1193
3eyg,ligand_1194,CHEMBL5996190,COc1cc(Nc2cc(CO)[nH]n2)nc(N(C)[C@@H]2C[C@H]3CCC[C@@H](C2)N3CC2CC2C#N)n1,1194,ligand_1194,idx_1193,CHEMBL5996190,ligand_1194
3eyg,ligand_1195,CHEMBL5766579,COc1cc(Nc2cc(CO)[nH]n2)nc(N(C)[C@@H]2C[C@H]3CCC[C@@H](C2)N3CCC#N)n1,1195,ligand_1195,idx_1194,CHEMBL5766579,ligand_1195
3eyg,ligand_1196,CHEMBL5821894,COc1cc(Nc2cc(CO)[nH]n2)nc(N(C)[C@@H]2C[C@H]3CCC[C@@H](C2)N3Cc2ccnc(C#N)c2)n1,1196,ligand_1196,idx_1195,CHEMBL5821894,ligand_1196
3eyg,ligand_1197,CHEMBL5984299,COc1cc(Nc2cc(CO)[nH]n2)nc(N(C)[C@@H]2C[C@H]3CCC[C@@H](C2)N3Cc2ccncc2)n1,1197,ligand_1197,idx_1196,CHEMBL5984299,ligand_1197
3eyg,ligand_1198,CHEMBL5817564,COc1cc(Nc2cc(CO)[nH]n2)nc(N(C)[C@@H]2C[C@H]3CCC[C@@H](C2)N3S(=O)(=O)C2CC2)n1,1198,ligand_1198,idx_1197,CHEMBL5817564,ligand_1198
3eyg,ligand_1199,CHEMBL5877692,COc1cc(Nc2cc(CO)[nH]n2)nc(N(C)[C@@H]2C[C@H]3CCC[C@@H](C2)N3S(=O)(=O)CC2CC2)n1,1199,ligand_1199,idx_1198,CHEMBL5877692,ligand_1199
3eyg,ligand_1200,CHEMBL5916191,COc1cc(Nc2cc(CO)[nH]n2)nc(N(C)[C@@H]2C[C@H]3CCC[C@@H](C2)N3S(=O)(=O)CCC#N)n1,1200,ligand_1200,idx_1199,CHEMBL5916191,ligand_1200
3eyg,ligand_1201,CHEMBL5822035,COc1cc(Nc2cc(CO)[nH]n2)nc(N(C)[C@@H]2C[C@H]3CCC[C@@H](C2)N3S(=O)(=O)N2CCC2)n1,1201,ligand_1201,idx_1200,CHEMBL5822035,ligand_1201
3eyg,ligand_1202,CHEMBL5825135,COc1cc(Nc2cc(CO)[nH]n2)nc(N(C)[C@@H]2C[C@H]3CCC[C@@H](C2)N3S(=O)(=O)c2ccccc2)n1,1202,ligand_1202,idx_1201,CHEMBL5825135,ligand_1202
3eyg,ligand_1203,CHEMBL5775207,COc1cc(Nc2cc(CO)[nH]n2)nc(N(C)[C@@H]2C[C@H]3CCC[C@@H](C2)N3S(=O)(=O)c2cccnc2)n1,1203,ligand_1203,idx_1202,CHEMBL5775207,ligand_1203
3eyg,ligand_1204,CHEMBL5838176,COc1cc(Nc2cc(CO)[nH]n2)nc(N(C)[C@@H]2C[C@H]3CCC[C@@H](C2)N3S(=O)(=O)c2cncc(F)c2)n1,1204,ligand_1204,idx_1203,CHEMBL5838176,ligand_1204
3eyg,ligand_1205,CHEMBL5783275,COc1cc(Nc2cc(CO)[nH]n2)nc(N(C)[C@@H]2C[C@H]3CCC[C@@H](C2)N3S(C)(=O)=O)n1,1205,ligand_1205,idx_1204,CHEMBL5783275,ligand_1205
3eyg,ligand_1206,CHEMBL5832163,COc1cc(Nc2cc(CO)[nH]n2)nc(N(C)[C@@H]2C[C@H]3CC[C@@H](C2)N3CCC#N)n1,1206,ligand_1206,idx_1205,CHEMBL5832163,ligand_1206
3eyg,ligand_1207,CHEMBL5944873,COc1cc(Nc2cc(CO)[nH]n2)nc(N(C)[C@@H]2C[C@H]3CC[C@@H](C2)N3S(=O)(=O)N2CC(C#N)C2)n1,1207,ligand_1207,idx_1206,CHEMBL5944873,ligand_1207
3eyg,ligand_1208,CHEMBL5931055,COc1cc(Nc2cc(CO)[nH]n2)nc(N(C)[C@@H]2C[C@H]3CC[C@@H](C2)N3S(=O)(=O)N2CCC2)n1,1208,ligand_1208,idx_1207,CHEMBL5931055,ligand_1208
3eyg,ligand_1209,CHEMBL5987404,COc1cc(Nc2cc(CO)[nH]n2)nc(N[C@@H]2C[C@H]3CCC[C@@H](C2)N3C(=O)C(F)F)n1,1209,ligand_1209,idx_1208,CHEMBL5987404,ligand_1209
3eyg,ligand_1210,CHEMBL5965228,COc1cc(Nc2cc(CO)[nH]n2)nc(N[C@@H]2C[C@H]3CCC[C@@H](C2)N3Cc2ccc(C#N)nc2)n1,1210,ligand_1210,idx_1209,CHEMBL5965228,ligand_1210
3eyg,ligand_1211,CHEMBL5758900,COc1cc(Nc2cc(CO)[nH]n2)nc(N[C@@H]2C[C@H]3CCC[C@@H](C2)N3Cc2cccnc2)n1,1211,ligand_1211,idx_1210,CHEMBL5758900,ligand_1211
3eyg,ligand_1212,CHEMBL5840833,COc1cc(Nc2cc(CO)[nH]n2)nc(N[C@@H]2C[C@H]3CCC[C@@H](C2)N3Cc2ccnc(C#N)c2)n1,1212,ligand_1212,idx_1211,CHEMBL5840833,ligand_1212
3eyg,ligand_1213,CHEMBL5884418,COc1cc(Nc2cc(CO)[nH]n2)nc(N[C@@H]2C[C@H]3CCC[C@@H](C2)N3Cc2ccncc2)n1,1213,ligand_1213,idx_1212,CHEMBL5884418,ligand_1213
3eyg,ligand_1214,CHEMBL6018253,COc1cc(Nc2cc(CO)[nH]n2)nc(N[C@@H]2C[C@H]3CCC[C@@H](C2)N3S(=O)(=O)C2CC2)n1,1214,ligand_1214,idx_1213,CHEMBL6018253,ligand_1214
3eyg,ligand_1215,CHEMBL5930742,COc1cc(Nc2cc(CO)[nH]n2)nc(N[C@@H]2C[C@H]3CCC[C@@H](C2)N3S(=O)(=O)CC2CC2)n1,1215,ligand_1215,idx_1214,CHEMBL5930742,ligand_1215
3eyg,ligand_1216,CHEMBL5893440,COc1cc(Nc2cc(CO)[nH]n2)nc(N[C@@H]2C[C@H]3CCC[C@@H](C2)N3S(=O)(=O)N2CCC2)n1,1216,ligand_1216,idx_1215,CHEMBL5893440,ligand_1216
3eyg,ligand_1217,CHEMBL5937258,COc1cc(Nc2cc(CO)[nH]n2)nc(N[C@@H]2C[C@H]3CCC[C@@H](C2)N3S(=O)(=O)c2cccnc2)n1,1217,ligand_1217,idx_1216,CHEMBL5937258,ligand_1217
3eyg,ligand_1218,CHEMBL6018910,COc1cc(Nc2cc(CO)[nH]n2)nc(N[C@@H]2C[C@H]3CCC[C@@H](C2)N3S(=O)(=O)c2cncc(F)c2)n1,1218,ligand_1218,idx_1217,CHEMBL6018910,ligand_1218
3eyg,ligand_1219,CHEMBL5906352,COc1cc(Nc2cc(CO)[nH]n2)nc(N[C@@H]2C[C@H]3CC[C@@H](C2)N3Cc2ccncc2)n1,1219,ligand_1219,idx_1218,CHEMBL5906352,ligand_1219
3eyg,ligand_1220,CHEMBL6034434,COc1cc(Nc2cc(CO)[nH]n2)nc(N[C@@H]2C[C@H]3CC[C@@H](C2)N3S(=O)(=O)N2CC(C#N)C2)n1,1220,ligand_1220,idx_1219,CHEMBL6034434,ligand_1220
3eyg,ligand_1221,CHEMBL5940876,COc1cc(Nc2cc(CO)[nH]n2)nc(N[C@@H]2C[C@H]3CC[C@@H](C2)N3S(=O)(=O)N2CCC2)n1,1221,ligand_1221,idx_1220,CHEMBL5940876,ligand_1221
3eyg,ligand_1222,CHEMBL5761574,COc1cc(Nc2cc(CO)[nH]n2)nc(N[C@@H]2C[C@H]3CC[C@@H](C2)N3S(=O)(=O)c2ccccc2)n1,1222,ligand_1222,idx_1221,CHEMBL5761574,ligand_1222
3eyg,ligand_1223,CHEMBL5761574,COc1cc(Nc2cc(CO)[nH]n2)nc(N[C@@H]2C[C@H]3CC[C@@H](C2)N3S(=O)(=O)c2ccccc2)n1,1223,ligand_1223,idx_1222,CHEMBL5761574,ligand_1223
3eyg,ligand_1224,CHEMBL5833272,COc1cc(Nc2cc(CO)[nH]n2)nc(N[C@@H]2C[C@H]3CC[C@@H](C2)N3S(=O)(=O)c2cccnc2)n1,1224,ligand_1224,idx_1223,CHEMBL5833272,ligand_1224
3eyg,ligand_1225,CHEMBL6015495,COc1cc2[nH]cnc2cc1-c1n[nH]cc1NC(=O)c1cnn2cccnc12,1225,ligand_1225,idx_1224,CHEMBL6015495,ligand_1225
3eyg,ligand_1226,CHEMBL4755725,COc1cc2[nH]ncc2cc1-c1n[nH]cc1NC(=O)c1cnn2cccnc12,1226,ligand_1226,idx_1225,CHEMBL4755725,ligand_1226
3eyg,ligand_1227,CHEMBL5875835,COc1cc2c(cc1-c1n[nH]cc1NC(=O)c1cnn3cccnc13)CCC2,1227,ligand_1227,idx_1226,CHEMBL5875835,ligand_1227
3eyg,ligand_1228,CHEMBL5926807,COc1cc2cc(C)sc2cc1-c1n[nH]cc1NC(=O)c1cnn2cccnc12,1228,ligand_1228,idx_1227,CHEMBL5926807,ligand_1228
3eyg,ligand_1229,CHEMBL4742382,COc1cc2ccccc2cc1-c1n[nH]cc1NC(=O)c1cnn2cccnc12,1229,ligand_1229,idx_1228,CHEMBL4742382,ligand_1229
3eyg,ligand_1230,CHEMBL5863597,COc1cc2ccsc2cc1-c1n[nH]cc1NC(=O)c1cnn2cccnc12,1230,ligand_1230,idx_1229,CHEMBL5863597,ligand_1230
3eyg,ligand_1231,CHEMBL5782235,COc1cc2ccsc2cc1-c1nn(CC(=O)N2CCC(N3CCOCC3)CC2)cc1NC(=O)c1cnn2cccnc12,1231,ligand_1231,idx_1230,CHEMBL5782235,ligand_1231
3eyg,ligand_1232,CHEMBL5922722,COc1cc2cnccc2cc1-c1n[nH]cc1NC(=O)c1cnn2cccnc12,1232,ligand_1232,idx_1231,CHEMBL5922722,ligand_1232
3eyg,ligand_1233,CHEMBL5975660,COc1cc2cnsc2cc1-c1n[nH]cc1NC(=O)c1cnn2cccnc12,1233,ligand_1233,idx_1232,CHEMBL5975660,ligand_1233
3eyg,ligand_1234,CHEMBL5967705,COc1cc2sc(C#N)cc2cc1-c1n[nH]cc1NC(=O)c1cnn2cccnc12,1234,ligand_1234,idx_1233,CHEMBL5967705,ligand_1234
3eyg,ligand_1235,CHEMBL5981136,COc1cc2sc(C(N)=O)cc2cc1-c1n[nH]cc1NC(=O)c1cnn2cccnc12,1235,ligand_1235,idx_1234,CHEMBL5981136,ligand_1235
3eyg,ligand_1236,CHEMBL5765461,COc1cc2sccc2cc1-c1[nH]ncc1NC(=O)c1cnn2cccnc12,1236,ligand_1236,idx_1235,CHEMBL5765461,ligand_1236
3eyg,ligand_1237,CHEMBL5953695,COc1cc2sncc2cc1-c1n[nH]cc1NC(=O)c1cnn2cccnc12,1237,ligand_1237,idx_1236,CHEMBL5953695,ligand_1237
3eyg,ligand_1238,CHEMBL3667524,COc1ccc(C#N)cc1-c1nn(CC2(O)CCCC2)cc1NC(=O)c1cnn2cccnc12,1238,ligand_1238,idx_1237,CHEMBL3667524,ligand_1238
3eyg,ligand_1239,CHEMBL3667517,COc1ccc(C#N)cc1-c1nn(Cc2nncn2C)cc1NC(=O)c1cnn2cccnc12,1239,ligand_1239,idx_1238,CHEMBL3667517,ligand_1239
3eyg,ligand_1240,CHEMBL5996209,COc1ccc(C2(O)CCN(c3cccn4nc(Nc5ccc(C(=O)N(C)C6CCN(C)CC6)cc5)nc34)CC2)cc1,1240,ligand_1240,idx_1239,CHEMBL5996209,ligand_1240
3eyg,ligand_1241,CHEMBL3966370,COc1ccc(CCN(C)C2CCN(C(=O)Cn3cc(NC(=O)c4cnn5cccnc45)c(-c4cc(Cl)ccc4OC(F)F)n3)CC2)cc1,1241,ligand_1241,idx_1240,CHEMBL3966370,ligand_1241
3eyg,ligand_1242,CHEMBL6000071,COc1ccc(CO[C@H]2[C@@H]3CC[C@H]2CN(c2cccn4nc(Nc5cnn(CC(=O)N6CCN(C)CC6)c5)nc24)C3)cc1,1242,ligand_1242,idx_1241,CHEMBL6000071,ligand_1242
3eyg,ligand_1243,CHEMBL3667521,COc1ccc(Cl)cc1-c1c(NC(=O)c2c(N)nn3cccnc23)cnn1CC(N)=O,1243,ligand_1243,idx_1242,CHEMBL3667521,ligand_1243
3eyg,ligand_1244,CHEMBL3667515,COc1ccc(Cl)cc1-c1c(NC(=O)c2cnn3cccnc23)cnn1CCO,1244,ligand_1244,idx_1243,CHEMBL3667515,ligand_1244
3eyg,ligand_1245,CHEMBL3667519,COc1ccc(Cl)cc1-c1nc(C)sc1NC(=O)c1cnn2cccnc12,1245,ligand_1245,idx_1244,CHEMBL3667519,ligand_1245
3eyg,ligand_1246,CHEMBL4788474,COc1ccc(Cl)cc1-c1nn(C)cc1NC(=O)c1cncc2c[nH]nc12,1246,ligand_1246,idx_1245,CHEMBL4788474,ligand_1246
3eyg,ligand_1247,CHEMBL4781423,COc1ccc(Cl)cc1-c1nn(C)cc1NC(=O)c1cncc2cn(C)nc12,1247,ligand_1247,idx_1246,CHEMBL4781423,ligand_1247
3eyg,ligand_1248,CHEMBL3667523,COc1ccc(Cl)cc1-c1nn(CC(=O)N2CC=CCC2)cc1NC(=O)c1cnn2cccnc12,1248,ligand_1248,idx_1247,CHEMBL3667523,ligand_1248
3eyg,ligand_1249,CHEMBL3667522,COc1ccc(Cl)cc1-c1nn(CC(=O)N2CCCC2C)cc1NC(=O)c1cnn2cccnc12,1249,ligand_1249,idx_1248,CHEMBL3667522,ligand_1249
3eyg,ligand_1250,CHEMBL3639663,COc1ccc(Cl)cc1-c1nn(CC(O)(C(F)(F)F)C(F)(F)F)cc1NC(=O)c1cnn2cccnc12,1250,ligand_1250,idx_1249,CHEMBL3639663,ligand_1250
3eyg,ligand_1251,CHEMBL3667525,COc1ccc(F)cc1-c1nn(CC2(O)CCOCC2)cc1NC(=O)c1cnn2cccnc12,1251,ligand_1251,idx_1250,CHEMBL3667525,ligand_1251
3eyg,ligand_1252,CHEMBL5814737,COc1ccc2c(N[C@@H]3C[C@H]4CC[C@@H](C3)N4C(=O)C3(C(F)(F)F)CC3)nc(Nc3cc(C)[nH]n3)cc2n1,1252,ligand_1252,idx_1251,CHEMBL5814737,ligand_1252
3eyg,ligand_1253,CHEMBL6055176,COc1ccc2c(N[C@@H]3C[C@H]4CC[C@@H](C3)N4CC(C)C)nc(Nc3cc(C)[nH]n3)cc2n1,1253,ligand_1253,idx_1252,CHEMBL6055176,ligand_1253
3eyg,ligand_1254,CHEMBL5854861,COc1ccc2c(N[C@@H]3C[C@H]4CC[C@@H](C3)N4CC(F)(F)F)nc(Nc3cc(C)[nH]n3)cc2n1,1254,ligand_1254,idx_1253,CHEMBL5854861,ligand_1254
3eyg,ligand_1255,CHEMBL5964616,COc1ccc2c(N[C@@H]3C[C@H]4CC[C@@H](C3)N4CCC#N)nc(Nc3cc(C)[nH]n3)cc2n1,1255,ligand_1255,idx_1254,CHEMBL5964616,ligand_1255
3eyg,ligand_1256,CHEMBL5760639,COc1ccc2c(N[C@@H]3C[C@H]4CC[C@@H](C3)N4CCCC#N)nc(Nc3cc(C)[nH]n3)cc2n1,1256,ligand_1256,idx_1255,CHEMBL5760639,ligand_1256
3eyg,ligand_1257,CHEMBL5848296,COc1ccc2c(N[C@@H]3C[C@H]4CC[C@@H](C3)N4CCCF)nc(Nc3cc(C)[nH]n3)cc2n1,1257,ligand_1257,idx_1256,CHEMBL5848296,ligand_1257
3eyg,ligand_1258,CHEMBL5754992,COc1ccc2c(N[C@@H]3C[C@H]4CC[C@@H](C3)N4CCF)nc(Nc3cc(C)[nH]n3)cc2n1,1258,ligand_1258,idx_1257,CHEMBL5754992,ligand_1258
3eyg,ligand_1259,CHEMBL5928345,COc1ccc2c(N[C@@H]3C[C@H]4CC[C@@H](C3)N4S(C)(=O)=O)nc(Nc3cc(C)[nH]n3)cc2n1,1259,ligand_1259,idx_1258,CHEMBL5928345,ligand_1259
3eyg,ligand_1260,CHEMBL5815300,COc1ccn2ncc(C(=O)Nc3c[nH]nc3-c3cc(Cl)ccc3OC(F)F)c2n1,1260,ligand_1260,idx_1259,CHEMBL5815300,ligand_1260
3eyg,ligand_1261,CHEMBL5761865,COc1ccnc2cc(Nc3cc(C)[nH]n3)nc(N[C@@H]3C[C@H]4CC[C@@H](C3)N4C(=O)C(F)F)c12,1261,ligand_1261,idx_1260,CHEMBL5761865,ligand_1261
3eyg,ligand_1262,CHEMBL5815827,COc1ccnc2cc(Nc3cc(C)[nH]n3)nc(N[C@@H]3C[C@H]4CC[C@@H](C3)N4C(=O)CN(C)C)c12,1262,ligand_1262,idx_1261,CHEMBL5815827,ligand_1262
3eyg,ligand_1263,CHEMBL6045109,COc1ccnc2cc(Nc3cc(C)[nH]n3)nc(N[C@@H]3C[C@H]4CC[C@@H](C3)N4C(=O)OCC(C)C)c12,1263,ligand_1263,idx_1262,CHEMBL6045109,ligand_1263
3eyg,ligand_1264,CHEMBL5842828,COc1ccnc2cc(Nc3cc(C)[nH]n3)nc(N[C@@H]3C[C@H]4CC[C@@H](C3)N4C3(C#N)COC3)c12,1264,ligand_1264,idx_1263,CHEMBL5842828,ligand_1264
3eyg,ligand_1265,CHEMBL5954283,COc1ccnc2cc(Nc3cc(C)[nH]n3)nc(N[C@@H]3C[C@H]4CC[C@@H](C3)N4CC(F)(F)F)c12,1265,ligand_1265,idx_1264,CHEMBL5954283,ligand_1265
3eyg,ligand_1266,CHEMBL5879753,COc1ccnc2cc(Nc3cc(C)[nH]n3)nc(N[C@@H]3C[C@H]4CC[C@@H](C3)N4CC(F)F)c12,1266,ligand_1266,idx_1265,CHEMBL5879753,ligand_1266
3eyg,ligand_1267,CHEMBL5848780,COc1ccnc2cc(Nc3cc(C)[nH]n3)nc(N[C@@H]3C[C@H]4CC[C@@H](C3)N4CCC#N)c12,1267,ligand_1267,idx_1266,CHEMBL5848780,ligand_1267
3eyg,ligand_1268,CHEMBL5785991,COc1ccnc2cc(Nc3cc(C)[nH]n3)nc(N[C@@H]3C[C@H]4CC[C@@H](C3)N4CCF)c12,1268,ligand_1268,idx_1267,CHEMBL5785991,ligand_1268
3eyg,ligand_1269,CHEMBL3667516,COc1cnc(C(F)(F)F)cc1-c1nn(CC(C)(C)O)cc1NC(=O)c1cnn2cccnc12,1269,ligand_1269,idx_1268,CHEMBL3667516,ligand_1269
3eyg,ligand_1270,CHEMBL5939385,COc1cnc2cc(Nc3cc(C)[nH]n3)nc(N[C@@H]3C[C@H]4CCC[C@@H](C3)N4C(=O)C(C)SO)c2c1,1270,ligand_1270,idx_1269,CHEMBL5939385,ligand_1270
3eyg,ligand_1271,CHEMBL5857646,COc1cnc2cc(Nc3cc(C)[nH]n3)nc(N[C@@H]3C[C@H]4CCC[C@@H](C3)N4C(=O)CN(C)C)c2c1,1271,ligand_1271,idx_1270,CHEMBL5857646,ligand_1271
3eyg,ligand_1272,CHEMBL5839828,COc1cnc2cc(Nc3cc(C)[nH]n3)nc(N[C@@H]3C[C@H]4CCC[C@@H](C3)N4C(=O)OC(C)SO)c2c1,1272,ligand_1272,idx_1271,CHEMBL5839828,ligand_1272
3eyg,ligand_1273,CHEMBL5993634,COc1cnc2cc(Nc3cc(C)[nH]n3)nc(N[C@@H]3C[C@H]4CCC[C@@H](C3)N4CCC#N)c2c1,1273,ligand_1273,idx_1272,CHEMBL5993634,ligand_1273
3eyg,ligand_1274,CHEMBL6012138,COc1cnc2cc(Nc3cc(C)[nH]n3)nc(N[C@@H]3C[C@H]4CCC[C@@H](C3)N4CCCF)c2c1,1274,ligand_1274,idx_1273,CHEMBL6012138,ligand_1274
3eyg,ligand_1275,CHEMBL5847416,COc1cnc2cc(Nc3cc(C)[nH]n3)nc(N[C@@H]3C[C@H]4CCC[C@@H](C3)N4Cc3ccncc3)c2c1,1275,ligand_1275,idx_1274,CHEMBL5847416,ligand_1275
3eyg,ligand_1276,CHEMBL5867893,COc1cnc2cc(Nc3cc(C)[nH]n3)nc(N[C@@H]3C[C@H]4CCC[C@@H](C3)N4S(C)(=O)=O)c2c1,1276,ligand_1276,idx_1275,CHEMBL5867893,ligand_1276
3eyg,ligand_1277,CHEMBL5871165,COc1cnc2cc(Nc3cc(C)[nH]n3)nc(N[C@@H]3C[C@H]4CC[C@@H](C3)N4C(=O)OC(C)C)c2c1,1277,ligand_1277,idx_1276,CHEMBL5871165,ligand_1277
3eyg,ligand_1278,CHEMBL6060519,COc1cnc2cc(Nc3cc(C)[nH]n3)nc(N[C@@H]3C[C@H]4CC[C@@H](C3)N4C(=O)OCC(C)C)c2c1,1278,ligand_1278,idx_1277,CHEMBL6060519,ligand_1278
3eyg,ligand_1279,CHEMBL5925950,COc1cnc2cc(Nc3cc(C)[nH]n3)nc(N[C@@H]3C[C@H]4CC[C@@H](C3)N4CC(C)C)c2c1,1279,ligand_1279,idx_1278,CHEMBL5925950,ligand_1279
3eyg,ligand_1280,CHEMBL5990313,COc1cnc2cc(Nc3cc(C)[nH]n3)nc(N[C@@H]3C[C@H]4CC[C@@H](C3)N4CC(F)(F)F)c2c1,1280,ligand_1280,idx_1279,CHEMBL5990313,ligand_1280
3eyg,ligand_1281,CHEMBL5963197,COc1cnc2cc(Nc3cc(C)[nH]n3)nc(N[C@@H]3C[C@H]4CC[C@@H](C3)N4CCC#N)c2c1,1281,ligand_1281,idx_1280,CHEMBL5963197,ligand_1281
3eyg,ligand_1282,CHEMBL5811874,COc1cnc2cc(Nc3cc(C)[nH]n3)nc(N[C@@H]3C[C@H]4CC[C@@H](C3)N4CCC(F)(F)F)c2c1,1282,ligand_1282,idx_1281,CHEMBL5811874,ligand_1282
3eyg,ligand_1283,CHEMBL6061112,COc1cnc2cc(Nc3cc(C)[nH]n3)nc(N[C@@H]3C[C@H]4CC[C@@H](C3)N4CCCC#N)c2c1,1283,ligand_1283,idx_1282,CHEMBL6061112,ligand_1283
3eyg,ligand_1284,CHEMBL5741454,COc1cnc2cc(Nc3cc(C)[nH]n3)nc(N[C@@H]3C[C@H]4CC[C@@H](C3)N4CCCF)c2c1,1284,ligand_1284,idx_1283,CHEMBL5741454,ligand_1284
3eyg,ligand_1285,CHEMBL5761749,COc1cnc2cc(Nc3cc(C)[nH]n3)nc(N[C@@H]3C[C@H]4CC[C@@H](C3)N4CCF)c2c1,1285,ligand_1285,idx_1284,CHEMBL5761749,ligand_1285
3eyg,ligand_1286,CHEMBL5938591,COc1cnc2cc(Nc3cc(C)[nH]n3)nc(N[C@@H]3C[C@H]4CC[C@@H](C3)N4Cc3ccncc3)c2c1,1286,ligand_1286,idx_1285,CHEMBL5938591,ligand_1286
3eyg,ligand_1287,CHEMBL5840570,COc1cnc2cc(Nc3cc(C)[nH]n3)nc(N[C@@H]3C[C@H]4CC[C@@H](C3)N4S(=O)(=O)CC3(C#N)CC3)c2c1,1287,ligand_1287,idx_1286,CHEMBL5840570,ligand_1287
3eyg,ligand_1288,CHEMBL5916497,COc1cnc2cc(Nc3cc(C)[nH]n3)nc(N[C@@H]3C[C@H]4CC[C@@H](C3)N4S(=O)(=O)CCC#N)c2c1,1288,ligand_1288,idx_1287,CHEMBL5916497,ligand_1288
3eyg,ligand_1289,CHEMBL5761377,COc1cnc2cc(Nc3cc(C)[nH]n3)nc(N[C@@H]3C[C@H]4CC[C@@H](C3)N4S(=O)(=O)CCCC#N)c2c1,1289,ligand_1289,idx_1288,CHEMBL5761377,ligand_1289
3eyg,ligand_1290,CHEMBL6057341,COc1cnc2cc(Nc3cc(C)[nH]n3)nc(N[C@@H]3C[C@H]4CC[C@@H](C3)N4S(=O)(=O)N3CC(C#N)C3)c2c1,1290,ligand_1290,idx_1289,CHEMBL6057341,ligand_1290
3eyg,ligand_1291,CHEMBL5825687,COc1cnc2cc(Nc3cc(C)[nH]n3)nc(N[C@@H]3C[C@H]4CC[C@@H](C3)N4S(=O)(=O)c3ccncc3)c2c1,1291,ligand_1291,idx_1290,CHEMBL5825687,ligand_1291
3eyg,ligand_1292,CHEMBL3667518,COc1ncc(C#N)cc1-c1n[nH]cc1NC(=O)c1cnn2cccnc12,1292,ligand_1292,idx_1291,CHEMBL3667518,ligand_1292
3eyg,ligand_1293,CHEMBL3667529,COc1ncc(Cl)cc1-c1nn(CC(=O)N(C)C)cc1NC(=O)c1cnn2cccnc12,1293,ligand_1293,idx_1292,CHEMBL3667529,ligand_1293
3eyg,ligand_1294,CHEMBL3979537,CS(=O)(=O)CCCN1CCC(n2cc(NC(=O)c3c(N)nn4cccnc34)c(-c3cc(Cl)ccc3OC(F)F)n2)CC1,1294,ligand_1294,idx_1293,CHEMBL3979537,ligand_1294
3eyg,ligand_1295,CHEMBL3926308,CS(=O)(=O)CCCN1C[C@@H]2CN(C(=O)Cn3cc(NC(=O)c4cnn5cccnc45)c(-c4cc(Cl)ccc4OC(F)F)n3)C[C@@H]2C1,1295,ligand_1295,idx_1294,CHEMBL3926308,ligand_1295
3eyg,ligand_1296,CHEMBL3928370,CS(=O)(=O)CCN1CCN(C(=O)Cn2cc(NC(=O)c3cnn4cccnc34)c(-c3cc(Cl)ccc3OC(F)F)n2)CC1,1296,ligand_1296,idx_1295,CHEMBL3928370,ligand_1296
3eyg,ligand_1297,CHEMBL3904982,CS(=O)(=O)CCN1C[C@@H]2CN(C(=O)Cn3cc(NC(=O)c4cnn5cccnc45)c(-c4cc(Cl)ccc4OC(F)F)n3)C[C@@H]2C1,1297,ligand_1297,idx_1296,CHEMBL3904982,ligand_1297
3eyg,ligand_1298,CHEMBL3890487,CS(=O)(=O)N1CCC(CN2C[C@@H]3CN(C(=O)Cn4cc(NC(=O)c5cnn6cccnc56)c(-c5cc(Cl)ccc5OC(F)F)n4)C[C@@H]3C2)CC1,1298,ligand_1298,idx_1297,CHEMBL3890487,ligand_1298
3eyg,ligand_1299,CHEMBL2152398,CS(=O)(=O)N1CCC(n2cnc3cnc4[nH]ccc4c32)CC1,1299,ligand_1299,idx_1298,CHEMBL2152398,ligand_1299
3eyg,ligand_1300,CHEMBL2392489,CS(=O)(=O)N1CCC(n2nnc3cnc4[nH]ccc4c32)CC1,1300,ligand_1300,idx_1299,CHEMBL2392489,ligand_1300
3eyg,ligand_1301,CHEMBL2206639,CS(=O)(=O)NCCc1nc2cnc3[nH]ccc3c2n1C1CC2CCC1C2,1301,ligand_1301,idx_1300,CHEMBL2206639,ligand_1301
3eyg,ligand_1302,CHEMBL2206634,CS(=O)(=O)NCCc1nc2cnc3[nH]ccc3c2n1C1CCCCC1,1302,ligand_1302,idx_1301,CHEMBL2206634,ligand_1302
3eyg,ligand_1303,CHEMBL2206624,CS(=O)(=O)NCCc1nc2cnc3[nH]ccc3c2n1C1CCN(CCC#N)CC1,1303,ligand_1303,idx_1302,CHEMBL2206624,ligand_1303
3eyg,ligand_1304,CHEMBL2206638,CS(=O)(=O)NCc1nc2cnc3[nH]ccc3c2n1C1CC2CCC1C2,1304,ligand_1304,idx_1303,CHEMBL2206638,ligand_1304
3eyg,ligand_1305,CHEMBL2206630,CS(=O)(=O)NCc1nc2cnc3[nH]ccc3c2n1C1CC2CCC1O2,1305,ligand_1305,idx_1304,CHEMBL2206630,ligand_1305
3eyg,ligand_1306,CHEMBL2206635,CS(=O)(=O)NCc1nc2cnc3[nH]ccc3c2n1C1CCCC1,1306,ligand_1306,idx_1305,CHEMBL2206635,ligand_1306
3eyg,ligand_1307,CHEMBL2206633,CS(=O)(=O)NCc1nc2cnc3[nH]ccc3c2n1C1CCCCC1,1307,ligand_1307,idx_1306,CHEMBL2206633,ligand_1307
3eyg,ligand_1308,CHEMBL2206636,CS(=O)(=O)NCc1nc2cnc3[nH]ccc3c2n1C1CCCCCC1,1308,ligand_1308,idx_1307,CHEMBL2206636,ligand_1308
3eyg,ligand_1309,CHEMBL2206627,CS(=O)(=O)NCc1nc2cnc3[nH]ccc3c2n1C1CCCOC1,1309,ligand_1309,idx_1308,CHEMBL2206627,ligand_1309
3eyg,ligand_1310,CHEMBL2206629,CS(=O)(=O)NCc1nc2cnc3[nH]ccc3c2n1C1CCCSC1,1310,ligand_1310,idx_1309,CHEMBL2206629,ligand_1310
3eyg,ligand_1311,CHEMBL2206626,CS(=O)(=O)NCc1nc2cnc3[nH]ccc3c2n1C1CCN(CC(F)(F)F)CC1,1311,ligand_1311,idx_1310,CHEMBL2206626,ligand_1311
3eyg,ligand_1312,CHEMBL2206621,CS(=O)(=O)NCc1nc2cnc3[nH]ccc3c2n1C1CCN(CCC#N)CC1,1312,ligand_1312,idx_1311,CHEMBL2206621,ligand_1312
3eyg,ligand_1313,CHEMBL2206628,CS(=O)(=O)NCc1nc2cnc3[nH]ccc3c2n1[C@@H]1CCC[C@@H](O)C1,1313,ligand_1313,idx_1312,CHEMBL2206628,ligand_1313
3eyg,ligand_1314,CHEMBL2206059,CS(=O)(=O)NCc1nc2cnc3[nH]ccc3c2n1[C@@H]1C[C@H]2CC[C@@H]1C2,1314,ligand_1314,idx_1313,CHEMBL2206059,ligand_1314
3eyg,ligand_1315,CHEMBL2206058,CS(=O)(=O)NCc1nc2cnc3[nH]ccc3c2n1[C@H]1C[C@@H]2CC[C@H]1C2,1315,ligand_1315,idx_1314,CHEMBL2206058,ligand_1315
3eyg,ligand_1316,CHEMBL2152422,CS(=O)(=O)N[C@H]1CC[C@H](n2cnc3cnc4[nH]ccc4c32)CC1,1316,ligand_1316,idx_1315,CHEMBL2152422,ligand_1316
3eyg,ligand_1317,CHEMBL6024693,CSC(C)C(=O)N1[C@@H]2CCC[C@H]1C[C@H](Nc1nc(Nc3cc(C)[nH]n3)cc3ncccc13)C2,1317,ligand_1317,idx_1316,CHEMBL6024693,ligand_1317
3eyg,ligand_1318,CHEMBL6005697,CSC1CCN(C(=O)N2C3CCC2CN(c2cccn4nc(Nc5cnn(CC(=O)N6CCN(C)CC6)c5)nc24)C3)C1,1318,ligand_1318,idx_1317,CHEMBL6005697,ligand_1318
3eyg,ligand_1319,CHEMBL5922627,CSC1CCN(C(=O)N2C3CCC2CN(c2cccn4nc(Nc5cnn(CC(=O)N6CCN(C)CC6)c5)nc24)C3)CC1,1319,ligand_1319,idx_1318,CHEMBL5922627,ligand_1319
3eyg,ligand_1320,CHEMBL5833692,CSC1CN(C(=O)N2C3CCC2CN(c2cccn4nc(Nc5cnn(CC(=O)N6CCN(C)CC6)c5)nc24)C3)C1,1320,ligand_1320,idx_1319,CHEMBL5833692,ligand_1320
3eyg,ligand_1321,CHEMBL5840784,CSCCCC(=O)N1C2CCC1CN(c1cccn3nc(Nc4cnn(CC(=O)N5CCN(C)CC5)c4)nc13)C2,1321,ligand_1321,idx_1320,CHEMBL5840784,ligand_1321
3eyg,ligand_1322,CHEMBL3912919,CSCCN1CCN(C(=O)Cn2cc(NC(=O)c3cnn4cccnc34)c(-c3cc(Cl)ccc3OC(F)F)n2)CC1,1322,ligand_1322,idx_1321,CHEMBL3912919,ligand_1322
3eyg,ligand_1323,CHEMBL5792574,CSCCN1CCN(C(=O)Cn2cc(Nc3nc4c(N5CC6CCC(C5)N6C(=O)C5CC(C(F)(F)F)C5)cccn4n3)cn2)CC1,1323,ligand_1323,idx_1322,CHEMBL5792574,ligand_1323
3eyg,ligand_1324,CHEMBL5983989,CSCCN1CCN(C(=O)Cn2cc(Nc3nc4c(N5CC6CCC(C5)N6C(=O)N5CC(C(F)(F)F)C5)cccn4n3)cn2)CC1,1324,ligand_1324,idx_1323,CHEMBL5983989,ligand_1324
3eyg,ligand_1325,CHEMBL3958243,CSCCNCCn1cc(NC(=O)c2cnn3cccnc23)c(-c2cc(Cl)ccc2OC(F)F)n1,1325,ligand_1325,idx_1324,CHEMBL3958243,ligand_1325
3eyg,ligand_1326,CHEMBL3945907,CSCCOC(=O)CNCCn1cc(NC(=O)c2cnn3cccnc23)c(-c2cc(Cl)ccc2OC(F)F)n1,1326,ligand_1326,idx_1325,CHEMBL3945907,ligand_1326
3eyg,ligand_1327,CHEMBL5997510,CSc1ccc(C(=O)N2C3CCC2CN(c2cccn4nc(Nc5cnn(CC(=O)N6CCN(C)CC6)c5)nc24)C3)cc1,1327,ligand_1327,idx_1326,CHEMBL5997510,ligand_1327
3eyg,ligand_1328,CHEMBL5945241,CSc1ccc(C2(CO)CCN(c3cccn4nc(Nc5ccc(C(=O)N(C)C6CCN(C)CC6)cc5)nc34)CC2)cc1,1328,ligand_1328,idx_1327,CHEMBL5945241,ligand_1328
3eyg,ligand_1329,CHEMBL3935161,CSc1ccc(CNCCn2cc(NC(=O)c3cnn4cccnc34)c(-c3cc(Cl)ccc3OC(F)F)n2)cc1,1329,ligand_1329,idx_1328,CHEMBL3935161,ligand_1329
3eyg,ligand_1330,CHEMBL5268404,CSc1ccc(OC(F)F)c(-c2n[nH]cc2NC(=O)c2cnc3cccnn23)c1,1330,ligand_1330,idx_1329,CHEMBL5268404,ligand_1330
3eyg,ligand_1331,CHEMBL6039124,CSc1ccc(S(=O)(=O)N2C3CCC2CN(c2cccn4nc(Nc5cnn(CC(=O)N6CCN(C)CC6)c5)nc24)C3)cc1,1331,ligand_1331,idx_1330,CHEMBL6039124,ligand_1331
3eyg,ligand_1332,CHEMBL5844963,CSc1cccc(C(=O)N2C3CCC2CN(c2cccn4nc(Nc5cnn(CC(=O)N6CCN(C)CC6)c5)nc24)C3)c1,1332,ligand_1332,idx_1331,CHEMBL5844963,ligand_1332
3eyg,ligand_1333,CHEMBL5763764,CSc1cccc(S(=O)(=O)N2C3CCC2CN(c2cccn4nc(Nc5cnn(CC(=O)N6CCN(C)CC6)c5)nc24)C3)c1,1333,ligand_1333,idx_1332,CHEMBL5763764,ligand_1333
3eyg,ligand_1334,CHEMBL5870990,CSc1ccccc1C(=O)N1C2CCC1CN(c1cccn3nc(Nc4cnn(CC(=O)N5CCN(C)CC5)c4)nc13)C2,1334,ligand_1334,idx_1333,CHEMBL5870990,ligand_1334
3eyg,ligand_1335,CHEMBL6044895,CSc1ccccc1S(=O)(=O)N1C2CCC1CN(c1cccn3nc(Nc4cnn(CC(=O)N5CCN(C)CC5)c4)nc13)C2,1335,ligand_1335,idx_1334,CHEMBL6044895,ligand_1335
3eyg,ligand_1336,CHEMBL3925409,C[C@@H](Cn1cc(NC(=O)c2cnn3cccnc23)c(-c2cc(Cl)ccc2OC(F)F)n1)N(C)C,1336,ligand_1336,idx_1335,CHEMBL3925409,ligand_1336
3eyg,ligand_1337,CHEMBL4107017,C[C@@H](NCCn1cc(NC(=O)c2cnn3cccnc23)c(-c2cc(Cl)ccc2OC(F)F)n1)c1ccccc1,1337,ligand_1337,idx_1336,CHEMBL4107017,ligand_1337
3eyg,ligand_1338,CHEMBL2386640,C[C@@H](O)c1nc2cnc3[nH]ccc3c2n1C1CCCCC1,1338,ligand_1338,idx_1337,CHEMBL2386640,ligand_1338
3eyg,ligand_1339,CHEMBL2386646,C[C@@H](O)c1nc2cnc3[nH]ccc3c2n1C1CCN(CC(F)(F)F)CC1,1339,ligand_1339,idx_1338,CHEMBL2386646,ligand_1339
3eyg,ligand_1340,CHEMBL2386647,C[C@@H](O)c1nc2cnc3[nH]ccc3c2n1C1CCN(CCC#N)CC1,1340,ligand_1340,idx_1339,CHEMBL2386647,ligand_1340
3eyg,ligand_1341,CHEMBL2386651,C[C@@H](O)c1nc2cnc3[nH]ccc3c2n1C1CCOCC1,1341,ligand_1341,idx_1340,CHEMBL2386651,ligand_1341
3eyg,ligand_1342,CHEMBL2386649,C[C@@H](O)c1nc2cnc3[nH]ccc3c2n1[C@@H]1CCCN(C(=O)CC#N)C1,1342,ligand_1342,idx_1341,CHEMBL2386649,ligand_1342
3eyg,ligand_1343,CHEMBL2386650,C[C@@H](O)c1nc2cnc3[nH]ccc3c2n1[C@@H]1CCCN(C(=O)CC(F)(F)F)C1,1343,ligand_1343,idx_1342,CHEMBL2386650,ligand_1343
3eyg,ligand_1344,CHEMBL2386652,C[C@@H](O)c1nc2cnc3[nH]ccc3c2n1[C@@H]1CCCOC1,1344,ligand_1344,idx_1343,CHEMBL2386652,ligand_1344
3eyg,ligand_1345,CHEMBL2386627,C[C@@H](O)c1nc2cnc3[nH]ccc3c2n1[C@@H]1CCC[C@@H](O)C1,1345,ligand_1345,idx_1344,CHEMBL2386627,ligand_1345
3eyg,ligand_1346,CHEMBL2386653,C[C@@H](O)c1nc2cnc3[nH]ccc3c2n1[C@H]1CCCOC1,1346,ligand_1346,idx_1345,CHEMBL2386653,ligand_1346
3eyg,ligand_1347,CHEMBL2386634,C[C@@H](O)c1nc2cnc3[nH]ccc3c2n1[C@H]1CC[C@@H](C#N)CC1,1347,ligand_1347,idx_1346,CHEMBL2386634,ligand_1347
3eyg,ligand_1348,CHEMBL2385096,C[C@@H](O)c1nc2cnc3[nH]ccc3c2n1[C@H]1CC[C@@H](NCC(F)(F)F)C1,1348,ligand_1348,idx_1347,CHEMBL2385096,ligand_1348
3eyg,ligand_1349,CHEMBL2386631,C[C@@H](O)c1nc2cnc3[nH]ccc3c2n1[C@H]1CC[C@@H](NCC(F)(F)F)CC1,1349,ligand_1349,idx_1348,CHEMBL2386631,ligand_1349
3eyg,ligand_1350,CHEMBL2386626,C[C@@H](O)c1nc2cnc3[nH]ccc3c2n1[C@H]1CC[C@@H](O)CC1,1350,ligand_1350,idx_1349,CHEMBL2386626,ligand_1350
3eyg,ligand_1351,CHEMBL2386633,C[C@@H](O)c1nc2cnc3[nH]ccc3c2n1[C@H]1CC[C@H](C#N)CC1,1351,ligand_1351,idx_1350,CHEMBL2386633,ligand_1351
3eyg,ligand_1352,CHEMBL2386635,C[C@@H](O)c1nc2cnc3[nH]ccc3c2n1[C@H]1CC[C@H](CC#N)CC1,1352,ligand_1352,idx_1351,CHEMBL2386635,ligand_1352
3eyg,ligand_1353,CHEMBL2386636,C[C@@H](O)c1nc2cnc3[nH]ccc3c2n1[C@H]1CC[C@H](CCC#N)CC1,1353,ligand_1353,idx_1352,CHEMBL2386636,ligand_1353
3eyg,ligand_1354,CHEMBL2386632,C[C@@H](O)c1nc2cnc3[nH]ccc3c2n1[C@H]1CC[C@H](NCC(F)(F)F)C1,1354,ligand_1354,idx_1353,CHEMBL2386632,ligand_1354
3eyg,ligand_1355,CHEMBL2386629,C[C@@H](O)c1nc2cnc3[nH]ccc3c2n1[C@H]1CC[C@H](NCC(F)(F)F)CC1,1355,ligand_1355,idx_1354,CHEMBL2386629,ligand_1355
3eyg,ligand_1356,CHEMBL2386630,C[C@@H](O)c1nc2cnc3[nH]ccc3c2n1[C@H]1CC[C@H](NCC(F)F)CC1,1356,ligand_1356,idx_1355,CHEMBL2386630,ligand_1356
3eyg,ligand_1357,CHEMBL2386625,C[C@@H](O)c1nc2cnc3[nH]ccc3c2n1[C@H]1CC[C@H](O)CC1,1357,ligand_1357,idx_1356,CHEMBL2386625,ligand_1357
3eyg,ligand_1358,CHEMBL221959,C[C@@H]1CCN(C(=O)CC#N)C[C@@H]1N(C)c1ncnc2[nH]ccc12,1358,ligand_1358,idx_1357,CHEMBL221959,ligand_1358
3eyg,ligand_1359,CHEMBL221959,C[C@@H]1CCN(C(=O)CC#N)C[C@@H]1N(C)c1ncnc2[nH]ccc12,1359,ligand_1359,idx_1358,CHEMBL221959,ligand_1359
3eyg,ligand_1360,CHEMBL2103743,C[C@@H]1CCN(C(=O)CC#N)C[C@@H]1N(C)c1ncnc2[nH]ccc12.O=C(O)CC(O)(CC(=O)O)C(=O)O,1360,ligand_1360,idx_1359,CHEMBL2103743,ligand_1360
3eyg,ligand_1361,CHEMBL2152297,C[C@@H]1CCN(C(=O)CC#N)C[C@@H]1n1cnc2cnc3[nH]ccc3c21,1361,ligand_1361,idx_1360,CHEMBL2152297,ligand_1361
3eyg,ligand_1362,CHEMBL2152298,C[C@@H]1CCN(Cc2ccccc2)C[C@@H]1N(C)c1ncnc2[nH]ccc12,1362,ligand_1362,idx_1361,CHEMBL2152298,ligand_1362
3eyg,ligand_1363,CHEMBL2152299,C[C@@H]1CCN(Cc2ccccc2)C[C@@H]1n1cnc2cnc3[nH]ccc3c21,1363,ligand_1363,idx_1362,CHEMBL2152299,ligand_1363
3eyg,ligand_1364,CHEMBL3934286,C[C@@H]1CN(C(=O)Cn2cc(NC(=O)c3c(N)nn4cccnc34)c(-c3cc(Cl)ccc3OC(F)F)n2)C[C@H](C)N1,1364,ligand_1364,idx_1363,CHEMBL3934286,ligand_1364
3eyg,ligand_1365,CHEMBL5849556,C[C@@H]1CN(C2CCN(C(=O)c3ccc(Nc4nc5c(N6CCC(CO)(c7ccc(Cl)cc7)CC6)cccn5n4)cc3)CC2)C[C@H](C)O1,1365,ligand_1365,idx_1364,CHEMBL5849556,ligand_1365
3eyg,ligand_1366,CHEMBL5894812,C[C@@H]1CN(CCNC(=O)c2ccc(Nc3nc4c(N5CCC(CO)(c6ccc(Cl)cc6)CC5)cccn4n3)cc2)C[C@H](C)O1,1366,ligand_1366,idx_1365,CHEMBL5894812,ligand_1366
3eyg,ligand_1367,CHEMBL5834173,C[C@@H]1CNc2cc(OC(F)F)c(-c3n[nH]cc3NC(=O)c3cnn4cccnc34)cc2O1,1367,ligand_1367,idx_1366,CHEMBL5834173,ligand_1367
3eyg,ligand_1368,CHEMBL5822243,C[C@@H]1CNc2cc(OC(F)F)c(-c3nn(CC(=O)N4CCC(CN5CCOCC5)CC4)cc3NC(=O)c3cnn4cccnc34)cc2S1,1368,ligand_1368,idx_1367,CHEMBL5822243,ligand_1368
3eyg,ligand_1369,CHEMBL4107458,C[C@@H]1COCCN1C1CCN(C(=O)Cn2cc(NC(=O)c3cnn4cccnc34)c(-c3cc(Cl)ccc3OC(F)F)n2)CC1,1369,ligand_1369,idx_1368,CHEMBL4107458,ligand_1369
3eyg,ligand_1370,CHEMBL5814716,C[C@@H]1COc2cc(-c3n[nH]cc3NC(=O)c3cnn4cccnc34)c(OC(F)F)cc2N1,1370,ligand_1370,idx_1369,CHEMBL5814716,ligand_1370
3eyg,ligand_1371,CHEMBL3897920,C[C@H](NCCn1cc(NC(=O)c2cnn3cccnc23)c(-c2cc(Cl)ccc2OC(F)F)n1)c1ccccc1,1371,ligand_1371,idx_1370,CHEMBL3897920,ligand_1371
3eyg,ligand_1372,CHEMBL2386639,C[C@H](O)c1nc2cnc3[nH]ccc3c2n1C1CCCCC1,1372,ligand_1372,idx_1371,CHEMBL2386639,ligand_1372
3eyg,ligand_1373,CHEMBL6006502,C[C@H]1CN(C2CCN(C(=O)c3ccc(Nc4nc5c(N6CCC(CO)(c7ccc(Cl)cc7)CC6)cccn5n4)cc3)CC2)C[C@H](C)O1,1373,ligand_1373,idx_1372,CHEMBL6006502,ligand_1373
3eyg,ligand_1374,CHEMBL5787322,C[C@H]1CN(CCNC(=O)c2ccc(Nc3nc4c(N5CCC(CO)(c6ccc(Cl)cc6)CC5)cccn4n3)cc2)C[C@H](C)O1,1374,ligand_1374,idx_1373,CHEMBL5787322,ligand_1374
3eyg,ligand_1375,CHEMBL5993914,C[C@H]1CNc2cc(OC(F)F)c(-c3n[nH]cc3NC(=O)c3cnn4cccnc34)cc2O1,1375,ligand_1375,idx_1374,CHEMBL5993914,ligand_1375
3eyg,ligand_1376,CHEMBL5955278,C[C@H]1CNc2cc(OC(F)F)c(-c3nn(CC(=O)N4CCC(CN5CCOCC5)CC4)cc3NC(=O)c3cnn4cccnc34)cc2S1,1376,ligand_1376,idx_1375,CHEMBL5955278,ligand_1376
3eyg,ligand_1377,CHEMBL3956219,C[C@H]1COCCN1C1CCN(C(=O)Cn2cc(NC(=O)c3cnn4cccnc34)c(-c3cc(Cl)ccc3OC(F)F)n2)CC1,1377,ligand_1377,idx_1376,CHEMBL3956219,ligand_1377
3eyg,ligand_1378,CHEMBL5749341,C[C@H]1COc2cc(-c3n[nH]cc3NC(=O)c3cnn4cccnc34)c(OC(F)F)cc2N1,1378,ligand_1378,idx_1377,CHEMBL5749341,ligand_1378
3eyg,ligand_1379,CHEMBL3953340,C[N+](C)(CCCc1ccccc1)C1CCN(C(=O)Cn2cc(NC(=O)c3cnn4cccnc34)c(-c3cc(Cl)ccc3OC(F)F)n2)CC1,1379,ligand_1379,idx_1378,CHEMBL3953340,ligand_1379
3eyg,ligand_1380,CHEMBL6007716,Cc1cc(N(C)C)cc(C2CCCN2C(=O)c2ccc(Nc3nc4c(C5=CCN(C(=O)CCC(F)(F)F)CC5)cccn4n3)cc2)n1,1380,ligand_1380,idx_1379,CHEMBL6007716,ligand_1380
3eyg,ligand_1381,CHEMBL5784144,Cc1cc(N(C)C)cc(C2CCCN2C(=O)c2ccc(Nc3nc4c(N5CCC(O)(c6ccc(Cl)cc6)CC5)cccn4n3)cc2)n1,1381,ligand_1381,idx_1380,CHEMBL5784144,ligand_1381
3eyg,ligand_1382,CHEMBL3670390,Cc1cc(NC(=O)c2cnn3ccc(N)nc23)n(-c2cc(Cl)ccc2C)n1,1382,ligand_1382,idx_1381,CHEMBL3670390,ligand_1382
3eyg,ligand_1383,CHEMBL3670397,Cc1cc(NC(=O)c2cnn3ccc(N)nc23)n(-c2ccccc2C)n1,1383,ligand_1383,idx_1382,CHEMBL3670397,ligand_1383
3eyg,ligand_1384,CHEMBL3670392,Cc1cc(NC(=O)c2cnn3ccc(Nc4cccc(C(F)(F)F)c4)nc23)on1,1384,ligand_1384,idx_1383,CHEMBL3670392,ligand_1384
3eyg,ligand_1385,CHEMBL3667509,Cc1cc(NC(=O)c2cnn3cccnc23)n(-c2cc(C#N)ccc2C)n1,1385,ligand_1385,idx_1384,CHEMBL3667509,ligand_1385
3eyg,ligand_1386,CHEMBL3667508,Cc1cc(NC(=O)c2cnn3cccnc23)n(-c2cc(Cl)ccc2C)n1,1386,ligand_1386,idx_1385,CHEMBL3667508,ligand_1386
3eyg,ligand_1387,CHEMBL3667510,Cc1cc(NC(=O)c2cnn3cccnc23)n(-c2cc(Cl)ccc2Cl)n1,1387,ligand_1387,idx_1386,CHEMBL3667510,ligand_1387
3eyg,ligand_1388,CHEMBL3667511,Cc1cc(NC(=O)c2cnn3cccnc23)n(-c2ccccc2Br)n1,1388,ligand_1388,idx_1387,CHEMBL3667511,ligand_1388
3eyg,ligand_1389,CHEMBL5968445,Cc1cc(Nc2cc(C3CCCO3)nc(N(C)[C@@H]3C[C@H]4CCC[C@@H](C3)N4C(=O)CC3CC3)n2)n[nH]1,1389,ligand_1389,idx_1388,CHEMBL5968445,ligand_1389
3eyg,ligand_1390,CHEMBL5807803,Cc1cc(Nc2cc(O[C@H]3CCOC3)nc(N(C)[C@@H]3C[C@H]4CCC[C@@H](C3)N4CC(=O)N3CCCC3)n2)n[nH]1,1390,ligand_1390,idx_1389,CHEMBL5807803,ligand_1390
3eyg,ligand_1391,CHEMBL6019171,Cc1cc(Nc2cc3nc(CCO)ccc3c(N[C@@H]3C[C@H]4CC[C@@H](C3)N4CCCF)n2)n[nH]1,1391,ligand_1391,idx_1390,CHEMBL6019171,ligand_1391
3eyg,ligand_1392,CHEMBL5788423,Cc1cc(Nc2cc3nc(CN4CCC(F)(F)CC4)ccc3c(N[C@@H]3C[C@H]4CC[C@@H](C3)N4CC(C)C)n2)n[nH]1,1392,ligand_1392,idx_1391,CHEMBL5788423,ligand_1392
3eyg,ligand_1393,CHEMBL6050772,Cc1cc(Nc2cc3nc(CN4CCC(F)(F)CC4)ccc3c(N[C@@H]3C[C@H]4CC[C@@H](C3)N4CC(F)(F)F)n2)n[nH]1,1393,ligand_1393,idx_1392,CHEMBL6050772,ligand_1393
3eyg,ligand_1394,CHEMBL5927674,Cc1cc(Nc2cc3nc(CN4CCC(F)(F)CC4)ccc3c(N[C@@H]3C[C@H]4CC[C@@H](C3)N4S(=O)(=O)c3cncc(F)c3)n2)n[nH]1,1394,ligand_1394,idx_1393,CHEMBL5927674,ligand_1394
3eyg,ligand_1395,CHEMBL5905057,Cc1cc(Nc2cc3nc(CN4CCN(C)CC4)ccc3c(N[C@@H]3C[C@H]4CC[C@@H](C3)N4CC(C)C)n2)n[nH]1,1395,ligand_1395,idx_1394,CHEMBL5905057,ligand_1395
3eyg,ligand_1396,CHEMBL5773726,Cc1cc(Nc2cc3nc(CN4CCN(C)CC4)ccc3c(N[C@@H]3C[C@H]4CC[C@@H](C3)N4CC(F)(F)F)n2)n[nH]1,1396,ligand_1396,idx_1395,CHEMBL5773726,ligand_1396
3eyg,ligand_1397,CHEMBL5958890,Cc1cc(Nc2cc3nc(CN4CCN(C)CC4)ccc3c(N[C@@H]3C[C@H]4CC[C@@H](C3)N4CCC#N)n2)n[nH]1,1397,ligand_1397,idx_1396,CHEMBL5958890,ligand_1397
3eyg,ligand_1398,CHEMBL5844386,Cc1cc(Nc2cc3nc(CN4CCN(C)CC4)ccc3c(N[C@@H]3C[C@H]4CC[C@@H](C3)N4S(=O)(=O)N3CCC3)n2)n[nH]1,1398,ligand_1398,idx_1397,CHEMBL5844386,ligand_1398
3eyg,ligand_1399,CHEMBL5985427,Cc1cc(Nc2cc3nc(CN4CCN(C)CC4)ccc3c(N[C@@H]3C[C@H]4CC[C@@H](C3)N4S(=O)(=O)c3cncc(F)c3)n2)n[nH]1,1399,ligand_1399,idx_1398,CHEMBL5985427,ligand_1399
3eyg,ligand_1400,CHEMBL6019950,Cc1cc(Nc2cc3nc(CN4CCOCC4)ccc3c(N[C@@H]3C[C@H]4CCC[C@@H](C3)N4CC(F)(F)F)n2)n[nH]1,1400,ligand_1400,idx_1399,CHEMBL6019950,ligand_1400
3eyg,ligand_1401,CHEMBL5808047,Cc1cc(Nc2cc3nc(CN4CCOCC4)ccc3c(N[C@@H]3C[C@H]4CCC[C@@H](C3)N4S(=O)(=O)N3CCC3)n2)n[nH]1,1401,ligand_1401,idx_1400,CHEMBL5808047,ligand_1401
3eyg,ligand_1402,CHEMBL5946497,Cc1cc(Nc2cc3nc(CN4CCOCC4)ccc3c(N[C@@H]3C[C@H]4CCC[C@@H](C3)N4S(=O)(=O)c3cccnc3)n2)n[nH]1,1402,ligand_1402,idx_1401,CHEMBL5946497,ligand_1402
3eyg,ligand_1403,CHEMBL5814615,Cc1cc(Nc2cc3nc(CN4CCOCC4)ccc3c(N[C@@H]3C[C@H]4CCC[C@@H](C3)N4S(=O)(=O)c3cncc(F)c3)n2)n[nH]1,1403,ligand_1403,idx_1402,CHEMBL5814615,ligand_1403
3eyg,ligand_1404,CHEMBL6004918,Cc1cc(Nc2cc3nc(CN4CCOCC4)ccc3c(N[C@@H]3C[C@H]4CC[C@@H](C3)N4CC(C)C)n2)n[nH]1,1404,ligand_1404,idx_1403,CHEMBL6004918,ligand_1404
3eyg,ligand_1405,CHEMBL5947876,Cc1cc(Nc2cc3nc(CN4CCOCC4)ccc3c(N[C@@H]3C[C@H]4CC[C@@H](C3)N4CC(F)(F)F)n2)n[nH]1,1405,ligand_1405,idx_1404,CHEMBL5947876,ligand_1405
3eyg,ligand_1406,CHEMBL6005467,Cc1cc(Nc2cc3nc(CN4CCOCC4)ccc3c(N[C@@H]3C[C@H]4CC[C@@H](C3)N4CCC#N)n2)n[nH]1,1406,ligand_1406,idx_1405,CHEMBL6005467,ligand_1406
3eyg,ligand_1407,CHEMBL6060589,Cc1cc(Nc2cc3nc(CN4CCOCC4)ccc3c(N[C@@H]3C[C@H]4CC[C@@H](C3)N4S(=O)(=O)N3CCC3)n2)n[nH]1,1407,ligand_1407,idx_1406,CHEMBL6060589,ligand_1407
3eyg,ligand_1408,CHEMBL5745527,Cc1cc(Nc2cc3nc(CN4CCOCC4)ccc3c(N[C@@H]3C[C@H]4CC[C@@H](C3)N4S(=O)(=O)c3cncc(F)c3)n2)n[nH]1,1408,ligand_1408,idx_1407,CHEMBL5745527,ligand_1408
3eyg,ligand_1409,CHEMBL5863249,Cc1cc(Nc2cc3nc(CN4CCOCC4)ccc3c(N[C@@H]3C[C@H]4CC[C@@H](C3)N4S(C)(=O)=O)n2)n[nH]1,1409,ligand_1409,idx_1408,CHEMBL5863249,ligand_1409
3eyg,ligand_1410,CHEMBL5980131,Cc1cc(Nc2cc3nc(CN4CCOCC4)ccc3c(N[C@H]3C[C@H]4CCC[C@@H](C3)N4CC(F)(F)F)n2)n[nH]1,1410,ligand_1410,idx_1409,CHEMBL5980131,ligand_1410
3eyg,ligand_1411,CHEMBL5967027,Cc1cc(Nc2cc3nc(CO)ccc3c(N[C@@H]3C[C@H]4CC[C@@H](C3)N4C(=O)OCC(C)C)n2)n[nH]1,1411,ligand_1411,idx_1410,CHEMBL5967027,ligand_1411
3eyg,ligand_1412,CHEMBL5897828,Cc1cc(Nc2cc3nc(CO)ccc3c(N[C@@H]3C[C@H]4CC[C@@H](C3)N4CC#N)n2)n[nH]1,1412,ligand_1412,idx_1411,CHEMBL5897828,ligand_1412
3eyg,ligand_1413,CHEMBL5755946,Cc1cc(Nc2cc3nc(CO)ccc3c(N[C@@H]3C[C@H]4CC[C@@H](C3)N4CCC#N)n2)n[nH]1,1413,ligand_1413,idx_1412,CHEMBL5755946,ligand_1413
3eyg,ligand_1414,CHEMBL6033984,Cc1cc(Nc2cc3nc(CO)ccc3c(N[C@@H]3C[C@H]4CC[C@@H](C3)N4CCCF)n2)n[nH]1,1414,ligand_1414,idx_1413,CHEMBL6033984,ligand_1414
3eyg,ligand_1415,CHEMBL5852131,Cc1cc(Nc2cc3nc(CS(C)(=O)=O)ccc3c(N[C@@H]3C[C@H]4CC[C@@H](C3)N4CCC(F)(F)F)n2)n[nH]1,1415,ligand_1415,idx_1414,CHEMBL5852131,ligand_1415
3eyg,ligand_1416,CHEMBL6056763,Cc1cc(Nc2cc3nc(CS(C)(=O)=O)ccc3c(N[C@@H]3C[C@H]4CC[C@@H](C3)N4CCCF)n2)n[nH]1,1416,ligand_1416,idx_1415,CHEMBL6056763,ligand_1416
3eyg,ligand_1417,CHEMBL6061798,Cc1cc(Nc2cc3nc(CS(C)(=O)=O)ccc3c(N[C@@H]3C[C@H]4CC[C@@H](C3)N4CCF)n2)n[nH]1,1417,ligand_1417,idx_1416,CHEMBL6061798,ligand_1417
3eyg,ligand_1418,CHEMBL5741185,Cc1cc(Nc2cc3ncc(S(C)(=O)=O)cc3c(N[C@@H]3C[C@H]4CC[C@@H](C3)N4C(=O)C(F)F)n2)n[nH]1,1418,ligand_1418,idx_1417,CHEMBL5741185,ligand_1418
3eyg,ligand_1419,CHEMBL5965784,Cc1cc(Nc2cc3ncc(S(C)(=O)=O)cc3c(N[C@@H]3C[C@H]4CC[C@@H](C3)N4C(=O)CC#N)n2)n[nH]1,1419,ligand_1419,idx_1418,CHEMBL5965784,ligand_1419
3eyg,ligand_1420,CHEMBL5790344,Cc1cc(Nc2cc3ncc(S(C)(=O)=O)cc3c(N[C@@H]3C[C@H]4CC[C@@H](C3)N4CCC(F)(F)F)n2)n[nH]1,1420,ligand_1420,idx_1419,CHEMBL5790344,ligand_1420
3eyg,ligand_1421,CHEMBL5769789,Cc1cc(Nc2cc3ncc(S(C)(=O)=O)cc3c(N[C@@H]3C[C@H]4CC[C@@H](C3)N4CCCF)n2)n[nH]1,1421,ligand_1421,idx_1420,CHEMBL5769789,ligand_1421
3eyg,ligand_1422,CHEMBL5800319,Cc1cc(Nc2cc3ncc(S(C)(=O)=O)cc3c(N[C@@H]3C[C@H]4CC[C@@H](C3)N4CCF)n2)n[nH]1,1422,ligand_1422,idx_1421,CHEMBL5800319,ligand_1422
3eyg,ligand_1423,CHEMBL5821778,Cc1cc(Nc2cc3ncc(S(C)(=O)=O)cc3c(N[C@@H]3C[C@H]4CC[C@@H](C3)N4Cc3ccncc3)n2)n[nH]1,1423,ligand_1423,idx_1422,CHEMBL5821778,ligand_1423
3eyg,ligand_1424,CHEMBL5819981,Cc1cc(Nc2cc3ncc(S(C)(=O)=O)cc3c(N[C@@H]3C[C@H]4CC[C@@H](C3)N4[C@@H]3CCOC3=O)n2)n[nH]1,1424,ligand_1424,idx_1423,CHEMBL5819981,ligand_1424
3eyg,ligand_1425,CHEMBL5991494,Cc1cc(Nc2cc3ncc(S(C)(=O)=O)cc3c(N[C@@H]3C[C@H]4CC[C@@H](C3)N4[C@H]3CCOC3=O)n2)n[nH]1,1425,ligand_1425,idx_1424,CHEMBL5991494,ligand_1425
3eyg,ligand_1426,CHEMBL5959436,Cc1cc(Nc2cc3ncccc3c(N[C@@H]3C[C@H]4CCC[C@@H](C3)N4C(=O)C(C)(C)CCO)n2)n[nH]1,1426,ligand_1426,idx_1425,CHEMBL5959436,ligand_1426
3eyg,ligand_1427,CHEMBL5820269,Cc1cc(Nc2cc3ncccc3c(N[C@@H]3C[C@H]4CCC[C@@H](C3)N4C(=O)C(C)(C)CO)n2)n[nH]1,1427,ligand_1427,idx_1426,CHEMBL5820269,ligand_1427
3eyg,ligand_1428,CHEMBL5932860,Cc1cc(Nc2cc3ncccc3c(N[C@@H]3C[C@H]4CCC[C@@H](C3)N4C(=O)C(C)CC#N)n2)n[nH]1,1428,ligand_1428,idx_1427,CHEMBL5932860,ligand_1428
3eyg,ligand_1429,CHEMBL5916574,Cc1cc(Nc2cc3ncccc3c(N[C@@H]3C[C@H]4CCC[C@@H](C3)N4C(=O)C(C)SO)n2)n[nH]1,1429,ligand_1429,idx_1428,CHEMBL5916574,ligand_1429
3eyg,ligand_1430,CHEMBL6058756,Cc1cc(Nc2cc3ncccc3c(N[C@@H]3C[C@H]4CCC[C@@H](C3)N4C(=O)C3(C(=O)C#N)CC3)n2)n[nH]1,1430,ligand_1430,idx_1429,CHEMBL6058756,ligand_1430
3eyg,ligand_1431,CHEMBL5886460,Cc1cc(Nc2cc3ncccc3c(N[C@@H]3C[C@H]4CCC[C@@H](C3)N4C(=O)C3(C(=O)C(F)(F)F)CC3)n2)n[nH]1,1431,ligand_1431,idx_1430,CHEMBL5886460,ligand_1431
3eyg,ligand_1432,CHEMBL6018648,Cc1cc(Nc2cc3ncccc3c(N[C@@H]3C[C@H]4CCC[C@@H](C3)N4C(=O)C3(C)CCCC3)n2)n[nH]1,1432,ligand_1432,idx_1431,CHEMBL6018648,ligand_1432
3eyg,ligand_1433,CHEMBL5773700,Cc1cc(Nc2cc3ncccc3c(N[C@@H]3C[C@H]4CCC[C@@H](C3)N4C(=O)CCC(C)C)n2)n[nH]1,1433,ligand_1433,idx_1432,CHEMBL5773700,ligand_1433
3eyg,ligand_1434,CHEMBL5935072,Cc1cc(Nc2cc3ncccc3c(N[C@@H]3C[C@H]4CCC[C@@H](C3)N4C(=O)CCCC#N)n2)n[nH]1,1434,ligand_1434,idx_1433,CHEMBL5935072,ligand_1434
3eyg,ligand_1435,CHEMBL5873918,Cc1cc(Nc2cc3ncccc3c(N[C@@H]3C[C@H]4CCC[C@@H](C3)N4C(=O)CN(C)C)n2)n[nH]1,1435,ligand_1435,idx_1434,CHEMBL5873918,ligand_1435
3eyg,ligand_1436,CHEMBL5805318,Cc1cc(Nc2cc3ncccc3c(N[C@@H]3C[C@H]4CCC[C@@H](C3)N4C(=O)Cc3ccccc3)n2)n[nH]1,1436,ligand_1436,idx_1435,CHEMBL5805318,ligand_1436
3eyg,ligand_1437,CHEMBL5821288,Cc1cc(Nc2cc3ncccc3c(N[C@@H]3C[C@H]4CCC[C@@H](C3)N4C(=O)OCC#N)n2)n[nH]1,1437,ligand_1437,idx_1436,CHEMBL5821288,ligand_1437
3eyg,ligand_1438,CHEMBL5768870,Cc1cc(Nc2cc3ncccc3c(N[C@@H]3C[C@H]4CCC[C@@H](C3)N4C(=O)OCC(C)C)n2)n[nH]1,1438,ligand_1438,idx_1437,CHEMBL5768870,ligand_1438
3eyg,ligand_1439,CHEMBL6033171,Cc1cc(Nc2cc3ncccc3c(N[C@@H]3C[C@H]4CCC[C@@H](C3)N4C(=O)OCCC#N)n2)n[nH]1,1439,ligand_1439,idx_1438,CHEMBL6033171,ligand_1439
3eyg,ligand_1440,CHEMBL5981455,Cc1cc(Nc2cc3ncccc3c(N[C@@H]3C[C@H]4CCC[C@@H](C3)N4C(=O)OCc3ccco3)n2)n[nH]1,1440,ligand_1440,idx_1439,CHEMBL5981455,ligand_1440
3eyg,ligand_1441,CHEMBL6011249,Cc1cc(Nc2cc3ncccc3c(N[C@@H]3C[C@H]4CCC[C@@H](C3)N4C(=O)c3ccccc3)n2)n[nH]1,1441,ligand_1441,idx_1440,CHEMBL6011249,ligand_1441
3eyg,ligand_1442,CHEMBL5863426,Cc1cc(Nc2cc3ncccc3c(N[C@@H]3C[C@H]4CCC[C@@H](C3)N4C(=O)c3ccnc(C#N)c3)n2)n[nH]1,1442,ligand_1442,idx_1441,CHEMBL5863426,ligand_1442
3eyg,ligand_1443,CHEMBL5997443,Cc1cc(Nc2cc3ncccc3c(N[C@@H]3C[C@H]4CCC[C@@H](C3)N4C(=O)c3cncc(C#N)c3)n2)n[nH]1,1443,ligand_1443,idx_1442,CHEMBL5997443,ligand_1443
3eyg,ligand_1444,CHEMBL5874630,Cc1cc(Nc2cc3ncccc3c(N[C@@H]3C[C@H]4CCC[C@@H](C3)N4C3CCCOC3=O)n2)n[nH]1,1444,ligand_1444,idx_1443,CHEMBL5874630,ligand_1444
3eyg,ligand_1445,CHEMBL6034793,Cc1cc(Nc2cc3ncccc3c(N[C@@H]3C[C@H]4CCC[C@@H](C3)N4CC(=O)N(C)C)n2)n[nH]1,1445,ligand_1445,idx_1444,CHEMBL6034793,ligand_1445
3eyg,ligand_1446,CHEMBL5821877,Cc1cc(Nc2cc3ncccc3c(N[C@@H]3C[C@H]4CCC[C@@H](C3)N4CC(=O)N[C@@H]3CCOC3=O)n2)n[nH]1,1446,ligand_1446,idx_1445,CHEMBL5821877,ligand_1446
3eyg,ligand_1447,CHEMBL6014558,Cc1cc(Nc2cc3ncccc3c(N[C@@H]3C[C@H]4CCC[C@@H](C3)N4CC(=O)N[C@H]3CCOC3=O)n2)n[nH]1,1447,ligand_1447,idx_1446,CHEMBL6014558,ligand_1447
3eyg,ligand_1448,CHEMBL6036451,Cc1cc(Nc2cc3ncccc3c(N[C@@H]3C[C@H]4CCC[C@@H](C3)N4CC(=O)OC(C)(C)C)n2)n[nH]1,1448,ligand_1448,idx_1447,CHEMBL6036451,ligand_1448
3eyg,ligand_1449,CHEMBL5936821,Cc1cc(Nc2cc3ncccc3c(N[C@@H]3C[C@H]4CCC[C@@H](C3)N4CC(=O)OC(C)C)n2)n[nH]1,1449,ligand_1449,idx_1448,CHEMBL5936821,ligand_1449
3eyg,ligand_1450,CHEMBL5983951,Cc1cc(Nc2cc3ncccc3c(N[C@@H]3C[C@H]4CCC[C@@H](C3)N4CC(C)C)n2)n[nH]1,1450,ligand_1450,idx_1449,CHEMBL5983951,ligand_1450
3eyg,ligand_1451,CHEMBL5962274,Cc1cc(Nc2cc3ncccc3c(N[C@@H]3C[C@H]4CCC[C@@H](C3)N4CC(F)(F)F)n2)n[nH]1,1451,ligand_1451,idx_1450,CHEMBL5962274,ligand_1451
3eyg,ligand_1452,CHEMBL5956603,Cc1cc(Nc2cc3ncccc3c(N[C@@H]3C[C@H]4CCC[C@@H](C3)N4CC(N)=O)n2)n[nH]1,1452,ligand_1452,idx_1451,CHEMBL5956603,ligand_1452
3eyg,ligand_1453,CHEMBL6028397,Cc1cc(Nc2cc3ncccc3c(N[C@@H]3C[C@H]4CCC[C@@H](C3)N4CC3CCC(=O)O3)n2)n[nH]1,1453,ligand_1453,idx_1452,CHEMBL6028397,ligand_1453
3eyg,ligand_1454,CHEMBL5972952,Cc1cc(Nc2cc3ncccc3c(N[C@@H]3C[C@H]4CCC[C@@H](C3)N4CC3CCCOC3=O)n2)n[nH]1,1454,ligand_1454,idx_1453,CHEMBL5972952,ligand_1454
3eyg,ligand_1455,CHEMBL6050727,Cc1cc(Nc2cc3ncccc3c(N[C@@H]3C[C@H]4CCC[C@@H](C3)N4CC3CCOC3=O)n2)n[nH]1,1455,ligand_1455,idx_1454,CHEMBL6050727,ligand_1455
3eyg,ligand_1456,CHEMBL6048947,Cc1cc(Nc2cc3ncccc3c(N[C@@H]3C[C@H]4CCC[C@@H](C3)N4CCC(F)(F)F)n2)n[nH]1,1456,ligand_1456,idx_1455,CHEMBL6048947,ligand_1456
3eyg,ligand_1457,CHEMBL5873901,Cc1cc(Nc2cc3ncccc3c(N[C@@H]3C[C@H]4CCC[C@@H](C3)N4CCCF)n2)n[nH]1,1457,ligand_1457,idx_1456,CHEMBL5873901,ligand_1457
3eyg,ligand_1458,CHEMBL5868274,Cc1cc(Nc2cc3ncccc3c(N[C@@H]3C[C@H]4CCC[C@@H](C3)N4CCF)n2)n[nH]1,1458,ligand_1458,idx_1457,CHEMBL5868274,ligand_1458
3eyg,ligand_1459,CHEMBL5935374,Cc1cc(Nc2cc3ncccc3c(N[C@@H]3C[C@H]4CCC[C@@H](C3)N4C[C@@H]3CCOC3=O)n2)n[nH]1,1459,ligand_1459,idx_1458,CHEMBL5935374,ligand_1459
3eyg,ligand_1460,CHEMBL5778105,Cc1cc(Nc2cc3ncccc3c(N[C@@H]3C[C@H]4CCC[C@@H](C3)N4C[C@H]3CCC(=O)O3)n2)n[nH]1,1460,ligand_1460,idx_1459,CHEMBL5778105,ligand_1460
3eyg,ligand_1461,CHEMBL5959594,Cc1cc(Nc2cc3ncccc3c(N[C@@H]3C[C@H]4CCC[C@@H](C3)N4Cc3ccc(C#N)nc3)n2)n[nH]1,1461,ligand_1461,idx_1460,CHEMBL5959594,ligand_1461
3eyg,ligand_1462,CHEMBL5820327,Cc1cc(Nc2cc3ncccc3c(N[C@@H]3C[C@H]4CCC[C@@H](C3)N4Cc3cccnc3)n2)n[nH]1,1462,ligand_1462,idx_1461,CHEMBL5820327,ligand_1462
3eyg,ligand_1463,CHEMBL5969390,Cc1cc(Nc2cc3ncccc3c(N[C@@H]3C[C@H]4CCC[C@@H](C3)N4Cc3ccnc(C#N)c3)n2)n[nH]1,1463,ligand_1463,idx_1462,CHEMBL5969390,ligand_1463
3eyg,ligand_1464,CHEMBL5894845,Cc1cc(Nc2cc3ncccc3c(N[C@@H]3C[C@H]4CCC[C@@H](C3)N4Cc3ccncc3C#N)n2)n[nH]1,1464,ligand_1464,idx_1463,CHEMBL5894845,ligand_1464
3eyg,ligand_1465,CHEMBL5942517,Cc1cc(Nc2cc3ncccc3c(N[C@@H]3C[C@H]4CCC[C@@H](C3)N4Cc3cncc(C#N)c3)n2)n[nH]1,1465,ligand_1465,idx_1464,CHEMBL5942517,ligand_1465
3eyg,ligand_1466,CHEMBL5917749,Cc1cc(Nc2cc3ncccc3c(N[C@@H]3C[C@H]4CCC[C@@H](C3)N4S(=O)(=O)C3CNC3)n2)n[nH]1,1466,ligand_1466,idx_1465,CHEMBL5917749,ligand_1466
3eyg,ligand_1467,CHEMBL5977518,Cc1cc(Nc2cc3ncccc3c(N[C@@H]3C[C@H]4CCC[C@@H](C3)N4S(=O)(=O)CC(C)C)n2)n[nH]1,1467,ligand_1467,idx_1466,CHEMBL5977518,ligand_1467
3eyg,ligand_1468,CHEMBL5995207,Cc1cc(Nc2cc3ncccc3c(N[C@@H]3C[C@H]4CCC[C@@H](C3)N4S(=O)(=O)CC3CC3)n2)n[nH]1,1468,ligand_1468,idx_1467,CHEMBL5995207,ligand_1468
3eyg,ligand_1469,CHEMBL5915327,Cc1cc(Nc2cc3ncccc3c(N[C@@H]3C[C@H]4CCC[C@@H](C3)N4S(=O)(=O)Cc3ccccc3)n2)n[nH]1,1469,ligand_1469,idx_1468,CHEMBL5915327,ligand_1469
3eyg,ligand_1470,CHEMBL5800354,Cc1cc(Nc2cc3ncccc3c(N[C@@H]3C[C@H]4CCC[C@@H](C3)N4S(=O)(=O)Cc3cccnc3)n2)n[nH]1,1470,ligand_1470,idx_1469,CHEMBL5800354,ligand_1470
3eyg,ligand_1471,CHEMBL5790911,Cc1cc(Nc2cc3ncccc3c(N[C@@H]3C[C@H]4CCC[C@@H](C3)N4S(=O)(=O)N3CCCC3)n2)n[nH]1,1471,ligand_1471,idx_1470,CHEMBL5790911,ligand_1471
3eyg,ligand_1472,CHEMBL5761030,Cc1cc(Nc2cc3ncccc3c(N[C@@H]3C[C@H]4CCC[C@@H](C3)N4S(=O)(=O)c3ccccc3)n2)n[nH]1,1472,ligand_1472,idx_1471,CHEMBL5761030,ligand_1472
3eyg,ligand_1473,CHEMBL5938951,Cc1cc(Nc2cc3ncccc3c(N[C@@H]3C[C@H]4CCC[C@@H](C3)N4[C@@H]3CCOC3=O)n2)n[nH]1,1473,ligand_1473,idx_1472,CHEMBL5938951,ligand_1473
3eyg,ligand_1474,CHEMBL5770893,Cc1cc(Nc2cc3ncccc3c(N[C@@H]3C[C@H]4CCC[C@@H](C3)N4[C@H]3CCOC3=O)n2)n[nH]1,1474,ligand_1474,idx_1473,CHEMBL5770893,ligand_1474
3eyg,ligand_1475,CHEMBL6067741,Cc1cc(Nc2cc3ncccc3c(N[C@@H]3C[C@H]4CCC[C@@](C)(C3)N4C(=O)c3ccc(C#N)nc3)n2)n[nH]1,1475,ligand_1475,idx_1474,CHEMBL6067741,ligand_1475
3eyg,ligand_1476,CHEMBL5911770,Cc1cc(Nc2cc3ncccc3c(N[C@@H]3C[C@H]4CC[C@@H](C3)N4C(=O)C(C)F)n2)n[nH]1,1476,ligand_1476,idx_1475,CHEMBL5911770,ligand_1476
3eyg,ligand_1477,CHEMBL5856150,Cc1cc(Nc2cc3ncccc3c(N[C@@H]3C[C@H]4CC[C@@H](C3)N4C(=O)C(F)F)n2)n[nH]1,1477,ligand_1477,idx_1476,CHEMBL5856150,ligand_1477
3eyg,ligand_1478,CHEMBL6028555,Cc1cc(Nc2cc3ncccc3c(N[C@@H]3C[C@H]4CC[C@@H](C3)N4C(=O)C3(C(=O)C#N)CC3)n2)n[nH]1,1478,ligand_1478,idx_1477,CHEMBL6028555,ligand_1478
3eyg,ligand_1479,CHEMBL5960536,Cc1cc(Nc2cc3ncccc3c(N[C@@H]3C[C@H]4CC[C@@H](C3)N4C(=O)C3(C(=O)C(F)(F)F)CC3)n2)n[nH]1,1479,ligand_1479,idx_1478,CHEMBL5960536,ligand_1479
3eyg,ligand_1480,CHEMBL5946284,Cc1cc(Nc2cc3ncccc3c(N[C@@H]3C[C@H]4CC[C@@H](C3)N4C(=O)C3(C)CCCC3)n2)n[nH]1,1480,ligand_1480,idx_1479,CHEMBL5946284,ligand_1480
3eyg,ligand_1481,CHEMBL5986896,Cc1cc(Nc2cc3ncccc3c(N[C@@H]3C[C@H]4CC[C@@H](C3)N4C(=O)CF)n2)n[nH]1,1481,ligand_1481,idx_1480,CHEMBL5986896,ligand_1481
3eyg,ligand_1482,CHEMBL6032834,Cc1cc(Nc2cc3ncccc3c(N[C@@H]3C[C@H]4CC[C@@H](C3)N4C(=O)CN(C)C)n2)n[nH]1,1482,ligand_1482,idx_1481,CHEMBL6032834,ligand_1482
3eyg,ligand_1483,CHEMBL5855645,Cc1cc(Nc2cc3ncccc3c(N[C@@H]3C[C@H]4CC[C@@H](C3)N4C(=O)Cc3ccccc3)n2)n[nH]1,1483,ligand_1483,idx_1482,CHEMBL5855645,ligand_1483
3eyg,ligand_1484,CHEMBL6060263,Cc1cc(Nc2cc3ncccc3c(N[C@@H]3C[C@H]4CC[C@@H](C3)N4C(=O)OC(C)C)n2)n[nH]1,1484,ligand_1484,idx_1483,CHEMBL6060263,ligand_1484
3eyg,ligand_1485,CHEMBL6018029,Cc1cc(Nc2cc3ncccc3c(N[C@@H]3C[C@H]4CC[C@@H](C3)N4C(=O)OCC(C)C)n2)n[nH]1,1485,ligand_1485,idx_1484,CHEMBL6018029,ligand_1485
3eyg,ligand_1486,CHEMBL5914135,Cc1cc(Nc2cc3ncccc3c(N[C@@H]3C[C@H]4CC[C@@H](C3)N4C(=O)c3ccccc3)n2)n[nH]1,1486,ligand_1486,idx_1485,CHEMBL5914135,ligand_1486
3eyg,ligand_1487,CHEMBL5899483,Cc1cc(Nc2cc3ncccc3c(N[C@@H]3C[C@H]4CC[C@@H](C3)N4C(=O)c3cccnc3)n2)n[nH]1,1487,ligand_1487,idx_1486,CHEMBL5899483,ligand_1487
3eyg,ligand_1488,CHEMBL5768041,Cc1cc(Nc2cc3ncccc3c(N[C@@H]3C[C@H]4CC[C@@H](C3)N4C(=O)c3ccncc3)n2)n[nH]1,1488,ligand_1488,idx_1487,CHEMBL5768041,ligand_1488
3eyg,ligand_1489,CHEMBL6016828,Cc1cc(Nc2cc3ncccc3c(N[C@@H]3C[C@H]4CC[C@@H](C3)N4C(C)C#N)n2)n[nH]1,1489,ligand_1489,idx_1488,CHEMBL6016828,ligand_1489
3eyg,ligand_1490,CHEMBL5797806,Cc1cc(Nc2cc3ncccc3c(N[C@@H]3C[C@H]4CC[C@@H](C3)N4C(C)CC#N)n2)n[nH]1,1490,ligand_1490,idx_1489,CHEMBL5797806,ligand_1490
3eyg,ligand_1491,CHEMBL5983427,Cc1cc(Nc2cc3ncccc3c(N[C@@H]3C[C@H]4CC[C@@H](C3)N4C3(CC#N)COC3)n2)n[nH]1,1491,ligand_1491,idx_1490,CHEMBL5983427,ligand_1491
3eyg,ligand_1492,CHEMBL5826927,Cc1cc(Nc2cc3ncccc3c(N[C@@H]3C[C@H]4CC[C@@H](C3)N4C3CCCOC3=O)n2)n[nH]1,1492,ligand_1492,idx_1491,CHEMBL5826927,ligand_1492
3eyg,ligand_1493,CHEMBL6000308,Cc1cc(Nc2cc3ncccc3c(N[C@@H]3C[C@H]4CC[C@@H](C3)N4CC(=O)N(C)C)n2)n[nH]1,1493,ligand_1493,idx_1492,CHEMBL6000308,ligand_1493
3eyg,ligand_1494,CHEMBL5901707,Cc1cc(Nc2cc3ncccc3c(N[C@@H]3C[C@H]4CC[C@@H](C3)N4CC(=O)N[C@@H]3CCOC3=O)n2)n[nH]1,1494,ligand_1494,idx_1493,CHEMBL5901707,ligand_1494
3eyg,ligand_1495,CHEMBL5902207,Cc1cc(Nc2cc3ncccc3c(N[C@@H]3C[C@H]4CC[C@@H](C3)N4CC(=O)N[C@H]3CCOC3=O)n2)n[nH]1,1495,ligand_1495,idx_1494,CHEMBL5902207,ligand_1495
3eyg,ligand_1496,CHEMBL5919147,Cc1cc(Nc2cc3ncccc3c(N[C@@H]3C[C@H]4CC[C@@H](C3)N4CC(=O)OC(C)(C)C)n2)n[nH]1,1496,ligand_1496,idx_1495,CHEMBL5919147,ligand_1496
3eyg,ligand_1497,CHEMBL5742358,Cc1cc(Nc2cc3ncccc3c(N[C@@H]3C[C@H]4CC[C@@H](C3)N4CC(=O)OC(C)C)n2)n[nH]1,1497,ligand_1497,idx_1496,CHEMBL5742358,ligand_1497
3eyg,ligand_1498,CHEMBL5902681,Cc1cc(Nc2cc3ncccc3c(N[C@@H]3C[C@H]4CC[C@@H](C3)N4CC(C)C)n2)n[nH]1,1498,ligand_1498,idx_1497,CHEMBL5902681,ligand_1498
3eyg,ligand_1499,CHEMBL6041113,Cc1cc(Nc2cc3ncccc3c(N[C@@H]3C[C@H]4CC[C@@H](C3)N4CC(F)(F)F)n2)n[nH]1,1499,ligand_1499,idx_1498,CHEMBL6041113,ligand_1499
3eyg,ligand_1500,CHEMBL6055028,Cc1cc(Nc2cc3ncccc3c(N[C@@H]3C[C@H]4CC[C@@H](C3)N4CC(N)=O)n2)n[nH]1,1500,ligand_1500,idx_1499,CHEMBL6055028,ligand_1500
3eyg,ligand_1501,CHEMBL5754782,Cc1cc(Nc2cc3ncccc3c(N[C@@H]3C[C@H]4CC[C@@H](C3)N4CC3(C#N)CC3)n2)n[nH]1,1501,ligand_1501,idx_1500,CHEMBL5754782,ligand_1501
3eyg,ligand_1502,CHEMBL5989186,Cc1cc(Nc2cc3ncccc3c(N[C@@H]3C[C@H]4CC[C@@H](C3)N4CC3CCC(=O)O3)n2)n[nH]1,1502,ligand_1502,idx_1501,CHEMBL5989186,ligand_1502
3eyg,ligand_1503,CHEMBL5796525,Cc1cc(Nc2cc3ncccc3c(N[C@@H]3C[C@H]4CC[C@@H](C3)N4CC3CCOCC3)n2)n[nH]1,1503,ligand_1503,idx_1502,CHEMBL5796525,ligand_1503
3eyg,ligand_1504,CHEMBL6053881,Cc1cc(Nc2cc3ncccc3c(N[C@@H]3C[C@H]4CC[C@@H](C3)N4CC3COC(=O)O3)n2)n[nH]1,1504,ligand_1504,idx_1503,CHEMBL6053881,ligand_1504
3eyg,ligand_1505,CHEMBL4650343,Cc1cc(Nc2cc3ncccc3c(N[C@@H]3C[C@H]4CC[C@@H](C3)N4CCC#N)n2)n[nH]1,1505,ligand_1505,idx_1504,CHEMBL4650343,ligand_1505
3eyg,ligand_1506,CHEMBL4650343,Cc1cc(Nc2cc3ncccc3c(N[C@@H]3C[C@H]4CC[C@@H](C3)N4CCC#N)n2)n[nH]1,1506,ligand_1506,idx_1505,CHEMBL4650343,ligand_1506
3eyg,ligand_1507,CHEMBL6000641,Cc1cc(Nc2cc3ncccc3c(N[C@@H]3C[C@H]4CC[C@@H](C3)N4CCC(=O)CO)n2)n[nH]1,1507,ligand_1507,idx_1506,CHEMBL6000641,ligand_1507
3eyg,ligand_1508,CHEMBL5921058,Cc1cc(Nc2cc3ncccc3c(N[C@@H]3C[C@H]4CC[C@@H](C3)N4CCC(F)(F)F)n2)n[nH]1,1508,ligand_1508,idx_1507,CHEMBL5921058,ligand_1508
3eyg,ligand_1509,CHEMBL5823968,Cc1cc(Nc2cc3ncccc3c(N[C@@H]3C[C@H]4CC[C@@H](C3)N4CCCF)n2)n[nH]1,1509,ligand_1509,idx_1508,CHEMBL5823968,ligand_1509
3eyg,ligand_1510,CHEMBL5976635,Cc1cc(Nc2cc3ncccc3c(N[C@@H]3C[C@H]4CC[C@@H](C3)N4CCF)n2)n[nH]1,1510,ligand_1510,idx_1509,CHEMBL5976635,ligand_1510
3eyg,ligand_1511,CHEMBL5760407,Cc1cc(Nc2cc3ncccc3c(N[C@@H]3C[C@H]4CC[C@@H](C3)N4C[C@H]3CCC(=O)O3)n2)n[nH]1,1511,ligand_1511,idx_1510,CHEMBL5760407,ligand_1511
3eyg,ligand_1512,CHEMBL5959452,Cc1cc(Nc2cc3ncccc3c(N[C@@H]3C[C@H]4CC[C@@H](C3)N4Cc3ccc(O)cc3)n2)n[nH]1,1512,ligand_1512,idx_1511,CHEMBL5959452,ligand_1512
3eyg,ligand_1513,CHEMBL5838804,Cc1cc(Nc2cc3ncccc3c(N[C@@H]3C[C@H]4CC[C@@H](C3)N4Cc3cccnc3)n2)n[nH]1,1513,ligand_1513,idx_1512,CHEMBL5838804,ligand_1513
3eyg,ligand_1514,CHEMBL5841033,Cc1cc(Nc2cc3ncccc3c(N[C@@H]3C[C@H]4CC[C@@H](C3)N4Cc3ccncc3)n2)n[nH]1,1514,ligand_1514,idx_1513,CHEMBL5841033,ligand_1514
3eyg,ligand_1515,CHEMBL6036912,Cc1cc(Nc2cc3ncccc3c(N[C@@H]3C[C@H]4CC[C@@H](C3)N4S(=O)(=O)C(C)C)n2)n[nH]1,1515,ligand_1515,idx_1514,CHEMBL6036912,ligand_1515
3eyg,ligand_1516,CHEMBL6000721,Cc1cc(Nc2cc3ncccc3c(N[C@@H]3C[C@H]4CC[C@@H](C3)N4S(=O)(=O)C3(C)CC3)n2)n[nH]1,1516,ligand_1516,idx_1515,CHEMBL6000721,ligand_1516
3eyg,ligand_1517,CHEMBL5983517,Cc1cc(Nc2cc3ncccc3c(N[C@@H]3C[C@H]4CC[C@@H](C3)N4S(=O)(=O)C3CC3)n2)n[nH]1,1517,ligand_1517,idx_1516,CHEMBL5983517,ligand_1517
3eyg,ligand_1518,CHEMBL5817616,Cc1cc(Nc2cc3ncccc3c(N[C@@H]3C[C@H]4CC[C@@H](C3)N4S(=O)(=O)C3CCCC3)n2)n[nH]1,1518,ligand_1518,idx_1517,CHEMBL5817616,ligand_1518
3eyg,ligand_1519,CHEMBL5993182,Cc1cc(Nc2cc3ncccc3c(N[C@@H]3C[C@H]4CC[C@@H](C3)N4S(=O)(=O)C3CN(CCC#N)C3)n2)n[nH]1,1519,ligand_1519,idx_1518,CHEMBL5993182,ligand_1519
3eyg,ligand_1520,CHEMBL6010802,Cc1cc(Nc2cc3ncccc3c(N[C@@H]3C[C@H]4CC[C@@H](C3)N4S(=O)(=O)C3CNC3)n2)n[nH]1,1520,ligand_1520,idx_1519,CHEMBL6010802,ligand_1520
3eyg,ligand_1521,CHEMBL6010932,Cc1cc(Nc2cc3ncccc3c(N[C@@H]3C[C@H]4CC[C@@H](C3)N4S(=O)(=O)CC(C)C)n2)n[nH]1,1521,ligand_1521,idx_1520,CHEMBL6010932,ligand_1521
3eyg,ligand_1522,CHEMBL5807827,Cc1cc(Nc2cc3ncccc3c(N[C@@H]3C[C@H]4CC[C@@H](C3)N4S(=O)(=O)Cc3ccccc3)n2)n[nH]1,1522,ligand_1522,idx_1521,CHEMBL5807827,ligand_1522
3eyg,ligand_1523,CHEMBL5833198,Cc1cc(Nc2cc3ncccc3c(N[C@@H]3C[C@H]4CC[C@@H](C3)N4S(=O)(=O)N3CCC3)n2)n[nH]1,1523,ligand_1523,idx_1522,CHEMBL5833198,ligand_1523
3eyg,ligand_1524,CHEMBL6009638,Cc1cc(Nc2cc3ncccc3c(N[C@@H]3C[C@H]4CC[C@@H](C3)N4S(=O)(=O)c3ccccn3)n2)n[nH]1,1524,ligand_1524,idx_1523,CHEMBL6009638,ligand_1524
3eyg,ligand_1525,CHEMBL6027091,Cc1cc(Nc2cc3ncccc3c(N[C@@H]3C[C@H]4CC[C@@H](C3)N4S(=O)(=O)c3cccnc3)n2)n[nH]1,1525,ligand_1525,idx_1524,CHEMBL6027091,ligand_1525
3eyg,ligand_1526,CHEMBL5797412,Cc1cc(Nc2cc3ncccc3c(N[C@@H]3C[C@H]4CC[C@@H](C3)N4S(=O)(=O)c3cncc(F)c3)n2)n[nH]1,1526,ligand_1526,idx_1525,CHEMBL5797412,ligand_1526
3eyg,ligand_1527,CHEMBL6013054,Cc1cc(Nc2cc3ncccc3c(N[C@@H]3C[C@H]4CC[C@@H](C3)N4[C@@H]3CCOC3=O)n2)n[nH]1,1527,ligand_1527,idx_1526,CHEMBL6013054,ligand_1527
3eyg,ligand_1528,CHEMBL6010882,Cc1cc(Nc2cc3ncccc3c(N[C@@H]3C[C@H]4CC[C@@H](C3)N4[C@H]3CCOC3=O)n2)n[nH]1,1528,ligand_1528,idx_1527,CHEMBL6010882,ligand_1528
3eyg,ligand_1529,CHEMBL6042192,Cc1cc(Nc2nc(N[C@@H]3C[C@H]4CCC[C@@H](C3)N4C(=O)C(C)SO)c3cccnc3c2F)n[nH]1,1529,ligand_1529,idx_1528,CHEMBL6042192,ligand_1529
3eyg,ligand_1530,CHEMBL6039128,Cc1cc(Nc2nc(N[C@@H]3C[C@H]4CCC[C@@H](C3)N4C(=O)CN(C)C)c3cccnc3c2F)n[nH]1,1530,ligand_1530,idx_1529,CHEMBL6039128,ligand_1530
3eyg,ligand_1531,CHEMBL5969483,Cc1cc(Nc2nc(N[C@@H]3C[C@H]4CCC[C@@H](C3)N4CC#N)c3cccnc3c2F)n[nH]1,1531,ligand_1531,idx_1530,CHEMBL5969483,ligand_1531
3eyg,ligand_1532,CHEMBL5742535,Cc1cc(Nc2nc(N[C@@H]3C[C@H]4CCC[C@@H](C3)N4CCC#N)c3cccnc3c2F)n[nH]1,1532,ligand_1532,idx_1531,CHEMBL5742535,ligand_1532
3eyg,ligand_1533,CHEMBL5902880,Cc1cc(Nc2nc(N[C@@H]3C[C@H]4CCC[C@@H](C3)N4Cc3ccncc3)c3cccnc3c2F)n[nH]1,1533,ligand_1533,idx_1532,CHEMBL5902880,ligand_1533
3eyg,ligand_1534,CHEMBL6030935,Cc1cc(Nc2nc(N[C@@H]3C[C@H]4CCC[C@@H](C3)N4S(=O)(=O)Cc3ccncc3)c3cccnc3c2F)n[nH]1,1534,ligand_1534,idx_1533,CHEMBL6030935,ligand_1534
3eyg,ligand_1535,CHEMBL5840269,Cc1cc(Nc2nc(N[C@@H]3C[C@H]4CCC[C@@H](C3)N4S(=O)(=O)c3ccccc3)c3cccnc3c2F)n[nH]1,1535,ligand_1535,idx_1534,CHEMBL5840269,ligand_1535
3eyg,ligand_1536,CHEMBL6014797,Cc1cc(Nc2nc(N[C@@H]3C[C@H]4CCC[C@@H](C3)N4S(=O)(=O)c3cccnc3)c3cccnc3c2F)n[nH]1,1536,ligand_1536,idx_1535,CHEMBL6014797,ligand_1536
3eyg,ligand_1537,CHEMBL6029908,Cc1cc(Nc2nc(N[C@@H]3C[C@H]4CCC[C@@H](C3)N4S(=O)(=O)c3cncc(F)c3)c3cccnc3c2F)n[nH]1,1537,ligand_1537,idx_1536,CHEMBL6029908,ligand_1537
3eyg,ligand_1538,CHEMBL5952063,Cc1cc(Nc2nc(N[C@@H]3C[C@H]4CC[C@@H](C3)N4C(=O)C(C)SO)c3cccnc3c2F)n[nH]1,1538,ligand_1538,idx_1537,CHEMBL5952063,ligand_1538
3eyg,ligand_1539,CHEMBL5755219,Cc1cc(Nc2nc(N[C@@H]3C[C@H]4CC[C@@H](C3)N4C(=O)CN(C)C)c3cccnc3c2F)n[nH]1,1539,ligand_1539,idx_1538,CHEMBL5755219,ligand_1539
3eyg,ligand_1540,CHEMBL5940374,Cc1cc(Nc2nc(N[C@@H]3C[C@H]4CC[C@@H](C3)N4CCC#N)c3cccnc3c2F)n[nH]1,1540,ligand_1540,idx_1539,CHEMBL5940374,ligand_1540
3eyg,ligand_1541,CHEMBL6050796,Cc1cc(Nc2nc(N[C@@H]3C[C@H]4CC[C@@H](C3)N4Cc3ccncc3)c3cccnc3c2F)n[nH]1,1541,ligand_1541,idx_1540,CHEMBL6050796,ligand_1541
3eyg,ligand_1542,CHEMBL5909813,Cc1cc(Nc2nc(N[C@@H]3C[C@H]4CC[C@@H](C3)N4S(=O)(=O)c3cccnc3)c3cccnc3c2F)n[nH]1,1542,ligand_1542,idx_1541,CHEMBL5909813,ligand_1542
3eyg,ligand_1543,CHEMBL5749203,Cc1cc(Nc2nc(N[C@@H]3C[C@H]4CC[C@@H](C3)N4S(=O)(=O)c3cncc(F)c3)c3cccnc3c2F)n[nH]1,1543,ligand_1543,idx_1542,CHEMBL5749203,ligand_1543
3eyg,ligand_1544,CHEMBL6060767,Cc1cc(Nc2nc(N[C@@H]3C[C@H]4CC[C@@H](C3)N4S(C)(=O)=O)c3cccnc3c2F)n[nH]1,1544,ligand_1544,idx_1543,CHEMBL6060767,ligand_1544
3eyg,ligand_1545,CHEMBL4076947,Cc1cc(Nc2nccc3nc(-c4c(Cl)cc(C#N)cc4Cl)[nH]c23)ncn1,1545,ligand_1545,idx_1544,CHEMBL4076947,ligand_1545
3eyg,ligand_1546,CHEMBL5740200,Cc1cc(S(=O)(=O)N2C3CCC2CN(c2cccn4nc(Nc5cnn(CC(=O)N6CCN(C)CC6)c5)nc24)C3)sn1,1546,ligand_1546,idx_1545,CHEMBL5740200,ligand_1546
3eyg,ligand_1547,CHEMBL6056953,Cc1cc2cc(OC(F)F)c(-c3n[nH]cc3NC(=O)c3cnn4cccnc34)cc2s1,1547,ligand_1547,idx_1546,CHEMBL6056953,ligand_1547
3eyg,ligand_1548,CHEMBL2178803,Cc1ccc(C)c(-c2nn(C)cc2NC(=O)c2cnn3ccc(N)nc23)c1,1548,ligand_1548,idx_1547,CHEMBL2178803,ligand_1548
3eyg,ligand_1549,CHEMBL5856016,Cc1ccc(C2(CO)CCN(c3cccn4nc(Nc5ccc(C(=O)NCC6CCN(CC(F)(F)F)CC6)cc5)nc34)CC2)cc1,1549,ligand_1549,idx_1548,CHEMBL5856016,ligand_1549
3eyg,ligand_1550,CHEMBL5862211,Cc1ccc(C2(O)CCN(c3cccn4nc(Nc5ccc(C(=O)N(C)C6CCN(C)CC6)cc5)nc34)CC2)cc1,1550,ligand_1550,idx_1549,CHEMBL5862211,ligand_1550
3eyg,ligand_1551,CHEMBL6022909,Cc1ccc(C2CCCN(C(=O)c3ccc(Nc4nc5c(C6=CCN(C(=O)CCC(F)(F)F)CC6)cccn5n4)cc3)C2)nc1,1551,ligand_1551,idx_1550,CHEMBL6022909,ligand_1551
3eyg,ligand_1552,CHEMBL6056059,Cc1ccc(C2CCCN2C(=O)c2ccc(Nc3nc4c(C5=CCN(C(=O)CCC(F)(F)F)CC5)cccn4n3)cc2)nc1,1552,ligand_1552,idx_1551,CHEMBL6056059,ligand_1552
3eyg,ligand_1553,CHEMBL5921943,Cc1ccc(C2CCN(C(=O)c3ccc(Nc4nc5c(C6=CCN(C(=O)CCC(F)(F)F)CC6)cccn5n4)cc3)CC2)nc1,1553,ligand_1553,idx_1552,CHEMBL5921943,ligand_1553
3eyg,ligand_1554,CHEMBL5936764,Cc1ccc(CC2CCN(C(=O)c3ccc(Nc4nc5c(C6=CCN(C(=O)CCC(F)(F)F)CC6)cccn5n4)cc3)C2)nc1,1554,ligand_1554,idx_1553,CHEMBL5936764,ligand_1554
3eyg,ligand_1555,CHEMBL5816745,Cc1ccc(CC2CCN(C(=O)c3ccc(Nc4nc5c(N6CCC(O)(c7ccc(Cl)cc7)CC6)cccn5n4)cc3)C2)nc1,1555,ligand_1555,idx_1554,CHEMBL5816745,ligand_1555
3eyg,ligand_1556,CHEMBL3980794,Cc1ccc(CN(C)C2CCN(C(=O)Cn3cc(NC(=O)c4cnn5cccnc45)c(-c4cc(Cl)ccc4OC(F)F)n3)CC2)c(C)c1,1556,ligand_1556,idx_1555,CHEMBL3980794,ligand_1556
3eyg,ligand_1557,CHEMBL5928763,Cc1ccc(CNC(=O)c2ccc(Nc3nc4c(C5=CCN(C(=O)CCC(F)(F)F)CC5)cccn4n3)cc2)cn1,1557,ligand_1557,idx_1556,CHEMBL5928763,ligand_1557
3eyg,ligand_1558,CHEMBL5963165,Cc1ccc(CNC(=O)c2ccc(Nc3nc4c(N5CCC(CO)(c6ccc(Cl)cc6)CC5)cccn4n3)cc2)cn1,1558,ligand_1558,idx_1557,CHEMBL5963165,ligand_1558
3eyg,ligand_1559,CHEMBL5789010,Cc1ccc(CNC(=O)c2ccc(Nc3nc4c(N5CCC(O)(c6ccc(Cl)cc6)CC5)cccn4n3)cc2)cn1,1559,ligand_1559,idx_1558,CHEMBL5789010,ligand_1559
3eyg,ligand_1560,CHEMBL5945460,Cc1ccc(CO[C@H]2[C@@H]3CC[C@H]2CN(c2cccn4nc(Nc5cnn(CC(=O)N6CCN(C)CC6)c5)nc24)C3)cn1,1560,ligand_1560,idx_1559,CHEMBL5945460,ligand_1560
3eyg,ligand_1561,CHEMBL3918941,Cc1ccc(OCCN(C)C2CCN(C(=O)Cn3cc(NC(=O)c4cnn5cccnc45)c(-c4cc(Cl)ccc4OC(F)F)n3)CC2)cc1,1561,ligand_1561,idx_1560,CHEMBL3918941,ligand_1561
3eyg,ligand_1562,CHEMBL5893474,Cc1ccc(S(=O)(=O)N2[C@@H]3CCC[C@H]2C[C@H](Nc2nc(Nc4cc(C)[nH]n4)cc4ncccc24)C3)cn1,1562,ligand_1562,idx_1561,CHEMBL5893474,ligand_1562
3eyg,ligand_1563,CHEMBL6001893,Cc1cccc(C(C)NC(=O)c2ccc(Nc3nc4c(C5=CCN(C(=O)CCC(F)(F)F)CC5)cccn4n3)cc2)n1,1563,ligand_1563,idx_1562,CHEMBL6001893,ligand_1563
3eyg,ligand_1564,CHEMBL5851026,Cc1cccc(C(C)NC(=O)c2ccc(Nc3nc4c(N5CCC(O)(c6ccc(Cl)cc6)CC5)cccn4n3)cc2)n1,1564,ligand_1564,idx_1563,CHEMBL5851026,ligand_1564
3eyg,ligand_1565,CHEMBL5980601,Cc1cccc(C2CCN(C(=O)c3ccc(Nc4nc5c(C6=CCN(C(=O)CCC(F)(F)F)CC6)cccn5n4)cc3)CC2)n1,1565,ligand_1565,idx_1564,CHEMBL5980601,ligand_1565
3eyg,ligand_1566,CHEMBL5957482,Cc1cccc(CCNC(=O)c2ccc(Nc3nc4c(C5=CCN(C(=O)CCC(F)(F)F)CC5)cccn4n3)cc2)n1,1566,ligand_1566,idx_1565,CHEMBL5957482,ligand_1566
3eyg,ligand_1567,CHEMBL5855507,Cc1cccc(CCNC(=O)c2ccc(Nc3nc4c(N5CCC(O)(c6ccc(Cl)cc6)CC5)cccn4n3)cc2)n1,1567,ligand_1567,idx_1566,CHEMBL5855507,ligand_1567
3eyg,ligand_1568,CHEMBL5943121,Cc1cccnc1CN(C)C(=O)c1ccc(Nc2nc3c(C4=CCN(C(=O)CCC(F)(F)F)CC4)cccn3n2)cc1,1568,ligand_1568,idx_1567,CHEMBL5943121,ligand_1568
3eyg,ligand_1569,CHEMBL5940237,Cc1cccnc1CN(C)C(=O)c1ccc(Nc2nc3c(N4CCC(O)(c5ccc(Cl)cc5)CC4)cccn3n2)cc1,1569,ligand_1569,idx_1568,CHEMBL5940237,ligand_1569
3eyg,ligand_1570,CHEMBL4760406,Cc1ccn2ncc(C(=O)Nc3c[nH]nc3-c3cc(Cl)ccc3OC(F)F)c2n1,1570,ligand_1570,idx_1569,CHEMBL4760406,ligand_1570
3eyg,ligand_1571,CHEMBL5894834,Cc1ccnc(CNC(=O)c2ccc(Nc3nc4c(C5=CCN(C(=O)CCC(F)(F)F)CC5)cccn4n3)cc2)c1,1571,ligand_1571,idx_1570,CHEMBL5894834,ligand_1571
3eyg,ligand_1572,CHEMBL5863660,Cc1ccnc(CNC(=O)c2ccc(Nc3nc4c(N5CCC(O)(c6ccc(Cl)cc6)CC5)cccn4n3)cc2)c1,1572,ligand_1572,idx_1571,CHEMBL5863660,ligand_1572
3eyg,ligand_1573,CHEMBL1287853,Cc1cnc(Nc2ccc(OCCN3CCCC3)cc2)nc1Nc1cccc(S(=O)(=O)NC(C)(C)C)c1,1573,ligand_1573,idx_1572,CHEMBL1287853,ligand_1573
3eyg,ligand_1574,CHEMBL3979772,Cc1cnc2c(C(=O)Nc3cn(CC(=O)N4C[C@H]5CN(C)C[C@H]5C4)nc3-c3cc(Cl)ccc3OC(F)F)cnn2c1,1574,ligand_1574,idx_1573,CHEMBL3979772,ligand_1574
3eyg,ligand_1575,CHEMBL3979772,Cc1cnc2c(C(=O)Nc3cn(CC(=O)N4C[C@H]5CN(C)C[C@H]5C4)nc3-c3cc(Cl)ccc3OC(F)F)cnn2c1,1575,ligand_1575,idx_1574,CHEMBL3979772,ligand_1575
3eyg,ligand_1576,CHEMBL5851201,Cc1cnc2c(F)c(Nc3cc(C)[nH]n3)nc(N[C@@H]3C[C@H]4CCC[C@@H](C3)N4CCC#N)c2c1,1576,ligand_1576,idx_1575,CHEMBL5851201,ligand_1576
3eyg,ligand_1577,CHEMBL5747341,Cc1cnc2c(F)c(Nc3cc(C)[nH]n3)nc(N[C@@H]3C[C@H]4CCC[C@@H](C3)N4S(=O)(=O)N3CC(C#N)C3)c2c1,1577,ligand_1577,idx_1576,CHEMBL5747341,ligand_1577
3eyg,ligand_1578,CHEMBL5833647,Cc1cnc2c(F)c(Nc3cc(C)[nH]n3)nc(N[C@@H]3C[C@H]4CCC[C@@H](C3)N4S(=O)(=O)c3cccnc3)c2c1,1578,ligand_1578,idx_1577,CHEMBL5833647,ligand_1578
3eyg,ligand_1579,CHEMBL5886194,Cc1cnc2c(F)c(Nc3cc(C)[nH]n3)nc(N[C@@H]3C[C@H]4CCC[C@@H](C3)N4S(C)(=O)=O)c2c1,1579,ligand_1579,idx_1578,CHEMBL5886194,ligand_1579
3eyg,ligand_1580,CHEMBL5918752,Cc1cnc2c(F)c(Nc3cc(C)[nH]n3)nc(N[C@@H]3C[C@H]4CC[C@@H](C3)N4CCC#N)c2c1,1580,ligand_1580,idx_1579,CHEMBL5918752,ligand_1580
3eyg,ligand_1581,CHEMBL5956884,Cc1cnc2c(F)c(Nc3cc(C)[nH]n3)nc(N[C@@H]3C[C@H]4CC[C@@H](C3)N4S(=O)(=O)N3CC(C#N)C3)c2c1,1581,ligand_1581,idx_1580,CHEMBL5956884,ligand_1581
3eyg,ligand_1582,CHEMBL5764020,Cc1cnc2c(F)c(Nc3cc(C)[nH]n3)nc(N[C@@H]3C[C@H]4CC[C@@H](C3)N4S(=O)(=O)c3cccnc3)c2c1,1582,ligand_1582,idx_1581,CHEMBL5764020,ligand_1582
3eyg,ligand_1583,CHEMBL5872436,Cc1cnc2cc(Nc3cc(C)[nH]n3)nc(N[C@@H]3C[C@H]4CCC[C@@H](C3)N4C(=O)OCC(C)C)c2c1,1583,ligand_1583,idx_1582,CHEMBL5872436,ligand_1583
3eyg,ligand_1584,CHEMBL5849447,Cc1cnc2cc(Nc3cc(C)[nH]n3)nc(N[C@@H]3C[C@H]4CCC[C@@H](C3)N4CCC#N)c2c1,1584,ligand_1584,idx_1583,CHEMBL5849447,ligand_1584
3eyg,ligand_1585,CHEMBL5772745,Cc1cnc2cc(Nc3cc(C)[nH]n3)nc(N[C@@H]3C[C@H]4CCC[C@@H](C3)N4Cc3ccncc3)c2c1,1585,ligand_1585,idx_1584,CHEMBL5772745,ligand_1585
3eyg,ligand_1586,CHEMBL5974067,Cc1cnc2cc(Nc3cc(C)[nH]n3)nc(N[C@@H]3C[C@H]4CCC[C@@H](C3)N4S(=O)(=O)N3CC(C#N)C3)c2c1,1586,ligand_1586,idx_1585,CHEMBL5974067,ligand_1586
3eyg,ligand_1587,CHEMBL5907719,Cc1cnc2cc(Nc3cc(C)[nH]n3)nc(N[C@@H]3C[C@H]4CCC[C@@H](C3)N4S(C)(=O)=O)c2c1,1587,ligand_1587,idx_1586,CHEMBL5907719,ligand_1587
3eyg,ligand_1588,CHEMBL6003559,Cc1cnc2cc(Nc3cc(C)[nH]n3)nc(N[C@@H]3C[C@H]4CC[C@@H](C3)N4C(=O)OCC(C)C)c2c1,1588,ligand_1588,idx_1587,CHEMBL6003559,ligand_1588
3eyg,ligand_1589,CHEMBL5765444,Cc1cnc2cc(Nc3cc(C)[nH]n3)nc(N[C@@H]3C[C@H]4CC[C@@H](C3)N4CCC#N)c2c1,1589,ligand_1589,idx_1588,CHEMBL5765444,ligand_1589
3eyg,ligand_1590,CHEMBL5847280,Cc1cnc2cc(Nc3cc(C)[nH]n3)nc(N[C@@H]3C[C@H]4CC[C@@H](C3)N4Cc3ccncc3)c2c1,1590,ligand_1590,idx_1589,CHEMBL5847280,ligand_1590
3eyg,ligand_1591,CHEMBL6048835,Cc1cnc2cc(Nc3cc(C)[nH]n3)nc(N[C@@H]3C[C@H]4CC[C@@H](C3)N4S(=O)(=O)N3CC(C#N)C3)c2c1,1591,ligand_1591,idx_1590,CHEMBL6048835,ligand_1591
3eyg,ligand_1592,CHEMBL6045725,Cc1cnc2cc(Nc3cc(C)[nH]n3)nc(N[C@@H]3C[C@H]4CC[C@@H](C3)N4S(C)(=O)=O)c2c1,1592,ligand_1592,idx_1591,CHEMBL6045725,ligand_1592
3eyg,ligand_1593,CHEMBL5892739,Cc1cncc(CNC(=O)c2ccc(Nc3nc4c(C5=CCN(C(=O)CCC(F)(F)F)CC5)cccn4n3)cc2)c1,1593,ligand_1593,idx_1592,CHEMBL5892739,ligand_1593
3eyg,ligand_1594,CHEMBL5770224,Cc1cncc(CNC(=O)c2ccc(Nc3nc4c(N5CCC(O)(c6ccc(Cl)cc6)CC5)cccn4n3)cc2)c1,1594,ligand_1594,idx_1593,CHEMBL5770224,ligand_1594
3eyg,ligand_1595,CHEMBL3670391,Cc1nc(-c2ccccc2C)c(NC(=O)c2cnn3ccc(N)nc23)s1,1595,ligand_1595,idx_1594,CHEMBL3670391,ligand_1595
3eyg,ligand_1596,CHEMBL5899938,Cc1nc(C2CCCN(C(=O)c3ccc(Nc4nc5c(C6=CCN(C(=O)CCC(F)(F)F)CC6)cccn5n4)cc3)C2)cc(N(C)C)n1,1596,ligand_1596,idx_1595,CHEMBL5899938,ligand_1596
3eyg,ligand_1597,CHEMBL2159198,Cc1nc2cnc3[nH]ccc3c2n1C1CCCCC1,1597,ligand_1597,idx_1596,CHEMBL2159198,ligand_1597
3eyg,ligand_1598,CHEMBL2159143,Cc1nc2cnc3[nH]ccc3c2n1C1CCN(CCC#N)CC1,1598,ligand_1598,idx_1597,CHEMBL2159143,ligand_1598
3eyg,ligand_1599,CHEMBL2159142,Cc1nc2cnc3[nH]ccc3c2n1C1CCN(Cc2ccccc2)CC1,1599,ligand_1599,idx_1598,CHEMBL2159142,ligand_1599
3eyg,ligand_1600,CHEMBL2159141,Cc1nc2cnc3[nH]ccc3c2n1C1CCNCC1,1600,ligand_1600,idx_1599,CHEMBL2159141,ligand_1600
3eyg,ligand_1601,CHEMBL2159204,Cc1nc2cnc3[nH]ccc3c2n1C1CCNCC1(F)F,1601,ligand_1601,idx_1600,CHEMBL2159204,ligand_1601
3eyg,ligand_1602,CHEMBL2159199,Cc1nc2cnc3[nH]ccc3c2n1C1CCOCC1,1602,ligand_1602,idx_1601,CHEMBL2159199,ligand_1602
3eyg,ligand_1603,CHEMBL2159213,Cc1nc2cnc3[nH]ccc3c2n1[C@@H]1CCCC[C@H]1O,1603,ligand_1603,idx_1602,CHEMBL2159213,ligand_1603
3eyg,ligand_1604,CHEMBL2159210,Cc1nc2cnc3[nH]ccc3c2n1[C@@H]1CCC[C@@H](O)C1,1604,ligand_1604,idx_1603,CHEMBL2159210,ligand_1604
3eyg,ligand_1605,CHEMBL2159203,Cc1nc2cnc3[nH]ccc3c2n1[C@@H]1CCNC[C@@H]1F,1605,ligand_1605,idx_1604,CHEMBL2159203,ligand_1605
3eyg,ligand_1606,CHEMBL2159202,Cc1nc2cnc3[nH]ccc3c2n1[C@@H]1CCNC[C@H]1F,1606,ligand_1606,idx_1605,CHEMBL2159202,ligand_1606
3eyg,ligand_1607,CHEMBL2159214,Cc1nc2cnc3[nH]ccc3c2n1[C@@H]1CC[C@@H](O)C1,1607,ligand_1607,idx_1606,CHEMBL2159214,ligand_1607
3eyg,ligand_1608,CHEMBL2159201,Cc1nc2cnc3[nH]ccc3c2n1[C@H]1CCCNC1,1608,ligand_1608,idx_1607,CHEMBL2159201,ligand_1608
3eyg,ligand_1609,CHEMBL2159200,Cc1nc2cnc3[nH]ccc3c2n1[C@H]1CCCOC1,1609,ligand_1609,idx_1608,CHEMBL2159200,ligand_1609
3eyg,ligand_1610,CHEMBL2159211,Cc1nc2cnc3[nH]ccc3c2n1[C@H]1CCC[C@@H](O)C1,1610,ligand_1610,idx_1609,CHEMBL2159211,ligand_1610
3eyg,ligand_1611,CHEMBL2159215,Cc1nc2cnc3[nH]ccc3c2n1[C@H]1CC[C@@H](O)C1,1611,ligand_1611,idx_1610,CHEMBL2159215,ligand_1611
3eyg,ligand_1612,CHEMBL2159212,Cc1nc2cnc3[nH]ccc3c2n1[C@H]1CC[C@@H](O)CC1,1612,ligand_1612,idx_1611,CHEMBL2159212,ligand_1612
3eyg,ligand_1613,CHEMBL2159205,Cc1nc2cnc3[nH]ccc3c2n1[C@H]1CC[C@H](NCCC#N)CC1,1613,ligand_1613,idx_1612,CHEMBL2159205,ligand_1613
3eyg,ligand_1614,CHEMBL2159206,Cc1nc2cnc3[nH]ccc3c2n1[C@H]1CC[C@H](NS(C)(=O)=O)CC1,1614,ligand_1614,idx_1613,CHEMBL2159206,ligand_1614
3eyg,ligand_1615,CHEMBL2159209,Cc1nc2cnc3[nH]ccc3c2n1[C@H]1CC[C@H](O)CC1,1615,ligand_1615,idx_1614,CHEMBL2159209,ligand_1615
3eyg,ligand_1616,CHEMBL5987720,Cc1ncc(S(=O)(=O)N2C3CCC2CN(c2cccn4nc(Nc5cnn(CC(=O)N6CCN(C)CC6)c5)nc24)C3)s1,1616,ligand_1616,idx_1615,CHEMBL5987720,ligand_1616
3eyg,ligand_1617,CHEMBL5814727,Cc1ncccc1CNC(=O)c1ccc(Nc2nc3c(C4=CCN(C(=O)CCC(F)(F)F)CC4)cccn3n2)cc1,1617,ligand_1617,idx_1616,CHEMBL5814727,ligand_1617
3eyg,ligand_1618,CHEMBL5989640,Cc1ncccc1CNC(=O)c1ccc(Nc2nc3c(N4CCC(O)(c5ccc(Cl)cc5)CC4)cccn3n2)cc1,1618,ligand_1618,idx_1617,CHEMBL5989640,ligand_1618
3eyg,ligand_1619,CHEMBL5767922,Cn1cc(Cn2cc(NC(=O)c3cnn4cccnc34)c(-c3cc4c(cc3OC(F)F)NCCS4)n2)nn1,1619,ligand_1619,idx_1618,CHEMBL5767922,ligand_1619
3eyg,ligand_1620,CHEMBL2178799,Cn1cc(NC(=O)c2cnn3cccnc23)c(-c2cc(Cl)ccc2Cl)n1,1620,ligand_1620,idx_1619,CHEMBL2178799,ligand_1620
3eyg,ligand_1621,CHEMBL5952888,Cn1cc(NC(=O)c2cnn3cccnc23)c(-c2cc3c(cc2OC(F)F)NC(=O)CO3)n1,1621,ligand_1621,idx_1620,CHEMBL5952888,ligand_1621
3eyg,ligand_1622,CHEMBL5781671,Cn1cc(NC(=O)c2cnn3cccnc23)c(-c2cc3c(cc2OC(F)F)NC(=O)CS3)n1,1622,ligand_1622,idx_1621,CHEMBL5781671,ligand_1622
3eyg,ligand_1623,CHEMBL5894657,Cn1cc(NC(=O)c2cnn3cccnc23)c(-c2cc3c(cc2OC(F)F)NC2(COC2)CO3)n1,1623,ligand_1623,idx_1622,CHEMBL5894657,ligand_1623
3eyg,ligand_1624,CHEMBL5950551,Cn1cc(NC(=O)c2cnn3cccnc23)c(-c2cc3c(cc2OC(F)F)NCC(C)(C)O3)n1,1624,ligand_1624,idx_1623,CHEMBL5950551,ligand_1624
3eyg,ligand_1625,CHEMBL5792421,Cn1cc(NC(=O)c2cnn3cccnc23)c(-c2cc3c(cc2OC(F)F)NCCO3)n1,1625,ligand_1625,idx_1624,CHEMBL5792421,ligand_1625
3eyg,ligand_1626,CHEMBL5956117,Cn1cc(NC(=O)c2cnn3cccnc23)c(-c2cc3c(cc2OC(F)F)NCCS3)n1,1626,ligand_1626,idx_1625,CHEMBL5956117,ligand_1626
3eyg,ligand_1627,CHEMBL5981041,Cn1cc(NC(=O)c2cnn3cccnc23)c(-c2cc3ccccc3cc2OC(F)F)n1,1627,ligand_1627,idx_1626,CHEMBL5981041,ligand_1627
3eyg,ligand_1628,CHEMBL5998967,Cn1cc(NC(=O)c2cnn3cccnc23)c(-c2cc3sc(C(=O)N4CCN(C(=O)OC(C)(C)C)CC4)cc3cc2OC(F)F)n1,1628,ligand_1628,idx_1627,CHEMBL5998967,ligand_1628
3eyg,ligand_1629,CHEMBL6041577,Cn1cc(NC(=O)c2cnn3cccnc23)c(-c2cc3sc(C(=O)N4CCNCC4)cc3cc2OC(F)F)n1,1629,ligand_1629,idx_1628,CHEMBL6041577,ligand_1629
3eyg,ligand_1630,CHEMBL2206618,Cn1ccc(CCc2nc3cnc4[nH]ccc4c3n2C2CCN(CCC#N)CC2)n1,1630,ligand_1630,idx_1629,CHEMBL2206618,ligand_1630
3eyg,ligand_1631,CHEMBL2206616,Cn1ccnc1CCc1nc2cnc3[nH]ccc3c2n1C1CCN(CCC#N)CC1,1631,ligand_1631,idx_1630,CHEMBL2206616,ligand_1631
3eyg,ligand_1632,CHEMBL5859622,Cn1ccnc1CN1CCN(C(=O)c2ccc(Nc3nc4c(C5=CCN(C(=O)CCC(F)(F)F)CC5)cccn4n3)cc2)CC1,1632,ligand_1632,idx_1631,CHEMBL5859622,ligand_1632
3eyg,ligand_1633,CHEMBL5848427,Cn1ccnc1CN1CCN(C(=O)c2ccc(Nc3nc4c(N5CCC(O)(c6ccc(Cl)cc6)CC5)cccn4n3)cc2)CC1,1633,ligand_1633,idx_1632,CHEMBL5848427,ligand_1633
3eyg,ligand_1634,CHEMBL5917961,Cn1nnc(Cn2cc(NC(=O)c3cnn4cccnc34)c(-c3cc4c(cc3OC(F)F)NCCO4)n2)n1,1634,ligand_1634,idx_1633,CHEMBL5917961,ligand_1634
3eyg,ligand_1635,CHEMBL5994598,Cn1nnc(Cn2cc(NC(=O)c3cnn4cccnc34)c(-c3cc4c(cc3OC(F)F)NCCS4)n2)n1,1635,ligand_1635,idx_1634,CHEMBL5994598,ligand_1635
3eyg,ligand_1636,CHEMBL5744855,Cn1nncc1Cn1cc(NC(=O)c2cnn3cccnc23)c(-c2cc3c(cc2OC(F)F)NCCO3)n1,1636,ligand_1636,idx_1635,CHEMBL5744855,ligand_1636
3eyg,ligand_1637,CHEMBL6030670,Cn1nnnc1Cn1cc(NC(=O)c2cnn3cccnc23)c(-c2cc3c(cc2OC(F)F)NCCO3)n1,1637,ligand_1637,idx_1636,CHEMBL6030670,ligand_1637
3eyg,ligand_1638,CHEMBL5823146,Cn1nnnc1Cn1cc(NC(=O)c2cnn3cccnc23)c(-c2cc3c(cc2OC(F)F)NCCS3)n1,1638,ligand_1638,idx_1637,CHEMBL5823146,ligand_1638
3eyg,ligand_1639,CHEMBL2152400,FC(F)(F)CN1CCC(n2cnc3cnc4[nH]ccc4c32)CC1,1639,ligand_1639,idx_1638,CHEMBL2152400,ligand_1639
3eyg,ligand_1640,CHEMBL2392497,F[C@@H]1CNCC[C@H]1n1nnc2cnc3[nH]ccc3c21,1640,ligand_1640,idx_1639,CHEMBL2392497,ligand_1640
3eyg,ligand_1641,CHEMBL2392496,F[C@H]1CNCC[C@H]1n1nnc2cnc3[nH]ccc3c21,1641,ligand_1641,idx_1640,CHEMBL2392496,ligand_1641
3eyg,ligand_1642,CHEMBL3890535,N#CC1(CN2C[C@@H]3CN(C(=O)Cn4cc(NC(=O)c5cnn6cccnc56)c(-c5cc(Cl)ccc5OC(F)F)n4)C[C@@H]3C2)CCCCC1,1642,ligand_1642,idx_1641,CHEMBL3890535,ligand_1642
3eyg,ligand_1643,CHEMBL3899109,N#CC1(CNC2CCN(C(=O)Cn3cc(NC(=O)c4cnn5cccnc45)c(-c4cc(Cl)ccc4OC(F)F)n3)CC2)CC1,1643,ligand_1643,idx_1642,CHEMBL3899109,ligand_1643
3eyg,ligand_1644,CHEMBL5831216,N#CC1(CNC2CCN(C(=O)Cn3cc(NC(=O)c4cnn5cccnc45)c(-c4cc5sc(C(N)=O)cc5cc4OC(F)F)n3)CC2)CC1,1644,ligand_1644,idx_1643,CHEMBL5831216,ligand_1644
3eyg,ligand_1645,CHEMBL5996589,N#CC1(CNC2CCN(C(=O)Cn3cc(Nc4nc5c(N6CC7CCC(C6)N7C(=O)C6CC(C(F)(F)F)C6)cccn5n4)cn3)CC2)CC1,1645,ligand_1645,idx_1644,CHEMBL5996589,ligand_1645
3eyg,ligand_1646,CHEMBL6057805,N#CC1(CNC2CCN(C(=O)Cn3cc(Nc4nc5c(N6CC7CCC(C6)N7C(=O)N6CC(C(F)(F)F)C6)cccn5n4)cn3)CC2)CC1,1646,ligand_1646,idx_1645,CHEMBL6057805,ligand_1646
3eyg,ligand_1647,CHEMBL3915972,N#CC1(NC2CCN(C(=O)Cn3cc(NC(=O)c4cnn5cccnc45)c(-c4cc(Cl)ccc4OC(F)F)n3)CC2)CC1,1647,ligand_1647,idx_1646,CHEMBL3915972,ligand_1647
3eyg,ligand_1648,CHEMBL3934963,N#CC1(c2ccccc2)CCN(C(=O)Cn2cc(NC(=O)c3c(N)nn4cccnc34)c(-c3cc(Cl)ccc3OC(F)F)n2)CC1,1648,ligand_1648,idx_1647,CHEMBL3934963,ligand_1648
3eyg,ligand_1649,CHEMBL3973547,N#CC1(c2ccccc2)CCN(C(=O)Cn2cc(NC(=O)c3cnn4cccnc34)c(-c3cc(Cl)ccc3OC(F)F)n2)CC1,1649,ligand_1649,idx_1648,CHEMBL3973547,ligand_1649
3eyg,ligand_1650,CHEMBL2436967,N#CC1CCCC1Nc1ncnc2c(=O)[nH]ccc12,1650,ligand_1650,idx_1649,CHEMBL2436967,ligand_1650
3eyg,ligand_1651,CHEMBL3920292,N#CC1CCN(C2CCN(C(=O)Cn3cc(NC(=O)c4cnn5cccnc45)c(-c4cc(Cl)ccc4OC(F)F)n3)CC2)C1,1651,ligand_1651,idx_1650,CHEMBL3920292,ligand_1651
3eyg,ligand_1652,CHEMBL3967830,N#CC1CCN(C2CCN(C(=O)Cn3cc(NC(=O)c4cnn5cccnc45)c(-c4cc(Cl)ccc4OC(F)F)n3)CC2)CC1,1652,ligand_1652,idx_1651,CHEMBL3967830,ligand_1652
3eyg,ligand_1653,CHEMBL3667527,N#CC1CCN(c2n[nH]cc2NC(=O)c2cnn3cccnc23)CC1,1653,ligand_1653,idx_1652,CHEMBL3667527,ligand_1653
3eyg,ligand_1654,CHEMBL3920585,N#CC1CN(C2CCN(C(=O)Cn3cc(NC(=O)c4cnn5cccnc45)c(-c4cc(Cl)ccc4OC(F)F)n3)CC2)C1,1654,ligand_1654,idx_1653,CHEMBL3920585,ligand_1654
3eyg,ligand_1655,CHEMBL2152394,N#CCC(=O)N1CCC(n2cnc3cnc4[nH]ccc4c32)CC1,1655,ligand_1655,idx_1654,CHEMBL2152394,ligand_1655
3eyg,ligand_1656,CHEMBL2152300,N#CCC(=O)N1CCC[C@@H](n2cnc3cnc4[nH]ccc4c32)C1,1656,ligand_1656,idx_1655,CHEMBL2152300,ligand_1656
3eyg,ligand_1657,CHEMBL2392500,N#CCC(=O)N1CCC[C@@H](n2nnc3cnc4[nH]ccc4c32)C1,1657,ligand_1657,idx_1656,CHEMBL2392500,ligand_1657
3eyg,ligand_1658,CHEMBL3964990,N#CCCCN1CCN(C(=O)Cn2cc(NC(=O)c3cnn4cccnc34)c(-c3cc(Cl)ccc3OC(F)F)n2)CC1,1658,ligand_1658,idx_1657,CHEMBL3964990,ligand_1658
3eyg,ligand_1659,CHEMBL3899912,N#CCCCNC1CCN(C(=O)Cn2cc(NC(=O)c3cnn4cccnc34)c(-c3cc(Cl)ccc3OC(F)F)n2)CC1,1659,ligand_1659,idx_1658,CHEMBL3899912,ligand_1659
3eyg,ligand_1660,CHEMBL2206061,N#CCCN1CCC(n2c(C3CC3)nc3cnc4[nH]ccc4c32)CC1,1660,ligand_1660,idx_1659,CHEMBL2206061,ligand_1660
3eyg,ligand_1661,CHEMBL2206611,N#CCCN1CCC(n2c(C3CCC3)nc3cnc4[nH]ccc4c32)CC1,1661,ligand_1661,idx_1660,CHEMBL2206611,ligand_1661
3eyg,ligand_1662,CHEMBL2206612,N#CCCN1CCC(n2c(CC3CCCC3)nc3cnc4[nH]ccc4c32)CC1,1662,ligand_1662,idx_1661,CHEMBL2206612,ligand_1662
3eyg,ligand_1663,CHEMBL2206613,N#CCCN1CCC(n2c(CC3CCCO3)nc3cnc4[nH]ccc4c32)CC1,1663,ligand_1663,idx_1662,CHEMBL2206613,ligand_1663
3eyg,ligand_1664,CHEMBL2206615,N#CCCN1CCC(n2c(CC3CCOCC3)nc3cnc4[nH]ccc4c32)CC1,1664,ligand_1664,idx_1663,CHEMBL2206615,ligand_1664
3eyg,ligand_1665,CHEMBL2206614,N#CCCN1CCC(n2c(CCC3CCCO3)nc3cnc4[nH]ccc4c32)CC1,1665,ligand_1665,idx_1664,CHEMBL2206614,ligand_1665
3eyg,ligand_1666,CHEMBL2206617,N#CCCN1CCC(n2c(CCn3cccn3)nc3cnc4[nH]ccc4c32)CC1,1666,ligand_1666,idx_1665,CHEMBL2206617,ligand_1666
3eyg,ligand_1667,CHEMBL2152401,N#CCCN1CCC(n2cnc3cnc4[nH]ccc4c32)CC1,1667,ligand_1667,idx_1666,CHEMBL2152401,ligand_1667
3eyg,ligand_1668,CHEMBL2392488,N#CCCN1CCC(n2nnc3cnc4[nH]ccc4c32)CC1,1668,ligand_1668,idx_1667,CHEMBL2392488,ligand_1668
3eyg,ligand_1669,CHEMBL3932881,N#CCCN1CCN(C(=O)Cn2cc(NC(=O)c3cnn4cccnc34)c(-c3cc(Cl)ccc3OC(F)F)n2)CC1,1669,ligand_1669,idx_1668,CHEMBL3932881,ligand_1669
3eyg,ligand_1670,CHEMBL5938844,N#CCCN1CCN(C(=O)c2ccc(Nc3nc4c(C5=CCN(C(=O)CCC(F)(F)F)CC5)cccn4n3)cc2)CC1,1670,ligand_1670,idx_1669,CHEMBL5938844,ligand_1670
3eyg,ligand_1671,CHEMBL5932260,N#CCCN1CCN(C(=O)c2ccc(Nc3nc4c(N5CCC(O)(c6ccc(Cl)cc6)CC5)cccn4n3)cc2)CC1,1671,ligand_1671,idx_1670,CHEMBL5932260,ligand_1671
3eyg,ligand_1672,CHEMBL3929567,N#CCCNC1CCC(=CCn2cc(NC(=O)c3cnn4cccnc34)c(-c3cc(Cl)ccc3OC(F)F)n2)CC1,1672,ligand_1672,idx_1671,CHEMBL3929567,ligand_1672
3eyg,ligand_1673,CHEMBL3963191,N#CCCNC1CCN(C(=O)Cn2cc(NC(=O)c3cnn4cccnc34)c(-c3cc(Cl)ccc3OC(F)F)n2)CC1,1673,ligand_1673,idx_1672,CHEMBL3963191,ligand_1673
3eyg,ligand_1674,CHEMBL2152420,N#CCCN[C@H]1CC[C@H](n2cnc3cnc4[nH]ccc4c32)CC1,1674,ligand_1674,idx_1673,CHEMBL2152420,ligand_1674
3eyg,ligand_1675,CHEMBL2392480,N#CCCN[C@H]1CC[C@H](n2nnc3cnc4[nH]ccc4c32)CC1,1675,ligand_1675,idx_1674,CHEMBL2392480,ligand_1675
3eyg,ligand_1676,CHEMBL1789941,N#CC[C@H](C1CCCC1)n1cc(-c2ncnc3[nH]ccc23)cn1,1676,ligand_1676,idx_1675,CHEMBL1789941,ligand_1676
3eyg,ligand_1677,CHEMBL1789941,N#CC[C@H](C1CCCC1)n1cc(-c2ncnc3[nH]ccc23)cn1,1677,ligand_1677,idx_1676,CHEMBL1789941,ligand_1677
3eyg,ligand_1678,CHEMBL5847710,N#CCn1cc(NC(=O)c2cnn3cccnc23)c(-c2cc3c(cc2OC(F)F)NCCO3)n1,1678,ligand_1678,idx_1677,CHEMBL5847710,ligand_1678
3eyg,ligand_1679,CHEMBL5980178,N#CCn1cc(NC(=O)c2cnn3cccnc23)c(-c2cc3c(cc2OC(F)F)NCCS3)n1,1679,ligand_1679,idx_1678,CHEMBL5980178,ligand_1679
3eyg,ligand_1680,CHEMBL2436966,N#C[C@@H]1CCC[C@H]1Nc1ncnc2c(=O)[nH]ccc12,1680,ligand_1680,idx_1679,CHEMBL2436966,ligand_1680
3eyg,ligand_1681,CHEMBL2436969,N#C[C@@H]1CC[C@@H](Nc2ncnc3c(=O)[nH]ccc23)C1,1681,ligand_1681,idx_1680,CHEMBL2436969,ligand_1681
3eyg,ligand_1682,CHEMBL4111727,N#C[C@H]1CCCN(C2CCN(C(=O)Cn3cc(NC(=O)c4cnn5cccnc45)c(-c4cc(Cl)ccc4OC(F)F)n3)CC2)C1,1682,ligand_1682,idx_1681,CHEMBL4111727,ligand_1682
3eyg,ligand_1683,CHEMBL2436943,N#C[C@H]1CCC[C@H]1Nc1nc(-c2ccccc2)nc2c(=O)[nH]ccc12,1683,ligand_1683,idx_1682,CHEMBL2436943,ligand_1683
3eyg,ligand_1684,CHEMBL2436944,N#C[C@H]1CCC[C@H]1Nc1nc(-c2cn[nH]c2)nc2c(=O)[nH]ccc12,1684,ligand_1684,idx_1683,CHEMBL2436944,ligand_1684
3eyg,ligand_1685,CHEMBL2436940,N#C[C@H]1CCC[C@H]1Nc1nc(N2CCCCC2)nc2c(=O)[nH]ccc12,1685,ligand_1685,idx_1684,CHEMBL2436940,ligand_1685
3eyg,ligand_1686,CHEMBL2436941,N#C[C@H]1CCC[C@H]1Nc1nc(N2CCOCC2)nc2c(=O)[nH]ccc12,1686,ligand_1686,idx_1685,CHEMBL2436941,ligand_1686
3eyg,ligand_1687,CHEMBL2436965,N#C[C@H]1CCC[C@H]1Nc1ncnc2c(=O)[nH]ccc12,1687,ligand_1687,idx_1686,CHEMBL2436965,ligand_1687
3eyg,ligand_1688,CHEMBL2436968,N#C[C@H]1CC[C@@H](Nc2ncnc3c(=O)[nH]ccc23)C1,1688,ligand_1688,idx_1687,CHEMBL2436968,ligand_1688
3eyg,ligand_1689,CHEMBL5753317,N#Cc1cc2cc(OC(F)F)c(-c3nn(CC(=O)N4CCC(CN5CCOCC5)CC4)cc3NC(=O)c3cnn4cccnc34)cc2s1,1689,ligand_1689,idx_1688,CHEMBL5753317,ligand_1689
3eyg,ligand_1690,CHEMBL5858665,N#Cc1cc2cc(OC(F)F)c(-c3nn(CC(=O)N4CCC(N5CCOCC5)CC4)cc3NC(=O)c3cnn4cccnc34)cc2s1,1690,ligand_1690,idx_1689,CHEMBL5858665,ligand_1690
3eyg,ligand_1691,CHEMBL3935981,N#Cc1ccc(CN2CCN(C(=O)Cn3cc(NC(=O)c4cnn5cccnc45)c(-c4cc(Cl)ccc4OC(F)F)n3)CC2)cc1,1691,ligand_1691,idx_1690,CHEMBL3935981,ligand_1691
3eyg,ligand_1692,CHEMBL3970070,N#Cc1ccc(N2CCN(C(=O)Cn3cc(NC(=O)c4cnn5cccnc45)c(-c4cc(Cl)ccc4OC(F)F)n3)CC2)cc1,1692,ligand_1692,idx_1691,CHEMBL3970070,ligand_1692
3eyg,ligand_1693,CHEMBL2152421,N#Cc1cccc(CN[C@H]2CC[C@H](n3cnc4cnc5[nH]ccc5c43)CC2)c1,1693,ligand_1693,idx_1692,CHEMBL2152421,ligand_1693
3eyg,ligand_1694,CHEMBL5794741,N=C(/N=c1\[nH]cccc1N1CCC(O)(c2ccc(Cl)cc2)CC1)Nc1ccc(C(=O)N2CCNCC2)cc1,1694,ligand_1694,idx_1693,CHEMBL5794741,ligand_1694
3eyg,ligand_1695,CHEMBL5915875,N=C(/N=c1\[nH]cccc1N1CCC(O)(c2ccc(Cl)cc2)CC1)Nc1ccc(C(=O)NCCN)cc1,1695,ligand_1695,idx_1694,CHEMBL5915875,ligand_1695
3eyg,ligand_1696,CHEMBL3924451,N=C(N)CCCn1cc(NC(=O)c2cnn3cccnc23)c(-c2cc(Cl)ccc2OC(F)F)n1,1696,ligand_1696,idx_1695,CHEMBL3924451,ligand_1696
3eyg,ligand_1697,CHEMBL3909090,N=C(N)CCn1cc(NC(=O)c2cnn3cccnc23)c(-c2cc(Cl)ccc2OC(F)F)n1,1697,ligand_1697,idx_1696,CHEMBL3909090,ligand_1697
3eyg,ligand_1698,CHEMBL5790167,N=C/C(C(=O)Nc1cn(CC(=O)C2CCN(C=O)CC2)nc1-c1cc2ccccc2cc1OC(F)F)=C1/N=CC=CN1,1698,ligand_1698,idx_1697,CHEMBL5790167,ligand_1698
3eyg,ligand_1699,CHEMBL5961587,N=Cc1cc(-c2n[nH]cc2NC(=O)c2cnn3cccnc23)c(OC(F)F)cc1N,1699,ligand_1699,idx_1698,CHEMBL5961587,ligand_1699
3eyg,ligand_1700,CHEMBL3937077,NC(=O)CCCN1CCC(n2cc(NC(=O)c3c(N)nn4cccnc34)c(-c3cc(Cl)ccc3OC(F)F)n2)CC1,1700,ligand_1700,idx_1699,CHEMBL3937077,ligand_1700
3eyg,ligand_1701,CHEMBL3985698,NC(=O)CCCN1CCC(n2cc(NC(=O)c3cnn4cccnc34)c(-c3cc(Cl)ccc3OC(F)F)n2)CC1,1701,ligand_1701,idx_1700,CHEMBL3985698,ligand_1701
3eyg,ligand_1702,CHEMBL3921617,NC(=O)CCN1CCC(n2cc(NC(=O)c3c(N)nn4cccnc34)c(-c3cc(Cl)ccc3OC(F)F)n2)CC1,1702,ligand_1702,idx_1701,CHEMBL3921617,ligand_1702
3eyg,ligand_1703,CHEMBL5782819,NC(=O)c1cc2cc(OC(F)F)c(-c3nn(CC(=O)N4CCC(=O)CC4)cc3NC(=O)c3cnn4cccnc34)cc2s1,1703,ligand_1703,idx_1702,CHEMBL5782819,ligand_1703
3eyg,ligand_1704,CHEMBL5879771,NC(=O)c1cc2cc(OC(F)F)c(-c3nn(CC(=O)N4CCC(CN5CCOCC5)CC4)cc3NC(=O)c3cnn4cccnc34)cc2s1,1704,ligand_1704,idx_1703,CHEMBL5879771,ligand_1704
3eyg,ligand_1705,CHEMBL6048681,NC(=O)c1cc2cc(OC(F)F)c(-c3nn(CC(=O)N4CCC(N5CCOCC5)CC4)cc3NC(=O)c3cnn4cccnc34)cc2s1,1705,ligand_1705,idx_1704,CHEMBL6048681,ligand_1705
3eyg,ligand_1706,CHEMBL6051109,NC1CC2(CCN(C(=O)c3ccc(Nc4nc5c(C6=CCN(C(=O)CCC(F)(F)F)CC6)cccn5n4)cc3)CC2)C1,1706,ligand_1706,idx_1705,CHEMBL6051109,ligand_1706
3eyg,ligand_1707,CHEMBL5777503,NC1CC2(CCN(C(=O)c3ccc(Nc4nc5c(N6CCC(O)(c7ccc(Cl)cc7)CC6)cccn5n4)cc3)CC2)C1,1707,ligand_1707,idx_1706,CHEMBL5777503,ligand_1707
3eyg,ligand_1708,CHEMBL3922122,NC1CCC(=CCn2cc(NC(=O)c3cnn4cccnc34)c(-c3cc(Cl)ccc3OC(F)F)n2)CC1,1708,ligand_1708,idx_1707,CHEMBL3922122,ligand_1708
3eyg,ligand_1709,CHEMBL3910787,NC1CCN(C(=O)Cn2cc(NC(=O)c3cnn4cccnc34)c(-c3cc(Cl)ccc3OC(F)F)n2)CC1,1709,ligand_1709,idx_1708,CHEMBL3910787,ligand_1709
3eyg,ligand_1710,CHEMBL6048313,NC1CN(C(=O)c2ccc(Nc3nc4c(C5=CCN(C(=O)CCC(F)(F)F)CC5)cccn4n3)cc2)C1,1710,ligand_1710,idx_1709,CHEMBL6048313,ligand_1710
3eyg,ligand_1711,CHEMBL5879560,NCC1(c2ccccc2)CCN(c2cccn3nc(NC(=O)C4CC4)nc23)CC1,1711,ligand_1711,idx_1710,CHEMBL5879560,ligand_1711
3eyg,ligand_1712,CHEMBL5758920,NCC12CC(CN1C(=O)c1ccc(Nc3nc4c(C5=CCN(C(=O)CCC(F)(F)F)CC5)cccn4n3)cc1)C2,1712,ligand_1712,idx_1711,CHEMBL5758920,ligand_1712
3eyg,ligand_1713,CHEMBL5938846,NCC12CC(CN1C(=O)c1ccc(Nc3nc4c(N5CCC(O)(c6ccc(Cl)cc6)CC5)cccn4n3)cc1)C2,1713,ligand_1713,idx_1712,CHEMBL5938846,ligand_1713
3eyg,ligand_1714,CHEMBL5767660,NCC1CCCN1C(=O)c1ccc(Nc2nc3c(C4=CCN(C(=O)CCC(F)(F)F)CC4)cccn3n2)cc1,1714,ligand_1714,idx_1713,CHEMBL5767660,ligand_1714
3eyg,ligand_1715,CHEMBL5959344,NCC1CCCN1C(=O)c1ccc(Nc2nc3c(N4CCC(O)(c5ccc(Cl)cc5)CC4)cccn3n2)cc1,1715,ligand_1715,idx_1714,CHEMBL5959344,ligand_1715
3eyg,ligand_1716,CHEMBL6052665,NCC1CCN(C(=O)c2ccc(Nc3nc4c(C5=CCN(C(=O)CCC(F)(F)F)CC5)cccn4n3)cc2)C1,1716,ligand_1716,idx_1715,CHEMBL6052665,ligand_1716
3eyg,ligand_1717,CHEMBL5815844,NCC1CCN(C(=O)c2ccc(Nc3nc4c(C5=CCN(C(=O)CCC(F)(F)F)CC5)cccn4n3)cc2)CC1,1717,ligand_1717,idx_1716,CHEMBL5815844,ligand_1717
3eyg,ligand_1718,CHEMBL5882644,NCC1CCN(C(=O)c2ccc(Nc3nc4c(N5CCC(O)(c6ccc(Cl)cc6)CC5)cccn4n3)cc2)CC1,1718,ligand_1718,idx_1717,CHEMBL5882644,ligand_1718
3eyg,ligand_1719,CHEMBL6041540,NCC1CN(C(=O)c2ccc(Nc3nc4c(C5=CCN(C(=O)CCC(F)(F)F)CC5)cccn4n3)cc2)C1,1719,ligand_1719,idx_1718,CHEMBL6041540,ligand_1719
3eyg,ligand_1720,CHEMBL5921998,NCC1CNc2cc(OC(F)F)c(-c3n[nH]cc3NC(=O)c3cnn4cccnc34)cc2S1,1720,ligand_1720,idx_1719,CHEMBL5921998,ligand_1720
3eyg,ligand_1721,CHEMBL5755888,NCCNC(=O)c1ccc(Nc2nc3c(C4=CCN(C(=O)CCC(F)(F)F)CC4)cccn3n2)cc1,1721,ligand_1721,idx_1720,CHEMBL5755888,ligand_1721
3eyg,ligand_1722,CHEMBL3933199,NCCn1cc(NC(=O)c2c(N)nn3cccnc23)c(-c2cc(Cl)ccc2OC(F)F)n1,1722,ligand_1722,idx_1721,CHEMBL3933199,ligand_1722
3eyg,ligand_1723,CHEMBL5882474,NCCn1cc(NC(=O)c2cnn3cccnc23)c(-c2cc3c(cc2OC(F)F)NCCS3)n1,1723,ligand_1723,idx_1722,CHEMBL5882474,ligand_1723
3eyg,ligand_1724,CHEMBL3927987,NC[C@@H]1CCCN1C(=O)Cn1cc(NC(=O)c2cnn3cccnc23)c(-c2cc(Cl)ccc2OC(F)F)n1,1724,ligand_1724,idx_1723,CHEMBL3927987,ligand_1724
3eyg,ligand_1725,CHEMBL2152415,N[C@H]1CC[C@@H](n2cnc3cnc4[nH]ccc4c32)CC1,1725,ligand_1725,idx_1724,CHEMBL2152415,ligand_1725
3eyg,ligand_1726,CHEMBL2152414,N[C@H]1CC[C@H](n2cnc3cnc4[nH]ccc4c32)CC1,1726,ligand_1726,idx_1725,CHEMBL2152414,ligand_1726
3eyg,ligand_1727,CHEMBL2392498,N[C@H]1CC[C@H](n2nnc3cnc4[nH]ccc4c32)CC1,1727,ligand_1727,idx_1726,CHEMBL2392498,ligand_1727
3eyg,ligand_1728,CHEMBL5982342,N[C@]12C[C@H]1CN(C(=O)c1ccc(Nc3nc4c(C5=CCN(C(=O)CCC(F)(F)F)CC5)cccn4n3)cc1)C2,1728,ligand_1728,idx_1727,CHEMBL5982342,ligand_1728
3eyg,ligand_1729,CHEMBL5784657,N[C@]12C[C@H]1CN(C(=O)c1ccc(Nc3nc4c(N5CCC(O)(c6ccc(Cl)cc6)CC5)cccn4n3)cc1)C2,1729,ligand_1729,idx_1728,CHEMBL5784657,ligand_1729
3eyg,ligand_1730,CHEMBL2420846,Nc1cccc(Cl)c1C(=O)Nc1ccncc1,1730,ligand_1730,idx_1729,CHEMBL2420846,ligand_1730
3eyg,ligand_1731,CHEMBL3670393,Nc1ccn2ncc(C(=O)Nc3c[nH]nc3-c3cc(Cl)ccc3Cl)c2n1,1731,ligand_1731,idx_1730,CHEMBL3670393,ligand_1731
3eyg,ligand_1732,CHEMBL3670394,Nc1ccn2ncc(C(=O)Nc3ccnn3-c3cc(Cl)ccc3Cl)c2n1,1732,ligand_1732,idx_1731,CHEMBL3670394,ligand_1732
3eyg,ligand_1733,CHEMBL2178257,Nc1ccn2ncc(C(=O)Nc3conc3-c3cccc(Cl)c3)c2n1,1733,ligand_1733,idx_1732,CHEMBL2178257,ligand_1733
3eyg,ligand_1734,CHEMBL5968354,Nc1nc2c(C(=O)Nc3c[nH]nc3-c3cc(Cl)ccc3OC(F)F)cncc2s1,1734,ligand_1734,idx_1733,CHEMBL5968354,ligand_1734
3eyg,ligand_1735,CHEMBL4740778,Nc1nn2cccnc2c1C(=O)Nc1c[nH]nc1-c1cc(Cl)ccc1OC(F)F,1735,ligand_1735,idx_1734,CHEMBL4740778,ligand_1735
3eyg,ligand_1736,CHEMBL3917854,Nc1nn2cccnc2c1C(=O)Nc1cn(C2CCCNCC2)nc1-c1cc(Cl)ccc1OC(F)F,1736,ligand_1736,idx_1735,CHEMBL3917854,ligand_1736
3eyg,ligand_1737,CHEMBL3976050,Nc1nn2cccnc2c1C(=O)Nc1cn(C2CCN(CCCC(=O)N3CCCCC3)CC2)nc1-c1cc(Cl)ccc1OC(F)F,1737,ligand_1737,idx_1736,CHEMBL3976050,ligand_1737
3eyg,ligand_1738,CHEMBL3909533,Nc1nn2cccnc2c1C(=O)Nc1cn(C2CCN(CCCC(=O)N3CCOCC3)CC2)nc1-c1cc(Cl)ccc1OC(F)F,1738,ligand_1738,idx_1737,CHEMBL3909533,ligand_1738
3eyg,ligand_1739,CHEMBL3980959,Nc1nn2cccnc2c1C(=O)Nc1cn(C2CCN(CCCC(=O)NCc3ccccc3)CC2)nc1-c1cc(Cl)ccc1OC(F)F,1739,ligand_1739,idx_1738,CHEMBL3980959,ligand_1739
3eyg,ligand_1740,CHEMBL3970566,Nc1nn2cccnc2c1C(=O)Nc1cn(C2CCN(CCCCOCCc3ccccc3)CC2)nc1-c1cc(Cl)ccc1OC(F)F,1740,ligand_1740,idx_1739,CHEMBL3970566,ligand_1740
3eyg,ligand_1741,CHEMBL3974692,Nc1nn2cccnc2c1C(=O)Nc1cn(C2CCN(CCCCc3ccccc3)CC2)nc1-c1cc(Cl)ccc1OC(F)F,1741,ligand_1741,idx_1740,CHEMBL3974692,ligand_1741
3eyg,ligand_1742,CHEMBL3976610,Nc1nn2cccnc2c1C(=O)Nc1cn(C2CCN(CCCN3CCCC3=O)CC2)nc1-c1cc(Cl)ccc1OC(F)F,1742,ligand_1742,idx_1741,CHEMBL3976610,ligand_1742
3eyg,ligand_1743,CHEMBL3912643,Nc1nn2cccnc2c1C(=O)Nc1cn(C2CCN(CCCN3CCNC3=O)CC2)nc1-c1cc(Cl)ccc1OC(F)F,1743,ligand_1743,idx_1742,CHEMBL3912643,ligand_1743
3eyg,ligand_1744,CHEMBL3935850,Nc1nn2cccnc2c1C(=O)Nc1cn(C2CCN(CCCNC(=O)c3ccccc3)CC2)nc1-c1cc(Cl)ccc1OC(F)F,1744,ligand_1744,idx_1743,CHEMBL3935850,ligand_1744
3eyg,ligand_1745,CHEMBL3912800,Nc1nn2cccnc2c1C(=O)Nc1cn(C2CCN(CCCO)CC2)nc1-c1cc(Cl)ccc1OC(F)F,1745,ligand_1745,idx_1744,CHEMBL3912800,ligand_1745
3eyg,ligand_1746,CHEMBL3920777,Nc1nn2cccnc2c1C(=O)Nc1cn(C2CCN(CCOCc3ccccc3)CC2)nc1-c1cc(Cl)ccc1OC(F)F,1746,ligand_1746,idx_1745,CHEMBL3920777,ligand_1746
3eyg,ligand_1747,CHEMBL3903778,Nc1nn2cccnc2c1C(=O)Nc1cn(C2CCN(Cc3ccccc3)CC2)nc1-c1cc(Cl)ccc1OC(F)F,1747,ligand_1747,idx_1746,CHEMBL3903778,ligand_1747
3eyg,ligand_1748,CHEMBL3903218,Nc1nn2cccnc2c1C(=O)Nc1cn(C2CCNCC2)nc1-c1cc(Cl)ccc1OC(F)F,1748,ligand_1748,idx_1747,CHEMBL3903218,ligand_1748
3eyg,ligand_1749,CHEMBL3936541,Nc1nn2cccnc2c1C(=O)Nc1cn(CC(=O)N2CC3CNCC3C2)nc1-c1cc(Cl)ccc1OC(F)F,1749,ligand_1749,idx_1748,CHEMBL3936541,ligand_1749
3eyg,ligand_1750,CHEMBL3964279,Nc1nn2cccnc2c1C(=O)Nc1cn(CC(=O)N2CCC(CO)CC2)nc1-c1cc(Cl)ccc1OC(F)F,1750,ligand_1750,idx_1749,CHEMBL3964279,ligand_1750
3eyg,ligand_1751,CHEMBL3897112,Nc1nn2cccnc2c1C(=O)Nc1cn(CC(=O)N2CCC(F)(F)C2)nc1-c1cc(Cl)ccc1OC(F)F,1751,ligand_1751,idx_1750,CHEMBL3897112,ligand_1751
3eyg,ligand_1752,CHEMBL4115299,Nc1nn2cccnc2c1C(=O)Nc1cn(CC(=O)N2CCC(N3CC[C@@H](O)C3)CC2)nc1-c1cc(Cl)ccc1OC(F)F,1752,ligand_1752,idx_1751,CHEMBL4115299,ligand_1752
3eyg,ligand_1753,CHEMBL3942542,Nc1nn2cccnc2c1C(=O)Nc1cn(CC(=O)N2CCC(N3CC[C@H](O)C3)CC2)nc1-c1cc(Cl)ccc1OC(F)F,1753,ligand_1753,idx_1752,CHEMBL3942542,ligand_1753
3eyg,ligand_1754,CHEMBL3940032,Nc1nn2cccnc2c1C(=O)Nc1cn(CC(=O)N2CCC(O)(Cc3ccccc3)CC2)nc1-c1cc(Cl)ccc1OC(F)F,1754,ligand_1754,idx_1753,CHEMBL3940032,ligand_1754
3eyg,ligand_1755,CHEMBL3893713,Nc1nn2cccnc2c1C(=O)Nc1cn(CC(=O)N2CCC(O)(c3ccccc3)CC2)nc1-c1cc(Cl)ccc1OC(F)F,1755,ligand_1755,idx_1754,CHEMBL3893713,ligand_1755
3eyg,ligand_1756,CHEMBL3896005,Nc1nn2cccnc2c1C(=O)Nc1cn(CC(=O)N2CCC(Oc3ccccc3)CC2)nc1-c1cc(Cl)ccc1OC(F)F,1756,ligand_1756,idx_1755,CHEMBL3896005,ligand_1756
3eyg,ligand_1757,CHEMBL3984406,Nc1nn2cccnc2c1C(=O)Nc1cn(CC(=O)N2CCN(CC3CC3)CC2)nc1-c1cc(Cl)ccc1OC(F)F,1757,ligand_1757,idx_1756,CHEMBL3984406,ligand_1757
3eyg,ligand_1758,CHEMBL3925958,Nc1nn2cccnc2c1C(=O)Nc1cn(CC(=O)N2CCN(CCO)CC2)nc1-c1cc(Cl)ccc1OC(F)F,1758,ligand_1758,idx_1757,CHEMBL3925958,ligand_1758
3eyg,ligand_1759,CHEMBL3907431,Nc1nn2cccnc2c1C(=O)Nc1cn(CC(=O)N2CCNCC2)nc1-c1cc(Cl)ccc1OC(F)F,1759,ligand_1759,idx_1758,CHEMBL3907431,ligand_1759
3eyg,ligand_1760,CHEMBL3979963,Nc1nn2cccnc2c1C(=O)Nc1cn(CC(=O)N2CCOC(CO)C2)nc1-c1cc(Cl)ccc1OC(F)F,1760,ligand_1760,idx_1759,CHEMBL3979963,ligand_1760
3eyg,ligand_1761,CHEMBL3912167,Nc1nn2cccnc2c1C(=O)Nc1cn(CC(=O)N2CCOCC2)nc1-c1cc(Cl)ccc1OC(F)F,1761,ligand_1761,idx_1760,CHEMBL3912167,ligand_1761
3eyg,ligand_1762,CHEMBL4108482,Nc1nn2cccnc2c1C(=O)Nc1cn(CC(=O)N2CC[C@@H](O)C2)nc1-c1cc(Cl)ccc1OC(F)F,1762,ligand_1762,idx_1761,CHEMBL4108482,ligand_1762
3eyg,ligand_1763,CHEMBL3938660,Nc1nn2cccnc2c1C(=O)Nc1cn(CC(=O)N2CC[C@H](O)C2)nc1-c1cc(Cl)ccc1OC(F)F,1763,ligand_1763,idx_1762,CHEMBL3938660,ligand_1763
3eyg,ligand_1764,CHEMBL3950143,Nc1nn2cccnc2c1C(=O)Nc1cn(CC(=O)N2C[C@H]3CN(CC4CC4)C[C@H]3C2)nc1-c1cc(Cl)ccc1OC(F)F,1764,ligand_1764,idx_1763,CHEMBL3950143,ligand_1764
3eyg,ligand_1765,CHEMBL3963779,Nc1nn2cccnc2c1C(=O)Nc1cn(CC(=O)N2C[C@H]3CN(CC4CCC(F)(F)CC4)C[C@H]3C2)nc1-c1cc(Cl)ccc1OC(F)F,1765,ligand_1765,idx_1764,CHEMBL3963779,ligand_1765
3eyg,ligand_1766,CHEMBL4114441,Nc1nn2cccnc2c1C(=O)Nc1cn([C@@H]2CCNC2)nc1-c1cc(Cl)ccc1OC(F)F,1766,ligand_1766,idx_1765,CHEMBL4114441,ligand_1766
3eyg,ligand_1767,CHEMBL3934335,Nc1nn2cccnc2c1C(=O)Nc1cn([C@H]2CCNC2)nc1-c1cc(Cl)ccc1OC(F)F,1767,ligand_1767,idx_1766,CHEMBL3934335,ligand_1767
3eyg,ligand_1768,CHEMBL3901134,Nc1nn2cccnc2c1C(=O)Nc1cn([C@H]2C[C@@H](N)C2)nc1-c1cc(Cl)ccc1OC(F)F,1768,ligand_1768,idx_1767,CHEMBL3901134,ligand_1768
3eyg,ligand_1769,CHEMBL5998451,O=C(CCC(F)(F)F)N1CC=C(c2cccn3nc(NC4=CC=C(C(=O)N5CCCC6(CCNCC6)C5)C4)nc23)CC1,1769,ligand_1769,idx_1768,CHEMBL5998451,ligand_1769
3eyg,ligand_1770,CHEMBL5981727,O=C(CCC(F)(F)F)N1CC=C(c2cccn3nc(Nc4ccc(C(=O)N(CCO)Cc5cccnc5)cc4)nc23)CC1,1770,ligand_1770,idx_1769,CHEMBL5981727,ligand_1770
3eyg,ligand_1771,CHEMBL5904402,O=C(CCC(F)(F)F)N1CC=C(c2cccn3nc(Nc4ccc(C(=O)N(Cc5ccccc5)C5CC5)cc4)nc23)CC1,1771,ligand_1771,idx_1770,CHEMBL5904402,ligand_1771
3eyg,ligand_1772,CHEMBL5779503,O=C(CCC(F)(F)F)N1CC=C(c2cccn3nc(Nc4ccc(C(=O)N5CC(C6CCCNC6)c6ccccc65)cc4)nc23)CC1,1772,ligand_1772,idx_1771,CHEMBL5779503,ligand_1772
3eyg,ligand_1773,CHEMBL5955127,O=C(CCC(F)(F)F)N1CC=C(c2cccn3nc(Nc4ccc(C(=O)N5CC6(CCCNC6)C5)cc4)nc23)CC1,1773,ligand_1773,idx_1772,CHEMBL5955127,ligand_1773
3eyg,ligand_1774,CHEMBL5865974,O=C(CCC(F)(F)F)N1CC=C(c2cccn3nc(Nc4ccc(C(=O)N5CC6(CCNC6)C5)cc4)nc23)CC1,1774,ligand_1774,idx_1773,CHEMBL5865974,ligand_1774
3eyg,ligand_1775,CHEMBL5792957,O=C(CCC(F)(F)F)N1CC=C(c2cccn3nc(Nc4ccc(C(=O)N5CC6(CCNCC6)C5)cc4)nc23)CC1,1775,ligand_1775,idx_1774,CHEMBL5792957,ligand_1775
3eyg,ligand_1776,CHEMBL5939709,O=C(CCC(F)(F)F)N1CC=C(c2cccn3nc(Nc4ccc(C(=O)N5CC6(CNC6)C5)cc4)nc23)CC1,1776,ligand_1776,idx_1775,CHEMBL5939709,ligand_1776
3eyg,ligand_1777,CHEMBL5742575,O=C(CCC(F)(F)F)N1CC=C(c2cccn3nc(Nc4ccc(C(=O)N5CC6CNCC(C5)O6)cc4)nc23)CC1,1777,ligand_1777,idx_1776,CHEMBL5742575,ligand_1777
3eyg,ligand_1778,CHEMBL6018713,O=C(CCC(F)(F)F)N1CC=C(c2cccn3nc(Nc4ccc(C(=O)N5CC6CNCC6C5)cc4)nc23)CC1,1778,ligand_1778,idx_1777,CHEMBL6018713,ligand_1778
3eyg,ligand_1779,CHEMBL5757224,O=C(CCC(F)(F)F)N1CC=C(c2cccn3nc(Nc4ccc(C(=O)N5CCC(Cc6ccccn6)CC5)cc4)nc23)CC1,1779,ligand_1779,idx_1778,CHEMBL5757224,ligand_1779
3eyg,ligand_1780,CHEMBL6041163,O=C(CCC(F)(F)F)N1CC=C(c2cccn3nc(Nc4ccc(C(=O)N5CCC(Cc6cccnc6)C5)cc4)nc23)CC1,1780,ligand_1780,idx_1779,CHEMBL6041163,ligand_1780
3eyg,ligand_1781,CHEMBL6029967,O=C(CCC(F)(F)F)N1CC=C(c2cccn3nc(Nc4ccc(C(=O)N5CCC(Cc6cccnc6)CC5)cc4)nc23)CC1,1781,ligand_1781,idx_1780,CHEMBL6029967,ligand_1781
3eyg,ligand_1782,CHEMBL5765031,O=C(CCC(F)(F)F)N1CC=C(c2cccn3nc(Nc4ccc(C(=O)N5CCC(N6CCCC6)CC5)cc4)nc23)CC1,1782,ligand_1782,idx_1781,CHEMBL5765031,ligand_1782
3eyg,ligand_1783,CHEMBL5896973,O=C(CCC(F)(F)F)N1CC=C(c2cccn3nc(Nc4ccc(C(=O)N5CCC(N6CCOCC6)C5)cc4)nc23)CC1,1783,ligand_1783,idx_1782,CHEMBL5896973,ligand_1783
3eyg,ligand_1784,CHEMBL5764040,O=C(CCC(F)(F)F)N1CC=C(c2cccn3nc(Nc4ccc(C(=O)N5CCC(N6CCOCC6)CC5)cc4)nc23)CC1,1784,ligand_1784,idx_1783,CHEMBL5764040,ligand_1784
3eyg,ligand_1785,CHEMBL5897462,O=C(CCC(F)(F)F)N1CC=C(c2cccn3nc(Nc4ccc(C(=O)N5CCC(c6cc7cccnc7[nH]6)CC5)cc4)nc23)CC1,1785,ligand_1785,idx_1784,CHEMBL5897462,ligand_1785
3eyg,ligand_1786,CHEMBL5850797,O=C(CCC(F)(F)F)N1CC=C(c2cccn3nc(Nc4ccc(C(=O)N5CCC(c6ccccn6)CC5)cc4)nc23)CC1,1786,ligand_1786,idx_1785,CHEMBL5850797,ligand_1786
3eyg,ligand_1787,CHEMBL6021173,O=C(CCC(F)(F)F)N1CC=C(c2cccn3nc(Nc4ccc(C(=O)N5CCC(c6ccncc6)C5)cc4)nc23)CC1,1787,ligand_1787,idx_1786,CHEMBL6021173,ligand_1787
3eyg,ligand_1788,CHEMBL5838179,O=C(CCC(F)(F)F)N1CC=C(c2cccn3nc(Nc4ccc(C(=O)N5CCC(c6ccncc6)CC5)cc4)nc23)CC1,1788,ligand_1788,idx_1787,CHEMBL5838179,ligand_1788
3eyg,ligand_1789,CHEMBL5767054,O=C(CCC(F)(F)F)N1CC=C(c2cccn3nc(Nc4ccc(C(=O)N5CCC6(CC5)CNC6)cc4)nc23)CC1,1789,ligand_1789,idx_1788,CHEMBL5767054,ligand_1789
3eyg,ligand_1790,CHEMBL6022215,O=C(CCC(F)(F)F)N1CC=C(c2cccn3nc(Nc4ccc(C(=O)N5CCC6(CCCCN6)C5)cc4)nc23)CC1,1790,ligand_1790,idx_1789,CHEMBL6022215,ligand_1790
3eyg,ligand_1791,CHEMBL6039851,O=C(CCC(F)(F)F)N1CC=C(c2cccn3nc(Nc4ccc(C(=O)N5CCC6(CCCN6)C5)cc4)nc23)CC1,1791,ligand_1791,idx_1790,CHEMBL6039851,ligand_1791
3eyg,ligand_1792,CHEMBL5809710,O=C(CCC(F)(F)F)N1CC=C(c2cccn3nc(Nc4ccc(C(=O)N5CCC6(CCCN6)CC5)cc4)nc23)CC1,1792,ligand_1792,idx_1791,CHEMBL5809710,ligand_1792
3eyg,ligand_1793,CHEMBL6028210,O=C(CCC(F)(F)F)N1CC=C(c2cccn3nc(Nc4ccc(C(=O)N5CCC6(CCCNC6)C5)cc4)nc23)CC1,1793,ligand_1793,idx_1792,CHEMBL6028210,ligand_1793
3eyg,ligand_1794,CHEMBL5829429,O=C(CCC(F)(F)F)N1CC=C(c2cccn3nc(Nc4ccc(C(=O)N5CCC6(CCCNC6)CC5)cc4)nc23)CC1,1794,ligand_1794,idx_1793,CHEMBL5829429,ligand_1794
3eyg,ligand_1795,CHEMBL5987483,O=C(CCC(F)(F)F)N1CC=C(c2cccn3nc(Nc4ccc(C(=O)N5CCC6(CCN6)CC5)cc4)nc23)CC1,1795,ligand_1795,idx_1794,CHEMBL5987483,ligand_1795
3eyg,ligand_1796,CHEMBL6034402,O=C(CCC(F)(F)F)N1CC=C(c2cccn3nc(Nc4ccc(C(=O)N5CCC6(CCNC6)C5)cc4)nc23)CC1,1796,ligand_1796,idx_1795,CHEMBL6034402,ligand_1796
3eyg,ligand_1797,CHEMBL6038365,O=C(CCC(F)(F)F)N1CC=C(c2cccn3nc(Nc4ccc(C(=O)N5CCC6(CCNC6)CC5)cc4)nc23)CC1,1797,ligand_1797,idx_1796,CHEMBL6038365,ligand_1797
3eyg,ligand_1798,CHEMBL6007718,O=C(CCC(F)(F)F)N1CC=C(c2cccn3nc(Nc4ccc(C(=O)N5CCC6(CCNCC6)C5)cc4)nc23)CC1,1798,ligand_1798,idx_1797,CHEMBL6007718,ligand_1798
3eyg,ligand_1799,CHEMBL5911811,O=C(CCC(F)(F)F)N1CC=C(c2cccn3nc(Nc4ccc(C(=O)N5CCC6(CCNCC6)CC5)cc4)nc23)CC1,1799,ligand_1799,idx_1798,CHEMBL5911811,ligand_1799
3eyg,ligand_1800,CHEMBL5987321,O=C(CCC(F)(F)F)N1CC=C(c2cccn3nc(Nc4ccc(C(=O)N5CCC6(CNC6)C5)cc4)nc23)CC1,1800,ligand_1800,idx_1799,CHEMBL5987321,ligand_1800
3eyg,ligand_1801,CHEMBL5950905,O=C(CCC(F)(F)F)N1CC=C(c2cccn3nc(Nc4ccc(C(=O)N5CCC6CNCC65)cc4)nc23)CC1,1801,ligand_1801,idx_1800,CHEMBL5950905,ligand_1801
3eyg,ligand_1802,CHEMBL5772384,O=C(CCC(F)(F)F)N1CC=C(c2cccn3nc(Nc4ccc(C(=O)N5CCCC(N6CCCCCC6)C5)cc4)nc23)CC1,1802,ligand_1802,idx_1801,CHEMBL5772384,ligand_1802
3eyg,ligand_1803,CHEMBL5992935,O=C(CCC(F)(F)F)N1CC=C(c2cccn3nc(Nc4ccc(C(=O)N5CCCC(N6CCOCC6)C5)cc4)nc23)CC1,1803,ligand_1803,idx_1802,CHEMBL5992935,ligand_1803
3eyg,ligand_1804,CHEMBL5847434,O=C(CCC(F)(F)F)N1CC=C(c2cccn3nc(Nc4ccc(C(=O)N5CCCC(O)(CN6CCCC6)CC5)cc4)nc23)CC1,1804,ligand_1804,idx_1803,CHEMBL5847434,ligand_1804
3eyg,ligand_1805,CHEMBL5745906,O=C(CCC(F)(F)F)N1CC=C(c2cccn3nc(Nc4ccc(C(=O)N5CCCC(c6cc7cccnc7[nH]6)C5)cc4)nc23)CC1,1805,ligand_1805,idx_1804,CHEMBL5745906,ligand_1805
3eyg,ligand_1806,CHEMBL5949086,O=C(CCC(F)(F)F)N1CC=C(c2cccn3nc(Nc4ccc(C(=O)N5CCCC(c6ccccn6)C5)cc4)nc23)CC1,1806,ligand_1806,idx_1805,CHEMBL5949086,ligand_1806
3eyg,ligand_1807,CHEMBL6025415,O=C(CCC(F)(F)F)N1CC=C(c2cccn3nc(Nc4ccc(C(=O)N5CCCC56CCCNC6)cc4)nc23)CC1,1807,ligand_1807,idx_1806,CHEMBL6025415,ligand_1807
3eyg,ligand_1808,CHEMBL6008657,O=C(CCC(F)(F)F)N1CC=C(c2cccn3nc(Nc4ccc(C(=O)N5CCCC56CCNC6)cc4)nc23)CC1,1808,ligand_1808,idx_1807,CHEMBL6008657,ligand_1808
3eyg,ligand_1809,CHEMBL5784993,O=C(CCC(F)(F)F)N1CC=C(c2cccn3nc(Nc4ccc(C(=O)N5CCCC5Cc5ccccn5)cc4)nc23)CC1,1809,ligand_1809,idx_1808,CHEMBL5784993,ligand_1809
3eyg,ligand_1810,CHEMBL6024915,O=C(CCC(F)(F)F)N1CC=C(c2cccn3nc(Nc4ccc(C(=O)N5CCCC5c5ccccc5)cc4)nc23)CC1,1810,ligand_1810,idx_1809,CHEMBL6024915,ligand_1810
3eyg,ligand_1811,CHEMBL5959957,O=C(CCC(F)(F)F)N1CC=C(c2cccn3nc(Nc4ccc(C(=O)N5CCCC5c5ccncc5)cc4)nc23)CC1,1811,ligand_1811,idx_1810,CHEMBL5959957,ligand_1811
3eyg,ligand_1812,CHEMBL5828284,O=C(CCC(F)(F)F)N1CC=C(c2cccn3nc(Nc4ccc(C(=O)N5CCCC6(CCCCN6)C5)cc4)nc23)CC1,1812,ligand_1812,idx_1811,CHEMBL5828284,ligand_1812
3eyg,ligand_1813,CHEMBL5950957,O=C(CCC(F)(F)F)N1CC=C(c2cccn3nc(Nc4ccc(C(=O)N5CCCC6(CCCN6)CC5)cc4)nc23)CC1,1813,ligand_1813,idx_1812,CHEMBL5950957,ligand_1813
3eyg,ligand_1814,CHEMBL6049777,O=C(CCC(F)(F)F)N1CC=C(c2cccn3nc(Nc4ccc(C(=O)N5CCCC6(CCCNC6)C5)cc4)nc23)CC1,1814,ligand_1814,idx_1813,CHEMBL6049777,ligand_1814
3eyg,ligand_1815,CHEMBL6005992,O=C(CCC(F)(F)F)N1CC=C(c2cccn3nc(Nc4ccc(C(=O)N5CCCC6(CNCCO6)C5)cc4)nc23)CC1,1815,ligand_1815,idx_1814,CHEMBL6005992,ligand_1815
3eyg,ligand_1816,CHEMBL5971155,O=C(CCC(F)(F)F)N1CC=C(c2cccn3nc(Nc4ccc(C(=O)N5CCCCC56CCCNC6)cc4)nc23)CC1,1816,ligand_1816,idx_1815,CHEMBL5971155,ligand_1816
3eyg,ligand_1817,CHEMBL6009464,O=C(CCC(F)(F)F)N1CC=C(c2cccn3nc(Nc4ccc(C(=O)N5CCCCC56CCNCC6)cc4)nc23)CC1,1817,ligand_1817,idx_1816,CHEMBL6009464,ligand_1817
3eyg,ligand_1818,CHEMBL5991843,O=C(CCC(F)(F)F)N1CC=C(c2cccn3nc(Nc4ccc(C(=O)N5CCCCC5Cc5ccccn5)cc4)nc23)CC1,1818,ligand_1818,idx_1817,CHEMBL5991843,ligand_1818
3eyg,ligand_1819,CHEMBL5891186,O=C(CCC(F)(F)F)N1CC=C(c2cccn3nc(Nc4ccc(C(=O)N5CCCCC5c5cccnc5)cc4)nc23)CC1,1819,ligand_1819,idx_1818,CHEMBL5891186,ligand_1819
3eyg,ligand_1820,CHEMBL5859806,O=C(CCC(F)(F)F)N1CC=C(c2cccn3nc(Nc4ccc(C(=O)N5CCCN(c6ccncc6)CC5)cc4)nc23)CC1,1820,ligand_1820,idx_1819,CHEMBL5859806,ligand_1820
3eyg,ligand_1821,CHEMBL5786613,O=C(CCC(F)(F)F)N1CC=C(c2cccn3nc(Nc4ccc(C(=O)N5CCCNCC5)cc4)nc23)CC1,1821,ligand_1821,idx_1820,CHEMBL5786613,ligand_1821
3eyg,ligand_1822,CHEMBL5855612,O=C(CCC(F)(F)F)N1CC=C(c2cccn3nc(Nc4ccc(C(=O)N5CCN(C6CC6)CC5)cc4)nc23)CC1,1822,ligand_1822,idx_1821,CHEMBL5855612,ligand_1822
3eyg,ligand_1823,CHEMBL6046389,O=C(CCC(F)(F)F)N1CC=C(c2cccn3nc(Nc4ccc(C(=O)N5CCN(C6CCC6)CC5)cc4)nc23)CC1,1823,ligand_1823,idx_1822,CHEMBL6046389,ligand_1823
3eyg,ligand_1824,CHEMBL6013466,O=C(CCC(F)(F)F)N1CC=C(c2cccn3nc(Nc4ccc(C(=O)N5CCN(C6CCCCC6)CC5)cc4)nc23)CC1,1824,ligand_1824,idx_1823,CHEMBL6013466,ligand_1824
3eyg,ligand_1825,CHEMBL5983844,O=C(CCC(F)(F)F)N1CC=C(c2cccn3nc(Nc4ccc(C(=O)N5CCN(CC6CC6)CC5)cc4)nc23)CC1,1825,ligand_1825,idx_1824,CHEMBL5983844,ligand_1825
3eyg,ligand_1826,CHEMBL6060793,O=C(CCC(F)(F)F)N1CC=C(c2cccn3nc(Nc4ccc(C(=O)N5CCN(CC6CCCO6)CC5)cc4)nc23)CC1,1826,ligand_1826,idx_1825,CHEMBL6060793,ligand_1826
3eyg,ligand_1827,CHEMBL6013475,O=C(CCC(F)(F)F)N1CC=C(c2cccn3nc(Nc4ccc(C(=O)N5CCN(CCN6CCOCC6)CC5)cc4)nc23)CC1,1827,ligand_1827,idx_1826,CHEMBL6013475,ligand_1827
3eyg,ligand_1828,CHEMBL5774819,O=C(CCC(F)(F)F)N1CC=C(c2cccn3nc(Nc4ccc(C(=O)N5CCN(CCO)CC5)cc4)nc23)CC1,1828,ligand_1828,idx_1827,CHEMBL5774819,ligand_1828
3eyg,ligand_1829,CHEMBL5981691,O=C(CCC(F)(F)F)N1CC=C(c2cccn3nc(Nc4ccc(C(=O)N5CCN(CCn6ccnc6)CC5)cc4)nc23)CC1,1829,ligand_1829,idx_1828,CHEMBL5981691,ligand_1829
3eyg,ligand_1830,CHEMBL5903549,O=C(CCC(F)(F)F)N1CC=C(c2cccn3nc(Nc4ccc(C(=O)N5CCN(Cc6ccccn6)CC5)cc4)nc23)CC1,1830,ligand_1830,idx_1829,CHEMBL5903549,ligand_1830
3eyg,ligand_1831,CHEMBL5986297,O=C(CCC(F)(F)F)N1CC=C(c2cccn3nc(Nc4ccc(C(=O)N5CCN(Cc6cccnc6)CC5)cc4)nc23)CC1,1831,ligand_1831,idx_1830,CHEMBL5986297,ligand_1831
3eyg,ligand_1832,CHEMBL6043244,O=C(CCC(F)(F)F)N1CC=C(c2cccn3nc(Nc4ccc(C(=O)N5CCN(c6ccccn6)CC5)cc4)nc23)CC1,1832,ligand_1832,idx_1831,CHEMBL6043244,ligand_1832
3eyg,ligand_1833,CHEMBL5796041,O=C(CCC(F)(F)F)N1CC=C(c2cccn3nc(Nc4ccc(C(=O)N5CCN(c6cccnc6)CC5)cc4)nc23)CC1,1833,ligand_1833,idx_1832,CHEMBL5796041,ligand_1833
3eyg,ligand_1834,CHEMBL6030746,O=C(CCC(F)(F)F)N1CC=C(c2cccn3nc(Nc4ccc(C(=O)N5CCN6CCCC6C5)cc4)nc23)CC1,1834,ligand_1834,idx_1833,CHEMBL6030746,ligand_1834
3eyg,ligand_1835,CHEMBL6001744,O=C(CCC(F)(F)F)N1CC=C(c2cccn3nc(Nc4ccc(C(=O)N5CCN6CCCCC6C5)cc4)nc23)CC1,1835,ligand_1835,idx_1834,CHEMBL6001744,ligand_1835
3eyg,ligand_1836,CHEMBL5910780,O=C(CCC(F)(F)F)N1CC=C(c2cccn3nc(Nc4ccc(C(=O)N5CCNCC5)cc4)nc23)CC1,1836,ligand_1836,idx_1835,CHEMBL5910780,ligand_1836
3eyg,ligand_1837,CHEMBL5981922,O=C(CCC(F)(F)F)N1CC=C(c2cccn3nc(Nc4ccc(C(=O)N5CCNCC5CO)cc4)nc23)CC1,1837,ligand_1837,idx_1836,CHEMBL5981922,ligand_1837
3eyg,ligand_1838,CHEMBL5751119,O=C(CCC(F)(F)F)N1CC=C(c2cccn3nc(Nc4ccc(C(=O)N5CCOC(c6ccccn6)C5)cc4)nc23)CC1,1838,ligand_1838,idx_1837,CHEMBL5751119,ligand_1838
3eyg,ligand_1839,CHEMBL6061065,O=C(CCC(F)(F)F)N1CC=C(c2cccn3nc(Nc4ccc(C(=O)N5CCOC6(CCCNC6)C5)cc4)nc23)CC1,1839,ligand_1839,idx_1838,CHEMBL6061065,ligand_1839
3eyg,ligand_1840,CHEMBL5811458,O=C(CCC(F)(F)F)N1CC=C(c2cccn3nc(Nc4ccc(C(=O)N5CCOC6(CCNCC6)C5)cc4)nc23)CC1,1840,ligand_1840,idx_1839,CHEMBL5811458,ligand_1840
3eyg,ligand_1841,CHEMBL5746075,O=C(CCC(F)(F)F)N1CC=C(c2cccn3nc(Nc4ccc(C(=O)N5CCOC6CCNCC65)cc4)nc23)CC1,1841,ligand_1841,idx_1840,CHEMBL5746075,ligand_1841
3eyg,ligand_1842,CHEMBL5957697,O=C(CCC(F)(F)F)N1CC=C(c2cccn3nc(Nc4ccc(C(=O)N5CCO[C@@H]6CNC[C@@H]65)cc4)nc23)CC1,1842,ligand_1842,idx_1841,CHEMBL5957697,ligand_1842
3eyg,ligand_1843,CHEMBL6044964,O=C(CCC(F)(F)F)N1CC=C(c2cccn3nc(Nc4ccc(C(=O)N5CCO[C@@H]6CNC[C@H]65)cc4)nc23)CC1,1843,ligand_1843,idx_1842,CHEMBL6044964,ligand_1843
3eyg,ligand_1844,CHEMBL5743041,O=C(CCC(F)(F)F)N1CC=C(c2cccn3nc(Nc4ccc(C(=O)N5CC[C@H]6CNC[C@H]65)cc4)nc23)CC1,1844,ligand_1844,idx_1843,CHEMBL5743041,ligand_1844
3eyg,ligand_1845,CHEMBL6054642,O=C(CCC(F)(F)F)N1CC=C(c2cccn3nc(Nc4ccc(C(=O)N5C[C@@H]6CCN[C@@H]6C5)cc4)nc23)CC1,1845,ligand_1845,idx_1844,CHEMBL6054642,ligand_1845
3eyg,ligand_1846,CHEMBL5904861,O=C(CCC(F)(F)F)N1CC=C(c2cccn3nc(Nc4ccc(C(=O)N5C[C@H]6CNC[C@H]6C5)cc4)nc23)CC1,1846,ligand_1846,idx_1845,CHEMBL5904861,ligand_1846
3eyg,ligand_1847,CHEMBL5741696,O=C(CCC(F)(F)F)N1CC=C(c2cccn3nc(Nc4ccc(C(=O)N5C[C@H]6CN[C@H]6C5)cc4)nc23)CC1,1847,ligand_1847,idx_1846,CHEMBL5741696,ligand_1847
3eyg,ligand_1848,CHEMBL5774319,O=C(CCC(F)(F)F)N1CC=C(c2cccn3nc(Nc4ccc(C(=O)N5Cc6cccnc6C5)cc4)nc23)CC1,1848,ligand_1848,idx_1847,CHEMBL5774319,ligand_1848
3eyg,ligand_1849,CHEMBL5951338,O=C(CCC(F)(F)F)N1CC=C(c2cccn3ncnc23)CC1,1849,ligand_1849,idx_1848,CHEMBL5951338,ligand_1849
3eyg,ligand_1850,CHEMBL3984681,O=C(CCCN1CCC(n2cc(NC(=O)c3cnn4cccnc34)c(-c3cc(Cl)ccc3OC(F)F)n2)CC1)NC1CCOCC1,1850,ligand_1850,idx_1849,CHEMBL3984681,ligand_1850
3eyg,ligand_1851,CHEMBL3914878,O=C(CCCN1CCC(n2cc(NC(=O)c3cnn4cccnc34)c(-c3cc(Cl)ccc3OC(F)F)n2)CC1)NC1COC1,1851,ligand_1851,idx_1850,CHEMBL3914878,ligand_1851
3eyg,ligand_1852,CHEMBL3966418,O=C(CN1CCCCC1)Cn1cc(NC(=O)c2cnn3cccnc23)c(-c2cc(Cl)ccc2OC(F)F)n1,1852,ligand_1852,idx_1851,CHEMBL3966418,ligand_1852
3eyg,ligand_1853,CHEMBL3976520,O=C(CN1CCOCC1)Cn1cc(NC(=O)c2cnn3cccnc23)c(-c2cc(Cl)ccc2OC(F)F)n1,1853,ligand_1853,idx_1852,CHEMBL3976520,ligand_1853
3eyg,ligand_1854,CHEMBL3894756,O=C(CNCCn1cc(NC(=O)c2cnn3cccnc23)c(-c2cc(Cl)ccc2OC(F)F)n1)OC1CCCC1,1854,ligand_1854,idx_1853,CHEMBL3894756,ligand_1854
3eyg,ligand_1855,CHEMBL3945218,O=C(Cn1cc(NC(=O)c2cnn3cccnc23)c(-c2cc(Cl)ccc2OC(F)F)n1)NCC1(CO)CC1,1855,ligand_1855,idx_1854,CHEMBL3945218,ligand_1855
3eyg,ligand_1856,CHEMBL5743896,O=C(Cn1cc(Nc2nc3c(N4CC5CCC(C4)N5C(=O)CCC(F)(F)F)cccn3n2)cn1)N1CCC(CN2CCOCC2)CC1,1856,ligand_1856,idx_1855,CHEMBL5743896,ligand_1856
3eyg,ligand_1857,CHEMBL5875540,O=C(Cn1cc(Nc2nc3c(N4CC5CCC(C4)N5C(=O)CCC(F)(F)F)cccn3n2)cn1)N1CCC(N2CCOCC2)CC1,1857,ligand_1857,idx_1856,CHEMBL5875540,ligand_1857
3eyg,ligand_1858,CHEMBL5774224,O=C(Cn1cc(Nc2nc3c(N4CC5CCC(C4)N5C(=O)CCC(F)(F)F)cccn3n2)cn1)N1CCC(N2CCn3nccc3C2)CC1,1858,ligand_1858,idx_1857,CHEMBL5774224,ligand_1858
3eyg,ligand_1859,CHEMBL5933684,O=C(Cn1cc(Nc2nc3c(N4CC5CCC(C4)N5C(=O)CCC(F)(F)F)cccn3n2)cn1)N1CCN(C2CCC2)CC1,1859,ligand_1859,idx_1858,CHEMBL5933684,ligand_1859
3eyg,ligand_1860,CHEMBL5883876,O=C(Cn1cc(Nc2nc3c(N4CC5CCC(C4)N5C(=O)CCC(F)(F)F)cccn3n2)cn1)N1CCN(C2CCCCC2)CC1,1860,ligand_1860,idx_1859,CHEMBL5883876,ligand_1860
3eyg,ligand_1861,CHEMBL5741709,O=C(Cn1cc(Nc2nc3c(N4CC5CCC(C4)N5C(=O)CCC(F)(F)F)cccn3n2)cn1)N1CCN(C2CCOCC2)CC1,1861,ligand_1861,idx_1860,CHEMBL5741709,ligand_1861
3eyg,ligand_1862,CHEMBL6001580,O=C(Cn1cc(Nc2nc3c(N4CC5CCC(C4)N5C(=O)N4CC(C(F)(F)F)C4)cccn3n2)cn1)N1CCC(CN2CCOCC2)CC1,1862,ligand_1862,idx_1861,CHEMBL6001580,ligand_1862
3eyg,ligand_1863,CHEMBL5899209,O=C(Cn1cc(Nc2nc3c(N4CC5CCC(C4)N5C(=O)N4CC(C(F)(F)F)C4)cccn3n2)cn1)N1CCC(N2CCOCC2)CC1,1863,ligand_1863,idx_1862,CHEMBL5899209,ligand_1863
3eyg,ligand_1864,CHEMBL5844960,O=C(Cn1cc(Nc2nc3c(N4CC5CCC(C4)N5C(=O)N4CC(C(F)(F)F)C4)cccn3n2)cn1)N1CCN(C2CCOCC2)CC1,1864,ligand_1864,idx_1863,CHEMBL5844960,ligand_1864
3eyg,ligand_1865,CHEMBL5854315,O=C(Cn1cc(Nc2nc3c(N4CC5CCC(C4)N5C(=O)N4CC(C(F)(F)F)C4)cccn3n2)cn1)N1CCN(C2COC2)CC1,1865,ligand_1865,idx_1864,CHEMBL5854315,ligand_1865
3eyg,ligand_1866,CHEMBL5904194,O=C(Cn1cc(Nc2nc3c(N4CC5CCC(C4)N5C(=O)N4CC(C(F)(F)F)C4)cccn3n2)cn1)N1CCN(C2CSC2)CC1,1866,ligand_1866,idx_1865,CHEMBL5904194,ligand_1866
3eyg,ligand_1867,CHEMBL5771282,O=C(Cn1cc(Nc2nc3c(N4CC5CCC(C4)N5C(=O)[C@H]4C[C@@H](C(F)(F)F)C4)cccn3n2)cn1)N1CCN(C2CSC2)CC1,1867,ligand_1867,idx_1866,CHEMBL5771282,ligand_1867
3eyg,ligand_1868,CHEMBL5762793,O=C(Cn1cc(Nc2nc3c(N4CC5CCC(C4)N5C(=O)[C@H]4C[C@H](C(F)(F)F)C4)cccn3n2)cn1)N1CCN(C2CSC2)CC1,1868,ligand_1868,idx_1867,CHEMBL5762793,ligand_1868
3eyg,ligand_1869,CHEMBL5957275,O=C(Cn1cc(Nc2nc3c(N4CCC(CO)(c5ccc(Cl)cc5)CC4)cccn3n2)cn1)N1CCC(CN2CCOCC2)CC1,1869,ligand_1869,idx_1868,CHEMBL5957275,ligand_1869
3eyg,ligand_1870,CHEMBL5818384,O=C(NC(=O)N1CCC(Cc2ccccn2)C1)c1ccc(Nc2nc3c(C4=CCN(C(=O)CCC(F)(F)F)CC4)cccn3n2)cc1,1870,ligand_1870,idx_1869,CHEMBL5818384,ligand_1870
3eyg,ligand_1871,CHEMBL5793079,O=C(NC1CC2(CCNCC2)C1)c1ccc(Nc2nc3c(C4=CCN(C(=O)CCC(F)(F)F)CC4)cccn3n2)cc1,1871,ligand_1871,idx_1870,CHEMBL5793079,ligand_1871
3eyg,ligand_1872,CHEMBL3960901,O=C(NC1CCC(O)CC1)c1cnn2ccc(NC3CCc4ccccc43)nc12,1872,ligand_1872,idx_1871,CHEMBL3960901,ligand_1872
3eyg,ligand_1873,CHEMBL5983731,O=C(NC1CCCNC1)c1ccc(Nc2nc3c(C4=CCN(C(=O)CCC(F)(F)F)CC4)cccn3n2)cc1,1873,ligand_1873,idx_1872,CHEMBL5983731,ligand_1873
3eyg,ligand_1874,CHEMBL5919680,O=C(NC1CCCNC1)c1ccc(Nc2nc3c(N4CCC(O)(c5ccc(Cl)cc5)CC4)cccn3n2)cc1,1874,ligand_1874,idx_1873,CHEMBL5919680,ligand_1874
3eyg,ligand_1875,CHEMBL5856394,O=C(NC1CCN(C2CCCC2)CC1)c1ccc(Nc2nc3c(C4=CCN(C(=O)CCC(F)(F)F)CC4)cccn3n2)cc1,1875,ligand_1875,idx_1874,CHEMBL5856394,ligand_1875
3eyg,ligand_1876,CHEMBL5891149,O=C(NC1CCN(C2CCCC2)CC1)c1ccc(Nc2nc3c(N4CCC(CO)(c5ccc(Cl)cc5)CC4)cccn3n2)cc1,1876,ligand_1876,idx_1875,CHEMBL5891149,ligand_1876
3eyg,ligand_1877,CHEMBL5851477,O=C(NC1CCNC1)c1ccc(Nc2nc3c(C4=CCN(C(=O)CCC(F)(F)F)CC4)cccn3n2)cc1,1877,ligand_1877,idx_1876,CHEMBL5851477,ligand_1877
3eyg,ligand_1878,CHEMBL5877476,O=C(NC1CCNCC1)c1ccc(Nc2nc3c(C4=CCN(C(=O)CCC(F)(F)F)CC4)cccn3n2)cc1,1878,ligand_1878,idx_1877,CHEMBL5877476,ligand_1878
3eyg,ligand_1879,CHEMBL5943626,O=C(NC1CCNCC1)c1ccc(Nc2nc3c(N4CCC(O)(c5ccc(Cl)cc5)CC4)cccn3n2)cc1,1879,ligand_1879,idx_1878,CHEMBL5943626,ligand_1879
3eyg,ligand_1880,CHEMBL3670395,O=C(NC1CCOCC1)c1cnn2ccc(NC3Cc4ccccc4C3)nc12,1880,ligand_1880,idx_1879,CHEMBL3670395,ligand_1880
3eyg,ligand_1881,CHEMBL5946069,O=C(NC1COC2(CCNCC2)C1)c1ccc(Nc2nc3c(C4=CCN(C(=O)CCC(F)(F)F)CC4)cccn3n2)cc1,1881,ligand_1881,idx_1880,CHEMBL5946069,ligand_1881
3eyg,ligand_1882,CHEMBL5929556,O=C(NC1COC2(CCNCC2)C1)c1ccc(Nc2nc3c(N4CCC(O)(c5ccc(Cl)cc5)CC4)cccn3n2)cc1,1882,ligand_1882,idx_1881,CHEMBL5929556,ligand_1882
3eyg,ligand_1883,CHEMBL5986639,O=C(NCC1CC12CCNCC2)c1ccc(Nc2nc3c(C4=CCN(C(=O)CCC(F)(F)F)CC4)cccn3n2)cc1,1883,ligand_1883,idx_1882,CHEMBL5986639,ligand_1883
3eyg,ligand_1884,CHEMBL6027843,O=C(NCC1CCC2(CCNCC2)CO1)c1ccc(Nc2nc3c(C4=CCN(C(=O)CCC(F)(F)F)CC4)cccn3n2)cc1,1884,ligand_1884,idx_1883,CHEMBL6027843,ligand_1884
3eyg,ligand_1885,CHEMBL5933677,O=C(NCC1CCC2(CCNCC2)CO1)c1ccc(Nc2nc3c(N4CCC(O)(c5ccc(Cl)cc5)CC4)cccn3n2)cc1,1885,ligand_1885,idx_1884,CHEMBL5933677,ligand_1885
3eyg,ligand_1886,CHEMBL5955930,O=C(NCC1CCC2(CCNCC2)O1)c1ccc(Nc2nc3c(C4=CCN(C(=O)CCC(F)(F)F)CC4)cccn3n2)cc1,1886,ligand_1886,idx_1885,CHEMBL5955930,ligand_1886
3eyg,ligand_1887,CHEMBL5967164,O=C(NCC1CCC2(CCNCC2)O1)c1ccc(Nc2nc3c(N4CCC(O)(c5ccc(Cl)cc5)CC4)cccn3n2)cc1,1887,ligand_1887,idx_1886,CHEMBL5967164,ligand_1887
3eyg,ligand_1888,CHEMBL5813955,O=C(NCC1CCCCN1)c1ccc(Nc2nc3c(C4=CCN(C(=O)CCC(F)(F)F)CC4)cccn3n2)cc1,1888,ligand_1888,idx_1887,CHEMBL5813955,ligand_1888
3eyg,ligand_1889,CHEMBL5916795,O=C(NCC1CCCCN1)c1ccc(Nc2nc3c(N4CCC(O)(c5ccc(Cl)cc5)CC4)cccn3n2)cc1,1889,ligand_1889,idx_1888,CHEMBL5916795,ligand_1889
3eyg,ligand_1890,CHEMBL5980262,O=C(NCC1CCCN1)c1ccc(Nc2nc3c(C4=CCN(C(=O)CCC(F)(F)F)CC4)cccn3n2)cc1,1890,ligand_1890,idx_1889,CHEMBL5980262,ligand_1890
3eyg,ligand_1891,CHEMBL5748506,O=C(NCC1CCCN1)c1ccc(Nc2nc3c(N4CCC(O)(c5ccc(Cl)cc5)CC4)cccn3n2)cc1,1891,ligand_1891,idx_1890,CHEMBL5748506,ligand_1891
3eyg,ligand_1892,CHEMBL6064076,O=C(NCC1CCCNC1)c1ccc(Nc2nc3c(C4=CCN(C(=O)CCC(F)(F)F)CC4)cccn3n2)cc1,1892,ligand_1892,idx_1891,CHEMBL6064076,ligand_1892
3eyg,ligand_1893,CHEMBL5940643,O=C(NCC1CCCNC1)c1ccc(Nc2nc3c(N4CCC(O)(c5ccc(Cl)cc5)CC4)cccn3n2)cc1,1893,ligand_1893,idx_1892,CHEMBL5940643,ligand_1893
3eyg,ligand_1894,CHEMBL5897725,O=C(NCC1CCNC1)C1=CC=C(Nc2nc3c(C4=CCN(C(=O)CCC(F)(F)F)CC4)cccn3n2)C1,1894,ligand_1894,idx_1893,CHEMBL5897725,ligand_1894
3eyg,ligand_1895,CHEMBL5751409,O=C(NCC1CCNC1)c1ccc(Nc2nc3c(N4CCC(O)(c5ccc(Cl)cc5)CC4)cccn3n2)cc1,1895,ligand_1895,idx_1894,CHEMBL5751409,ligand_1895
3eyg,ligand_1896,CHEMBL5842719,O=C(NCC1CCNCC1)c1ccc(Nc2nc3c(C4=CCN(C(=O)CCC(F)(F)F)CC4)cccn3n2)cc1,1896,ligand_1896,idx_1895,CHEMBL5842719,ligand_1896
3eyg,ligand_1897,CHEMBL6061659,O=C(NCC1CCNCC1)c1ccc(Nc2nc3c(N4CCC(O)(c5ccc(Cl)cc5)CC4)cccn3n2)cc1,1897,ligand_1897,idx_1896,CHEMBL6061659,ligand_1897
3eyg,ligand_1898,CHEMBL5989972,O=C(NCC1CNCCO1)c1ccc(Nc2nc3c(C4=CCN(C(=O)CCC(F)(F)F)CC4)cccn3n2)cc1,1898,ligand_1898,idx_1897,CHEMBL5989972,ligand_1898
3eyg,ligand_1899,CHEMBL6057060,O=C(NCC1CNCCO1)c1ccc(Nc2nc3c(N4CCC(O)(c5ccc(Cl)cc5)CC4)cccn3n2)cc1,1899,ligand_1899,idx_1898,CHEMBL6057060,ligand_1899
3eyg,ligand_1900,CHEMBL6036291,O=C(NCC1COC2(CCCNC2)C1)c1ccc(Nc2nc3c(C4=CCN(C(=O)CCC(F)(F)F)CC4)cccn3n2)cc1,1900,ligand_1900,idx_1899,CHEMBL6036291,ligand_1900
3eyg,ligand_1901,CHEMBL5854076,O=C(NCC1COC2(CCNCC2)C1)c1ccc(Nc2nc3c(N4CCC(O)(c5ccc(Cl)cc5)CC4)cccn3n2)cc1,1901,ligand_1901,idx_1900,CHEMBL5854076,ligand_1901
3eyg,ligand_1902,CHEMBL5859375,O=C(NCCC1CCCN1)c1ccc(Nc2nc3c(C4=CCN(C(=O)CCC(F)(F)F)CC4)cccn3n2)cc1,1902,ligand_1902,idx_1901,CHEMBL5859375,ligand_1902
3eyg,ligand_1903,CHEMBL5874994,O=C(NCCC1CCCNC1)c1ccc(Nc2nc3c(C4=CCN(C(=O)CCC(F)(F)F)CC4)cccn3n2)cc1,1903,ligand_1903,idx_1902,CHEMBL5874994,ligand_1903
3eyg,ligand_1904,CHEMBL5820165,O=C(NCCC1CCCNC1)c1ccc(Nc2nc3c(N4CCC(O)(c5ccc(Cl)cc5)CC4)cccn3n2)cc1,1904,ligand_1904,idx_1903,CHEMBL5820165,ligand_1904
3eyg,ligand_1905,CHEMBL5843495,O=C(NCCC1CCNCC1)c1ccc(Nc2nc3c(C4=CCN(C(=O)CCC(F)(F)F)CC4)cccn3n2)cc1,1905,ligand_1905,idx_1904,CHEMBL5843495,ligand_1905
3eyg,ligand_1906,CHEMBL5764095,O=C(NCCCN1CCOCC1)c1ccc(Nc2nc3c(C4=CCN(C(=O)CCC(F)(F)F)CC4)cccn3n2)cc1,1906,ligand_1906,idx_1905,CHEMBL5764095,ligand_1906
3eyg,ligand_1907,CHEMBL5842785,O=C(NCCCN1CCOCC1)c1ccc(Nc2nc3c(C4C=CN(C(=O)CCC(F)(F)F)CC4)cccn3n2)cc1,1907,ligand_1907,idx_1906,CHEMBL5842785,ligand_1907
3eyg,ligand_1908,CHEMBL5980908,O=C(NCCCN1CCOCC1)c1ccc(Nc2nc3c(N4CCC(CO)(c5ccc(Cl)cc5)CC4)cccn3n2)cc1,1908,ligand_1908,idx_1907,CHEMBL5980908,ligand_1908
3eyg,ligand_1909,CHEMBL5857241,O=C(NCCCN1CCOCC1)c1ccc(Nc2nc3c(N4CCC(O)(c5ccc(Cl)cc5)CC4)cccn3n2)cc1,1909,ligand_1909,idx_1908,CHEMBL5857241,ligand_1909
3eyg,ligand_1910,CHEMBL5794425,O=C(NCCN1CCC(O)CC1)c1ccc(Nc2nc3c(C4=CCN(C(=O)CCC(F)(F)F)CC4)cccn3n2)cc1,1910,ligand_1910,idx_1909,CHEMBL5794425,ligand_1910
3eyg,ligand_1911,CHEMBL6011194,O=C(NCCN1CCC(O)CC1)c1ccc(Nc2nc3c(N4CCC(O)(c5ccc(Cl)cc5)CC4)cccn3n2)cc1,1911,ligand_1911,idx_1910,CHEMBL6011194,ligand_1911
3eyg,ligand_1912,CHEMBL5832145,O=C(NCCN1CCCC1)c1ccc(Nc2nc3c(C4=CCN(C(=O)CCC(F)(F)F)CC4)cccn3n2)cc1,1912,ligand_1912,idx_1911,CHEMBL5832145,ligand_1912
3eyg,ligand_1913,CHEMBL5966317,O=C(NCCN1CCCC1)c1ccc(Nc2nc3c(N4CCC(O)(c5ccc(Cl)cc5)CC4)cccn3n2)cc1,1913,ligand_1913,idx_1912,CHEMBL5966317,ligand_1913
3eyg,ligand_1914,CHEMBL6009585,O=C(NCCN1CCCCC1)c1ccc(Nc2nc3c(C4=CCN(C(=O)CCC(F)(F)F)CC4)cccn3n2)cc1,1914,ligand_1914,idx_1913,CHEMBL6009585,ligand_1914
3eyg,ligand_1915,CHEMBL5809915,O=C(NCCN1CCCCC1)c1ccc(Nc2nc3c(N4CCC(O)(c5ccc(Cl)cc5)CC4)cccn3n2)cc1,1915,ligand_1915,idx_1914,CHEMBL5809915,ligand_1915
3eyg,ligand_1916,CHEMBL5987563,O=C(NCCN1CCNCC1)c1ccc(Nc2nc3c(C4=CCN(C(=O)CCC(F)(F)F)CC4)cccn3n2)cc1,1916,ligand_1916,idx_1915,CHEMBL5987563,ligand_1916
3eyg,ligand_1917,CHEMBL6045589,O=C(NCCN1CCNCC1)c1ccc(Nc2nc3c(N4CCC(O)(c5ccc(Cl)cc5)CC4)cccn3n2)cc1,1917,ligand_1917,idx_1916,CHEMBL6045589,ligand_1917
3eyg,ligand_1918,CHEMBL5830626,O=C(NCCN1CCOCC1)c1ccc(Nc2nc3c(C4=CCN(C(=O)CCC(F)(F)F)CC4)cccn3n2)cc1,1918,ligand_1918,idx_1917,CHEMBL5830626,ligand_1918
3eyg,ligand_1919,CHEMBL5998124,O=C(NCCN1CCOCC1)c1ccc(Nc2nc3c(N4CCC(O)(c5ccc(Cl)cc5)CC4)cccn3n2)cc1,1919,ligand_1919,idx_1918,CHEMBL5998124,ligand_1919
3eyg,ligand_1920,CHEMBL5988622,O=C(NCCc1ccccn1)c1ccc(Nc2nc3c(C4=CCN(C(=O)CCC(F)(F)F)CC4)cccn3n2)cc1,1920,ligand_1920,idx_1919,CHEMBL5988622,ligand_1920
3eyg,ligand_1921,CHEMBL6054789,O=C(NCCc1ccccn1)c1ccc(Nc2nc3c(N4CCC(O)(c5ccc(Cl)cc5)CC4)cccn3n2)cc1,1921,ligand_1921,idx_1920,CHEMBL6054789,ligand_1921
3eyg,ligand_1922,CHEMBL6032631,O=C(NCCc1cccnc1)c1ccc(Nc2nc3c(C4=CCN(C(=O)CCC(F)(F)F)CC4)cccn3n2)cc1,1922,ligand_1922,idx_1921,CHEMBL6032631,ligand_1922
3eyg,ligand_1923,CHEMBL5974280,O=C(NCCc1ccncc1)c1ccc(Nc2nc3c(C4=CCN(C(=O)CCC(F)(F)F)CC4)cccn3n2)cc1,1923,ligand_1923,idx_1922,CHEMBL5974280,ligand_1923
3eyg,ligand_1924,CHEMBL5922691,O=C(NCCc1ccncc1)c1ccc(Nc2nc3c(N4CCC(O)(c5ccc(Cl)cc5)CC4)cccn3n2)cc1,1924,ligand_1924,idx_1923,CHEMBL5922691,ligand_1924
3eyg,ligand_1925,CHEMBL5979954,O=C(N[C@H]1CCCNC1)c1ccc(Nc2nc3c(C4=CCN(C(=O)CCC(F)(F)F)CC4)cccn3n2)cc1,1925,ligand_1925,idx_1924,CHEMBL5979954,ligand_1925
3eyg,ligand_1926,CHEMBL5984369,O=C(N[C@H]1CCCNC1)c1ccc(Nc2nc3c(N4CCC(O)(c5ccc(Cl)cc5)CC4)cccn3n2)cc1,1926,ligand_1926,idx_1925,CHEMBL5984369,ligand_1926
3eyg,ligand_1927,CHEMBL5797421,O=C(N[C@H]1CN2CCC1CC2)c1ccc(Nc2nc3c(C4=CCN(C(=O)CCC(F)(F)F)CC4)cccn3n2)cc1,1927,ligand_1927,idx_1926,CHEMBL5797421,ligand_1927
3eyg,ligand_1928,CHEMBL5990185,O=C(N[C@H]1CN2CCC1CC2)c1ccc(Nc2nc3c(N4CCC(O)(c5ccc(Cl)cc5)CC4)cccn3n2)cc1,1928,ligand_1928,idx_1927,CHEMBL5990185,ligand_1928
3eyg,ligand_1929,CHEMBL6011506,O=C(N[C@H]1[C@@H]2CNC[C@@H]21)c1ccc(Nc2nc3c(C4=CCN(C(=O)CCC(F)(F)F)CC4)cccn3n2)cc1,1929,ligand_1929,idx_1928,CHEMBL6011506,ligand_1929
3eyg,ligand_1930,CHEMBL5890868,O=C(N[C@H]1[C@@H]2CNC[C@@H]21)c1ccc(Nc2nc3c(N4CCC(O)(c5ccc(Cl)cc5)CC4)cccn3n2)cc1,1930,ligand_1930,idx_1929,CHEMBL5890868,ligand_1930
3eyg,ligand_1931,CHEMBL4791878,O=C(Nc1c[nH]nc1-c1cc(Cl)ccc1OC(F)F)c1cnc2[nH]ccc2n1,1931,ligand_1931,idx_1930,CHEMBL4791878,ligand_1931
3eyg,ligand_1932,CHEMBL5948683,O=C(Nc1c[nH]nc1-c1cc(Cl)ccc1OC(F)F)c1cncc2[nH]cnc12,1932,ligand_1932,idx_1931,CHEMBL5948683,ligand_1932
3eyg,ligand_1933,CHEMBL4760562,O=C(Nc1c[nH]nc1-c1cc(Cl)ccc1OC(F)F)c1cncc2c[nH]nc12,1933,ligand_1933,idx_1932,CHEMBL4760562,ligand_1933
3eyg,ligand_1934,CHEMBL4778449,O=C(Nc1c[nH]nc1-c1cc(Cl)ccc1OC(F)F)c1cncc2ccoc12,1934,ligand_1934,idx_1933,CHEMBL4778449,ligand_1934
3eyg,ligand_1935,CHEMBL4780070,O=C(Nc1c[nH]nc1-c1cc(Cl)ccc1OC(F)F)c1cncc2scnc12,1935,ligand_1935,idx_1934,CHEMBL4780070,ligand_1935
3eyg,ligand_1936,CHEMBL4755436,O=C(Nc1c[nH]nc1-c1cc(Cl)ccc1OC(F)F)c1cnn2cc(F)cnc12,1936,ligand_1936,idx_1935,CHEMBL4755436,ligand_1936
3eyg,ligand_1937,CHEMBL5948103,O=C(Nc1c[nH]nc1-c1cc(Cl)ccc1OC(F)F)c1coc2cccnc12,1937,ligand_1937,idx_1936,CHEMBL5948103,ligand_1937
3eyg,ligand_1938,CHEMBL4788860,O=C(Nc1c[nH]nc1-c1cc(Cl)ccc1OC(F)F)c1snc2cccnc12,1938,ligand_1938,idx_1937,CHEMBL4788860,ligand_1938
3eyg,ligand_1939,CHEMBL6003510,O=C(Nc1c[nH]nc1-c1cc2c(cc1OC(F)F)CC(CO)O2)c1cnn2cccnc12,1939,ligand_1939,idx_1938,CHEMBL6003510,ligand_1939
3eyg,ligand_1940,CHEMBL5863836,O=C(Nc1c[nH]nc1-c1cc2c(cc1OC(F)F)CCC2)c1cnn2cccnc12,1940,ligand_1940,idx_1939,CHEMBL5863836,ligand_1940
3eyg,ligand_1941,CHEMBL5789434,O=C(Nc1c[nH]nc1-c1cc2c(cc1OC(F)F)CCCO2)c1cnn2cccnc12,1941,ligand_1941,idx_1940,CHEMBL5789434,ligand_1941
3eyg,ligand_1942,CHEMBL5786762,O=C(Nc1c[nH]nc1-c1cc2c(cc1OC(F)F)CCO2)c1cnn2cccnc12,1942,ligand_1942,idx_1941,CHEMBL5786762,ligand_1942
3eyg,ligand_1943,CHEMBL6042928,O=C(Nc1c[nH]nc1-c1cc2c(cc1OC(F)F)NCCO2)c1cnn2cccnc12,1943,ligand_1943,idx_1942,CHEMBL6042928,ligand_1943
3eyg,ligand_1944,CHEMBL5779397,O=C(Nc1c[nH]nc1-c1cc2c(cc1OC(F)F)NCCS2)c1cnn2cccnc12,1944,ligand_1944,idx_1943,CHEMBL5779397,ligand_1944
3eyg,ligand_1945,CHEMBL5769626,O=C(Nc1c[nH]nc1-c1cc2c(cc1OC(F)F)OCCO2)c1cnn2cccnc12,1945,ligand_1945,idx_1944,CHEMBL5769626,ligand_1945
3eyg,ligand_1946,CHEMBL5867526,O=C(Nc1c[nH]nc1-c1cc2c(cc1OC(F)F)SCCO2)c1cnn2cccnc12,1946,ligand_1946,idx_1945,CHEMBL5867526,ligand_1946
3eyg,ligand_1947,CHEMBL4745474,O=C(Nc1c[nH]nc1-c1cc2ccccc2cc1OC(F)F)c1cnn2cccnc12,1947,ligand_1947,idx_1946,CHEMBL4745474,ligand_1947
3eyg,ligand_1948,CHEMBL5761101,O=C(Nc1c[nH]nc1-c1cc2cnsc2cc1OC(F)F)c1cnn2cccnc12,1948,ligand_1948,idx_1947,CHEMBL5761101,ligand_1948
3eyg,ligand_1949,CHEMBL5787840,O=C(Nc1c[nH]nc1-c1cc2sc(C(=O)N3CCNCC3)cc2cc1OC(F)F)c1cnn2cccnc12,1949,ligand_1949,idx_1948,CHEMBL5787840,ligand_1949
3eyg,ligand_1950,CHEMBL5893807,O=C(Nc1c[nH]nc1-c1cc2sncc2cc1OC(F)F)c1cnn2cccnc12,1950,ligand_1950,idx_1949,CHEMBL5893807,ligand_1950
3eyg,ligand_1951,CHEMBL3667520,O=C(Nc1c[nH]nc1-n1cc(Cl)ccc1=O)c1cnn2cccnc12,1951,ligand_1951,idx_1950,CHEMBL3667520,ligand_1951
3eyg,ligand_1952,CHEMBL2387224,O=C(Nc1ccnc(NC(=O)C2CC2)c1)c1c(Cl)cccc1Cl,1952,ligand_1952,idx_1951,CHEMBL2387224,ligand_1952
3eyg,ligand_1953,CHEMBL2387224,O=C(Nc1ccnc(NC(=O)C2CC2)c1)c1c(Cl)cccc1Cl,1953,ligand_1953,idx_1952,CHEMBL2387224,ligand_1953
3eyg,ligand_1954,CHEMBL2420836,O=C(Nc1ccnc(NC(=O)C2CCC2)c1)c1c(Cl)cccc1Cl,1954,ligand_1954,idx_1953,CHEMBL2420836,ligand_1954
3eyg,ligand_1955,CHEMBL2420824,O=C(Nc1ccnc(Nc2ccccn2)c1)c1c(Cl)cccc1Cl,1955,ligand_1955,idx_1954,CHEMBL2420824,ligand_1955
3eyg,ligand_1956,CHEMBL2420828,O=C(Nc1ccnc(Nc2cccnn2)c1)c1c(Cl)cccc1Cl,1956,ligand_1956,idx_1955,CHEMBL2420828,ligand_1956
3eyg,ligand_1957,CHEMBL2420827,O=C(Nc1ccnc(Nc2ccncn2)c1)c1c(Cl)cccc1Cl,1957,ligand_1957,idx_1956,CHEMBL2420827,ligand_1957
3eyg,ligand_1958,CHEMBL2420826,O=C(Nc1ccnc(Nc2cnccn2)c1)c1c(Cl)cccc1Cl,1958,ligand_1958,idx_1957,CHEMBL2420826,ligand_1958
3eyg,ligand_1959,CHEMBL2420831,O=C(Nc1ccnc(O)c1)c1c(Cl)cccc1Cl,1959,ligand_1959,idx_1958,CHEMBL2420831,ligand_1959
3eyg,ligand_1960,CHEMBL2420830,O=C(Nc1ccnc2[nH]ccc12)c1c(Cl)cccc1Cl,1960,ligand_1960,idx_1959,CHEMBL2420830,ligand_1960
3eyg,ligand_1961,CHEMBL1327969,O=C(Nc1ccncc1)c1c(Cl)cccc1Cl,1961,ligand_1961,idx_1960,CHEMBL1327969,ligand_1961
3eyg,ligand_1962,CHEMBL2420844,O=C(Nc1ccncc1)c1c(F)cccc1Cl,1962,ligand_1962,idx_1961,CHEMBL2420844,ligand_1962
3eyg,ligand_1963,CHEMBL1370276,O=C(Nc1ccncc1)c1c(F)cccc1F,1963,ligand_1963,idx_1962,CHEMBL1370276,ligand_1963
3eyg,ligand_1964,CHEMBL2420852,O=C(Nc1ccncc1)c1cc(C(F)(F)F)ccc1Cl,1964,ligand_1964,idx_1963,CHEMBL2420852,ligand_1964
3eyg,ligand_1965,CHEMBL2420851,O=C(Nc1ccncc1)c1cc(Cl)ccc1Cl,1965,ligand_1965,idx_1964,CHEMBL2420851,ligand_1965
3eyg,ligand_1966,CHEMBL2420854,O=C(Nc1ccncc1)c1ccc(Cl)cc1Cl,1966,ligand_1966,idx_1965,CHEMBL2420854,ligand_1966
3eyg,ligand_1967,CHEMBL3667514,O=C(Nc1ccncc1-c1cccc(F)c1)c1cnn2cccnc12,1967,ligand_1967,idx_1966,CHEMBL3667514,ligand_1967
3eyg,ligand_1968,CHEMBL3667513,O=C(Nc1ccnn1-c1ccc(Cl)cc1)c1cnn2cccnc12,1968,ligand_1968,idx_1967,CHEMBL3667513,ligand_1968
3eyg,ligand_1969,CHEMBL3667512,O=C(Nc1ccnn1-c1ccccc1Cl)c1cnn2cccnc12,1969,ligand_1969,idx_1968,CHEMBL3667512,ligand_1969
3eyg,ligand_1970,CHEMBL3920894,O=C(Nc1cn(C/C=C/CN2CCOCC2)nc1-c1cc(Cl)ccc1OC(F)F)c1cnn2cccnc12,1970,ligand_1970,idx_1969,CHEMBL3920894,ligand_1970
3eyg,ligand_1971,CHEMBL5788379,O=C(Nc1cn(C2CCCNC2)nc1-c1cc2ccccc2cc1OC(F)F)c1cnn2cccnc12,1971,ligand_1971,idx_1970,CHEMBL5788379,ligand_1971
3eyg,ligand_1972,CHEMBL3976064,O=C(Nc1cn(C2CCN(CCCC(=O)N3CCOCC3)CC2)nc1-c1cc(Cl)ccc1OC(F)F)c1cnn2cccnc12,1972,ligand_1972,idx_1971,CHEMBL3976064,ligand_1972
3eyg,ligand_1973,CHEMBL3974801,O=C(Nc1cn(C2CCN(CCCN3CCCC3=O)CC2)nc1-c1cc(Cl)ccc1OC(F)F)c1cnn2cccnc12,1973,ligand_1973,idx_1972,CHEMBL3974801,ligand_1973
3eyg,ligand_1974,CHEMBL3894548,O=C(Nc1cn(C2CCN(CCCN3CCOCC3)CC2)nc1-c1cc(Cl)ccc1OC(F)F)c1cnn2cccnc12,1974,ligand_1974,idx_1973,CHEMBL3894548,ligand_1974
3eyg,ligand_1975,CHEMBL3971137,O=C(Nc1cn(C2CCN(CCCN3CCS(=O)(=O)CC3)CC2)nc1-c1cc(Cl)ccc1OC(F)F)c1cnn2cccnc12,1975,ligand_1975,idx_1974,CHEMBL3971137,ligand_1975
3eyg,ligand_1976,CHEMBL3960068,O=C(Nc1cn(C2CCN(CCCN3CCSCC3)CC2)nc1-c1cc(Cl)ccc1OC(F)F)c1cnn2cccnc12,1976,ligand_1976,idx_1975,CHEMBL3960068,ligand_1976
3eyg,ligand_1977,CHEMBL3985468,O=C(Nc1cn(C2CCNCC2)nc1-c1cc(Cl)ccc1OC(F)F)c1cnn2cccnc12,1977,ligand_1977,idx_1976,CHEMBL3985468,ligand_1977
3eyg,ligand_1978,CHEMBL6058312,O=C(Nc1cn(C2CCOC2=O)nc1-c1cc2c(cc1OC(F)F)NCCO2)c1cnn2cccnc12,1978,ligand_1978,idx_1977,CHEMBL6058312,ligand_1978
3eyg,ligand_1979,CHEMBL6007846,O=C(Nc1cn(C2CCOC2=O)nc1-c1cc2c(cc1OC(F)F)NCCS2)c1cnn2cccnc12,1979,ligand_1979,idx_1978,CHEMBL6007846,ligand_1979
3eyg,ligand_1980,CHEMBL5776446,O=C(Nc1cn(C2COC2)nc1-c1cc2c(cc1OC(F)F)NCCO2)c1cnn2cccnc12,1980,ligand_1980,idx_1979,CHEMBL5776446,ligand_1980
3eyg,ligand_1981,CHEMBL5753677,O=C(Nc1cn(C2COC2)nc1-c1cc2sncc2cc1OC(F)F)c1cnn2cccnc12,1981,ligand_1981,idx_1980,CHEMBL5753677,ligand_1981
3eyg,ligand_1982,CHEMBL5888730,O=C(Nc1cn(CC(=O)N2CC(F)(F)C2)nc1-c1cc2c(cc1OC(F)F)NCCO2)c1cnn2cccnc12,1982,ligand_1982,idx_1981,CHEMBL5888730,ligand_1982
3eyg,ligand_1983,CHEMBL3952559,O=C(Nc1cn(CC(=O)N2CC3(CCNC3)C2)nc1-c1cc(Cl)ccc1OC(F)F)c1cnn2cccnc12,1983,ligand_1983,idx_1982,CHEMBL3952559,ligand_1983
3eyg,ligand_1984,CHEMBL3942739,O=C(Nc1cn(CC(=O)N2CC3(CCNCC3)C2)nc1-c1cc(Cl)ccc1OC(F)F)c1cnn2cccnc12,1984,ligand_1984,idx_1983,CHEMBL3942739,ligand_1984
3eyg,ligand_1985,CHEMBL3924255,O=C(Nc1cn(CC(=O)N2CC3CCCNC3C2)nc1-c1cc(Cl)ccc1OC(F)F)c1cnn2cccnc12,1985,ligand_1985,idx_1984,CHEMBL3924255,ligand_1985
3eyg,ligand_1986,CHEMBL3934709,O=C(Nc1cn(CC(=O)N2CC=CCC2)nc1-c1cc(Cl)ccc1OC(F)F)c1cnn2cccnc12,1986,ligand_1986,idx_1985,CHEMBL3934709,ligand_1986
3eyg,ligand_1987,CHEMBL5947056,O=C(Nc1cn(CC(=O)N2CC=CCC2)nc1-c1cc2c(cc1OC(F)F)NCCO2)c1cnn2cccnc12,1987,ligand_1987,idx_1986,CHEMBL5947056,ligand_1987
3eyg,ligand_1988,CHEMBL5746569,O=C(Nc1cn(CC(=O)N2CC=CCC2)nc1-c1cc2c(cc1OC(F)F)NCCS2)c1cnn2cccnc12,1988,ligand_1988,idx_1987,CHEMBL5746569,ligand_1988
3eyg,ligand_1989,CHEMBL3892301,O=C(Nc1cn(CC(=O)N2CCC(C(=O)N3CCNCC3)CC2)nc1-c1cc(Cl)ccc1OC(F)F)c1cnn2cccnc12,1989,ligand_1989,idx_1988,CHEMBL3892301,ligand_1989
3eyg,ligand_1990,CHEMBL3983256,O=C(Nc1cn(CC(=O)N2CCC(C(=O)O)CC2)nc1-c1cc(Cl)ccc1OC(F)F)c1cnn2cccnc12,1990,ligand_1990,idx_1989,CHEMBL3983256,ligand_1990
3eyg,ligand_1991,CHEMBL3907971,O=C(Nc1cn(CC(=O)N2CCC(C(=O)OCC3CCNCC3)CC2)nc1-c1cc(Cl)ccc1OC(F)F)c1cnn2cccnc12,1991,ligand_1991,idx_1990,CHEMBL3907971,ligand_1991
3eyg,ligand_1992,CHEMBL3922554,O=C(Nc1cn(CC(=O)N2CCC(C(=O)OCCN3CCOCC3)CC2)nc1-c1cc(Cl)ccc1OC(F)F)c1cnn2cccnc12,1992,ligand_1992,idx_1991,CHEMBL3922554,ligand_1992
3eyg,ligand_1993,CHEMBL3942091,O=C(Nc1cn(CC(=O)N2CCC(CN3CCOCC3)CC2)nc1-c1cc(Cl)ccc1OC(F)F)c1cnn2cccnc12,1993,ligand_1993,idx_1992,CHEMBL3942091,ligand_1993
3eyg,ligand_1994,CHEMBL5947590,O=C(Nc1cn(CC(=O)N2CCC(CN3CCOCC3)CC2)nc1-c1cc2c(cc1OC(F)F)NCCO2)c1cnn2cccnc12,1994,ligand_1994,idx_1993,CHEMBL5947590,ligand_1994
3eyg,ligand_1995,CHEMBL5993759,O=C(Nc1cn(CC(=O)N2CCC(CN3CCOCC3)CC2)nc1-c1cc2c(cc1OC(F)F)NCCS2)c1cnn2cccnc12,1995,ligand_1995,idx_1994,CHEMBL5993759,ligand_1995
3eyg,ligand_1996,CHEMBL5994048,O=C(Nc1cn(CC(=O)N2CCC(CN3CCOCC3)CC2)nc1-c1cc2ccccc2cc1OC(F)F)c1cnn2cccnc12,1996,ligand_1996,idx_1995,CHEMBL5994048,ligand_1996
3eyg,ligand_1997,CHEMBL5793036,O=C(Nc1cn(CC(=O)N2CCC(CN3CCOCC3)CC2)nc1-c1cc2sccc2cc1OC(F)F)c1cnn2cccnc12,1997,ligand_1997,idx_1996,CHEMBL5793036,ligand_1997
3eyg,ligand_1998,CHEMBL3968781,O=C(Nc1cn(CC(=O)N2CCC(CO)CC2)nc1-c1cc(Cl)ccc1OC(F)F)c1cnn2cccnc12,1998,ligand_1998,idx_1997,CHEMBL3968781,ligand_1998
3eyg,ligand_1999,CHEMBL3968315,O=C(Nc1cn(CC(=O)N2CCC(F)(F)C2)nc1-c1cc(Cl)ccc1OC(F)F)c1cnn2cccnc12,1999,ligand_1999,idx_1998,CHEMBL3968315,ligand_1999
3eyg,ligand_2000,CHEMBL5941529,O=C(Nc1cn(CC(=O)N2CCC(F)(F)C2)nc1-c1cc2c(cc1OC(F)F)NCCO2)c1cnn2cccnc12,2000,ligand_2000,idx_1999,CHEMBL5941529,ligand_2000
3eyg,ligand_2001,CHEMBL3949479,O=C(Nc1cn(CC(=O)N2CCC(N(Cc3ccccc3)CC(F)(F)F)CC2)nc1-c1cc(Cl)ccc1OC(F)F)c1cnn2cccnc12,2001,ligand_2001,idx_2000,CHEMBL3949479,ligand_2001
3eyg,ligand_2002,CHEMBL3906087,O=C(Nc1cn(CC(=O)N2CCC(N3CC4CC(C3)O4)CC2)nc1-c1cc(Cl)ccc1OC(F)F)c1cnn2cccnc12,2002,ligand_2002,idx_2001,CHEMBL3906087,ligand_2002
3eyg,ligand_2003,CHEMBL3896759,O=C(Nc1cn(CC(=O)N2CCC(N3CCC(O)CC3=O)CC2)nc1-c1cc(Cl)ccc1OC(F)F)c1cnn2cccnc12,2003,ligand_2003,idx_2002,CHEMBL3896759,ligand_2003
3eyg,ligand_2004,CHEMBL3892717,O=C(Nc1cn(CC(=O)N2CCC(N3CCCC3)CC2)nc1-c1cc(Cl)ccc1OC(F)F)c1cnn2cccnc12,2004,ligand_2004,idx_2003,CHEMBL3892717,ligand_2004
3eyg,ligand_2005,CHEMBL3905858,O=C(Nc1cn(CC(=O)N2CCC(N3CCCOCC3)CC2)nc1-c1cc(Cl)ccc1OC(F)F)c1cnn2cccnc12,2005,ligand_2005,idx_2004,CHEMBL3905858,ligand_2005
3eyg,ligand_2006,CHEMBL3975506,O=C(Nc1cn(CC(=O)N2CCC(N3CCNCC3=O)CC2)nc1-c1cc(Cl)ccc1OC(F)F)c1cnn2cccnc12,2006,ligand_2006,idx_2005,CHEMBL3975506,ligand_2006
3eyg,ligand_2007,CHEMBL5781338,O=C(Nc1cn(CC(=O)N2CCC(N3CCOCC3)CC2)nc1-c1cc(Cl)ccc1OC(F)F)c1cnn2cccnc12,2007,ligand_2007,idx_2006,CHEMBL5781338,ligand_2007
3eyg,ligand_2008,CHEMBL5796458,O=C(Nc1cn(CC(=O)N2CCC(N3CCOCC3)CC2)nc1-c1cc2c(cc1OC(F)F)NCCO2)c1cnn2cccnc12,2008,ligand_2008,idx_2007,CHEMBL5796458,ligand_2008
3eyg,ligand_2009,CHEMBL5824573,O=C(Nc1cn(CC(=O)N2CCC(N3CCOCC3)CC2)nc1-c1cc2c(cc1OC(F)F)NCCS2)c1cnn2cccnc12,2009,ligand_2009,idx_2008,CHEMBL5824573,ligand_2009
3eyg,ligand_2010,CHEMBL6059238,O=C(Nc1cn(CC(=O)N2CCC(N3CCOCC3)CC2)nc1-c1cc2ccccc2cc1OC(F)F)c1cnn2cccnc12,2010,ligand_2010,idx_2009,CHEMBL6059238,ligand_2010
3eyg,ligand_2011,CHEMBL5813648,O=C(Nc1cn(CC(=O)N2CCC(N3CCOCC3)CC2)nc1-c1cc2sccc2cc1OC(F)F)c1cnn2cccnc12,2011,ligand_2011,idx_2010,CHEMBL5813648,ligand_2011
3eyg,ligand_2012,CHEMBL3908409,O=C(Nc1cn(CC(=O)N2CCC(N3CCSCC3)CC2)nc1-c1cc(Cl)ccc1OC(F)F)c1cnn2cccnc12,2012,ligand_2012,idx_2011,CHEMBL3908409,ligand_2012
3eyg,ligand_2013,CHEMBL3893449,O=C(Nc1cn(CC(=O)N2CCC(N3CC[S+]([O-])CC3)CC2)nc1-c1cc(Cl)ccc1OC(F)F)c1cnn2cccnc12,2013,ligand_2013,idx_2012,CHEMBL3893449,ligand_2013
3eyg,ligand_2014,CHEMBL3892587,O=C(Nc1cn(CC(=O)N2CCC(N3C[C@@H]4C[C@H]3CO4)CC2)nc1-c1cc(Cl)ccc1OC(F)F)c1cnn2cccnc12,2014,ligand_2014,idx_2013,CHEMBL3892587,ligand_2014
3eyg,ligand_2015,CHEMBL3941221,O=C(Nc1cn(CC(=O)N2CCC(N3Cc4ccc(Cl)cc4C3)CC2)nc1-c1cc(Cl)ccc1OC(F)F)c1cnn2cccnc12,2015,ligand_2015,idx_2014,CHEMBL3941221,ligand_2015
3eyg,ligand_2016,CHEMBL3956283,O=C(Nc1cn(CC(=O)N2CCC(NC(c3ccccc3)C(F)(F)F)CC2)nc1-c1cc(Cl)ccc1OC(F)F)c1cnn2cccnc12,2016,ligand_2016,idx_2015,CHEMBL3956283,ligand_2016
3eyg,ligand_2017,CHEMBL3977209,O=C(Nc1cn(CC(=O)N2CCC(NC3CCC3)CC2)nc1-c1cc(Cl)ccc1OC(F)F)c1cnn2cccnc12,2017,ligand_2017,idx_2016,CHEMBL3977209,ligand_2017
3eyg,ligand_2018,CHEMBL3957933,O=C(Nc1cn(CC(=O)N2CCC(NCCc3ccc(C(F)(F)F)cc3)CC2)nc1-c1cc(Cl)ccc1OC(F)F)c1cnn2cccnc12,2018,ligand_2018,idx_2017,CHEMBL3957933,ligand_2018
3eyg,ligand_2019,CHEMBL3892396,O=C(Nc1cn(CC(=O)N2CCC(NCCc3ccc(Cl)cc3)CC2)nc1-c1cc(Cl)ccc1OC(F)F)c1cnn2cccnc12,2019,ligand_2019,idx_2018,CHEMBL3892396,ligand_2019
3eyg,ligand_2020,CHEMBL3952689,O=C(Nc1cn(CC(=O)N2CCC(NCCc3ccc(O)cc3)CC2)nc1-c1cc(Cl)ccc1OC(F)F)c1cnn2cccnc12,2020,ligand_2020,idx_2019,CHEMBL3952689,ligand_2020
3eyg,ligand_2021,CHEMBL3951483,O=C(Nc1cn(CC(=O)N2CCC(NCCc3ccccc3)CC2)nc1-c1cc(Cl)ccc1OC(F)F)c1cnn2cccnc12,2021,ligand_2021,idx_2020,CHEMBL3951483,ligand_2021
3eyg,ligand_2022,CHEMBL3906168,O=C(Nc1cn(CC(=O)N2CCC(O)(CO)CC2)nc1-c1cc(Cl)ccc1OC(F)F)c1cnn2cccnc12,2022,ligand_2022,idx_2021,CHEMBL3906168,ligand_2022
3eyg,ligand_2023,CHEMBL3953947,O=C(Nc1cn(CC(=O)N2CCC(O)(c3ccccc3)CC2)nc1-c1cc(Cl)ccc1OC(F)F)c1cnn2cccnc12,2023,ligand_2023,idx_2022,CHEMBL3953947,ligand_2023
3eyg,ligand_2024,CHEMBL3897993,O=C(Nc1cn(CC(=O)N2CCC(O)(c3ccncc3)CC2)nc1-c1cc(Cl)ccc1OC(F)F)c1cnn2cccnc12,2024,ligand_2024,idx_2023,CHEMBL3897993,ligand_2024
3eyg,ligand_2025,CHEMBL3963271,O=C(Nc1cn(CC(=O)N2CCC(O)CC2)nc1-c1cc(Cl)ccc1OC(F)F)c1cnn2cccnc12,2025,ligand_2025,idx_2024,CHEMBL3963271,ligand_2025
3eyg,ligand_2026,CHEMBL5784307,O=C(Nc1cn(CC(=O)N2CCC(O)CC2)nc1-c1cc2c(cc1OC(F)F)NCCO2)c1cnn2cccnc12,2026,ligand_2026,idx_2025,CHEMBL5784307,ligand_2026
3eyg,ligand_2027,CHEMBL5933936,O=C(Nc1cn(CC(=O)N2CCC(O)CC2)nc1-c1cc2c(cc1OC(F)F)NCCS2)c1cnn2cccnc12,2027,ligand_2027,idx_2026,CHEMBL5933936,ligand_2027
3eyg,ligand_2028,CHEMBL3981642,O=C(Nc1cn(CC(=O)N2CCC(OCC(=O)N3CCOCC3)CC2)nc1-c1cc(Cl)ccc1OC(F)F)c1cnn2cccnc12,2028,ligand_2028,idx_2027,CHEMBL3981642,ligand_2028
3eyg,ligand_2029,CHEMBL3890657,O=C(Nc1cn(CC(=O)N2CCC(OCCO)CC2)nc1-c1cc(Cl)ccc1OC(F)F)c1cnn2cccnc12,2029,ligand_2029,idx_2028,CHEMBL3890657,ligand_2029
3eyg,ligand_2030,CHEMBL3915865,O=C(Nc1cn(CC(=O)N2CCC3(CCNC3)CC2)nc1-c1cc(Cl)ccc1OC(F)F)c1cnn2cccnc12,2030,ligand_2030,idx_2029,CHEMBL3915865,ligand_2030
3eyg,ligand_2031,CHEMBL3930303,O=C(Nc1cn(CC(=O)N2CCC3(CNC3)C2)nc1-c1cc(Cl)ccc1OC(F)F)c1cnn2cccnc12,2031,ligand_2031,idx_2030,CHEMBL3930303,ligand_2031
3eyg,ligand_2032,CHEMBL3920142,O=C(Nc1cn(CC(=O)N2CCCCC2)nc1-c1cc(Cl)ccc1OC(F)F)c1cnn2cccnc12,2032,ligand_2032,idx_2031,CHEMBL3920142,ligand_2032
3eyg,ligand_2033,CHEMBL5864651,O=C(Nc1cn(CC(=O)N2CCCCC2)nc1-c1cc2c(cc1OC(F)F)NCCO2)c1cnn2cccnc12,2033,ligand_2033,idx_2032,CHEMBL5864651,ligand_2033
3eyg,ligand_2034,CHEMBL5856973,O=C(Nc1cn(CC(=O)N2CCCCC2)nc1-c1cc2c(cc1OC(F)F)NCCS2)c1cnn2cccnc12,2034,ligand_2034,idx_2033,CHEMBL5856973,ligand_2034
3eyg,ligand_2035,CHEMBL3941450,O=C(Nc1cn(CC(=O)N2CCCN(CCO)CC2)nc1-c1cc(Cl)ccc1OC(F)F)c1cnn2cccnc12,2035,ligand_2035,idx_2034,CHEMBL3941450,ligand_2035
3eyg,ligand_2036,CHEMBL3924226,O=C(Nc1cn(CC(=O)N2CCC[C@H]2C(O)CO)nc1-c1cc(Cl)ccc1OC(F)F)c1cnn2cccnc12,2036,ligand_2036,idx_2035,CHEMBL3924226,ligand_2036
3eyg,ligand_2037,CHEMBL3929573,O=C(Nc1cn(CC(=O)N2CCC[C@H]2CO)nc1-c1cc(Cl)ccc1OC(F)F)c1cnn2cccnc12,2037,ligand_2037,idx_2036,CHEMBL3929573,ligand_2037
3eyg,ligand_2038,CHEMBL3982408,O=C(Nc1cn(CC(=O)N2CCN(C3CCOC3)CC2)nc1-c1cc(Cl)ccc1OC(F)F)c1cnn2cccnc12,2038,ligand_2038,idx_2037,CHEMBL3982408,ligand_2038
3eyg,ligand_2039,CHEMBL3909510,O=C(Nc1cn(CC(=O)N2CCN(C3CCOCC3)CC2)nc1-c1cc(Cl)ccc1OC(F)F)c1cnn2cccnc12,2039,ligand_2039,idx_2038,CHEMBL3909510,ligand_2039
3eyg,ligand_2040,CHEMBL3896141,O=C(Nc1cn(CC(=O)N2CCN(CC3CC3)CC2)nc1-c1cc(Cl)ccc1OC(F)F)c1cnn2cccnc12,2040,ligand_2040,idx_2039,CHEMBL3896141,ligand_2040
3eyg,ligand_2041,CHEMBL3981187,O=C(Nc1cn(CC(=O)N2CCN(CC3CCOCC3)CC2)nc1-c1cc(Cl)ccc1OC(F)F)c1cnn2cccnc12,2041,ligand_2041,idx_2040,CHEMBL3981187,ligand_2041
3eyg,ligand_2042,CHEMBL3940929,O=C(Nc1cn(CC(=O)N2CCN(CCCO)CC2)nc1-c1cc(Cl)ccc1OC(F)F)c1cnn2cccnc12,2042,ligand_2042,idx_2041,CHEMBL3940929,ligand_2042
3eyg,ligand_2043,CHEMBL3965809,O=C(Nc1cn(CC(=O)N2CCN(CCN3CCOCC3)CC2)nc1-c1cc(Cl)ccc1OC(F)F)c1cnn2cccnc12,2043,ligand_2043,idx_2042,CHEMBL3965809,ligand_2043
3eyg,ligand_2044,CHEMBL3973184,O=C(Nc1cn(CC(=O)N2CCN(CCN3CCSCC3)CC2)nc1-c1cc(Cl)ccc1OC(F)F)c1cnn2cccnc12,2044,ligand_2044,idx_2043,CHEMBL3973184,ligand_2044
3eyg,ligand_2045,CHEMBL3911942,O=C(Nc1cn(CC(=O)N2CCN(CCO)CC2)nc1-c1cc(Cl)ccc1OC(F)F)c1cnn2cccnc12,2045,ligand_2045,idx_2044,CHEMBL3911942,ligand_2045
3eyg,ligand_2046,CHEMBL3967093,O=C(Nc1cn(CC(=O)N2CCN(CCOCCO)CC2)nc1-c1cc(Cl)ccc1OC(F)F)c1cnn2cccnc12,2046,ligand_2046,idx_2045,CHEMBL3967093,ligand_2046
3eyg,ligand_2047,CHEMBL3951397,O=C(Nc1cn(CC(=O)N2CCN(Cc3ccccc3)CC2)nc1-c1cc(Cl)ccc1OC(F)F)c1cnn2cccnc12,2047,ligand_2047,idx_2046,CHEMBL3951397,ligand_2047
3eyg,ligand_2048,CHEMBL3947977,O=C(Nc1cn(CC(=O)N2CCN(Cc3ncco3)CC2)nc1-c1cc(Cl)ccc1OC(F)F)c1cnn2cccnc12,2048,ligand_2048,idx_2047,CHEMBL3947977,ligand_2048
3eyg,ligand_2049,CHEMBL3938720,O=C(Nc1cn(CC(=O)N2CCN(N3CCOCC3)CC2)nc1-c1cc(Cl)ccc1OC(F)F)c1cnn2cccnc12,2049,ligand_2049,idx_2048,CHEMBL3938720,ligand_2049
3eyg,ligand_2050,CHEMBL3898868,O=C(Nc1cn(CC(=O)N2CCN(c3ccccc3)CC2)nc1-c1cc(Cl)ccc1OC(F)F)c1cnn2cccnc12,2050,ligand_2050,idx_2049,CHEMBL3898868,ligand_2050
3eyg,ligand_2051,CHEMBL3913483,O=C(Nc1cn(CC(=O)N2CCN3CCCCC3C2)nc1-c1cc(Cl)ccc1OC(F)F)c1cnn2cccnc12,2051,ligand_2051,idx_2050,CHEMBL3913483,ligand_2051
3eyg,ligand_2052,CHEMBL3980200,O=C(Nc1cn(CC(=O)N2CCNCC2)nc1-c1cc(Cl)ccc1OC(F)F)c1cnn2cccnc12,2052,ligand_2052,idx_2051,CHEMBL3980200,ligand_2052
3eyg,ligand_2053,CHEMBL5996280,O=C(Nc1cn(CC(=O)N2CCNCC2)nc1-c1cc2ccccc2cc1OC(F)F)c1cnn2cccnc12,2053,ligand_2053,idx_2052,CHEMBL5996280,ligand_2053
3eyg,ligand_2054,CHEMBL3962342,O=C(Nc1cn(CC(=O)N2CCOC(CO)C2)nc1-c1cc(Cl)ccc1OC(F)F)c1cnn2cccnc12,2054,ligand_2054,idx_2053,CHEMBL3962342,ligand_2054
3eyg,ligand_2055,CHEMBL3901982,O=C(Nc1cn(CC(=O)N2CCOCC2)nc1-c1cc(Cl)ccc1OC(F)F)c1cnn2cccnc12,2055,ligand_2055,idx_2054,CHEMBL3901982,ligand_2055
3eyg,ligand_2056,CHEMBL4112868,O=C(Nc1cn(CC(=O)N2CC[C@@H]3CNCC[C@@H]32)nc1-c1cc(Cl)ccc1OC(F)F)c1cnn2cccnc12,2056,ligand_2056,idx_2055,CHEMBL4112868,ligand_2056
3eyg,ligand_2057,CHEMBL3898231,O=C(Nc1cn(CC(=O)N2CC[C@H]3CN(CC4CCOCC4)C[C@H]3C2)nc1-c1cc(Cl)ccc1OC(F)F)c1cnn2cccnc12,2057,ligand_2057,idx_2056,CHEMBL3898231,ligand_2057
3eyg,ligand_2058,CHEMBL3892055,O=C(Nc1cn(CC(=O)N2CC[C@H]3CNC[C@H]3C2)nc1-c1cc(Cl)ccc1OC(F)F)c1cnn2cccnc12,2058,ligand_2058,idx_2057,CHEMBL3892055,ligand_2058
3eyg,ligand_2059,CHEMBL3908233,O=C(Nc1cn(CC(=O)N2C[C@@H]3CCN[C@@H]3C2)nc1-c1cc(Cl)ccc1OC(F)F)c1cnn2cccnc12,2059,ligand_2059,idx_2058,CHEMBL3908233,ligand_2059
3eyg,ligand_2060,CHEMBL3959266,O=C(Nc1cn(CC(=O)N2C[C@@H]3CN(C(=O)OCCCO)C[C@@H]3C2)nc1-c1cc(Cl)ccc1OC(F)F)c1cnn2cccnc12,2060,ligand_2060,idx_2059,CHEMBL3959266,ligand_2060
3eyg,ligand_2061,CHEMBL3922782,O=C(Nc1cn(CC(=O)N2C[C@H]3CN(CC(F)(F)F)C[C@H]3C2)nc1-c1cc(Cl)ccc1OC(F)F)c1cnn2cccnc12,2061,ligand_2061,idx_2060,CHEMBL3922782,ligand_2061
3eyg,ligand_2062,CHEMBL3979546,O=C(Nc1cn(CC(=O)N2C[C@H]3CN(CC4(O)CCCCC4)C[C@H]3C2)nc1-c1cc(Cl)ccc1OC(F)F)c1cnn2cccnc12,2062,ligand_2062,idx_2061,CHEMBL3979546,ligand_2062
3eyg,ligand_2063,CHEMBL3984720,O=C(Nc1cn(CC(=O)N2C[C@H]3CN(CC4CC4)C[C@H]3C2)nc1-c1cc(Cl)ccc1OC(F)F)c1cnn2cccnc12,2063,ligand_2063,idx_2062,CHEMBL3984720,ligand_2063
3eyg,ligand_2064,CHEMBL3957547,O=C(Nc1cn(CC(=O)N2C[C@H]3CN(CC4CCC(F)(F)CC4)C[C@H]3C2)nc1-c1cc(Cl)ccc1OC(F)F)c1cnn2cccnc12,2064,ligand_2064,idx_2063,CHEMBL3957547,ligand_2064
3eyg,ligand_2065,CHEMBL3952029,O=C(Nc1cn(CC(=O)N2C[C@H]3CN(CC4CCC4)C[C@H]3C2)nc1-c1cc(Cl)ccc1OC(F)F)c1cnn2cccnc12,2065,ligand_2065,idx_2064,CHEMBL3952029,ligand_2065
3eyg,ligand_2066,CHEMBL3971672,O=C(Nc1cn(CC(=O)N2C[C@H]3CN(CC4CCCCC4)C[C@H]3C2)nc1-c1cc(Cl)ccc1OC(F)F)c1cnn2cccnc12,2066,ligand_2066,idx_2065,CHEMBL3971672,ligand_2066
3eyg,ligand_2067,CHEMBL6045092,O=C(Nc1cn(CC(=O)N2C[C@H]3CN(CC4CCOCC4)C[C@H]3C2)nc1-c1cc(Cl)ccc1OC(F)F)c1cnn2cccnc12,2067,ligand_2067,idx_2066,CHEMBL6045092,ligand_2067
3eyg,ligand_2068,CHEMBL3914541,O=C(Nc1cn(CC(=O)N2C[C@H]3CN(CCCN4CCCC4=O)C[C@H]3C2)nc1-c1cc(Cl)ccc1OC(F)F)c1cnn2cccnc12,2068,ligand_2068,idx_2067,CHEMBL3914541,ligand_2068
3eyg,ligand_2069,CHEMBL3961393,O=C(Nc1cn(CC(=O)N2C[C@H]3CN(CCCN4CCOC4=O)C[C@H]3C2)nc1-c1cc(Cl)ccc1OC(F)F)c1cnn2cccnc12,2069,ligand_2069,idx_2068,CHEMBL3961393,ligand_2069
3eyg,ligand_2070,CHEMBL3981144,O=C(Nc1cn(CC(=O)N2C[C@H]3CN(CCCN4CCOCC4)C[C@H]3C2)nc1-c1cc(Cl)ccc1OC(F)F)c1cnn2cccnc12,2070,ligand_2070,idx_2069,CHEMBL3981144,ligand_2070
3eyg,ligand_2071,CHEMBL3950713,O=C(Nc1cn(CC(=O)N2C[C@H]3CN(CCCO)C[C@H]3C2)nc1-c1cc(Cl)ccc1OC(F)F)c1cnn2cccnc12,2071,ligand_2071,idx_2070,CHEMBL3950713,ligand_2071
3eyg,ligand_2072,CHEMBL3951947,O=C(Nc1cn(CC(=O)N2C[C@H]3CN(CCCOC(=O)C4CCC4)C[C@H]3C2)nc1-c1cc(Cl)ccc1OC(F)F)c1cnn2cccnc12,2072,ligand_2072,idx_2071,CHEMBL3951947,ligand_2072
3eyg,ligand_2073,CHEMBL3915326,O=C(Nc1cn(CC(=O)N2C[C@H]3CN(CCOCc4ccc(Cl)cc4)C[C@H]3C2)nc1-c1cc(Cl)ccc1OC(F)F)c1cnn2cccnc12,2073,ligand_2073,idx_2072,CHEMBL3915326,ligand_2073
3eyg,ligand_2074,CHEMBL3901102,O=C(Nc1cn(CC(=O)N2C[C@H]3CN(CCc4ccccc4)C[C@H]3C2)nc1-c1cc(Cl)ccc1OC(F)F)c1cnn2cccnc12,2074,ligand_2074,idx_2073,CHEMBL3901102,ligand_2074
3eyg,ligand_2075,CHEMBL3931278,O=C(Nc1cn(CC(=O)N2C[C@H]3CNC[C@H]3C2)nc1-c1cc(Cl)ccc1OC(F)F)c1cnn2cccnc12,2075,ligand_2075,idx_2074,CHEMBL3931278,ligand_2075
3eyg,ligand_2076,CHEMBL3983445,O=C(Nc1cn(CC(O)CN2CCCCC2)nc1-c1cc(Cl)ccc1OC(F)F)c1cnn2cccnc12,2076,ligand_2076,idx_2075,CHEMBL3983445,ligand_2076
3eyg,ligand_2077,CHEMBL3894603,O=C(Nc1cn(CC(O)CN2CCOCC2)nc1-c1cc(Cl)ccc1OC(F)F)c1cnn2cccnc12,2077,ligand_2077,idx_2076,CHEMBL3894603,ligand_2077
3eyg,ligand_2078,CHEMBL3971083,O=C(Nc1cn(CC2(O)CCCC2)nc1-c1cc(Cl)ccc1OC(F)F)c1cnn2cccnc12,2078,ligand_2078,idx_2077,CHEMBL3971083,ligand_2078
3eyg,ligand_2079,CHEMBL6029472,O=C(Nc1cn(CC2(O)CCOCC2)nc1-c1cc2c(cc1OC(F)F)NCCO2)c1cnn2cccnc12,2079,ligand_2079,idx_2078,CHEMBL6029472,ligand_2079
3eyg,ligand_2080,CHEMBL3899509,O=C(Nc1cn(CCN2CCNCC2=O)nc1-c1cc(Cl)ccc1OC(F)F)c1cnn2cccnc12,2080,ligand_2080,idx_2079,CHEMBL3899509,ligand_2080
3eyg,ligand_2081,CHEMBL5741922,O=C(Nc1cn(CCN2CCOCC2)nc1-c1cc2ccccc2cc1OC(F)F)c1cnn2cccnc12,2081,ligand_2081,idx_2080,CHEMBL5741922,ligand_2081
3eyg,ligand_2082,CHEMBL3901497,O=C(Nc1cn(CCNCc2ccc(O)cc2)nc1-c1cc(Cl)ccc1OC(F)F)c1cnn2cccnc12,2082,ligand_2082,idx_2081,CHEMBL3901497,ligand_2082
3eyg,ligand_2083,CHEMBL3924016,O=C(Nc1cn(CCNCc2cccc(O)c2)nc1-c1cc(Cl)ccc1OC(F)F)c1cnn2cccnc12,2083,ligand_2083,idx_2082,CHEMBL3924016,ligand_2083
3eyg,ligand_2084,CHEMBL3921497,O=C(Nc1cn(CCNCc2ccccc2)nc1-c1cc(Cl)ccc1OC(F)F)c1cnn2cccnc12,2084,ligand_2084,idx_2083,CHEMBL3921497,ligand_2084
3eyg,ligand_2085,CHEMBL3965157,O=C(Nc1cn(CCNCc2ccccn2)nc1-c1cc(Cl)ccc1OC(F)F)c1cnn2cccnc12,2085,ligand_2085,idx_2084,CHEMBL3965157,ligand_2085
3eyg,ligand_2086,CHEMBL3926601,O=C(Nc1cn(CCNCc2cccnc2)nc1-c1cc(Cl)ccc1OC(F)F)c1cnn2cccnc12,2086,ligand_2086,idx_2085,CHEMBL3926601,ligand_2086
3eyg,ligand_2087,CHEMBL3928249,O=C(Nc1cn(CCNCc2ccncc2)nc1-c1cc(Cl)ccc1OC(F)F)c1cnn2cccnc12,2087,ligand_2087,idx_2086,CHEMBL3928249,ligand_2087
3eyg,ligand_2088,CHEMBL3935396,O=C(Nc1cn(CCNCc2ncco2)nc1-c1cc(Cl)ccc1OC(F)F)c1cnn2cccnc12,2088,ligand_2088,idx_2087,CHEMBL3935396,ligand_2088
3eyg,ligand_2089,CHEMBL4110635,O=C(Nc1cn(CCN[C@@H]2CCOC2)nc1-c1cc(Cl)ccc1OC(F)F)c1cnn2cccnc12,2089,ligand_2089,idx_2088,CHEMBL4110635,ligand_2089
3eyg,ligand_2090,CHEMBL6000066,O=C(Nc1cn(CCN[C@@H]2CCOC2)nc1-c1cc2c(cc1OC(F)F)NCCS2)c1cnn2cccnc12,2090,ligand_2090,idx_2089,CHEMBL6000066,ligand_2090
3eyg,ligand_2091,CHEMBL3909091,O=C(Nc1cn(CCN[C@H]2CCOC2)nc1-c1cc(Cl)ccc1OC(F)F)c1cnn2cccnc12,2091,ligand_2091,idx_2090,CHEMBL3909091,ligand_2091
3eyg,ligand_2092,CHEMBL3956152,O=C(Nc1cn(Cc2cn(C3CCN(C4CCOC4)CC3)nn2)nc1-c1cc(Cl)ccc1OC(F)F)c1cnn2cccnc12,2092,ligand_2092,idx_2091,CHEMBL3956152,ligand_2092
3eyg,ligand_2093,CHEMBL3948039,O=C(Nc1cn(Cc2cn(C3CCN(C4CCOCC4)CC3)nn2)nc1-c1cc(Cl)ccc1OC(F)F)c1cnn2cccnc12,2093,ligand_2093,idx_2092,CHEMBL3948039,ligand_2093
3eyg,ligand_2094,CHEMBL3915071,O=C(Nc1cn(Cc2cn(C3CCNCC3)nn2)nc1-c1cc(Cl)ccc1OC(F)F)c1cnn2cccnc12,2094,ligand_2094,idx_2093,CHEMBL3915071,ligand_2094
3eyg,ligand_2095,CHEMBL5958686,O=C(Nc1cn(Cc2ncco2)nc1-c1cc2c(cc1OC(F)F)NCCO2)c1cnn2cccnc12,2095,ligand_2095,idx_2094,CHEMBL5958686,ligand_2095
3eyg,ligand_2096,CHEMBL6054632,O=C(Nc1cn(Cc2ncco2)nc1-c1cc2c(cc1OC(F)F)NCCS2)c1cnn2cccnc12,2096,ligand_2096,idx_2095,CHEMBL6054632,ligand_2096
3eyg,ligand_2097,CHEMBL4106450,O=C(Nc1cn([C@@H]2CCNC[C@H]2O)nc1-c1cc(Cl)ccc1OC(F)F)c1cnn2cccnc12,2097,ligand_2097,idx_2096,CHEMBL4106450,ligand_2097
3eyg,ligand_2098,CHEMBL4115622,O=C(Nc1cn([C@@H]2CNCC[C@H]2O)nc1-c1cc(Cl)ccc1OC(F)F)c1cnn2cccnc12,2098,ligand_2098,idx_2097,CHEMBL4115622,ligand_2098
3eyg,ligand_2099,CHEMBL3896379,O=C(Nc1cn([C@H]2CCNC[C@@H]2O)nc1-c1cc(Cl)ccc1OC(F)F)c1cnn2cccnc12,2099,ligand_2099,idx_2098,CHEMBL3896379,ligand_2099
3eyg,ligand_2100,CHEMBL3923446,O=C(Nc1cn([C@H]2CNCC[C@@H]2O)nc1-c1cc(Cl)ccc1OC(F)F)c1cnn2cccnc12,2100,ligand_2100,idx_2099,CHEMBL3923446,ligand_2100
3eyg,ligand_2101,CHEMBL3951444,O=C(Nc1sc(-c2ccc(CN3CC(F)(F)C3)cc2)nc1-c1cc(Cl)ccc1OC(F)F)c1cnn2cccnc12,2101,ligand_2101,idx_2100,CHEMBL3951444,ligand_2101
3eyg,ligand_2102,CHEMBL3923734,O=C(Nc1sc(-c2ccc(CN3CC(F)C3)cc2)nc1-c1cc(Cl)ccc1OC(F)F)c1cnn2cccnc12,2102,ligand_2102,idx_2101,CHEMBL3923734,ligand_2102
3eyg,ligand_2103,CHEMBL3978806,O=C(Nc1sc(-c2ccncc2)nc1-c1cc(Cl)ccc1OC(F)F)c1cnn2cccnc12,2103,ligand_2103,idx_2102,CHEMBL3978806,ligand_2103
3eyg,ligand_2104,CHEMBL3946179,O=C(Nc1sc(CN2CCCCC2)nc1-c1cc(Cl)ccc1OC(F)F)c1cnn2cccnc12,2104,ligand_2104,idx_2103,CHEMBL3946179,ligand_2104
3eyg,ligand_2105,CHEMBL3922979,O=C(Nc1sc(N2CC(N3CCCCC3)C2)nc1-c1cc(Cl)ccc1OC(F)F)c1cnn2cccnc12,2105,ligand_2105,idx_2104,CHEMBL3922979,ligand_2105
3eyg,ligand_2106,CHEMBL3983975,O=C(Nc1sc(N2CCC(N3CC(F)(F)C3)CC2)nc1-c1cc(Cl)ccc1OC(F)F)c1cnn2cccnc12,2106,ligand_2106,idx_2105,CHEMBL3983975,ligand_2106
3eyg,ligand_2107,CHEMBL3898459,O=C(Nc1sc(N2CCC(N3CC(F)C3)CC2)nc1-c1cc(Cl)ccc1OC(F)F)c1cnn2cccnc12,2107,ligand_2107,idx_2106,CHEMBL3898459,ligand_2107
3eyg,ligand_2108,CHEMBL3950547,O=C(Nc1sc(N2CCN(CC(F)(F)F)CC2)nc1-c1cc(Cl)ccc1OC(F)F)c1cnn2cccnc12,2108,ligand_2108,idx_2107,CHEMBL3950547,ligand_2108
3eyg,ligand_2109,CHEMBL3959420,O=C(Nc1sc(N2CCN(CC3CC3)CC2)nc1-c1cc(Cl)ccc1OC(F)F)c1cnn2cccnc12,2109,ligand_2109,idx_2108,CHEMBL3959420,ligand_2109
3eyg,ligand_2110,CHEMBL3931929,O=C(Nc1sc(N2CCN(CCc3ccccc3)CC2)nc1-c1cc(Cl)ccc1OC(F)F)c1cnn2cccnc12,2110,ligand_2110,idx_2109,CHEMBL3931929,ligand_2110
3eyg,ligand_2111,CHEMBL3931929,O=C(Nc1sc(N2CCN(CCc3ccccc3)CC2)nc1-c1cc(Cl)ccc1OC(F)F)c1cnn2cccnc12,2111,ligand_2111,idx_2110,CHEMBL3931929,ligand_2111
3eyg,ligand_2112,CHEMBL3951874,O=C(O)CCN1CCN(C(=O)Cn2cc(NC(=O)c3cnn4cccnc34)c(-c3cc(Cl)ccc3OC(F)F)n2)CC1,2112,ligand_2112,idx_2111,CHEMBL3951874,ligand_2112
3eyg,ligand_2113,CHEMBL3980934,O=C(O)CN(CCn1cc(NC(=O)c2cnn3cccnc23)c(-c2cc(Cl)ccc2OC(F)F)n1)Cc1cccnc1,2113,ligand_2113,idx_2112,CHEMBL3980934,ligand_2113
3eyg,ligand_2114,CHEMBL3908328,O=C(O)CN1CCN(C(=O)Cn2cc(NC(=O)c3cnn4cccnc34)c(-c3cc(Cl)ccc3OC(F)F)n2)CC1,2114,ligand_2114,idx_2113,CHEMBL3908328,ligand_2114
3eyg,ligand_2115,CHEMBL3937898,O=C(O)CNC1CCN(C(=O)Cn2cc(NC(=O)c3cnn4cccnc34)c(-c3cc(Cl)ccc3OC(F)F)n2)CC1,2115,ligand_2115,idx_2114,CHEMBL3937898,ligand_2115
3eyg,ligand_2116,CHEMBL3978749,O=C(O)CNC1CCN(CCn2cc(NC(=O)c3cnn4cccnc34)c(-c3cc(Cl)ccc3OC(F)F)n2)CC1,2116,ligand_2116,idx_2115,CHEMBL3978749,ligand_2116
3eyg,ligand_2117,CHEMBL6002583,O=C(O)Cn1cc(NC(=O)c2cnn3cccnc23)c(-c2cc3ccccc3cc2OC(F)F)n1,2117,ligand_2117,idx_2116,CHEMBL6002583,ligand_2117
3eyg,ligand_2118,CHEMBL5988093,O=C(c1ccc(Nc2nc3c(C4=CCN(C(=O)CCC(F)(F)F)CC4)cccn3n2)cc1)C1CCCC12CCNCC2,2118,ligand_2118,idx_2117,CHEMBL5988093,ligand_2118
3eyg,ligand_2119,CHEMBL5779244,O=C(c1ccc(Nc2nc3c(N4CCC(CO)(c5ccc(Cl)cc5)CC4)cccn3n2)cc1)N1CCC(c2ccccn2)CC1,2119,ligand_2119,idx_2118,CHEMBL5779244,ligand_2119
3eyg,ligand_2120,CHEMBL5943270,O=C(c1ccc(Nc2nc3c(N4CCC(CO)(c5ccc(Cl)cc5)CC4)cccn3n2)cc1)N1CCC(c2ccncc2)C1,2120,ligand_2120,idx_2119,CHEMBL5943270,ligand_2120
3eyg,ligand_2121,CHEMBL5985912,O=C(c1ccc(Nc2nc3c(N4CCC(CO)(c5ccc(Cl)cc5)CC4)cccn3n2)cc1)N1CCCC1c1ccncc1,2121,ligand_2121,idx_2120,CHEMBL5985912,ligand_2121
3eyg,ligand_2122,CHEMBL5845529,O=C(c1ccc(Nc2nc3c(N4CCC(O)(c5ccc(Cl)cc5)CC4)cccn3n2)cc1)N(Cc1ccccn1)C1CC1,2122,ligand_2122,idx_2121,CHEMBL5845529,ligand_2122
3eyg,ligand_2123,CHEMBL6006563,O=C(c1ccc(Nc2nc3c(N4CCC(O)(c5ccc(Cl)cc5)CC4)cccn3n2)cc1)N1CC2(CCCNC2)C1,2123,ligand_2123,idx_2122,CHEMBL6006563,ligand_2123
3eyg,ligand_2124,CHEMBL5901012,O=C(c1ccc(Nc2nc3c(N4CCC(O)(c5ccc(Cl)cc5)CC4)cccn3n2)cc1)N1CC2(CCNC2)C1,2124,ligand_2124,idx_2123,CHEMBL5901012,ligand_2124
3eyg,ligand_2125,CHEMBL5943816,O=C(c1ccc(Nc2nc3c(N4CCC(O)(c5ccc(Cl)cc5)CC4)cccn3n2)cc1)N1CC2(CCNCC2)C1,2125,ligand_2125,idx_2124,CHEMBL5943816,ligand_2125
3eyg,ligand_2126,CHEMBL5804215,O=C(c1ccc(Nc2nc3c(N4CCC(O)(c5ccc(Cl)cc5)CC4)cccn3n2)cc1)N1CC2(CNC2)C1,2126,ligand_2126,idx_2125,CHEMBL5804215,ligand_2126
3eyg,ligand_2127,CHEMBL5980354,O=C(c1ccc(Nc2nc3c(N4CCC(O)(c5ccc(Cl)cc5)CC4)cccn3n2)cc1)N1CC2CCNC2C1,2127,ligand_2127,idx_2126,CHEMBL5980354,ligand_2127
3eyg,ligand_2128,CHEMBL5855459,O=C(c1ccc(Nc2nc3c(N4CCC(O)(c5ccc(Cl)cc5)CC4)cccn3n2)cc1)N1CC2CNCC(C1)O2,2128,ligand_2128,idx_2127,CHEMBL5855459,ligand_2128
3eyg,ligand_2129,CHEMBL5933139,O=C(c1ccc(Nc2nc3c(N4CCC(O)(c5ccc(Cl)cc5)CC4)cccn3n2)cc1)N1CC2CNCC2C1,2129,ligand_2129,idx_2128,CHEMBL5933139,ligand_2129
3eyg,ligand_2130,CHEMBL5886494,O=C(c1ccc(Nc2nc3c(N4CCC(O)(c5ccc(Cl)cc5)CC4)cccn3n2)cc1)N1CCC(Cc2ccccn2)C1,2130,ligand_2130,idx_2129,CHEMBL5886494,ligand_2130
3eyg,ligand_2131,CHEMBL6031742,O=C(c1ccc(Nc2nc3c(N4CCC(O)(c5ccc(Cl)cc5)CC4)cccn3n2)cc1)N1CCC(Cc2ccccn2)CC1,2131,ligand_2131,idx_2130,CHEMBL6031742,ligand_2131
3eyg,ligand_2132,CHEMBL6033257,O=C(c1ccc(Nc2nc3c(N4CCC(O)(c5ccc(Cl)cc5)CC4)cccn3n2)cc1)N1CCC(Cc2cccnc2)C1,2132,ligand_2132,idx_2131,CHEMBL6033257,ligand_2132
3eyg,ligand_2133,CHEMBL5991846,O=C(c1ccc(Nc2nc3c(N4CCC(O)(c5ccc(Cl)cc5)CC4)cccn3n2)cc1)N1CCC(Cc2cccnc2)CC1,2133,ligand_2133,idx_2132,CHEMBL5991846,ligand_2133
3eyg,ligand_2134,CHEMBL6012025,O=C(c1ccc(Nc2nc3c(N4CCC(O)(c5ccc(Cl)cc5)CC4)cccn3n2)cc1)N1CCC(Cc2ccncc2)C1,2134,ligand_2134,idx_2133,CHEMBL6012025,ligand_2134
3eyg,ligand_2135,CHEMBL5925343,O=C(c1ccc(Nc2nc3c(N4CCC(O)(c5ccc(Cl)cc5)CC4)cccn3n2)cc1)N1CCC(N2CCCC2)CC1,2135,ligand_2135,idx_2134,CHEMBL5925343,ligand_2135
3eyg,ligand_2136,CHEMBL5937456,O=C(c1ccc(Nc2nc3c(N4CCC(O)(c5ccc(Cl)cc5)CC4)cccn3n2)cc1)N1CCC(N2CCOCC2)C1,2136,ligand_2136,idx_2135,CHEMBL5937456,ligand_2136
3eyg,ligand_2137,CHEMBL5897860,O=C(c1ccc(Nc2nc3c(N4CCC(O)(c5ccc(Cl)cc5)CC4)cccn3n2)cc1)N1CCC(N2CCOCC2)CC1,2137,ligand_2137,idx_2136,CHEMBL5897860,ligand_2137
3eyg,ligand_2138,CHEMBL6009689,O=C(c1ccc(Nc2nc3c(N4CCC(O)(c5ccc(Cl)cc5)CC4)cccn3n2)cc1)N1CCC(c2ccccn2)CC1,2138,ligand_2138,idx_2137,CHEMBL6009689,ligand_2138
3eyg,ligand_2139,CHEMBL5822901,O=C(c1ccc(Nc2nc3c(N4CCC(O)(c5ccc(Cl)cc5)CC4)cccn3n2)cc1)N1CCC(c2ccncc2)CC1,2139,ligand_2139,idx_2138,CHEMBL5822901,ligand_2139
3eyg,ligand_2140,CHEMBL6043634,O=C(c1ccc(Nc2nc3c(N4CCC(O)(c5ccc(Cl)cc5)CC4)cccn3n2)cc1)N1CCC2(CC1)CNC2,2140,ligand_2140,idx_2139,CHEMBL6043634,ligand_2140
3eyg,ligand_2141,CHEMBL5858618,O=C(c1ccc(Nc2nc3c(N4CCC(O)(c5ccc(Cl)cc5)CC4)cccn3n2)cc1)N1CCC2(CC1)CNCCO2,2141,ligand_2141,idx_2140,CHEMBL5858618,ligand_2141
3eyg,ligand_2142,CHEMBL5876167,O=C(c1ccc(Nc2nc3c(N4CCC(O)(c5ccc(Cl)cc5)CC4)cccn3n2)cc1)N1CCC2(CCCCN2)C1,2142,ligand_2142,idx_2141,CHEMBL5876167,ligand_2142
3eyg,ligand_2143,CHEMBL5778304,O=C(c1ccc(Nc2nc3c(N4CCC(O)(c5ccc(Cl)cc5)CC4)cccn3n2)cc1)N1CCC2(CCCN2)CC1,2143,ligand_2143,idx_2142,CHEMBL5778304,ligand_2143
3eyg,ligand_2144,CHEMBL5834496,O=C(c1ccc(Nc2nc3c(N4CCC(O)(c5ccc(Cl)cc5)CC4)cccn3n2)cc1)N1CCC2(CCCNC2)C1,2144,ligand_2144,idx_2143,CHEMBL5834496,ligand_2144
3eyg,ligand_2145,CHEMBL5791452,O=C(c1ccc(Nc2nc3c(N4CCC(O)(c5ccc(Cl)cc5)CC4)cccn3n2)cc1)N1CCC2(CCCNC2)CC1,2145,ligand_2145,idx_2144,CHEMBL5791452,ligand_2145
3eyg,ligand_2146,CHEMBL5779396,O=C(c1ccc(Nc2nc3c(N4CCC(O)(c5ccc(Cl)cc5)CC4)cccn3n2)cc1)N1CCC2(CCN2)CC1,2146,ligand_2146,idx_2145,CHEMBL5779396,ligand_2146
3eyg,ligand_2147,CHEMBL6054539,O=C(c1ccc(Nc2nc3c(N4CCC(O)(c5ccc(Cl)cc5)CC4)cccn3n2)cc1)N1CCC2(CCNC2)C1,2147,ligand_2147,idx_2146,CHEMBL6054539,ligand_2147
3eyg,ligand_2148,CHEMBL5828472,O=C(c1ccc(Nc2nc3c(N4CCC(O)(c5ccc(Cl)cc5)CC4)cccn3n2)cc1)N1CCC2(CCNC2)CC1,2148,ligand_2148,idx_2147,CHEMBL5828472,ligand_2148
3eyg,ligand_2149,CHEMBL5991817,O=C(c1ccc(Nc2nc3c(N4CCC(O)(c5ccc(Cl)cc5)CC4)cccn3n2)cc1)N1CCC2(CCNCC2)C1,2149,ligand_2149,idx_2148,CHEMBL5991817,ligand_2149
3eyg,ligand_2150,CHEMBL5749848,O=C(c1ccc(Nc2nc3c(N4CCC(O)(c5ccc(Cl)cc5)CC4)cccn3n2)cc1)N1CCC2(CCNCC2)CC1,2150,ligand_2150,idx_2149,CHEMBL5749848,ligand_2150
3eyg,ligand_2151,CHEMBL5761740,O=C(c1ccc(Nc2nc3c(N4CCC(O)(c5ccc(Cl)cc5)CC4)cccn3n2)cc1)N1CCC2(CNC2)C1,2151,ligand_2151,idx_2150,CHEMBL5761740,ligand_2151
3eyg,ligand_2152,CHEMBL5834463,O=C(c1ccc(Nc2nc3c(N4CCC(O)(c5ccc(Cl)cc5)CC4)cccn3n2)cc1)N1CCCC(N2CCOCC2)C1,2152,ligand_2152,idx_2151,CHEMBL5834463,ligand_2152
3eyg,ligand_2153,CHEMBL6044112,O=C(c1ccc(Nc2nc3c(N4CCC(O)(c5ccc(Cl)cc5)CC4)cccn3n2)cc1)N1CCCC(O)(CN2CCCC2)CC1,2153,ligand_2153,idx_2152,CHEMBL6044112,ligand_2153
3eyg,ligand_2154,CHEMBL5930234,O=C(c1ccc(Nc2nc3c(N4CCC(O)(c5ccc(Cl)cc5)CC4)cccn3n2)cc1)N1CCCC(c2ccccn2)C1,2154,ligand_2154,idx_2153,CHEMBL5930234,ligand_2154
3eyg,ligand_2155,CHEMBL5808043,O=C(c1ccc(Nc2nc3c(N4CCC(O)(c5ccc(Cl)cc5)CC4)cccn3n2)cc1)N1CCCC12CCCNC2,2155,ligand_2155,idx_2154,CHEMBL5808043,ligand_2155
3eyg,ligand_2156,CHEMBL5917484,O=C(c1ccc(Nc2nc3c(N4CCC(O)(c5ccc(Cl)cc5)CC4)cccn3n2)cc1)N1CCCC12CCNC2,2156,ligand_2156,idx_2155,CHEMBL5917484,ligand_2156
3eyg,ligand_2157,CHEMBL5938306,O=C(c1ccc(Nc2nc3c(N4CCC(O)(c5ccc(Cl)cc5)CC4)cccn3n2)cc1)N1CCCC12CCNCC2,2157,ligand_2157,idx_2156,CHEMBL5938306,ligand_2157
3eyg,ligand_2158,CHEMBL5848156,O=C(c1ccc(Nc2nc3c(N4CCC(O)(c5ccc(Cl)cc5)CC4)cccn3n2)cc1)N1CCCC1Cc1ccccn1,2158,ligand_2158,idx_2157,CHEMBL5848156,ligand_2158
3eyg,ligand_2159,CHEMBL6051134,O=C(c1ccc(Nc2nc3c(N4CCC(O)(c5ccc(Cl)cc5)CC4)cccn3n2)cc1)N1CCCC1c1cccnc1,2159,ligand_2159,idx_2158,CHEMBL6051134,ligand_2159
3eyg,ligand_2160,CHEMBL5983586,O=C(c1ccc(Nc2nc3c(N4CCC(O)(c5ccc(Cl)cc5)CC4)cccn3n2)cc1)N1CCCC1c1ccncc1,2160,ligand_2160,idx_2159,CHEMBL5983586,ligand_2160
3eyg,ligand_2161,CHEMBL5851353,O=C(c1ccc(Nc2nc3c(N4CCC(O)(c5ccc(Cl)cc5)CC4)cccn3n2)cc1)N1CCCC2(CCCCN2)C1,2161,ligand_2161,idx_2160,CHEMBL5851353,ligand_2161
3eyg,ligand_2162,CHEMBL5922381,O=C(c1ccc(Nc2nc3c(N4CCC(O)(c5ccc(Cl)cc5)CC4)cccn3n2)cc1)N1CCCC2(CCCN2)CC1,2162,ligand_2162,idx_2161,CHEMBL5922381,ligand_2162
3eyg,ligand_2163,CHEMBL5843034,O=C(c1ccc(Nc2nc3c(N4CCC(O)(c5ccc(Cl)cc5)CC4)cccn3n2)cc1)N1CCCC2(CCCNC2)C1,2163,ligand_2163,idx_2162,CHEMBL5843034,ligand_2163
3eyg,ligand_2164,CHEMBL6060541,O=C(c1ccc(Nc2nc3c(N4CCC(O)(c5ccc(Cl)cc5)CC4)cccn3n2)cc1)N1CCCC2(CCNCC2)C1,2164,ligand_2164,idx_2163,CHEMBL6060541,ligand_2164
3eyg,ligand_2165,CHEMBL5894229,O=C(c1ccc(Nc2nc3c(N4CCC(O)(c5ccc(Cl)cc5)CC4)cccn3n2)cc1)N1CCCC2(CNCCO2)C1,2165,ligand_2165,idx_2164,CHEMBL5894229,ligand_2165
3eyg,ligand_2166,CHEMBL5871056,O=C(c1ccc(Nc2nc3c(N4CCC(O)(c5ccc(Cl)cc5)CC4)cccn3n2)cc1)N1CCCCC1Cc1ccccn1,2166,ligand_2166,idx_2165,CHEMBL5871056,ligand_2166
3eyg,ligand_2167,CHEMBL5812803,O=C(c1ccc(Nc2nc3c(N4CCC(O)(c5ccc(Cl)cc5)CC4)cccn3n2)cc1)N1CCCCC1c1cccnc1,2167,ligand_2167,idx_2166,CHEMBL5812803,ligand_2167
3eyg,ligand_2168,CHEMBL5809975,O=C(c1ccc(Nc2nc3c(N4CCC(O)(c5ccc(Cl)cc5)CC4)cccn3n2)cc1)N1CCCN(c2ccncc2)CC1,2168,ligand_2168,idx_2167,CHEMBL5809975,ligand_2168
3eyg,ligand_2169,CHEMBL5987756,O=C(c1ccc(Nc2nc3c(N4CCC(O)(c5ccc(Cl)cc5)CC4)cccn3n2)cc1)N1CCCNCC1,2169,ligand_2169,idx_2168,CHEMBL5987756,ligand_2169
3eyg,ligand_2170,CHEMBL5900978,O=C(c1ccc(Nc2nc3c(N4CCC(O)(c5ccc(Cl)cc5)CC4)cccn3n2)cc1)N1CCN(C2CC2)CC1,2170,ligand_2170,idx_2169,CHEMBL5900978,ligand_2170
3eyg,ligand_2171,CHEMBL5778490,O=C(c1ccc(Nc2nc3c(N4CCC(O)(c5ccc(Cl)cc5)CC4)cccn3n2)cc1)N1CCN(C2CCC2)CC1,2171,ligand_2171,idx_2170,CHEMBL5778490,ligand_2171
3eyg,ligand_2172,CHEMBL6014297,O=C(c1ccc(Nc2nc3c(N4CCC(O)(c5ccc(Cl)cc5)CC4)cccn3n2)cc1)N1CCN(CC2CC2)CC1,2172,ligand_2172,idx_2171,CHEMBL6014297,ligand_2172
3eyg,ligand_2173,CHEMBL6013244,O=C(c1ccc(Nc2nc3c(N4CCC(O)(c5ccc(Cl)cc5)CC4)cccn3n2)cc1)N1CCN(CC2CCCO2)CC1,2173,ligand_2173,idx_2172,CHEMBL6013244,ligand_2173
3eyg,ligand_2174,CHEMBL5749159,O=C(c1ccc(Nc2nc3c(N4CCC(O)(c5ccc(Cl)cc5)CC4)cccn3n2)cc1)N1CCN(CCN2CCOCC2)CC1,2174,ligand_2174,idx_2173,CHEMBL5749159,ligand_2174
3eyg,ligand_2175,CHEMBL5896538,O=C(c1ccc(Nc2nc3c(N4CCC(O)(c5ccc(Cl)cc5)CC4)cccn3n2)cc1)N1CCN(CCO)CC1,2175,ligand_2175,idx_2174,CHEMBL5896538,ligand_2175
3eyg,ligand_2176,CHEMBL5743851,O=C(c1ccc(Nc2nc3c(N4CCC(O)(c5ccc(Cl)cc5)CC4)cccn3n2)cc1)N1CCN(CCn2ccnc2)CC1,2176,ligand_2176,idx_2175,CHEMBL5743851,ligand_2176
3eyg,ligand_2177,CHEMBL5917021,O=C(c1ccc(Nc2nc3c(N4CCC(O)(c5ccc(Cl)cc5)CC4)cccn3n2)cc1)N1CCN(Cc2ccccn2)CC1,2177,ligand_2177,idx_2176,CHEMBL5917021,ligand_2177
3eyg,ligand_2178,CHEMBL5986692,O=C(c1ccc(Nc2nc3c(N4CCC(O)(c5ccc(Cl)cc5)CC4)cccn3n2)cc1)N1CCN(Cc2cccnc2)CC1,2178,ligand_2178,idx_2177,CHEMBL5986692,ligand_2178
3eyg,ligand_2179,CHEMBL5959863,O=C(c1ccc(Nc2nc3c(N4CCC(O)(c5ccc(Cl)cc5)CC4)cccn3n2)cc1)N1CCN(c2ccccn2)CC1,2179,ligand_2179,idx_2178,CHEMBL5959863,ligand_2179
3eyg,ligand_2180,CHEMBL5956331,O=C(c1ccc(Nc2nc3c(N4CCC(O)(c5ccc(Cl)cc5)CC4)cccn3n2)cc1)N1CCN(c2cccnc2)CC1,2180,ligand_2180,idx_2179,CHEMBL5956331,ligand_2180
3eyg,ligand_2181,CHEMBL5764603,O=C(c1ccc(Nc2nc3c(N4CCC(O)(c5ccc(Cl)cc5)CC4)cccn3n2)cc1)N1CCN2CCCC2C1,2181,ligand_2181,idx_2180,CHEMBL5764603,ligand_2181
3eyg,ligand_2182,CHEMBL5931662,O=C(c1ccc(Nc2nc3c(N4CCC(O)(c5ccc(Cl)cc5)CC4)cccn3n2)cc1)N1CCN2CCCCC2C1,2182,ligand_2182,idx_2181,CHEMBL5931662,ligand_2182
3eyg,ligand_2183,CHEMBL5946743,O=C(c1ccc(Nc2nc3c(N4CCC(O)(c5ccc(Cl)cc5)CC4)cccn3n2)cc1)N1CCNCC1CO,2183,ligand_2183,idx_2182,CHEMBL5946743,ligand_2183
3eyg,ligand_2184,CHEMBL5971185,O=C(c1ccc(Nc2nc3c(N4CCC(O)(c5ccc(Cl)cc5)CC4)cccn3n2)cc1)N1CCOC(c2ccccn2)C1,2184,ligand_2184,idx_2183,CHEMBL5971185,ligand_2184
3eyg,ligand_2185,CHEMBL5826920,O=C(c1ccc(Nc2nc3c(N4CCC(O)(c5ccc(Cl)cc5)CC4)cccn3n2)cc1)N1CCOC2(CCCNC2)C1,2185,ligand_2185,idx_2184,CHEMBL5826920,ligand_2185
3eyg,ligand_2186,CHEMBL5943684,O=C(c1ccc(Nc2nc3c(N4CCC(O)(c5ccc(Cl)cc5)CC4)cccn3n2)cc1)N1CCOC2(CCNCC2)C1,2186,ligand_2186,idx_2185,CHEMBL5943684,ligand_2186
3eyg,ligand_2187,CHEMBL5761338,O=C(c1ccc(Nc2nc3c(N4CCC(O)(c5ccc(Cl)cc5)CC4)cccn3n2)cc1)N1CCOC2CCNCC21,2187,ligand_2187,idx_2186,CHEMBL5761338,ligand_2187
3eyg,ligand_2188,CHEMBL5741659,O=C(c1ccc(Nc2nc3c(N4CCC(O)(c5ccc(Cl)cc5)CC4)cccn3n2)cc1)N1CCO[C@@H]2CNC[C@@H]21,2188,ligand_2188,idx_2187,CHEMBL5741659,ligand_2188
3eyg,ligand_2189,CHEMBL5908600,O=C(c1ccc(Nc2nc3c(N4CCC(O)(c5ccc(Cl)cc5)CC4)cccn3n2)cc1)N1CCO[C@@H]2CNC[C@H]21,2189,ligand_2189,idx_2188,CHEMBL5908600,ligand_2189
3eyg,ligand_2190,CHEMBL6035948,O=C(c1ccc(Nc2nc3c(N4CCC(O)(c5ccc(Cl)cc5)CC4)cccn3n2)cc1)N1CC[C@H]2CNC[C@H]21,2190,ligand_2190,idx_2189,CHEMBL6035948,ligand_2190
3eyg,ligand_2191,CHEMBL5845115,O=C(c1ccc(Nc2nc3c(N4CCC(O)(c5ccc(Cl)cc5)CC4)cccn3n2)cc1)N1C[C@@H]2CCN[C@@H]2C1,2191,ligand_2191,idx_2190,CHEMBL5845115,ligand_2191
3eyg,ligand_2192,CHEMBL5779442,O=C(c1ccc(Nc2nc3c(N4CCC(O)(c5ccc(Cl)cc5)CC4)cccn3n2)cc1)N1C[C@H]2CCN[C@H]2C1,2192,ligand_2192,idx_2191,CHEMBL5779442,ligand_2192
3eyg,ligand_2193,CHEMBL5926194,O=C(c1ccc(Nc2nc3c(N4CCC(O)(c5ccc(Cl)cc5)CC4)cccn3n2)cc1)N1C[C@H]2CNC[C@H]2C1,2193,ligand_2193,idx_2192,CHEMBL5926194,ligand_2193
3eyg,ligand_2194,CHEMBL2152395,O=C(c1ccccc1)N1CCC(n2cnc3cnc4[nH]ccc4c32)CC1,2194,ligand_2194,idx_2193,CHEMBL2152395,ligand_2194
3eyg,ligand_2195,CHEMBL3972830,O=C1C=C(CN2CCN(C(=O)Cn3cc(NC(=O)c4cnn5cccnc45)c(-c4cc(Cl)ccc4OC(F)F)n3)CC2)CO1,2195,ligand_2195,idx_2194,CHEMBL3972830,ligand_2195
3eyg,ligand_2196,CHEMBL3957132,O=C1CC(N2CCN(C(=O)Cn3cc(NC(=O)c4cnn5cccnc45)c(-c4cc(Cl)ccc4OC(F)F)n3)CC2)CCO1,2196,ligand_2196,idx_2195,CHEMBL3957132,ligand_2196
3eyg,ligand_2197,CHEMBL3914221,O=C1CC(N2CCN(C(=O)Cn3cc(NC(=O)c4cnn5cccnc45)c(-c4cc(Cl)ccc4OC(F)F)n3)CC2)CO1,2197,ligand_2197,idx_2196,CHEMBL3914221,ligand_2197
3eyg,ligand_2198,CHEMBL3956628,O=C1CCC(CN2CCN(C(=O)Cn3cc(NC(=O)c4cnn5cccnc45)c(-c4cc(Cl)ccc4OC(F)F)n3)CC2)O1,2198,ligand_2198,idx_2197,CHEMBL3956628,ligand_2198
3eyg,ligand_2199,CHEMBL3920178,O=C1CCC(CNCCn2cc(NC(=O)c3cnn4cccnc34)c(-c3cc(Cl)ccc3OC(F)F)n2)O1,2199,ligand_2199,idx_2198,CHEMBL3920178,ligand_2199
3eyg,ligand_2200,CHEMBL3910212,O=C1CCC(Cn2cc(NC(=O)c3cnn4cccnc34)c(-c3cc(Cl)ccc3OC(F)F)n2)O1,2200,ligand_2200,idx_2199,CHEMBL3910212,ligand_2200
3eyg,ligand_2201,CHEMBL3956898,O=C1CN(C2CCN(C(=O)Cn3cc(NC(=O)c4cnn5cccnc45)c(-c4cc(Cl)ccc4OC(F)F)n3)CC2)CCN1,2201,ligand_2201,idx_2200,CHEMBL3956898,ligand_2201
3eyg,ligand_2202,CHEMBL5917814,O=C1COc2cc(-c3n[nH]cc3NC(=O)c3cnn4cccnc34)c(OC(F)F)cc2N1,2202,ligand_2202,idx_2201,CHEMBL5917814,ligand_2202
3eyg,ligand_2203,CHEMBL5947405,O=C1CSc2cc(-c3n[nH]cc3NC(=O)c3cnn4cccnc34)c(OC(F)F)cc2N1,2203,ligand_2203,idx_2202,CHEMBL5947405,ligand_2203
3eyg,ligand_2204,CHEMBL5180050,O=C1NCc2nc(-c3c(F)cccc3F)cc(Nc3ccc(C(=O)N4CCCC4)cc3)c21,2204,ligand_2204,idx_2203,CHEMBL5180050,ligand_2204
3eyg,ligand_2205,CHEMBL2152397,O=S(=O)(c1ccccc1)N1CCC(n2cnc3cnc4[nH]ccc4c32)CC1,2205,ligand_2205,idx_2204,CHEMBL2152397,ligand_2205
3eyg,ligand_2206,CHEMBL2436963,O=c1[nH]ccc2c(NC3(CO)CCCC3)ncnc12,2206,ligand_2206,idx_2205,CHEMBL2436963,ligand_2206
3eyg,ligand_2207,CHEMBL2436948,O=c1[nH]ccc2c(NC3CCC3)ncnc12,2207,ligand_2207,idx_2206,CHEMBL2436948,ligand_2207
3eyg,ligand_2208,CHEMBL2436949,O=c1[nH]ccc2c(NC3CCCC3)ncnc12,2208,ligand_2208,idx_2207,CHEMBL2436949,ligand_2208
3eyg,ligand_2209,CHEMBL2436962,O=c1[nH]ccc2c(NC3CCCC3CO)ncnc12,2209,ligand_2209,idx_2208,CHEMBL2436962,ligand_2209
3eyg,ligand_2210,CHEMBL2436961,O=c1[nH]ccc2c(NC3CCCC3O)ncnc12,2210,ligand_2210,idx_2209,CHEMBL2436961,ligand_2210
3eyg,ligand_2211,CHEMBL2434989,O=c1[nH]ccc2c(NC3CCCCC3)ncnc12,2211,ligand_2211,idx_2210,CHEMBL2434989,ligand_2211
3eyg,ligand_2212,CHEMBL2436950,O=c1[nH]ccc2c(NC3CCCCCC3)ncnc12,2212,ligand_2212,idx_2211,CHEMBL2436950,ligand_2212
3eyg,ligand_2213,CHEMBL2436954,O=c1[nH]ccc2c(NC3CCOCC3)ncnc12,2213,ligand_2213,idx_2212,CHEMBL2436954,ligand_2213
3eyg,ligand_2214,CHEMBL2436952,O=c1[nH]ccc2c(NCC3CCCC3)ncnc12,2214,ligand_2214,idx_2213,CHEMBL2436952,ligand_2214
3eyg,ligand_2215,CHEMBL2436953,O=c1[nH]ccc2c(NCCC3CCCCC3)ncnc12,2215,ligand_2215,idx_2214,CHEMBL2436953,ligand_2215
3eyg,ligand_2216,CHEMBL2436956,O=c1[nH]ccc2c(NCc3ccccc3)ncnc12,2216,ligand_2216,idx_2215,CHEMBL2436956,ligand_2216
3eyg,ligand_2217,CHEMBL2436955,O=c1[nH]ccc2c(N[C@@H]3CCCOC3)ncnc12,2217,ligand_2217,idx_2216,CHEMBL2436955,ligand_2217
3eyg,ligand_2218,CHEMBL2436951,O=c1[nH]ccc2c(N[C@@H]3C[C@H]4CC[C@@H]3C4)ncnc12,2218,ligand_2218,idx_2217,CHEMBL2436951,ligand_2218
3eyg,ligand_2219,CHEMBL2436957,O=c1[nH]ccc2c(Nc3ccc(Cl)cc3)ncnc12,2219,ligand_2219,idx_2218,CHEMBL2436957,ligand_2219
3eyg,ligand_2220,CHEMBL2436960,O=c1[nH]ccc2c(OC3CCCC3)ncnc12,2220,ligand_2220,idx_2219,CHEMBL2436960,ligand_2220
3eyg,ligand_2221,CHEMBL2386638,OCCc1nc2cnc3[nH]ccc3c2n1C1CCCCC1,2221,ligand_2221,idx_2220,CHEMBL2386638,ligand_2221
3eyg,ligand_2222,CHEMBL2386645,OC[C@@H](O)c1nc2cnc3[nH]ccc3c2n1C1CCCCC1,2222,ligand_2222,idx_2221,CHEMBL2386645,ligand_2222
3eyg,ligand_2223,CHEMBL2386644,OC[C@H](O)c1nc2cnc3[nH]ccc3c2n1C1CCCCC1,2223,ligand_2223,idx_2222,CHEMBL2386644,ligand_2223
3eyg,ligand_2224,CHEMBL2386637,OCc1nc2cnc3[nH]ccc3c2n1C1CCCCC1,2224,ligand_2224,idx_2223,CHEMBL2386637,ligand_2224
3eyg,ligand_2225,CHEMBL2392499,O[C@H]1CC[C@H](n2nnc3cnc4[nH]ccc4c32)CC1,2225,ligand_2225,idx_2224,CHEMBL2392499,ligand_2225
3eyg,ligand_2226,CHEMBL5868092,[C-]#[N+]C(C)(C)CN(C)C1CCN(C(=O)Cn2cc(NC(=O)c3cnn4cccnc34)c(-c3cc(Cl)ccc3OC(F)F)n2)CC1,2226,ligand_2226,idx_2225,CHEMBL5868092,ligand_2226
3eyg,ligand_2227,CHEMBL5788845,[C-]#[N+]C(C)(C)CNC1CCN(C(=O)Cn2cc(NC(=O)c3cnn4cccnc34)c(-c3cc(Cl)ccc3OC(F)F)n2)CC1,2227,ligand_2227,idx_2226,CHEMBL5788845,ligand_2227
3eyg,ligand_2228,CHEMBL5952987,[C-]#[N+]C(C)CN(C)C1CCN(C(=O)Cn2cc(NC(=O)c3cnn4cccnc34)c(-c3cc(Cl)ccc3OC(F)F)n2)CC1,2228,ligand_2228,idx_2227,CHEMBL5952987,ligand_2228
3eyg,ligand_2229,CHEMBL5769815,[C-]#[N+]C(C)CNC1CCN(C(=O)Cn2cc(NC(=O)c3cnn4cccnc34)c(-c3cc(Cl)ccc3OC(F)F)n2)CC1,2229,ligand_2229,idx_2228,CHEMBL5769815,ligand_2229
3eyg,ligand_2230,CHEMBL5803525,[C-]#[N+]C1(CN(C)C2CCN(C(=O)Cn3cc(NC(=O)c4cnn5cccnc45)c(-c4cc(Cl)ccc4OC(F)F)n3)CC2)CC1,2230,ligand_2230,idx_2229,CHEMBL5803525,ligand_2230
3eyg,ligand_2231,CHEMBL6023638,[C-]#[N+]C1(CNC2CCN(C(=O)Cn3cc(NC(=O)c4cnn5cccnc45)c(-c4cc(Cl)ccc4OC(F)F)n3)CC2)CC1,2231,ligand_2231,idx_2230,CHEMBL6023638,ligand_2231
3eyg,ligand_2232,CHEMBL5891258,[C-]#[N+]C1(N(C)C2CCN(C(=O)Cn3cc(NC(=O)c4cnn5cccnc45)c(-c4cc(Cl)ccc4OC(F)F)n3)CC2)CC1,2232,ligand_2232,idx_2231,CHEMBL5891258,ligand_2232
3eyg,ligand_2233,CHEMBL6001593,[C-]#[N+]C1(NC2CCN(C(=O)Cn3cc(NC(=O)c4cnn5cccnc45)c(-c4cc(Cl)ccc4OC(F)F)n3)CC2)CC1,2233,ligand_2233,idx_2232,CHEMBL6001593,ligand_2233
3eyg,ligand_2234,CHEMBL5949008,[C-]#[N+]C1CCN(C2CCN(C(=O)Cn3cc(NC(=O)c4cnn5cccnc45)c(-c4cc(Cl)ccc4OC(F)F)n3)CC2)C1,2234,ligand_2234,idx_2233,CHEMBL5949008,ligand_2234
3eyg,ligand_2235,CHEMBL6063680,[C-]#[N+]C1CCN(C2CCN(C(=O)Cn3cc(NC(=O)c4cnn5cccnc45)c(-c4cc(Cl)ccc4OC(F)F)n3)CC2)CC1,2235,ligand_2235,idx_2234,CHEMBL6063680,ligand_2235
3eyg,ligand_2236,CHEMBL5783324,[C-]#[N+]C1CN(C2CCN(C(=O)Cn3cc(NC(=O)c4cnn5cccnc45)c(-c4cc(Cl)ccc4OC(F)F)n3)CC2)C1,2236,ligand_2236,idx_2235,CHEMBL5783324,ligand_2236
3eyg,ligand_2237,CHEMBL6054629,[C-]#[N+]CCCNC1CCN(C(=O)Cn2cc(NC(=O)c3cnn4cccnc34)c(-c3cc(Cl)ccc3OC(F)F)n2)CC1,2237,ligand_2237,idx_2236,CHEMBL6054629,ligand_2237
3eyg,ligand_2238,CHEMBL5971474,[C-]#[N+]CCN1CCN(C(=O)Cn2cc(NC(=O)c3cnn4cccnc34)c(-c3cc(Cl)ccc3OC(F)F)n2)CC1,2238,ligand_2238,idx_2237,CHEMBL5971474,ligand_2238
3eyg,ligand_2239,CHEMBL5808789,[C-]#[N+][C@H]1CCCN(C2CCN(C(=O)Cn3cc(NC(=O)c4cnn5cccnc45)c(-c4cc(Cl)ccc4OC(F)F)n3)CC2)C1,2239,ligand_2239,idx_2238,CHEMBL5808789,ligand_2239
3eyg,ligand_2240,CHEMBL2152306,c1cc2c(ncc3ncn(C4CCNCC4)c32)[nH]1,2240,ligand_2240,idx_2239,CHEMBL2152306,ligand_2240
3eyg,ligand_2241,CHEMBL2152306,c1cc2c(ncc3ncn(C4CCNCC4)c32)[nH]1,2241,ligand_2241,idx_2240,CHEMBL2152306,ligand_2241
3eyg,ligand_2242,CHEMBL2152417,c1cc2c(ncc3ncn([C@H]4CC[C@@H](N5CCOCC5)CC4)c32)[nH]1,2242,ligand_2242,idx_2241,CHEMBL2152417,ligand_2242
3eyg,ligand_2243,CHEMBL2152416,c1cc2c(ncc3ncn([C@H]4CC[C@H](N5CCOCC5)CC4)c32)[nH]1,2243,ligand_2243,idx_2242,CHEMBL2152416,ligand_2243
3eyg,ligand_2244,CHEMBL2152419,c1cc2c(ncc3ncn([C@H]4CC[C@H](NCC5CC5)CC4)c32)[nH]1,2244,ligand_2244,idx_2243,CHEMBL2152419,ligand_2244
3eyg,ligand_2245,CHEMBL2392494,c1cc2c(ncc3nnn(C4CCNCC4)c32)[nH]1,2245,ligand_2245,idx_2244,CHEMBL2392494,ligand_2245
3eyg,ligand_2246,CHEMBL2392495,c1cc2c(ncc3nnn(CC4CCNCC4)c32)[nH]1,2246,ligand_2246,idx_2245,CHEMBL2392495,ligand_2246
3eyg,ligand_2247,CHEMBL2152304,c1ccc(CN2CC(n3cnc4cnc5[nH]ccc5c43)C2)cc1,2247,ligand_2247,idx_2246,CHEMBL2152304,ligand_2247
3eyg,ligand_2248,CHEMBL2152305,c1ccc(CN2CCC(n3cnc4cnc5[nH]ccc5c43)CC2)cc1,2248,ligand_2248,idx_2247,CHEMBL2152305,ligand_2248
3eyg,ligand_2249,CHEMBL2392487,c1ccc(CN2CCC(n3nnc4cnc5[nH]ccc5c43)CC2)cc1,2249,ligand_2249,idx_2248,CHEMBL2392487,ligand_2249
3eyg,ligand_2250,CHEMBL2152301,c1ccc(CN2CCC[C@@H](n3cnc4cnc5[nH]ccc5c43)C2)cc1,2250,ligand_2250,idx_2249,CHEMBL2152301,ligand_2250
3eyg,ligand_2251,CHEMBL2392501,c1ccc(CN2CCC[C@@H](n3nnc4cnc5[nH]ccc5c43)C2)cc1,2251,ligand_2251,idx_2250,CHEMBL2392501,ligand_2251
3eyg,ligand_2252,CHEMBL2152302,c1ccc(CN2CCC[C@H](n3cnc4cnc5[nH]ccc5c43)C2)cc1,2252,ligand_2252,idx_2251,CHEMBL2152302,ligand_2252
3eyg,ligand_2253,CHEMBL2152303,c1ccc(CN2CC[C@@H](n3cnc4cnc5[nH]ccc5c43)C2)cc1,2253,ligand_2253,idx_2252,CHEMBL2152303,ligand_2253
3eyg,ligand_2254,CHEMBL2392490,c1cncc(CN2CCC(n3nnc4cnc5[nH]ccc5c43)CC2)c1,2254,ligand_2254,idx_2253,CHEMBL2392490,ligand_2254
3eyg,ligand_2255,CHEMBL2152307,c1ncc(CN2CCC(n3cnc4cnc5[nH]ccc5c43)CC2)cn1,2255,ligand_2255,idx_2254,CHEMBL2152307,ligand_2255
