pdb_id,ligand_id,molecule_chembl_id,canonical_smiles,csv_row_1based,vina_legacy_id,dynamicbind_legacy_id,boltz_native_id,engine_native_id
6gqj,ligand_0001,CHEMBL5886106,C#CCOc1ccc(Nc2ccc3ncc(N4CCOCC4)nc3c2C#N)cc1OC,1,ligand_1,idx_0,CHEMBL5886106,ligand_0001
6gqj,ligand_0002,CHEMBL6047470,C#Cc1cc2c(N3CCN(C(=O)Nc4ccc(OCC)cc4)CC3)ncnc2[nH]1,2,ligand_2,idx_1,CHEMBL6047470,ligand_0002
6gqj,ligand_0003,CHEMBL6043079,CC(=N)Nc1ccc(-c2ncnc3cc(C4=CCN(C(=O)N5CCOCC5)CC4)sc23)cc1,3,ligand_3,idx_2,CHEMBL6043079,ligand_0003
6gqj,ligand_0004,CHEMBL1983111,CC(=O)NCC(=O)N1C2CCC1c1cc(Nc3ncc(C(F)(F)F)c(NC4CCC4)n3)ccc12,4,ligand_4,idx_3,CHEMBL1983111,ligand_0004
6gqj,ligand_0005,CHEMBL5919655,CC(=O)Nc1ccc(-c2cc3c(N4CCN(C(=O)Nc5ccc(OC(F)(F)F)cc5)CC4)ncnc3[nH]2)cn1,5,ligand_5,idx_4,CHEMBL5919655,ligand_0005
6gqj,ligand_0006,CHEMBL5919655,CC(=O)Nc1ccc(-c2cc3c(N4CCN(C(=O)Nc5ccc(OC(F)(F)F)cc5)CC4)ncnc3[nH]2)cn1,6,ligand_6,idx_5,CHEMBL5919655,ligand_0006
6gqj,ligand_0007,CHEMBL1835865,CC(=O)Nc1ccc(Nc2nc(N)n(-c3ccccn3)n2)cc1,7,ligand_7,idx_6,CHEMBL1835865,ligand_0007
6gqj,ligand_0008,CHEMBL5991785,CC(=O)Nc1cccc(-c2cc3c(N4CCC(c5nc(C)c(-c6ccccc6)[nH]5)CC4)ncnc3[nH]2)c1,8,ligand_8,idx_7,CHEMBL5991785,ligand_0008
6gqj,ligand_0009,CHEMBL5994950,CC(=O)Nc1cccc(-c2cc3c(N4CCN(C(=O)NCc5ccc(F)cc5)CC4)ncnc3[nH]2)c1,9,ligand_9,idx_8,CHEMBL5994950,ligand_0009
6gqj,ligand_0010,CHEMBL5994950,CC(=O)Nc1cccc(-c2cc3c(N4CCN(C(=O)NCc5ccc(F)cc5)CC4)ncnc3[nH]2)c1,10,ligand_10,idx_9,CHEMBL5994950,ligand_0010
6gqj,ligand_0011,CHEMBL6022774,CC(=O)Nc1cccc(-c2cc3c(N4CCN(C(=O)Nc5ccc(OC(F)(F)F)cc5)CC4)ncnc3[nH]2)c1,11,ligand_11,idx_10,CHEMBL6022774,ligand_0011
6gqj,ligand_0012,CHEMBL6022774,CC(=O)Nc1cccc(-c2cc3c(N4CCN(C(=O)Nc5ccc(OC(F)(F)F)cc5)CC4)ncnc3[nH]2)c1,12,ligand_12,idx_11,CHEMBL6022774,ligand_0012
6gqj,ligand_0013,CHEMBL1835866,CC(=O)Nc1cccc(Nc2nc(N)n(-c3ccccn3)n2)c1,13,ligand_13,idx_12,CHEMBL1835866,ligand_0013
6gqj,ligand_0014,CHEMBL1967720,CC(C)(C(N)=O)n1cc(-c2cnc(N)c3c(-c4ccc(NC(=O)Nc5cccc(F)c5)cc4)csc23)cn1,14,ligand_14,idx_13,CHEMBL1967720,ligand_0014
6gqj,ligand_0015,CHEMBL5852923,CC(C)(C)OC(=O)N1CC=C(c2cc3ncnc(N4CCN(C(=O)NCc5ccc(F)cc5)CC4)c3s2)CC1,15,ligand_15,idx_14,CHEMBL5852923,ligand_0015
6gqj,ligand_0016,CHEMBL5852923,CC(C)(C)OC(=O)N1CC=C(c2cc3ncnc(N4CCN(C(=O)NCc5ccc(F)cc5)CC4)c3s2)CC1,16,ligand_16,idx_15,CHEMBL5852923,ligand_0016
6gqj,ligand_0017,CHEMBL5968954,CC(C)(C)OC(=O)N1CCN(c2ncnc3[nH]c(-c4ccccc4)cc23)CC1,17,ligand_17,idx_16,CHEMBL5968954,ligand_0017
6gqj,ligand_0018,CHEMBL5849870,CC(C)(C)OC(=O)N1CCN(c2ncnc3[nH]c(-c4cccnc4)cc23)CC1,18,ligand_18,idx_17,CHEMBL5849870,ligand_0018
6gqj,ligand_0019,CHEMBL1765770,CC(C)(C)c1ccc(C(=O)Nc2cc(-c3ccncc3)c[nH]c2=O)cc1,19,ligand_19,idx_18,CHEMBL1765770,ligand_0019
6gqj,ligand_0020,CHEMBL5825273,CC(C)(NC(=O)N1CC=C(c2ncnc3cc(-c4ccc(F)cc4)sc23)CC1)c1ccccc1,20,ligand_20,idx_19,CHEMBL5825273,ligand_0020
6gqj,ligand_0021,CHEMBL5825273,CC(C)(NC(=O)N1CC=C(c2ncnc3cc(-c4ccc(F)cc4)sc23)CC1)c1ccccc1,21,ligand_21,idx_20,CHEMBL5825273,ligand_0021
6gqj,ligand_0022,CHEMBL6052725,CC(C)(NC(=O)N1CCN(c2ncnc3cc(-c4ccc(F)cc4)sc23)CC1(C)C)c1ccccc1,22,ligand_22,idx_21,CHEMBL6052725,ligand_0022
6gqj,ligand_0023,CHEMBL5982377,CC(C)Oc1ccc(S(=O)(=O)NC2CCN(c3ncnc4[nH]c(-c5ccc(Cl)cc5)cc34)CC2)cc1,23,ligand_23,idx_22,CHEMBL5982377,ligand_0023
6gqj,ligand_0024,CHEMBL5837818,CC(C)Oc1ccc(S(=O)(=O)NC2CCN(c3ncnc4[nH]c(-c5cnn(C)c5)cc34)CC2)cc1,24,ligand_24,idx_23,CHEMBL5837818,ligand_0024
6gqj,ligand_0025,CHEMBL5985603,CC(NC(=O)N1CCN(c2ncnc3[nH]c(-c4ccncc4)cc23)C[C@@H]1C)c1ccc(Cl)cc1,25,ligand_25,idx_24,CHEMBL5985603,ligand_0025
6gqj,ligand_0026,CHEMBL5856645,CC(NC(=O)N1CCN(c2ncnc3[nH]c(-c4ccncc4)cc23)C[C@@H]1C)c1ccc(F)cc1,26,ligand_26,idx_25,CHEMBL5856645,ligand_0026
6gqj,ligand_0027,CHEMBL2002165,CC(O)Cn1cc(-c2cnc(N)c3c(-c4ccc(NC(=O)Nc5cccc(F)c5)cc4)csc23)cn1,27,ligand_27,idx_26,CHEMBL2002165,ligand_0027
6gqj,ligand_0028,CHEMBL6038340,CC1(C)C=C(c2cc3c(-c4ccc(NS(=O)(=O)c5ccc(F)cc5)cc4)ncnc3[nH]2)CC(C)(C)N1,28,ligand_28,idx_27,CHEMBL6038340,ligand_0028
6gqj,ligand_0029,CHEMBL6038340,CC1(C)C=C(c2cc3c(-c4ccc(NS(=O)(=O)c5ccc(F)cc5)cc4)ncnc3[nH]2)CC(C)(C)N1,29,ligand_29,idx_28,CHEMBL6038340,ligand_0029
6gqj,ligand_0030,CHEMBL5958051,CC1(C)C=C(c2cc3c(-c4ccc(NS(=O)(=O)c5ccc(F)cc5)cc4)ncnc3[nH]2)CC(C)(C)O1,30,ligand_30,idx_29,CHEMBL5958051,ligand_0030
6gqj,ligand_0031,CHEMBL5935576,CC1(C)C=C(c2cc3c(N4CCC(NS(=O)(=O)c5ccc(OC(F)(F)F)cc5)CC4)ncnc3[nH]2)CC(C)(C)N1,31,ligand_31,idx_30,CHEMBL5935576,ligand_0031
6gqj,ligand_0032,CHEMBL5924646,CC1CN(c2ncnc3[nH]c(-c4ccncc4)cc23)CCN1C(=O)Nc1ccccc1,32,ligand_32,idx_31,CHEMBL5924646,ligand_0032
6gqj,ligand_0033,CHEMBL1983025,CCC(N)(C#Cc1cnc(N)c2c(-c3ccc(NC(=O)Nc4cccc(C)c4)cc3)csc12)CC,33,ligand_33,idx_32,CHEMBL1983025,ligand_0033
6gqj,ligand_0034,CHEMBL5838520,CCC(NC(=O)N1CCN(c2ncnc3[nH]c(-c4ccncc4)cc23)CC1C)c1ccccc1,34,ligand_34,idx_33,CHEMBL5838520,ligand_0034
6gqj,ligand_0035,CHEMBL5751326,CCC(NC(=O)N1CCN(c2ncnc3[nH]c(-c4ccncc4)cc23)C[C@@H]1C)c1ccccc1,35,ligand_35,idx_34,CHEMBL5751326,ligand_0035
6gqj,ligand_0036,CHEMBL5800905,CCC1(c2nc(C)c(-c3ccc(OC)c(C)c3)[nH]2)CCN(c2ncnc3[nH]c(-c4ccc(F)cc4)cc23)CC1,36,ligand_36,idx_35,CHEMBL5800905,ligand_0036
6gqj,ligand_0037,CHEMBL6014853,CCC1(c2nc(C)c(-c3ccc(OC)c(C)c3)[nH]2)CCN(c2ncnc3[nH]c(C)cc23)CC1,37,ligand_37,idx_36,CHEMBL6014853,ligand_0037
6gqj,ligand_0038,CHEMBL6014853,CCC1(c2nc(C)c(-c3ccc(OC)c(C)c3)[nH]2)CCN(c2ncnc3[nH]c(C)cc23)CC1,38,ligand_38,idx_37,CHEMBL6014853,ligand_0038
6gqj,ligand_0039,CHEMBL5947347,CCC1(c2nc(C)c(-c3ccc(OC)cc3)[nH]2)CCN(c2ncnc3[nH]c(-c4ccc(F)cc4)cc23)CC1,39,ligand_39,idx_38,CHEMBL5947347,ligand_0039
6gqj,ligand_0040,CHEMBL6031703,CCC1(c2nc(C)c(-c3ccc(OC)cc3)[nH]2)CCN(c2ncnc3[nH]c(C)cc23)CC1,40,ligand_40,idx_39,CHEMBL6031703,ligand_0040
6gqj,ligand_0041,CHEMBL6031703,CCC1(c2nc(C)c(-c3ccc(OC)cc3)[nH]2)CCN(c2ncnc3[nH]c(C)cc23)CC1,41,ligand_41,idx_40,CHEMBL6031703,ligand_0041
6gqj,ligand_0042,CHEMBL5934786,CCC1(c2nc(C)c(-c3ccc4c(c3)OCCO4)[nH]2)CCN(c2ncnc3[nH]c(C)cc23)CC1,42,ligand_42,idx_41,CHEMBL5934786,ligand_0042
6gqj,ligand_0043,CHEMBL5934786,CCC1(c2nc(C)c(-c3ccc4c(c3)OCCO4)[nH]2)CCN(c2ncnc3[nH]c(C)cc23)CC1,43,ligand_43,idx_42,CHEMBL5934786,ligand_0043
6gqj,ligand_0044,CHEMBL5913074,CCC1(c2nc(C)c(-c3ccc4c(c3)OCO4)[nH]2)CCN(c2ncnc3[nH]c(C)cc23)CC1,44,ligand_44,idx_43,CHEMBL5913074,ligand_0044
6gqj,ligand_0045,CHEMBL5913074,CCC1(c2nc(C)c(-c3ccc4c(c3)OCO4)[nH]2)CCN(c2ncnc3[nH]c(C)cc23)CC1,45,ligand_45,idx_44,CHEMBL5913074,ligand_0045
6gqj,ligand_0046,CHEMBL5792413,CCCCS(=O)(=O)Nc1ccc(-c2cc3c(-c4ccc(NS(=O)(=O)CCCC)cc4)ncnc3[nH]2)cc1,46,ligand_46,idx_45,CHEMBL5792413,ligand_0046
6gqj,ligand_0047,CHEMBL6065791,CCCCS(=O)(=O)Nc1ccc(-c2ncnc3[nH]c(-c4ccc(F)cc4)cc23)cc1,47,ligand_47,idx_46,CHEMBL6065791,ligand_0047
6gqj,ligand_0048,CHEMBL5763967,CCCCS(=O)(=O)Nc1ccc(-c2ncnc3[nH]c(C)cc23)cc1,48,ligand_48,idx_47,CHEMBL5763967,ligand_0048
6gqj,ligand_0049,CHEMBL6014437,CCCCc1ccc(S(=O)(=O)Nc2ccc(-c3ncnc4[nH]c(C)cc34)cc2)cc1,49,ligand_49,idx_48,CHEMBL6014437,ligand_0049
6gqj,ligand_0050,CHEMBL6047812,CCCNC(=O)N1CCN(c2ncnc3[nH]c(-c4ccccc4)cc23)CC1,50,ligand_50,idx_49,CHEMBL6047812,ligand_0050
6gqj,ligand_0051,CHEMBL5908236,CCCNC(=O)N1CCN(c2ncnc3[nH]c(-c4cccnc4)cc23)CC1,51,ligand_51,idx_50,CHEMBL5908236,ligand_0051
6gqj,ligand_0052,CHEMBL5793569,CCCNS(=O)(=O)N1CCN(c2ncnc3[nH]c(-c4cccnc4)cc23)CC1,52,ligand_52,idx_51,CHEMBL5793569,ligand_0052
6gqj,ligand_0053,CHEMBL5774393,CCCS(=O)(=O)Nc1ccc(-c2ncnc3[nH]c(-c4ccc(F)cc4)cc23)c(F)c1,53,ligand_53,idx_52,CHEMBL5774393,ligand_0053
6gqj,ligand_0054,CHEMBL5774393,CCCS(=O)(=O)Nc1ccc(-c2ncnc3[nH]c(-c4ccc(F)cc4)cc23)c(F)c1,54,ligand_54,idx_53,CHEMBL5774393,ligand_0054
6gqj,ligand_0055,CHEMBL5784634,CCCS(=O)(=O)Nc1ccc(-c2ncnc3[nH]c(-c4ccc(F)cc4)cc23)cc1F,55,ligand_55,idx_54,CHEMBL5784634,ligand_0055
6gqj,ligand_0056,CHEMBL5955313,CCCS(=O)(=O)Nc1ccc(-c2ncnc3[nH]c(C)cc23)cc1,56,ligand_56,idx_55,CHEMBL5955313,ligand_0056
6gqj,ligand_0057,CHEMBL5964613,CCCS(=O)(=O)Nc1ccc(-c2ncnc3cc(OC)c(OC)cc23)c(F)c1,57,ligand_57,idx_56,CHEMBL5964613,ligand_0057
6gqj,ligand_0058,CHEMBL5845930,CCCS(=O)(=O)Nc1ccc(-c2ncnc3cc(OC)c(OC)cc23)cc1F,58,ligand_58,idx_57,CHEMBL5845930,ligand_0058
6gqj,ligand_0059,CHEMBL5911521,CCCS(=O)(=O)Nc1cccc(-c2ncnc3[nH]c(-c4ccc(F)cc4)cc23)c1,59,ligand_59,idx_58,CHEMBL5911521,ligand_0059
6gqj,ligand_0060,CHEMBL5977206,CCCS(=O)(=O)Nc1cccc(Nc2ncc(NC(=O)c3[nH]nc(C)c3C)cn2)c1,60,ligand_60,idx_59,CHEMBL5977206,ligand_0060
6gqj,ligand_0061,CHEMBL5741385,CCCc1ccc(COc2ccc(Nc3ccc4ncc(N5CCOCC5)nc4c3C#N)cc2OC)cn1,61,ligand_61,idx_60,CHEMBL5741385,ligand_0061
6gqj,ligand_0062,CHEMBL5962604,CCCc1ccc(S(=O)(=O)NC2CC=C(c3ncnc4[nH]c(C)cc34)CC2)cc1,62,ligand_62,idx_61,CHEMBL5962604,ligand_0062
6gqj,ligand_0063,CHEMBL5797762,CCCc1ccc(S(=O)(=O)NC2CCN(c3ncnc4[nH]c(C)cc34)CC2)cc1,63,ligand_63,idx_62,CHEMBL5797762,ligand_0063
6gqj,ligand_0064,CHEMBL5793918,CCCc1ccc(S(=O)(=O)Nc2ccc(-c3ncnc4[nH]c(C)cc34)cc2)cc1,64,ligand_64,idx_63,CHEMBL5793918,ligand_0064
6gqj,ligand_0065,CHEMBL5793918,CCCc1ccc(S(=O)(=O)Nc2ccc(-c3ncnc4[nH]c(C)cc34)cc2)cc1,65,ligand_65,idx_64,CHEMBL5793918,ligand_0065
6gqj,ligand_0066,CHEMBL1993941,CCCn1cc(-c2cnc(N)c3c(-c4ccc(NC(=O)Nc5cccc(F)c5)cc4)csc23)cn1,66,ligand_66,idx_65,CHEMBL1993941,ligand_0066
6gqj,ligand_0067,CHEMBL5877321,CCCn1cc(S(=O)(=O)NC2CCN(c3ncnc4[nH]c(-c5cnn(C)c5)cc34)CC2)cn1,67,ligand_67,idx_66,CHEMBL5877321,ligand_0067
6gqj,ligand_0068,CHEMBL2001257,CCN(CC)CC#Cc1cnc(N)c2c(-c3ccc(NC(=O)Nc4cccc(C)c4)cc3)csc12,68,ligand_68,idx_67,CHEMBL2001257,ligand_0068
6gqj,ligand_0069,CHEMBL2004716,CCN(CC)CCNC(=O)C=Cc1cnc(N)c2c(-c3ccc(NC(=O)Nc4cccc(C)c4)cc3)csc12,69,ligand_69,idx_68,CHEMBL2004716,ligand_0069
6gqj,ligand_0070,CHEMBL535,CCN(CC)CCNC(=O)c1c(C)[nH]c(/C=C2\C(=O)Nc3ccc(F)cc32)c1C,70,ligand_70,idx_69,CHEMBL535,ligand_0070
6gqj,ligand_0071,CHEMBL415049,CCN(CCCOc1ccc2c(Nc3cc(CC(=O)Nc4cccc(F)c4)[nH]n3)ncnc2c1)CCOP(=O)(O)O,71,ligand_71,idx_70,CHEMBL415049,ligand_0071
6gqj,ligand_0072,CHEMBL574738,CCN1CCN(Cc2ccc(NC(=O)Nc3ccc(Oc4cc(NC)ncn4)cc3)cc2C(F)(F)F)CC1,72,ligand_72,idx_71,CHEMBL574738,ligand_0072
6gqj,ligand_0073,CHEMBL6028865,CCNC(=O)N1CCN(c2ncnc3[nH]c(-c4ccc(F)cc4)cc23)CC1,73,ligand_73,idx_72,CHEMBL6028865,ligand_0073
6gqj,ligand_0074,CHEMBL1979516,CCNC(=O)c1cnc(N)c2c(-c3ccc(NC(=O)Nc4cccc(F)c4)cc3)csc12,74,ligand_74,idx_73,CHEMBL1979516,ligand_0074
6gqj,ligand_0075,CHEMBL5928200,CCNS(=O)(=O)c1cccc(Nc2ncc(NC(=O)c3[nH]nc(C)c3C)cn2)c1,75,ligand_75,idx_74,CHEMBL5928200,ligand_0075
6gqj,ligand_0076,CHEMBL6057996,CCNc1ccc(-c2ncnc3[nH]c(-c4ccc(F)cc4)cc23)cn1,76,ligand_76,idx_75,CHEMBL6057996,ligand_0076
6gqj,ligand_0077,CHEMBL5867357,CCOC(=O)N1CCN(c2cc3ncnc(N4CCN(C(=O)N[C@@H](C)c5cccc(OC)c5)C(C)(C)C4)c3s2)CC1,77,ligand_77,idx_76,CHEMBL5867357,ligand_0077
6gqj,ligand_0078,CHEMBL5867357,CCOC(=O)N1CCN(c2cc3ncnc(N4CCN(C(=O)N[C@@H](C)c5cccc(OC)c5)C(C)(C)C4)c3s2)CC1,78,ligand_78,idx_77,CHEMBL5867357,ligand_0078
6gqj,ligand_0079,CHEMBL5994881,CCOC(=O)Nc1cccc(Nc2ncc(NC(=O)c3[nH]nc(C)c3C)cn2)c1,79,ligand_79,idx_78,CHEMBL5994881,ligand_0079
6gqj,ligand_0080,CHEMBL6057196,CCOc1cc(-c2[nH]c(C3CCN(c4ncnc5[nH]c(-c6ccc(C#N)cc6)cc45)CC3)nc2C)ccc1C,80,ligand_80,idx_79,CHEMBL6057196,ligand_0080
6gqj,ligand_0081,CHEMBL6026049,CCOc1cc(-c2[nH]c(C3CCN(c4ncnc5[nH]c(-c6ccc(F)cc6)cc45)CC3)nc2C)ccc1C,81,ligand_81,idx_80,CHEMBL6026049,ligand_0081
6gqj,ligand_0082,CHEMBL6006702,CCOc1cc(-c2[nH]c(C3CCN(c4ncnc5[nH]c(-c6ccnc(OC)c6)cc45)CC3)nc2C)ccc1C,82,ligand_82,idx_81,CHEMBL6006702,ligand_0082
6gqj,ligand_0083,CHEMBL5803908,CCOc1cc(-c2[nH]c(C3CCN(c4ncnc5[nH]c(C)cc45)CC3)nc2C)ccc1C,83,ligand_83,idx_82,CHEMBL5803908,ligand_0083
6gqj,ligand_0084,CHEMBL5913437,CCOc1cc(-c2cc3c(N4CCC(c5nc(C)c(-c6ccccc6)[nH]5)CC4)ncnc3[nH]2)ccn1,84,ligand_84,idx_83,CHEMBL5913437,ligand_0084
6gqj,ligand_0085,CHEMBL6033066,CCOc1ccc(-c2[nH]c(C3(C)CCN(c4ncnc5[nH]c(-c6ccc(C#N)cc6)cc45)CC3)nc2C)cc1,85,ligand_85,idx_84,CHEMBL6033066,ligand_0085
6gqj,ligand_0086,CHEMBL5814625,CCOc1ccc(-c2[nH]c(C3(C)CCN(c4ncnc5[nH]c(-c6ccc(C#N)cc6)cc45)CC3)nc2C)cc1C,86,ligand_86,idx_85,CHEMBL5814625,ligand_0086
6gqj,ligand_0087,CHEMBL6042378,CCOc1ccc(-c2[nH]c(C3(C)CCN(c4ncnc5[nH]c(-c6ccc(C#N)nc6)cc45)CC3)nc2C)cc1,87,ligand_87,idx_86,CHEMBL6042378,ligand_0087
6gqj,ligand_0088,CHEMBL5987068,CCOc1ccc(-c2[nH]c(C3(C)CCN(c4ncnc5[nH]c(-c6ccc(C(=O)NC)nc6)cc45)CC3)nc2C)cc1,88,ligand_88,idx_87,CHEMBL5987068,ligand_0088
6gqj,ligand_0089,CHEMBL6017325,CCOc1ccc(-c2[nH]c(C3(C)CCN(c4ncnc5[nH]c(-c6ccc(C(=O)NC)nc6)cc45)CC3)nc2C)cc1C,89,ligand_89,idx_88,CHEMBL6017325,ligand_0089
6gqj,ligand_0090,CHEMBL6043101,CCOc1ccc(-c2[nH]c(C3(C)CCN(c4ncnc5[nH]c(-c6ccc(C(N)=O)cc6)cc45)CC3)nc2C)cc1,90,ligand_90,idx_89,CHEMBL6043101,ligand_0090
6gqj,ligand_0091,CHEMBL5834782,CCOc1ccc(-c2[nH]c(C3(C)CCN(c4ncnc5[nH]c(-c6ccc(C(N)=O)cc6)cc45)CC3)nc2C)cc1C,91,ligand_91,idx_90,CHEMBL5834782,ligand_0091
6gqj,ligand_0092,CHEMBL5804406,CCOc1ccc(-c2[nH]c(C3(C)CCN(c4ncnc5[nH]c(-c6ccc(N7CCOCC7)nc6)cc45)CC3)nc2C)cc1,92,ligand_92,idx_91,CHEMBL5804406,ligand_0092
6gqj,ligand_0093,CHEMBL5896407,CCOc1ccc(-c2[nH]c(C3(C)CCN(c4ncnc5[nH]c(-c6ccc(N7CCOCC7)nc6)cc45)CC3)nc2C)cc1C,93,ligand_93,idx_92,CHEMBL5896407,ligand_0093
6gqj,ligand_0094,CHEMBL5795617,CCOc1ccc(-c2[nH]c(C3(C)CCN(c4ncnc5[nH]c(-c6ccc(NS(C)(=O)=O)cc6)cc45)CC3)nc2C)cc1,94,ligand_94,idx_93,CHEMBL5795617,ligand_0094
6gqj,ligand_0095,CHEMBL5946963,CCOc1ccc(-c2[nH]c(C3(C)CCN(c4ncnc5[nH]c(-c6ccc(OC)nc6)cc45)CC3)nc2C)cc1,95,ligand_95,idx_94,CHEMBL5946963,ligand_0095
6gqj,ligand_0096,CHEMBL5835165,CCOc1ccc(-c2[nH]c(C3(C)CCN(c4ncnc5[nH]c(-c6ccc(OC)nc6)cc45)CC3)nc2C)cc1F,96,ligand_96,idx_95,CHEMBL5835165,ligand_0096
6gqj,ligand_0097,CHEMBL5825647,CCOc1ccc(-c2[nH]c(C3(C)CCN(c4ncnc5[nH]c(-c6ccc(OCC(=O)O)cc6)cc45)CC3)nc2C)cc1,97,ligand_97,idx_96,CHEMBL5825647,ligand_0097
6gqj,ligand_0098,CHEMBL5973614,CCOc1ccc(-c2[nH]c(C3(C)CCN(c4ncnc5[nH]c(-c6ccc(OCC(=O)O)cc6)cc45)CC3)nc2C)cc1C,98,ligand_98,idx_97,CHEMBL5973614,ligand_0098
6gqj,ligand_0099,CHEMBL5858509,CCOc1ccc(-c2[nH]c(C3(C)CCN(c4ncnc5[nH]c(-c6cnn(C(F)F)c6)cc45)CC3)nc2C)cc1,99,ligand_99,idx_98,CHEMBL5858509,ligand_0099
6gqj,ligand_0100,CHEMBL6060234,CCOc1ccc(-c2[nH]c(C3(C)CCN(c4ncnc5[nH]c(-c6cnn(C(F)F)c6)cc45)CC3)nc2C)cc1C,100,ligand_100,idx_99,CHEMBL6060234,ligand_0100
6gqj,ligand_0101,CHEMBL5952934,CCOc1ccc(-c2[nH]c(C3(C)CCN(c4ncnc5[nH]c(-c6cnn(C(F)F)c6)cc45)CC3)nc2C)cc1F,101,ligand_101,idx_100,CHEMBL5952934,ligand_0101
6gqj,ligand_0102,CHEMBL5852120,CCOc1ccc(-c2[nH]c(C3(C)CCN(c4ncnc5[nH]c(C)cc45)CC3)nc2C)cc1C,102,ligand_102,idx_101,CHEMBL5852120,ligand_0102
6gqj,ligand_0103,CHEMBL5977803,CCOc1ccc(-c2[nH]c(C3(CC)CCN(c4ncnc5[nH]c(C)cc45)CC3)nc2C)cc1,103,ligand_103,idx_102,CHEMBL5977803,ligand_0103
6gqj,ligand_0104,CHEMBL5977803,CCOc1ccc(-c2[nH]c(C3(CC)CCN(c4ncnc5[nH]c(C)cc45)CC3)nc2C)cc1,104,ligand_104,idx_103,CHEMBL5977803,ligand_0104
6gqj,ligand_0105,CHEMBL5884865,CCOc1ccc(-c2[nH]c(C3(CC)CCN(c4ncnc5[nH]c(C)cc45)CC3)nc2C)cc1C,105,ligand_105,idx_104,CHEMBL5884865,ligand_0105
6gqj,ligand_0106,CHEMBL5884865,CCOc1ccc(-c2[nH]c(C3(CC)CCN(c4ncnc5[nH]c(C)cc45)CC3)nc2C)cc1C,106,ligand_106,idx_105,CHEMBL5884865,ligand_0106
6gqj,ligand_0107,CHEMBL5809535,CCOc1ccc(-c2[nH]c(C3CCN(c4ncnc5[nH]c(-c6ccc(C#N)cc6)cc45)CC3)nc2C)cc1,107,ligand_107,idx_106,CHEMBL5809535,ligand_0107
6gqj,ligand_0108,CHEMBL5809535,CCOc1ccc(-c2[nH]c(C3CCN(c4ncnc5[nH]c(-c6ccc(C#N)cc6)cc45)CC3)nc2C)cc1,108,ligand_108,idx_107,CHEMBL5809535,ligand_0108
6gqj,ligand_0109,CHEMBL6035073,CCOc1ccc(-c2[nH]c(C3CCN(c4ncnc5[nH]c(-c6ccc(C#N)cc6)cc45)CC3)nc2C)cc1C,109,ligand_109,idx_108,CHEMBL6035073,ligand_0109
6gqj,ligand_0110,CHEMBL5959148,CCOc1ccc(-c2[nH]c(C3CCN(c4ncnc5[nH]c(-c6ccc(F)cc6)cc45)CC3)nc2C)cc1,110,ligand_110,idx_109,CHEMBL5959148,ligand_0110
6gqj,ligand_0111,CHEMBL5959148,CCOc1ccc(-c2[nH]c(C3CCN(c4ncnc5[nH]c(-c6ccc(F)cc6)cc45)CC3)nc2C)cc1,111,ligand_111,idx_110,CHEMBL5959148,ligand_0111
6gqj,ligand_0112,CHEMBL5837641,CCOc1ccc(-c2[nH]c(C3CCN(c4ncnc5[nH]c(-c6ccc(F)cc6)cc45)CC3)nc2C)cc1C,112,ligand_112,idx_111,CHEMBL5837641,ligand_0112
6gqj,ligand_0113,CHEMBL6013541,CCOc1ccc(-c2[nH]c(C3CCN(c4ncnc5[nH]c(-c6ccnc(OC)c6)cc45)CC3)nc2C)cc1,113,ligand_113,idx_112,CHEMBL6013541,ligand_0113
6gqj,ligand_0114,CHEMBL6013541,CCOc1ccc(-c2[nH]c(C3CCN(c4ncnc5[nH]c(-c6ccnc(OC)c6)cc45)CC3)nc2C)cc1,114,ligand_114,idx_113,CHEMBL6013541,ligand_0114
6gqj,ligand_0115,CHEMBL6028141,CCOc1ccc(-c2[nH]c(C3CCN(c4ncnc5[nH]c(-c6ccnc(OC)c6)cc45)CC3)nc2C)cc1C,115,ligand_115,idx_114,CHEMBL6028141,ligand_0115
6gqj,ligand_0116,CHEMBL5940576,CCOc1ccc(-c2[nH]c(C3CCN(c4ncnc5[nH]c(-c6cnn(C(F)F)c6)cc45)CC3)nc2C)cc1C,116,ligand_116,idx_115,CHEMBL5940576,ligand_0116
6gqj,ligand_0117,CHEMBL5821127,CCOc1ccc(-c2[nH]c(C3CCN(c4ncnc5[nH]c(C)cc45)CC3)nc2C)cc1C,117,ligand_117,idx_116,CHEMBL5821127,ligand_0117
6gqj,ligand_0118,CHEMBL6000615,CCOc1ccc(COc2ccc(Nc3ccc4ncc(N5CCOCC5)nc4c3C#N)cc2OC)cc1,118,ligand_118,idx_117,CHEMBL6000615,ligand_0118
6gqj,ligand_0119,CHEMBL5744070,CCOc1ccc(COc2ccc(Nc3ccc4ncc(N5CCOCC5)nc4c3C#N)cc2OC)cn1,119,ligand_119,idx_118,CHEMBL5744070,ligand_0119
6gqj,ligand_0120,CHEMBL5849992,CCOc1ccc(COc2ccc(Nc3ccc4ncc(OC)nc4c3C#N)cc2OC)cc1,120,ligand_120,idx_119,CHEMBL5849992,ligand_0120
6gqj,ligand_0121,CHEMBL6061391,CCOc1ccc(NC(=O)N2CCN(c3ncnc4[nH]c(-c5cccnc5)cc34)CC2)cc1,121,ligand_121,idx_120,CHEMBL6061391,ligand_0121
6gqj,ligand_0122,CHEMBL1974254,CCOc1ccc(NC(=O)Nc2ccc(-c3csc4c(-c5cnn(C)c5)cnc(N)c34)cc2)cc1,122,ligand_122,idx_121,CHEMBL1974254,ligand_0122
6gqj,ligand_0123,CHEMBL5747788,CCOc1cccc(-c2[nH]c(C3CCN(c4ncnc5[nH]c(-c6ccc(C#N)cc6)cc45)CC3)nc2C)c1,123,ligand_123,idx_122,CHEMBL5747788,ligand_0123
6gqj,ligand_0124,CHEMBL5747788,CCOc1cccc(-c2[nH]c(C3CCN(c4ncnc5[nH]c(-c6ccc(C#N)cc6)cc45)CC3)nc2C)c1,124,ligand_124,idx_123,CHEMBL5747788,ligand_0124
6gqj,ligand_0125,CHEMBL5757355,CCOc1cccc(-c2[nH]c(C3CCN(c4ncnc5[nH]c(-c6ccc(F)cc6)cc45)CC3)nc2C)c1,125,ligand_125,idx_124,CHEMBL5757355,ligand_0125
6gqj,ligand_0126,CHEMBL5757355,CCOc1cccc(-c2[nH]c(C3CCN(c4ncnc5[nH]c(-c6ccc(F)cc6)cc45)CC3)nc2C)c1,126,ligand_126,idx_125,CHEMBL5757355,ligand_0126
6gqj,ligand_0127,CHEMBL5990095,CCOc1cccc(-c2[nH]c(C3CCN(c4ncnc5[nH]c(-c6ccnc(OC)c6)cc45)CC3)nc2C)c1,127,ligand_127,idx_126,CHEMBL5990095,ligand_0127
6gqj,ligand_0128,CHEMBL5990095,CCOc1cccc(-c2[nH]c(C3CCN(c4ncnc5[nH]c(-c6ccnc(OC)c6)cc45)CC3)nc2C)c1,128,ligand_128,idx_127,CHEMBL5990095,ligand_0128
6gqj,ligand_0129,CHEMBL5828462,CCOc1cccc(NC(=O)N2CCN(c3ncnc4[nH]c(-c5cccnc5)cc34)CC2)c1,129,ligand_129,idx_128,CHEMBL5828462,ligand_0129
6gqj,ligand_0130,CHEMBL377408,CCOc1nc(C(=O)NCc2ccccc2S(N)(=O)=O)cc(N)c1C#N,130,ligand_130,idx_129,CHEMBL377408,ligand_0130
6gqj,ligand_0131,CHEMBL5949716,CCS(=O)(=O)Nc1ccc(-c2ncnc3[nH]c(-c4ccc(F)cc4)cc23)c(F)c1,131,ligand_131,idx_130,CHEMBL5949716,ligand_0131
6gqj,ligand_0132,CHEMBL6041236,CCS(=O)(=O)Nc1ccc(-c2ncnc3[nH]c(-c4ccc(F)cc4)cc23)cc1,132,ligand_132,idx_131,CHEMBL6041236,ligand_0132
6gqj,ligand_0133,CHEMBL5990131,CCS(=O)(=O)Nc1cccc(-c2ncnc3[nH]c(-c4ccc(F)cc4)cc23)c1,133,ligand_133,idx_132,CHEMBL5990131,ligand_0133
6gqj,ligand_0134,CHEMBL5959727,CC[S+]([O-])Nc1ccc(-c2ncnc3cc(-c4ccc(F)cc4)sc23)cc1,134,ligand_134,idx_133,CHEMBL5959727,ligand_0134
6gqj,ligand_0135,CHEMBL5966472,CCc1[nH]c(C2CCN(c3ncnc4[nH]c(-c5ccc(C#N)cc5)cc34)CC2)nc1C,135,ligand_135,idx_134,CHEMBL5966472,ligand_0135
6gqj,ligand_0136,CHEMBL5966472,CCc1[nH]c(C2CCN(c3ncnc4[nH]c(-c5ccc(C#N)cc5)cc34)CC2)nc1C,136,ligand_136,idx_135,CHEMBL5966472,ligand_0136
6gqj,ligand_0137,CHEMBL5795880,CCc1[nH]c(C2CCN(c3ncnc4[nH]c(-c5cnn(C(F)F)c5)cc34)CC2)nc1C,137,ligand_137,idx_136,CHEMBL5795880,ligand_0137
6gqj,ligand_0138,CHEMBL5795880,CCc1[nH]c(C2CCN(c3ncnc4[nH]c(-c5cnn(C(F)F)c5)cc34)CC2)nc1C,138,ligand_138,idx_137,CHEMBL5795880,ligand_0138
6gqj,ligand_0139,CHEMBL5818582,CCc1ccc(-c2[nH]c(C3(C)CCN(c4ncnc5[nH]c(C)cc45)CC3)nc2C)cc1,139,ligand_139,idx_138,CHEMBL5818582,ligand_0139
6gqj,ligand_0140,CHEMBL6033366,CCc1ccc(-c2[nH]c(C3CCN(c4ncnc5[nH]c(-c6ccc(C#N)cc6)cc45)CC3)nc2C)cc1,140,ligand_140,idx_139,CHEMBL6033366,ligand_0140
6gqj,ligand_0141,CHEMBL5822776,CCc1ccc(-c2[nH]c(C3CCN(c4ncnc5[nH]c(-c6ccc(F)cc6)cc45)CC3)nc2C)cc1,141,ligand_141,idx_140,CHEMBL5822776,ligand_0141
6gqj,ligand_0142,CHEMBL5783029,CCc1ccc(-c2[nH]c(C3CCN(c4ncnc5[nH]c(-c6ccnc(OC)c6)cc45)CC3)nc2C)cc1,142,ligand_142,idx_141,CHEMBL5783029,ligand_0142
6gqj,ligand_0143,CHEMBL5818611,CCc1ccc(COc2ccc(Nc3ccc4ncc(N5CCOCC5)nc4c3C#N)cc2OC)cc1,143,ligand_143,idx_142,CHEMBL5818611,ligand_0143
6gqj,ligand_0144,CHEMBL5764426,CCc1ccc(COc2ccc(Nc3ccc4ncc(N5CCOCC5)nc4c3C#N)cc2OC)cn1,144,ligand_144,idx_143,CHEMBL5764426,ligand_0144
6gqj,ligand_0145,CHEMBL5857213,CCc1ccc(NC(=O)N2CCN(c3ncnc4[nH]ccc34)CC2)cc1,145,ligand_145,idx_144,CHEMBL5857213,ligand_0145
6gqj,ligand_0146,CHEMBL5988727,CCc1ccc(NC(=O)NC2CCN(c3ncnc4[nH]ccc34)CC2)cc1,146,ligand_146,idx_145,CHEMBL5988727,ligand_0146
6gqj,ligand_0147,CHEMBL5912657,CCc1ccc(S(=O)(=O)NC2CCN(c3ncnc4[nH]c(-c5ccnc(OC)c5)cc34)CC2)cc1,147,ligand_147,idx_146,CHEMBL5912657,ligand_0147
6gqj,ligand_0148,CHEMBL6063833,CCc1ccc(S(=O)(=O)NC2CCN(c3ncnc4[nH]c(-c5cn(C)nc5C)cc34)CC2)cc1,148,ligand_148,idx_147,CHEMBL6063833,ligand_0148
6gqj,ligand_0149,CHEMBL5940224,CCc1ccc(S(=O)(=O)NC2CCN(c3ncnc4[nH]c(-c5cnn(C)c5)cc34)CC2)cc1,149,ligand_149,idx_148,CHEMBL5940224,ligand_0149
6gqj,ligand_0150,CHEMBL5988476,CCc1ccc(S(=O)(=O)NC2CCN(c3ncnc4[nH]c(-c5cnn(C)c5)cc34)CC2)s1,150,ligand_150,idx_149,CHEMBL5988476,ligand_0150
6gqj,ligand_0151,CHEMBL5881390,CCc1ccc(S(=O)(=O)NC2CCN(c3ncnc4[nH]c(C)cc34)CC2)cc1,151,ligand_151,idx_150,CHEMBL5881390,ligand_0151
6gqj,ligand_0152,CHEMBL6010147,CCc1ccc(S(=O)(=O)NC2CCN(c3ncnc4[nH]c(C)cc34)CC2)s1,152,ligand_152,idx_151,CHEMBL6010147,ligand_0152
6gqj,ligand_0153,CHEMBL5877941,CCc1ccc(S(=O)(=O)Nc2ccc(-c3ncnc4[nH]c(C)cc34)c(F)c2)cc1,153,ligand_153,idx_152,CHEMBL5877941,ligand_0153
6gqj,ligand_0154,CHEMBL5877941,CCc1ccc(S(=O)(=O)Nc2ccc(-c3ncnc4[nH]c(C)cc34)c(F)c2)cc1,154,ligand_154,idx_153,CHEMBL5877941,ligand_0154
6gqj,ligand_0155,CHEMBL5926921,CCc1ccc(S(=O)(=O)Nc2ccc(-c3ncnc4[nH]c(C)cc34)cc2)cc1,155,ligand_155,idx_154,CHEMBL5926921,ligand_0155
6gqj,ligand_0156,CHEMBL5926921,CCc1ccc(S(=O)(=O)Nc2ccc(-c3ncnc4[nH]c(C)cc34)cc2)cc1,156,ligand_156,idx_155,CHEMBL5926921,ligand_0156
6gqj,ligand_0157,CHEMBL6036785,CCc1ccc(S(=O)(=O)Nc2ccc(-c3ncnc4[nH]nc(C)c34)cc2)cc1,157,ligand_157,idx_156,CHEMBL6036785,ligand_0157
6gqj,ligand_0158,CHEMBL6036785,CCc1ccc(S(=O)(=O)Nc2ccc(-c3ncnc4[nH]nc(C)c34)cc2)cc1,158,ligand_158,idx_157,CHEMBL6036785,ligand_0158
6gqj,ligand_0159,CHEMBL2000934,CCc1ccc2nccc(NC(=O)Nc3cccc(C(F)(F)F)n3)c2c1,159,ligand_159,idx_158,CHEMBL2000934,ligand_0159
6gqj,ligand_0160,CHEMBL6013790,CCn1cc(COc2ccc(Nc3ccc4ncc(N5CCOCC5)nc4c3C#N)cc2OC)cn1,160,ligand_160,idx_159,CHEMBL6013790,ligand_0160
6gqj,ligand_0161,CHEMBL5968654,CCn1nccc1S(=O)(=O)Nc1cnc2[nH]c(-c3ccc(F)cc3)cc2c1,161,ligand_161,idx_160,CHEMBL5968654,ligand_0161
6gqj,ligand_0162,CHEMBL485556,CN(C(=O)C1CCCCC1)c1ccc2c(c1)nc(NC(=O)c1ccc(C#N)cc1)n2CCC(N)=O,162,ligand_162,idx_161,CHEMBL485556,ligand_0162
6gqj,ligand_0163,CHEMBL5971154,CN(C)C(=O)c1cccc(-c2cc3c(N4CCN(C(=O)Nc5ccc(OC(F)(F)F)cc5)CC4)ncnc3[nH]2)c1,163,ligand_163,idx_162,CHEMBL5971154,ligand_0163
6gqj,ligand_0164,CHEMBL6026280,CN(C)S(=O)(=O)NC1CCN(c2ncnc3[nH]c(-c4cnn(C)c4)cc23)CC1,164,ligand_164,idx_163,CHEMBL6026280,ligand_0164
6gqj,ligand_0165,CHEMBL5866248,CN(C)c1ccc(-c2cc3c(N4CCN(C(=O)Nc5ccc(OC(F)(F)F)cc5)CC4)ncnc3[nH]2)cn1,165,ligand_165,idx_164,CHEMBL5866248,ligand_0165
6gqj,ligand_0166,CHEMBL5866248,CN(C)c1ccc(-c2cc3c(N4CCN(C(=O)Nc5ccc(OC(F)(F)F)cc5)CC4)ncnc3[nH]2)cn1,166,ligand_166,idx_165,CHEMBL5866248,ligand_0166
6gqj,ligand_0167,CHEMBL1765772,CN(C)c1ccc(C(=O)Nc2cc(-c3ccncc3)c[nH]c2=O)cc1,167,ligand_167,idx_166,CHEMBL1765772,ligand_0167
6gqj,ligand_0168,CHEMBL5779454,CN(C)c1ncc(-c2cc3c(N4CCC(NS(=O)(=O)c5ccc(OC(F)(F)F)cc5)CC4)ncnc3[nH]2)s1,168,ligand_168,idx_167,CHEMBL5779454,ligand_0168
6gqj,ligand_0169,CHEMBL1997617,CN1CCN(C2CCC(n3cc(-c4ccc(Oc5ccccc5)cc4)c4c(N)ncnc43)CC2)CC1,169,ligand_169,idx_168,CHEMBL1997617,ligand_0169
6gqj,ligand_0170,CHEMBL2002446,CN1CCN(Cc2ccc3c(c2)Cc2c(-c4csc(C#CCOCC5CC5)c4)n[nH]c2-3)CC1,170,ligand_170,idx_169,CHEMBL2002446,ligand_0170
6gqj,ligand_0171,CHEMBL1983268,CN1CCN(c2ccc(C(=O)Nc3n[nH]c4ccc(Cc5cc(F)cc(F)c5)cc34)c(NC3CCOCC3)c2)CC1,171,ligand_171,idx_170,CHEMBL1983268,ligand_0171
6gqj,ligand_0172,CHEMBL522892,CN1CCN(c2ccc3nc(-c4c(N)c5c(F)cccc5[nH]c4=O)[nH]c3c2)CC1,172,ligand_172,idx_171,CHEMBL522892,ligand_0172
6gqj,ligand_0173,CHEMBL1971245,CN1CCN(c2cccc(Nc3nccc(-c4c(C(N)=O)nc5ccccn45)n3)c2)CC1,173,ligand_173,idx_172,CHEMBL1971245,ligand_0173
6gqj,ligand_0174,CHEMBL1970142,CNC(=O)C(C)n1cc(-c2cnc(N)c3c(-c4ccc(NC(=O)Nc5ccc(C)cc5)cc4)csc23)cn1,174,ligand_174,idx_173,CHEMBL1970142,ligand_0174
6gqj,ligand_0175,CHEMBL2006778,CNC(=O)C=Cc1cnc(N)c2c(-c3cc(F)c4[nH]c(C)cc4c3)csc12,175,ligand_175,idx_174,CHEMBL2006778,ligand_0175
6gqj,ligand_0176,CHEMBL1968590,CNC(=O)C=Cc1cnc(N)c2c(-c3ccc4sc(C)nc4c3)csc12,176,ligand_176,idx_175,CHEMBL1968590,ligand_0176
6gqj,ligand_0177,CHEMBL1978099,CNC(=O)COc1ccc(Nc2nc(Nc3ccc(C)c(S(N)(=O)=O)c3)ncc2F)cc1,177,ligand_177,idx_176,CHEMBL1978099,ligand_0177
6gqj,ligand_0178,CHEMBL5920827,CNC(=O)c1ccc(-c2cc3c(N4CCC(C)(c5nc(C)c(-c6ccc(C(F)F)cc6)[nH]5)CC4)ncnc3[nH]2)cn1,178,ligand_178,idx_177,CHEMBL5920827,ligand_0178
6gqj,ligand_0179,CHEMBL5999056,CNC(=O)c1ccc(-c2cc3c(N4CCC(C)(c5nc(C)c(-c6ccc(OC(F)F)cc6)[nH]5)CC4)ncnc3[nH]2)cn1,179,ligand_179,idx_178,CHEMBL5999056,ligand_0179
6gqj,ligand_0180,CHEMBL5875391,CNC(=O)c1ccc(-c2cc3c(N4CCC(C)(c5nc(C)c(-c6ccc(OC)c(C)c6)[nH]5)CC4)ncnc3[nH]2)cn1,180,ligand_180,idx_179,CHEMBL5875391,ligand_0180
6gqj,ligand_0181,CHEMBL5970442,CNC(=O)c1ccc(-c2cc3c(N4CCC(C)(c5nc(C)c(-c6ccc(OC)c(F)c6)[nH]5)CC4)ncnc3[nH]2)cn1,181,ligand_181,idx_180,CHEMBL5970442,ligand_0181
6gqj,ligand_0182,CHEMBL5741148,CNC(=O)c1ccc(-c2cc3c(N4CCC(C)(c5nc(C)c(-c6cccc(OC(F)F)c6)[nH]5)CC4)ncnc3[nH]2)cn1,182,ligand_182,idx_181,CHEMBL5741148,ligand_0182
6gqj,ligand_0183,CHEMBL5921843,CNC(=O)c1ccc(-c2cc3c(N4CCC(C)(c5nc(C)c(-c6cccc(OC)c6)[nH]5)CC4)ncnc3[nH]2)cn1,183,ligand_183,idx_182,CHEMBL5921843,ligand_0183
6gqj,ligand_0184,CHEMBL6041975,CNC(=O)c1ccc(-c2cc3cc(NC(=O)c4[nH]nc(C)c4C)cnc3[nH]2)cc1,184,ligand_184,idx_183,CHEMBL6041975,ligand_0184
6gqj,ligand_0185,CHEMBL5836478,CNC(=O)c1cccc(-c2cc3c(N4CCC(c5nc(C)c(-c6ccccc6)[nH]5)CC4)ncnc3[nH]2)c1,185,ligand_185,idx_184,CHEMBL5836478,ligand_0185
6gqj,ligand_0186,CHEMBL5836478,CNC(=O)c1cccc(-c2cc3c(N4CCC(c5nc(C)c(-c6ccccc6)[nH]5)CC4)ncnc3[nH]2)c1,186,ligand_186,idx_185,CHEMBL5836478,ligand_0186
6gqj,ligand_0187,CHEMBL5794610,CNC(=O)c1cccc(-c2cc3c(N4CCN(C(=O)NCc5ccc(F)cc5)CC4)ncnc3[nH]2)c1,187,ligand_187,idx_186,CHEMBL5794610,ligand_0187
6gqj,ligand_0188,CHEMBL5794610,CNC(=O)c1cccc(-c2cc3c(N4CCN(C(=O)NCc5ccc(F)cc5)CC4)ncnc3[nH]2)c1,188,ligand_188,idx_187,CHEMBL5794610,ligand_0188
6gqj,ligand_0189,CHEMBL5739903,CNC(=O)c1cccc(-c2cc3c(N4CCN(C(=O)Nc5ccc(OC(F)(F)F)cc5)CC4)ncnc3[nH]2)c1,189,ligand_189,idx_188,CHEMBL5739903,ligand_0189
6gqj,ligand_0190,CHEMBL6015100,CNC(=O)c1cccc(Nc2ncc(NC(=O)c3[nH]nc(C)c3C)cn2)c1,190,ligand_190,idx_189,CHEMBL6015100,ligand_0190
6gqj,ligand_0191,CHEMBL1988437,CNC(=O)c1ccccc1Sc1ccc2c(C=Cc3ccccn3)n[nH]c2c1,191,ligand_191,idx_190,CHEMBL1988437,ligand_0191
6gqj,ligand_0192,CHEMBL2005631,CNC(=O)c1cnc(N)c2c(-c3ccc(NC(=O)Nc4cc(C)ccc4F)cc3)csc12,192,ligand_192,idx_191,CHEMBL2005631,ligand_0192
6gqj,ligand_0193,CHEMBL1982476,CNC(=O)c1cnc(N)c2c(-c3ccc(NC(=O)Nc4cccc(Cl)c4)cc3)csc12,193,ligand_193,idx_192,CHEMBL1982476,ligand_0193
6gqj,ligand_0194,CHEMBL1980995,CNC1CC2OC(C)(C1OC)n1c3ccccc3c3c4c(c5c6ccccc6n2c5c31)C(=O)NC4,194,ligand_194,idx_193,CHEMBL1980995,ligand_0194
6gqj,ligand_0195,CHEMBL5931556,CNS(=O)(=O)c1ccc(-c2ncnc3[nH]c(-c4ccc(F)cc4)cc23)cc1,195,ligand_195,idx_194,CHEMBL5931556,ligand_0195
6gqj,ligand_0196,CHEMBL5931556,CNS(=O)(=O)c1ccc(-c2ncnc3[nH]c(-c4ccc(F)cc4)cc23)cc1,196,ligand_196,idx_195,CHEMBL5931556,ligand_0196
6gqj,ligand_0197,CHEMBL1765774,CNc1cc(-c2c[nH]c(=O)c(NC(=O)c3ccc(N4CCCCC4)cc3)c2)ccn1,197,ligand_197,idx_196,CHEMBL1765774,ligand_0197
6gqj,ligand_0198,CHEMBL1765775,CNc1cc(-c2c[nH]c(=O)c(NC(=O)c3ccc(N4CCCCC4)cc3)c2)ncn1,198,ligand_198,idx_197,CHEMBL1765775,ligand_0198
6gqj,ligand_0199,CHEMBL1765784,CNc1cc(C#N)cc(-c2c[nH]c(=O)c(NC(=O)c3ccc(N4CCC[C@H]4CN4CCCC4)cc3)c2)c1,199,ligand_199,idx_198,CHEMBL1765784,ligand_0199
6gqj,ligand_0200,CHEMBL1765783,CNc1cc(F)cc(-c2c[nH]c(=O)c(NC(=O)c3ccc(N4CCC[C@H]4CN4CCCC4)cc3)c2)c1,200,ligand_200,idx_199,CHEMBL1765783,ligand_0200
6gqj,ligand_0201,CHEMBL1765776,CNc1cccc(-c2c[nH]c(=O)c(NC(=O)c3ccc(N4CCCCC4)cc3)c2)c1,201,ligand_201,idx_200,CHEMBL1765776,ligand_0201
6gqj,ligand_0202,CHEMBL1765777,CNc1cccc(-c2c[nH]c(=O)c(NC(=O)c3ccc(N4CCCCC4)cc3)c2)n1,202,ligand_202,idx_201,CHEMBL1765777,ligand_0202
6gqj,ligand_0203,CHEMBL6020201,CNc1cnc2ccc(Nc3ccc(OCc4ccc(OC)cc4)c(OC)c3)c(C#N)c2n1,203,ligand_203,idx_202,CHEMBL6020201,ligand_0203
6gqj,ligand_0204,CHEMBL5967317,CNc1cnc2ccc(Nc3ccc(OCc4ccc(OC)cc4)c(OC)c3)cc2n1,204,ligand_204,idx_203,CHEMBL5967317,ligand_0204
6gqj,ligand_0205,CHEMBL1765780,CNc1cncc(-c2c[nH]c(=O)c(NC(=O)c3ccc(N4CCCCC4)cc3)c2)c1,205,ligand_205,idx_204,CHEMBL1765780,ligand_0205
6gqj,ligand_0206,CHEMBL1765779,CNc1cncc(-c2c[nH]c(=O)c(NC(=O)c3ccc(N4CCCCC4)cc3)c2)n1,206,ligand_206,idx_205,CHEMBL1765779,ligand_0206
6gqj,ligand_0207,CHEMBL1765782,CNc1cncc(-c2c[nH]c(=O)c(NC(=O)c3ccc(N4CCC[C@H]4CN4CCCC4)cc3)c2)c1,207,ligand_207,idx_206,CHEMBL1765782,ligand_0207
6gqj,ligand_0208,CHEMBL1765781,CNc1cncc(-c2c[nH]c(=O)c(NC(=O)c3ccc(N4CCC[C@H]4CN4CCCC4)cc3)c2)n1,208,ligand_208,idx_207,CHEMBL1765781,ligand_0208
6gqj,ligand_0209,CHEMBL1977041,COC(=O)c1c(-c2ccc(NC(=O)Nc3ccccc3)cc2)c2c(N)ncnn2c1C,209,ligand_209,idx_208,CHEMBL1977041,ligand_0209
6gqj,ligand_0210,CHEMBL6006881,COCCN1CCN(c2cnc3ccc(Nc4ccc(OCc5ccc(C)nc5)c(OC)c4)c(C#N)c3n2)CC1,210,ligand_210,idx_209,CHEMBL6006881,ligand_0210
6gqj,ligand_0211,CHEMBL5845166,COCCN1CCN(c2cnc3ccc(Nc4ccc(OCc5ccc(OC)nc5)c(OC)c4)c(C#N)c3n2)CC1,211,ligand_211,idx_210,CHEMBL5845166,ligand_0211
6gqj,ligand_0212,CHEMBL1984162,COCCOC1CCC(n2nc(-c3ccc(Nc4nc5cc(C)cc(C)c5o4)cc3)c3c(N)ncnc32)CC1,212,ligand_212,idx_211,CHEMBL1984162,ligand_0212
6gqj,ligand_0213,CHEMBL1987054,COCCOC1CCC(n2nc(-c3ccc(Nc4nc5cc(C)cc(Cl)c5o4)cc3)c3c(N)ncnc32)CC1,213,ligand_213,idx_212,CHEMBL1987054,ligand_0213
6gqj,ligand_0214,CHEMBL6044859,COCCOc1cc2ncnc(-c3ccc(NS(=O)(=O)C4CC4)cc3F)c2cc1OCCOC,214,ligand_214,idx_213,CHEMBL6044859,ligand_0214
6gqj,ligand_0215,CHEMBL5773827,COCCOc1cc2ncnc(-c3ccc(NS(=O)(=O)c4ccc(Cl)cc4)cc3F)c2cc1OCCOC,215,ligand_215,idx_214,CHEMBL5773827,ligand_0215
6gqj,ligand_0216,CHEMBL5842861,COCCOc1cc2ncnc(-c3ccc(NS(=O)(=O)c4ccc(OC(F)F)cc4)cc3F)c2cc1OCCOC,216,ligand_216,idx_215,CHEMBL5842861,ligand_0216
6gqj,ligand_0217,CHEMBL5842861,COCCOc1cc2ncnc(-c3ccc(NS(=O)(=O)c4ccc(OC(F)F)cc4)cc3F)c2cc1OCCOC,217,ligand_217,idx_216,CHEMBL5842861,ligand_0217
6gqj,ligand_0218,CHEMBL5773076,COCCOc1cc2ncnc(-c3ccc(NS(=O)(=O)c4ccc(OC)cc4)cc3F)c2cc1OCCOC,218,ligand_218,idx_217,CHEMBL5773076,ligand_0218
6gqj,ligand_0219,CHEMBL5844141,COCCOc1cc2ncnc(-c3ccc(NS(=O)(=O)c4cccc(F)c4)cc3F)c2cc1OCCOC,219,ligand_219,idx_218,CHEMBL5844141,ligand_0219
6gqj,ligand_0220,CHEMBL5844141,COCCOc1cc2ncnc(-c3ccc(NS(=O)(=O)c4cccc(F)c4)cc3F)c2cc1OCCOC,220,ligand_220,idx_219,CHEMBL5844141,ligand_0220
6gqj,ligand_0221,CHEMBL6017016,COCCOc1cc2ncnc(-c3ccc(NS(C)(=O)=O)cc3F)c2cc1OCCOC,221,ligand_221,idx_220,CHEMBL6017016,ligand_0221
6gqj,ligand_0222,CHEMBL5874188,COCc1cc(-c2[nH]c(C3(C)CCN(c4ncnc5[nH]c(C)cc45)CC3)nc2C)ccc1C,222,ligand_222,idx_221,CHEMBL5874188,ligand_0222
6gqj,ligand_0223,CHEMBL5971908,COCc1ccc(COc2ccc(Nc3ccc4ncc(N5CCOCC5)nc4c3C#N)cc2OC)cn1,223,ligand_223,idx_222,CHEMBL5971908,ligand_0223
6gqj,ligand_0224,CHEMBL5772834,COCc1ccc(COc2ccc(Nc3ccc4ncc(N5CCOCC5)nc4c3C#N)cc2OC)nc1,224,ligand_224,idx_223,CHEMBL5772834,ligand_0224
6gqj,ligand_0225,CHEMBL6051918,COc1cc(-c2[nH]c(C3(C)CCN(c4ncnc5[nH]c(C)cc45)CC3)nc2C)ccc1C,225,ligand_225,idx_224,CHEMBL6051918,ligand_0225
6gqj,ligand_0226,CHEMBL6051918,COc1cc(-c2[nH]c(C3(C)CCN(c4ncnc5[nH]c(C)cc45)CC3)nc2C)ccc1C,226,ligand_226,idx_225,CHEMBL6051918,ligand_0226
6gqj,ligand_0227,CHEMBL5924974,COc1cc(-c2[nH]c(C3CCN(c4ncnc5[nH]c(-c6ccc(C#N)cc6)cc45)CC3)nc2C)ccc1C,227,ligand_227,idx_226,CHEMBL5924974,ligand_0227
6gqj,ligand_0228,CHEMBL5924974,COc1cc(-c2[nH]c(C3CCN(c4ncnc5[nH]c(-c6ccc(C#N)cc6)cc45)CC3)nc2C)ccc1C,228,ligand_228,idx_227,CHEMBL5924974,ligand_0228
6gqj,ligand_0229,CHEMBL6048706,COc1cc(-c2[nH]c(C3CCN(c4ncnc5[nH]c(-c6ccc(F)cc6)cc45)CC3)nc2C)ccc1C,229,ligand_229,idx_228,CHEMBL6048706,ligand_0229
6gqj,ligand_0230,CHEMBL6048706,COc1cc(-c2[nH]c(C3CCN(c4ncnc5[nH]c(-c6ccc(F)cc6)cc45)CC3)nc2C)ccc1C,230,ligand_230,idx_229,CHEMBL6048706,ligand_0230
6gqj,ligand_0231,CHEMBL5885145,COc1cc(-c2[nH]c(C3CCN(c4ncnc5[nH]c(C)cc45)CC3)nc2C)ccc1C,231,ligand_231,idx_230,CHEMBL5885145,ligand_0231
6gqj,ligand_0232,CHEMBL5872059,COc1cc(-c2cc3c(C4=CCC(NS(=O)(=O)c5ccc(OC(F)(F)F)cc5)CC4)ncnc3[nH]2)ccn1,232,ligand_232,idx_231,CHEMBL5872059,ligand_0232
6gqj,ligand_0233,CHEMBL5997000,COc1cc(-c2cc3c(N4CCC(C)(c5nc(C)c(-c6ccc(OC)c(C)c6)[nH]5)CC4)ncnc3[nH]2)ccn1,233,ligand_233,idx_232,CHEMBL5997000,ligand_0233
6gqj,ligand_0234,CHEMBL5919779,COc1cc(-c2cc3c(N4CCC(C)(c5nc(C)c(-c6ccccc6)[nH]5)CC4)ncnc3[nH]2)ccn1,234,ligand_234,idx_233,CHEMBL5919779,ligand_0234
6gqj,ligand_0235,CHEMBL5787870,COc1cc(-c2cc3c(N4CCC(NS(=O)(=O)c5ccc(C)cc5)CC4)ncnc3[nH]2)ccn1,235,ligand_235,idx_234,CHEMBL5787870,ligand_0235
6gqj,ligand_0236,CHEMBL5764866,COc1cc(-c2cc3c(N4CCC(NS(=O)(=O)c5ccc(Cl)cc5)CC4)ncnc3[nH]2)ccn1,236,ligand_236,idx_235,CHEMBL5764866,ligand_0236
6gqj,ligand_0237,CHEMBL5766148,COc1cc(-c2cc3c(N4CCC(c5nc(C(F)(F)F)c(-c6ccc(C)cc6)[nH]5)CC4)ncnc3[nH]2)ccn1,237,ligand_237,idx_236,CHEMBL5766148,ligand_0237
6gqj,ligand_0238,CHEMBL5844509,COc1cc(-c2cc3c(N4CCC(c5nc(C)c(-c6ccc(C(F)(F)F)cc6)[nH]5)CC4)ncnc3[nH]2)ccn1,238,ligand_238,idx_237,CHEMBL5844509,ligand_0238
6gqj,ligand_0239,CHEMBL5844509,COc1cc(-c2cc3c(N4CCC(c5nc(C)c(-c6ccc(C(F)(F)F)cc6)[nH]5)CC4)ncnc3[nH]2)ccn1,239,ligand_239,idx_238,CHEMBL5844509,ligand_0239
6gqj,ligand_0240,CHEMBL5869779,COc1cc(-c2cc3c(N4CCC(c5nc(C)c(-c6ccc(C)c(OC)c6)[nH]5)CC4)ncnc3[nH]2)ccn1,240,ligand_240,idx_239,CHEMBL5869779,ligand_0240
6gqj,ligand_0241,CHEMBL5773193,COc1cc(-c2cc3c(N4CCC(c5nc(C)c(-c6ccc(C)cc6)[nH]5)CC4)ncnc3[nH]2)ccn1,241,ligand_241,idx_240,CHEMBL5773193,ligand_0241
6gqj,ligand_0242,CHEMBL5960374,COc1cc(-c2cc3c(N4CCC(c5nc(C)c(-c6ccc(C)s6)[nH]5)CC4)ncnc3[nH]2)ccn1,242,ligand_242,idx_241,CHEMBL5960374,ligand_0242
6gqj,ligand_0243,CHEMBL5904467,COc1cc(-c2cc3c(N4CCC(c5nc(C)c(-c6ccc(Cl)cc6)[nH]5)CC4)ncnc3[nH]2)ccn1,243,ligand_243,idx_242,CHEMBL5904467,ligand_0243
6gqj,ligand_0244,CHEMBL6044893,COc1cc(-c2cc3c(N4CCC(c5nc(C)c(-c6ccc(F)cc6)[nH]5)CC4)ncnc3[nH]2)ccn1,244,ligand_244,idx_243,CHEMBL6044893,ligand_0244
6gqj,ligand_0245,CHEMBL6044893,COc1cc(-c2cc3c(N4CCC(c5nc(C)c(-c6ccc(F)cc6)[nH]5)CC4)ncnc3[nH]2)ccn1,245,ligand_245,idx_244,CHEMBL6044893,ligand_0245
6gqj,ligand_0246,CHEMBL5912767,COc1cc(-c2cc3c(N4CCC(c5nc(C)c(-c6ccc(OC(C)C)cc6)[nH]5)CC4)ncnc3[nH]2)ccn1,246,ligand_246,idx_245,CHEMBL5912767,ligand_0246
6gqj,ligand_0247,CHEMBL5983839,COc1cc(-c2cc3c(N4CCC(c5nc(C)c(-c6ccc(OC(F)(F)F)cc6)[nH]5)CC4)ncnc3[nH]2)ccn1,247,ligand_247,idx_246,CHEMBL5983839,ligand_0247
6gqj,ligand_0248,CHEMBL5983839,COc1cc(-c2cc3c(N4CCC(c5nc(C)c(-c6ccc(OC(F)(F)F)cc6)[nH]5)CC4)ncnc3[nH]2)ccn1,248,ligand_248,idx_247,CHEMBL5983839,ligand_0248
6gqj,ligand_0249,CHEMBL5759084,COc1cc(-c2cc3c(N4CCC(c5nc(C)c(-c6ccc(OC)c(C)c6)[nH]5)CC4)ncnc3[nH]2)ccn1,249,ligand_249,idx_248,CHEMBL5759084,ligand_0249
6gqj,ligand_0250,CHEMBL6032916,COc1cc(-c2cc3c(N4CCC(c5nc(C)c(-c6ccc(OC)c(OC)c6)[nH]5)CC4)ncnc3[nH]2)ccn1,250,ligand_250,idx_249,CHEMBL6032916,ligand_0250
6gqj,ligand_0251,CHEMBL6032916,COc1cc(-c2cc3c(N4CCC(c5nc(C)c(-c6ccc(OC)c(OC)c6)[nH]5)CC4)ncnc3[nH]2)ccn1,251,ligand_251,idx_250,CHEMBL6032916,ligand_0251
6gqj,ligand_0252,CHEMBL5743335,COc1cc(-c2cc3c(N4CCC(c5nc(C)c(-c6ccc7c(c6)OC(F)(F)O7)[nH]5)CC4)ncnc3[nH]2)ccn1,252,ligand_252,idx_251,CHEMBL5743335,ligand_0252
6gqj,ligand_0253,CHEMBL5807037,COc1cc(-c2cc3c(N4CCC(c5nc(C)c(-c6ccc7c(c6)OCO7)[nH]5)CC4)ncnc3[nH]2)ccn1,253,ligand_253,idx_252,CHEMBL5807037,ligand_0253
6gqj,ligand_0254,CHEMBL6041455,COc1cc(-c2cc3c(N4CCC(c5nc(C)c(-c6cccc(F)c6)[nH]5)CC4)ncnc3[nH]2)ccn1,254,ligand_254,idx_253,CHEMBL6041455,ligand_0254
6gqj,ligand_0255,CHEMBL5972494,COc1cc(-c2cc3c(N4CCC(c5nc(C)c(-c6cccc(OC(F)(F)F)c6)[nH]5)CC4)ncnc3[nH]2)ccn1,255,ligand_255,idx_254,CHEMBL5972494,ligand_0255
6gqj,ligand_0256,CHEMBL5972494,COc1cc(-c2cc3c(N4CCC(c5nc(C)c(-c6cccc(OC(F)(F)F)c6)[nH]5)CC4)ncnc3[nH]2)ccn1,256,ligand_256,idx_255,CHEMBL5972494,ligand_0256
6gqj,ligand_0257,CHEMBL5863602,COc1cc(-c2cc3c(N4CCC(c5nc(C)c(-c6ccccc6)[nH]5)CC4)ncnc3[nH]2)ccn1,257,ligand_257,idx_256,CHEMBL5863602,ligand_0257
6gqj,ligand_0258,CHEMBL5756560,COc1cc(-c2cc3c(N4CCC(c5nc(C6CC6)c(-c6ccccc6)[nH]5)CC4)ncnc3[nH]2)ccn1,258,ligand_258,idx_257,CHEMBL5756560,ligand_0258
6gqj,ligand_0259,CHEMBL5779336,COc1cc(-c2cc3c(N4CCC(c5nnc(-c6ccc(F)cc6)[nH]5)CC4)ncnc3[nH]2)ccn1,259,ligand_259,idx_258,CHEMBL5779336,ligand_0259
6gqj,ligand_0260,CHEMBL5907325,COc1cc(-c2cc3c(N4CCC(c5nnc(-c6cccc(OC(F)F)c6)[nH]5)CC4)ncnc3[nH]2)ccn1,260,ligand_260,idx_259,CHEMBL5907325,ligand_0260
6gqj,ligand_0261,CHEMBL5840372,COc1cc(-c2cc3c(N4CCN(C(=O)NCc5ccc(F)cc5)CC4)ncnc3[nH]2)ccn1,261,ligand_261,idx_260,CHEMBL5840372,ligand_0261
6gqj,ligand_0262,CHEMBL5943900,COc1cc(-c2cc3c(N4CCN(C(=O)N[C@@H](C)c5ccc(Cl)cc5)C(C)(C)C4)ncnc3[nH]2)ccn1,262,ligand_262,idx_261,CHEMBL5943900,ligand_0262
6gqj,ligand_0263,CHEMBL6006032,COc1cc(-c2cc3c(N4CCN(C(=O)N[C@@H](C)c5ccc(F)cc5)C(C)(C)C4)ncnc3[nH]2)ccn1,263,ligand_263,idx_262,CHEMBL6006032,ligand_0263
6gqj,ligand_0264,CHEMBL6006032,COc1cc(-c2cc3c(N4CCN(C(=O)N[C@@H](C)c5ccc(F)cc5)C(C)(C)C4)ncnc3[nH]2)ccn1,264,ligand_264,idx_263,CHEMBL6006032,ligand_0264
6gqj,ligand_0265,CHEMBL5950762,COc1cc(-c2cc3c(N4CCN(C(=O)N[C@@H](C)c5ccc(F)cc5)[C@H](C)C4)ncnc3[nH]2)ccn1,265,ligand_265,idx_264,CHEMBL5950762,ligand_0265
6gqj,ligand_0266,CHEMBL5742433,COc1cc(-c2cc3c(N4CCN(C(=O)N[C@@H](C)c5cccc(Cl)c5)C(C)(C)C4)ncnc3[nH]2)ccn1,266,ligand_266,idx_265,CHEMBL5742433,ligand_0266
6gqj,ligand_0267,CHEMBL5742433,COc1cc(-c2cc3c(N4CCN(C(=O)N[C@@H](C)c5cccc(Cl)c5)C(C)(C)C4)ncnc3[nH]2)ccn1,267,ligand_267,idx_266,CHEMBL5742433,ligand_0267
6gqj,ligand_0268,CHEMBL5851896,COc1cc(-c2cc3c(N4CCN(C(=O)N[C@@H](C)c5cccc(Cl)c5)[C@H](C)C4)ncnc3[nH]2)ccn1,268,ligand_268,idx_267,CHEMBL5851896,ligand_0268
6gqj,ligand_0269,CHEMBL5830576,COc1cc(-c2cc3c(N4CCN(C(=O)N[C@@H](C)c5cccc(OC(F)F)c5)C(C)(C)C4)ncnc3[nH]2)ccn1,269,ligand_269,idx_268,CHEMBL5830576,ligand_0269
6gqj,ligand_0270,CHEMBL5830576,COc1cc(-c2cc3c(N4CCN(C(=O)N[C@@H](C)c5cccc(OC(F)F)c5)C(C)(C)C4)ncnc3[nH]2)ccn1,270,ligand_270,idx_269,CHEMBL5830576,ligand_0270
6gqj,ligand_0271,CHEMBL5750111,COc1cc(-c2cc3c(N4CCN(C(=O)Nc5ccc(OC(F)(F)F)cc5)CC4)ncnc3[nH]2)ccn1,271,ligand_271,idx_270,CHEMBL5750111,ligand_0271
6gqj,ligand_0272,CHEMBL5939849,COc1cc(-c2cc3ncnc(N4CCN(C(=O)N[C@@H](C)c5cccc(Cl)c5)C(C)(C)C4)c3s2)ccn1,272,ligand_272,idx_271,CHEMBL5939849,ligand_0272
6gqj,ligand_0273,CHEMBL5939849,COc1cc(-c2cc3ncnc(N4CCN(C(=O)N[C@@H](C)c5cccc(Cl)c5)C(C)(C)C4)c3s2)ccn1,273,ligand_273,idx_272,CHEMBL5939849,ligand_0273
6gqj,ligand_0274,CHEMBL5937752,COc1cc(CNC(=O)N2CCN(c3ncnc4[nH]c(-c5cccnc5)cc34)CC2)ccn1,274,ligand_274,idx_273,CHEMBL5937752,ligand_0274
6gqj,ligand_0275,CHEMBL5853547,COc1cc(N(C)c2ccc3ncc(N4CCOCC4)nc3c2C#N)ccc1OCc1ccc(C2CC2)nc1,275,ligand_275,idx_274,CHEMBL5853547,ligand_0275
6gqj,ligand_0276,CHEMBL1835745,COc1cc(N2CCOCC2)ccc1Nc1nc(N)n(-c2ccc(C#N)cn2)n1,276,ligand_276,idx_275,CHEMBL1835745,ligand_0276
6gqj,ligand_0277,CHEMBL5964839,COc1cc(NC(=O)N2CCN(c3ncnc4[nH]c(-c5cccnc5)cc34)CC2)cc(OC)c1,277,ligand_277,idx_276,CHEMBL5964839,ligand_0277
6gqj,ligand_0278,CHEMBL5859381,COc1cc(Nc2ccc3ncc(C4=CCOCC4)nc3c2C#N)ccc1OCc1ccc(C)nc1,278,ligand_278,idx_277,CHEMBL5859381,ligand_0278
6gqj,ligand_0279,CHEMBL6039530,COc1cc(Nc2ccc3ncc(N(C)C)nc3c2C#N)ccc1OCc1ccc(C)nc1,279,ligand_279,idx_278,CHEMBL6039530,ligand_0279
6gqj,ligand_0280,CHEMBL5874000,COc1cc(Nc2ccc3ncc(N4CC(C)(OC)C4)nc3c2C#N)ccc1OCc1ccc(C)nc1,280,ligand_280,idx_279,CHEMBL5874000,ligand_0280
6gqj,ligand_0281,CHEMBL5865799,COc1cc(Nc2ccc3ncc(N4CC(N(C)C)C4)nc3c2C#N)ccc1OCc1ccc(C)nc1,281,ligand_281,idx_280,CHEMBL5865799,ligand_0281
6gqj,ligand_0282,CHEMBL6037890,COc1cc(Nc2ccc3ncc(N4CCC(N(C)C)CC4)nc3c2C#N)ccc1OCc1cccc(C#N)c1,282,ligand_282,idx_281,CHEMBL6037890,ligand_0282
6gqj,ligand_0283,CHEMBL6003238,COc1cc(Nc2ccc3ncc(N4CCC(N(C)C)CC4)nc3c2C#N)ccc1OCc1cccc(F)c1,283,ligand_283,idx_282,CHEMBL6003238,ligand_0283
6gqj,ligand_0284,CHEMBL5975652,COc1cc(Nc2ccc3ncc(N4CCC4)nc3c2C#N)ccc1OCc1cccc(C#N)c1,284,ligand_284,idx_283,CHEMBL5975652,ligand_0284
6gqj,ligand_0285,CHEMBL5781873,COc1cc(Nc2ccc3ncc(N4CCN(C)CC4)nc3c2C#N)ccc1OCc1cccc(C#N)c1,285,ligand_285,idx_284,CHEMBL5781873,ligand_0285
6gqj,ligand_0286,CHEMBL6031442,COc1cc(Nc2ccc3ncc(N4CCNCC4)nc3c2C#N)ccc1OCc1ccc(C)nc1,286,ligand_286,idx_285,CHEMBL6031442,ligand_0286
6gqj,ligand_0287,CHEMBL5882946,COc1cc(Nc2ccc3ncc(N4CCOCC4)nc3c2C#N)ccc1OCC1CC1,287,ligand_287,idx_286,CHEMBL5882946,ligand_0287
6gqj,ligand_0288,CHEMBL5788657,COc1cc(Nc2ccc3ncc(N4CCOCC4)nc3c2C#N)ccc1OCc1cc(C)on1,288,ligand_288,idx_287,CHEMBL5788657,ligand_0288
6gqj,ligand_0289,CHEMBL5912210,COc1cc(Nc2ccc3ncc(N4CCOCC4)nc3c2C#N)ccc1OCc1ccc(C#N)cc1,289,ligand_289,idx_288,CHEMBL5912210,ligand_0289
6gqj,ligand_0290,CHEMBL5889210,COc1cc(Nc2ccc3ncc(N4CCOCC4)nc3c2C#N)ccc1OCc1ccc(C(C)C)nc1,290,ligand_290,idx_289,CHEMBL5889210,ligand_0290
6gqj,ligand_0291,CHEMBL5762393,COc1cc(Nc2ccc3ncc(N4CCOCC4)nc3c2C#N)ccc1OCc1ccc(C(F)(F)F)nc1,291,ligand_291,idx_290,CHEMBL5762393,ligand_0291
6gqj,ligand_0292,CHEMBL5802517,COc1cc(Nc2ccc3ncc(N4CCOCC4)nc3c2C#N)ccc1OCc1ccc(C(F)F)nc1,292,ligand_292,idx_291,CHEMBL5802517,ligand_0292
6gqj,ligand_0293,CHEMBL5882296,COc1cc(Nc2ccc3ncc(N4CCOCC4)nc3c2C#N)ccc1OCc1ccc(C)nc1,293,ligand_293,idx_292,CHEMBL5882296,ligand_0293
6gqj,ligand_0294,CHEMBL5915109,COc1cc(Nc2ccc3ncc(N4CCOCC4)nc3c2C#N)ccc1OCc1ccc(C)s1,294,ligand_294,idx_293,CHEMBL5915109,ligand_0294
6gqj,ligand_0295,CHEMBL5779033,COc1cc(Nc2ccc3ncc(N4CCOCC4)nc3c2C#N)ccc1OCc1ccc(C2CC2)nc1,295,ligand_295,idx_294,CHEMBL5779033,ligand_0295
6gqj,ligand_0296,CHEMBL6063591,COc1cc(Nc2ccc3ncc(N4CCOCC4)nc3c2C#N)ccc1OCc1ccc(CF)nc1,296,ligand_296,idx_295,CHEMBL6063591,ligand_0296
6gqj,ligand_0297,CHEMBL5910466,COc1cc(Nc2ccc3ncc(N4CCOCC4)nc3c2C#N)ccc1OCc1ccc(Cl)cc1,297,ligand_297,idx_296,CHEMBL5910466,ligand_0297
6gqj,ligand_0298,CHEMBL5845320,COc1cc(Nc2ccc3ncc(N4CCOCC4)nc3c2C#N)ccc1OCc1ccc(N(C)C)nc1,298,ligand_298,idx_297,CHEMBL5845320,ligand_0298
6gqj,ligand_0299,CHEMBL5846361,COc1cc(Nc2ccc3ncc(N4CCOCC4)nc3c2C#N)ccc1OCc1ccc(OC(F)(F)F)cc1,299,ligand_299,idx_298,CHEMBL5846361,ligand_0299
6gqj,ligand_0300,CHEMBL5988939,COc1cc(Nc2ccc3ncc(N4CCOCC4)nc3c2C#N)ccc1OCc1ccc2c(c1)CCO2,300,ligand_300,idx_299,CHEMBL5988939,ligand_0300
6gqj,ligand_0301,CHEMBL5909527,COc1cc(Nc2ccc3ncc(N4CCOCC4)nc3c2C#N)ccc1OCc1cccc(C#N)c1,301,ligand_301,idx_300,CHEMBL5909527,ligand_0301
6gqj,ligand_0302,CHEMBL5880461,COc1cc(Nc2ccc3ncc(N4CCOCC4)nc3c2C#N)ccc1OCc1cccc(F)c1,302,ligand_302,idx_301,CHEMBL5880461,ligand_0302
6gqj,ligand_0303,CHEMBL5988128,COc1cc(Nc2ccc3ncc(N4CCOCC4)nc3c2C#N)ccc1OCc1ccccc1,303,ligand_303,idx_302,CHEMBL5988128,ligand_0303
6gqj,ligand_0304,CHEMBL5954174,COc1cc(Nc2ccc3ncc(N4CCOCC4)nc3c2C#N)ccc1OCc1cccnc1,304,ligand_304,idx_303,CHEMBL5954174,ligand_0304
6gqj,ligand_0305,CHEMBL5860292,COc1cc(Nc2ccc3ncc(N4CCOCC4)nc3c2C#N)ccc1OCc1ccco1,305,ligand_305,idx_304,CHEMBL5860292,ligand_0305
6gqj,ligand_0306,CHEMBL5988689,COc1cc(Nc2ccc3ncc(N4CCOCC4)nc3c2C#N)ccc1OCc1cccs1,306,ligand_306,idx_305,CHEMBL5988689,ligand_0306
6gqj,ligand_0307,CHEMBL5869535,COc1cc(Nc2ccc3ncc(N4CCOCC4)nc3c2C#N)ccc1OCc1ccncc1,307,ligand_307,idx_306,CHEMBL5869535,ligand_0307
6gqj,ligand_0308,CHEMBL5986745,COc1cc(Nc2ccc3ncc(N4CCOCC4)nc3c2C#N)ccc1OCc1ccoc1,308,ligand_308,idx_307,CHEMBL5986745,ligand_0308
6gqj,ligand_0309,CHEMBL5970574,COc1cc(Nc2ccc3ncc(N4CCOCC4)nc3c2C#N)ccc1OCc1ccsc1,309,ligand_309,idx_308,CHEMBL5970574,ligand_0309
6gqj,ligand_0310,CHEMBL5923838,COc1cc(Nc2ccc3ncc(N4CCOCC4)nc3c2C#N)ccc1OCc1cnccn1,310,ligand_310,idx_309,CHEMBL5923838,ligand_0310
6gqj,ligand_0311,CHEMBL5966005,COc1cc(Nc2ccc3ncc(N4CCOCC4)nc3c2C#N)ccc1OCc1cnn(C)c1,311,ligand_311,idx_310,CHEMBL5966005,ligand_0311
6gqj,ligand_0312,CHEMBL5753656,COc1cc(Nc2ccc3ncc(N4CCOCC4)nc3c2C#N)ccc1OCc1cnn(C2CC2)c1,312,ligand_312,idx_311,CHEMBL5753656,ligand_0312
6gqj,ligand_0313,CHEMBL5991651,COc1cc(Nc2ccc3ncc(N4CCOCC4)nc3c2C#N)ccc1OCc1cnn(CC2CC2)c1,313,ligand_313,idx_312,CHEMBL5991651,ligand_0313
6gqj,ligand_0314,CHEMBL5885186,COc1cc(Nc2ccc3ncc(N4CCOCC4)nc3c2C(N)=O)ccc1OCc1ccc(C)nc1,314,ligand_314,idx_313,CHEMBL5885186,ligand_0314
6gqj,ligand_0315,CHEMBL5807398,COc1cc(Nc2ccc3ncc(N4C[C@@H](C)O[C@@H](C)C4)nc3c2C#N)ccc1OCc1ccc(C)nc1,315,ligand_315,idx_314,CHEMBL5807398,ligand_0315
6gqj,ligand_0316,CHEMBL1241473,COc1cc(Nc2ncc([N+](=O)[O-])c(Nc3ccccc3C(N)=O)n2)cc(OC)c1OC,316,ligand_316,idx_315,CHEMBL1241473,ligand_0316
6gqj,ligand_0317,CHEMBL5852559,COc1cc([C@H](C)NC(=O)N2CCN(c3ncnc4[nH]c(-c5ccc(F)cc5)cc34)C[C@H]2C)ccc1Cl,317,ligand_317,idx_316,CHEMBL5852559,ligand_0317
6gqj,ligand_0318,CHEMBL5852559,COc1cc([C@H](C)NC(=O)N2CCN(c3ncnc4[nH]c(-c5ccc(F)cc5)cc34)C[C@H]2C)ccc1Cl,318,ligand_318,idx_317,CHEMBL5852559,ligand_0318
6gqj,ligand_0319,CHEMBL6012421,COc1cc([C@H](C)NC(=O)N2CCN(c3ncnc4[nH]c(-c5ccc(F)cc5)cc34)C[C@H]2C)ccc1F,319,ligand_319,idx_318,CHEMBL6012421,ligand_0319
6gqj,ligand_0320,CHEMBL5773283,COc1cc2c(-c3ccc(NS(=O)(=O)C4CC4)cc3F)ncnc2cc1OCCCN1CCCCC1,320,ligand_320,idx_319,CHEMBL5773283,ligand_0320
6gqj,ligand_0321,CHEMBL5773283,COc1cc2c(-c3ccc(NS(=O)(=O)C4CC4)cc3F)ncnc2cc1OCCCN1CCCCC1,321,ligand_321,idx_320,CHEMBL5773283,ligand_0321
6gqj,ligand_0322,CHEMBL5817346,COc1cc2c(-c3ccc(NS(=O)(=O)N4CCCC4)cc3F)ncnc2cc1OCCCN1CCCCC1,322,ligand_322,idx_321,CHEMBL5817346,ligand_0322
6gqj,ligand_0323,CHEMBL5817346,COc1cc2c(-c3ccc(NS(=O)(=O)N4CCCC4)cc3F)ncnc2cc1OCCCN1CCCCC1,323,ligand_323,idx_322,CHEMBL5817346,ligand_0323
6gqj,ligand_0324,CHEMBL5793992,COc1cc2c(-c3ccc(NS(=O)(=O)c4ccc(Cl)cc4)cc3F)ncnc2cc1OCCCN1CCCCC1,324,ligand_324,idx_323,CHEMBL5793992,ligand_0324
6gqj,ligand_0325,CHEMBL5844890,COc1cc2c(-c3ccc(NS(C)(=O)=O)cc3F)ncnc2cc1OCCCN1CCCCC1,325,ligand_325,idx_324,CHEMBL5844890,ligand_0325
6gqj,ligand_0326,CHEMBL5844890,COc1cc2c(-c3ccc(NS(C)(=O)=O)cc3F)ncnc2cc1OCCCN1CCCCC1,326,ligand_326,idx_325,CHEMBL5844890,ligand_0326
6gqj,ligand_0327,CHEMBL124660,COc1cc2c(N3CCN(C(=O)Nc4ccc(OC(C)C)cc4)CC3)ncnc2cc1OCCCN1CCCCC1,327,ligand_327,idx_326,CHEMBL124660,ligand_0327
6gqj,ligand_0328,CHEMBL1980391,COc1cc2c(cc1F)C(c1ccccc1Cl)=Nc1c(n[nH]c1C)N2,328,ligand_328,idx_327,CHEMBL1980391,ligand_0328
6gqj,ligand_0329,CHEMBL514499,COc1cc2ncn(-c3cc(OCc4ccccc4C(F)(F)F)c(C(N)=O)s3)c2cc1OC,329,ligand_329,idx_328,CHEMBL514499,ligand_0329
6gqj,ligand_0330,CHEMBL5990676,COc1cc2ncnc(-c3ccc(N)c(F)c3)c2cc1OC,330,ligand_330,idx_329,CHEMBL5990676,ligand_0330
6gqj,ligand_0331,CHEMBL5977418,COc1cc2ncnc(-c3ccc(N)cc3F)c2cc1OC,331,ligand_331,idx_330,CHEMBL5977418,ligand_0331
6gqj,ligand_0332,CHEMBL5927093,COc1cc2ncnc(-c3ccc(NS(=O)(=O)C4CC4)cc3F)c2cc1OC,332,ligand_332,idx_331,CHEMBL5927093,ligand_0332
6gqj,ligand_0333,CHEMBL5932395,COc1cc2ncnc(-c3ccc(NS(=O)(=O)C4CC4)cc3F)c2cc1OCCCN1CCOCC1,333,ligand_333,idx_332,CHEMBL5932395,ligand_0333
6gqj,ligand_0334,CHEMBL5771452,COc1cc2ncnc(-c3ccc(NS(=O)(=O)N4CCCC4)c(F)c3)c2cc1OC,334,ligand_334,idx_333,CHEMBL5771452,ligand_0334
6gqj,ligand_0335,CHEMBL5973611,COc1cc2ncnc(-c3ccc(NS(=O)(=O)c4ccc(Cl)cc4)cc3F)c2cc1OC,335,ligand_335,idx_334,CHEMBL5973611,ligand_0335
6gqj,ligand_0336,CHEMBL5973611,COc1cc2ncnc(-c3ccc(NS(=O)(=O)c4ccc(Cl)cc4)cc3F)c2cc1OC,336,ligand_336,idx_335,CHEMBL5973611,ligand_0336
6gqj,ligand_0337,CHEMBL6046154,COc1cc2ncnc(-c3ccc(NS(=O)(=O)c4ccc(Cl)cc4)cc3F)c2cc1OCCCN1CCOCC1,337,ligand_337,idx_336,CHEMBL6046154,ligand_0337
6gqj,ligand_0338,CHEMBL6006946,COc1cc2ncnc(-c3ccc(NS(C)(=O)=O)c(F)c3)c2cc1OC,338,ligand_338,idx_337,CHEMBL6006946,ligand_0338
6gqj,ligand_0339,CHEMBL5843916,COc1cc2ncnc(-c3ccc(NS(C)(=O)=O)cc3F)c2cc1OC,339,ligand_339,idx_338,CHEMBL5843916,ligand_0339
6gqj,ligand_0340,CHEMBL5843916,COc1cc2ncnc(-c3ccc(NS(C)(=O)=O)cc3F)c2cc1OC,340,ligand_340,idx_339,CHEMBL5843916,ligand_0340
6gqj,ligand_0341,CHEMBL6031722,COc1cc2ncnc(-c3ccc(NS(C)(=O)=O)cc3F)c2cc1OCCCN1CCOCC1,341,ligand_341,idx_340,CHEMBL6031722,ligand_0341
6gqj,ligand_0342,CHEMBL6049251,COc1cc2ncnc(-c3ccc(S(=O)(=O)Nc4ccc(Cl)cc4)cc3F)c2cc1OCCCN1CCOCC1,342,ligand_342,idx_341,CHEMBL6049251,ligand_0342
6gqj,ligand_0343,CHEMBL6049251,COc1cc2ncnc(-c3ccc(S(=O)(=O)Nc4ccc(Cl)cc4)cc3F)c2cc1OCCCN1CCOCC1,343,ligand_343,idx_342,CHEMBL6049251,ligand_0343
6gqj,ligand_0344,CHEMBL5955821,COc1cc2ncnc(-c3ccc(S(=O)(=O)Nc4ccc(F)cc4)cc3F)c2cc1OCCCN1CCOCC1,344,ligand_344,idx_343,CHEMBL5955821,ligand_0344
6gqj,ligand_0345,CHEMBL5878201,COc1ccc(-c2[nH]c(C3(C)CCN(c4ncnc5[nH]c(-c6ccc(C#N)cc6)cc45)CC3)nc2C)cc1,345,ligand_345,idx_344,CHEMBL5878201,ligand_0345
6gqj,ligand_0346,CHEMBL5880217,COc1ccc(-c2[nH]c(C3(C)CCN(c4ncnc5[nH]c(-c6ccc(C#N)cc6)cc45)CC3)nc2C)cc1C,346,ligand_346,idx_345,CHEMBL5880217,ligand_0346
6gqj,ligand_0347,CHEMBL5908077,COc1ccc(-c2[nH]c(C3(C)CCN(c4ncnc5[nH]c(-c6ccc(C#N)cc6)cc45)CC3)nc2C)cc1F,347,ligand_347,idx_346,CHEMBL5908077,ligand_0347
6gqj,ligand_0348,CHEMBL5876775,COc1ccc(-c2[nH]c(C3(C)CCN(c4ncnc5[nH]c(-c6ccc(C#N)cc6)cc45)CC3)nc2C)cn1,348,ligand_348,idx_347,CHEMBL5876775,ligand_0348
6gqj,ligand_0349,CHEMBL5877683,COc1ccc(-c2[nH]c(C3(C)CCN(c4ncnc5[nH]c(-c6ccc(C#N)nc6)cc45)CC3)nc2C)cc1C,349,ligand_349,idx_348,CHEMBL5877683,ligand_0349
6gqj,ligand_0350,CHEMBL5833843,COc1ccc(-c2[nH]c(C3(C)CCN(c4ncnc5[nH]c(-c6ccc(C#N)nc6)cc45)CC3)nc2C)cc1F,350,ligand_350,idx_349,CHEMBL5833843,ligand_0350
6gqj,ligand_0351,CHEMBL5833843,COc1ccc(-c2[nH]c(C3(C)CCN(c4ncnc5[nH]c(-c6ccc(C#N)nc6)cc45)CC3)nc2C)cc1F,351,ligand_351,idx_350,CHEMBL5833843,ligand_0351
6gqj,ligand_0352,CHEMBL5761263,COc1ccc(-c2[nH]c(C3(C)CCN(c4ncnc5[nH]c(-c6ccc(C(=O)O)cc6)cc45)CC3)nc2C)cc1F,352,ligand_352,idx_351,CHEMBL5761263,ligand_0352
6gqj,ligand_0353,CHEMBL5823207,COc1ccc(-c2[nH]c(C3(C)CCN(c4ncnc5[nH]c(-c6ccc(C(N)=O)cc6)cc45)CC3)nc2C)cc1C,353,ligand_353,idx_352,CHEMBL5823207,ligand_0353
6gqj,ligand_0354,CHEMBL5821499,COc1ccc(-c2[nH]c(C3(C)CCN(c4ncnc5[nH]c(-c6ccc(C(N)=O)cc6)cc45)CC3)nc2C)cc1F,354,ligand_354,idx_353,CHEMBL5821499,ligand_0354
6gqj,ligand_0355,CHEMBL5820465,COc1ccc(-c2[nH]c(C3(C)CCN(c4ncnc5[nH]c(-c6ccc(F)cc6)cc45)CC3)nc2C)cc1,355,ligand_355,idx_354,CHEMBL5820465,ligand_0355
6gqj,ligand_0356,CHEMBL6064618,COc1ccc(-c2[nH]c(C3(C)CCN(c4ncnc5[nH]c(-c6ccc(F)cc6)cc45)CC3)nc2C)cc1C,356,ligand_356,idx_355,CHEMBL6064618,ligand_0356
6gqj,ligand_0357,CHEMBL5957509,COc1ccc(-c2[nH]c(C3(C)CCN(c4ncnc5[nH]c(-c6ccc(N7CCOCC7)nc6)cc45)CC3)nc2C)cc1C,357,ligand_357,idx_356,CHEMBL5957509,ligand_0357
6gqj,ligand_0358,CHEMBL6032171,COc1ccc(-c2[nH]c(C3(C)CCN(c4ncnc5[nH]c(-c6ccc(N7CCOCC7)nc6)cc45)CC3)nc2C)cc1F,358,ligand_358,idx_357,CHEMBL6032171,ligand_0358
6gqj,ligand_0359,CHEMBL5990558,COc1ccc(-c2[nH]c(C3(C)CCN(c4ncnc5[nH]c(-c6ccc(NS(C)(=O)=O)cc6)cc45)CC3)nc2C)cc1C,359,ligand_359,idx_358,CHEMBL5990558,ligand_0359
6gqj,ligand_0360,CHEMBL5742552,COc1ccc(-c2[nH]c(C3(C)CCN(c4ncnc5[nH]c(-c6ccc(NS(C)(=O)=O)cc6)cc45)CC3)nc2C)cc1F,360,ligand_360,idx_359,CHEMBL5742552,ligand_0360
6gqj,ligand_0361,CHEMBL6008432,COc1ccc(-c2[nH]c(C3(C)CCN(c4ncnc5[nH]c(-c6ccc(OC)nc6)cc45)CC3)nc2C)cc1,361,ligand_361,idx_360,CHEMBL6008432,ligand_0361
6gqj,ligand_0362,CHEMBL6058652,COc1ccc(-c2[nH]c(C3(C)CCN(c4ncnc5[nH]c(-c6ccc(OCC(=O)O)cc6)cc45)CC3)nc2C)cc1C,362,ligand_362,idx_361,CHEMBL6058652,ligand_0362
6gqj,ligand_0363,CHEMBL5760555,COc1ccc(-c2[nH]c(C3(C)CCN(c4ncnc5[nH]c(-c6ccc(OCC(=O)O)cc6)cc45)CC3)nc2C)cc1F,363,ligand_363,idx_362,CHEMBL5760555,ligand_0363
6gqj,ligand_0364,CHEMBL6033718,COc1ccc(-c2[nH]c(C3(C)CCN(c4ncnc5[nH]c(-c6ccnc(OC)c6)cc45)CC3)nc2C)cc1,364,ligand_364,idx_363,CHEMBL6033718,ligand_0364
6gqj,ligand_0365,CHEMBL5784886,COc1ccc(-c2[nH]c(C3(C)CCN(c4ncnc5[nH]c(-c6cnn(C(F)F)c6)cc45)CC3)nc2C)cc1,365,ligand_365,idx_364,CHEMBL5784886,ligand_0365
6gqj,ligand_0366,CHEMBL5937045,COc1ccc(-c2[nH]c(C3(C)CCN(c4ncnc5[nH]c(-c6cnn(C(F)F)c6)cc45)CC3)nc2C)cc1C,366,ligand_366,idx_365,CHEMBL5937045,ligand_0366
6gqj,ligand_0367,CHEMBL5745024,COc1ccc(-c2[nH]c(C3(C)CCN(c4ncnc5[nH]c(-c6cnn(C(F)F)c6)cc45)CC3)nc2C)cc1F,367,ligand_367,idx_366,CHEMBL5745024,ligand_0367
6gqj,ligand_0368,CHEMBL5912743,COc1ccc(-c2[nH]c(C3(C)CCN(c4ncnc5[nH]c(-c6cnn(C(F)F)c6)cc45)CC3)nc2C)cn1,368,ligand_368,idx_367,CHEMBL5912743,ligand_0368
6gqj,ligand_0369,CHEMBL6036668,COc1ccc(-c2[nH]c(C3(C)CCN(c4ncnc5[nH]c(C)cc45)CC3)nc2C)cc1,369,ligand_369,idx_368,CHEMBL6036668,ligand_0369
6gqj,ligand_0370,CHEMBL6036668,COc1ccc(-c2[nH]c(C3(C)CCN(c4ncnc5[nH]c(C)cc45)CC3)nc2C)cc1,370,ligand_370,idx_369,CHEMBL6036668,ligand_0370
6gqj,ligand_0371,CHEMBL5942588,COc1ccc(-c2[nH]c(C3(C)CCN(c4ncnc5[nH]c(C)cc45)CC3)nc2C)cc1C,371,ligand_371,idx_370,CHEMBL5942588,ligand_0371
6gqj,ligand_0372,CHEMBL5942588,COc1ccc(-c2[nH]c(C3(C)CCN(c4ncnc5[nH]c(C)cc45)CC3)nc2C)cc1C,372,ligand_372,idx_371,CHEMBL5942588,ligand_0372
6gqj,ligand_0373,CHEMBL5986679,COc1ccc(-c2[nH]c(C3(C)CCN(c4ncnc5[nH]c(C)cc45)CC3)nc2C)cc1F,373,ligand_373,idx_372,CHEMBL5986679,ligand_0373
6gqj,ligand_0374,CHEMBL5836157,COc1ccc(-c2[nH]c(C3(C)CCN(c4ncnc5[nH]nc(C)c45)CC3)nc2C)cc1F,374,ligand_374,idx_373,CHEMBL5836157,ligand_0374
6gqj,ligand_0375,CHEMBL5836157,COc1ccc(-c2[nH]c(C3(C)CCN(c4ncnc5[nH]nc(C)c45)CC3)nc2C)cc1F,375,ligand_375,idx_374,CHEMBL5836157,ligand_0375
6gqj,ligand_0376,CHEMBL5757316,COc1ccc(-c2[nH]c(C3CCN(c4ncnc5[nH]c(-c6ccc(C#N)cc6)cc45)CC3)nc2C(F)(F)F)cc1,376,ligand_376,idx_375,CHEMBL5757316,ligand_0376
6gqj,ligand_0377,CHEMBL5781324,COc1ccc(-c2[nH]c(C3CCN(c4ncnc5[nH]c(-c6ccc(C#N)cc6)cc45)CC3)nc2C)cc1,377,ligand_377,idx_376,CHEMBL5781324,ligand_0377
6gqj,ligand_0378,CHEMBL5931117,COc1ccc(-c2[nH]c(C3CCN(c4ncnc5[nH]c(-c6ccc(C#N)cc6)cc45)CC3)nc2C)cc1C,378,ligand_378,idx_377,CHEMBL5931117,ligand_0378
6gqj,ligand_0379,CHEMBL5961313,COc1ccc(-c2[nH]c(C3CCN(c4ncnc5[nH]c(-c6ccc(C#N)cc6)cc45)CC3)nc2C)cc1F,379,ligand_379,idx_378,CHEMBL5961313,ligand_0379
6gqj,ligand_0380,CHEMBL5961313,COc1ccc(-c2[nH]c(C3CCN(c4ncnc5[nH]c(-c6ccc(C#N)cc6)cc45)CC3)nc2C)cc1F,380,ligand_380,idx_379,CHEMBL5961313,ligand_0380
6gqj,ligand_0381,CHEMBL5920955,COc1ccc(-c2[nH]c(C3CCN(c4ncnc5[nH]c(-c6ccc(C#N)cc6)cc45)CC3)nc2C)cc1OC,381,ligand_381,idx_380,CHEMBL5920955,ligand_0381
6gqj,ligand_0382,CHEMBL5920955,COc1ccc(-c2[nH]c(C3CCN(c4ncnc5[nH]c(-c6ccc(C#N)cc6)cc45)CC3)nc2C)cc1OC,382,ligand_382,idx_381,CHEMBL5920955,ligand_0382
6gqj,ligand_0383,CHEMBL6056206,COc1ccc(-c2[nH]c(C3CCN(c4ncnc5[nH]c(-c6ccc(C#N)cc6)cc45)CC3)nc2C)cn1,383,ligand_383,idx_382,CHEMBL6056206,ligand_0383
6gqj,ligand_0384,CHEMBL6059391,COc1ccc(-c2[nH]c(C3CCN(c4ncnc5[nH]c(-c6ccc(F)cc6)cc45)CC3)nc2C(F)(F)F)cc1,384,ligand_384,idx_383,CHEMBL6059391,ligand_0384
6gqj,ligand_0385,CHEMBL5955565,COc1ccc(-c2[nH]c(C3CCN(c4ncnc5[nH]c(-c6ccc(F)cc6)cc45)CC3)nc2C)cc1,385,ligand_385,idx_384,CHEMBL5955565,ligand_0385
6gqj,ligand_0386,CHEMBL5961370,COc1ccc(-c2[nH]c(C3CCN(c4ncnc5[nH]c(-c6ccc(F)cc6)cc45)CC3)nc2C)cc1C,386,ligand_386,idx_385,CHEMBL5961370,ligand_0386
6gqj,ligand_0387,CHEMBL6010252,COc1ccc(-c2[nH]c(C3CCN(c4ncnc5[nH]c(-c6ccc(F)cc6)cc45)CC3)nc2C)cc1OC,387,ligand_387,idx_386,CHEMBL6010252,ligand_0387
6gqj,ligand_0388,CHEMBL6010252,COc1ccc(-c2[nH]c(C3CCN(c4ncnc5[nH]c(-c6ccc(F)cc6)cc45)CC3)nc2C)cc1OC,388,ligand_388,idx_387,CHEMBL6010252,ligand_0388
6gqj,ligand_0389,CHEMBL5879068,COc1ccc(-c2[nH]c(C3CCN(c4ncnc5[nH]c(-c6ccnc(OC)c6)cc45)CC3)nc2C(F)(F)F)cc1,389,ligand_389,idx_388,CHEMBL5879068,ligand_0389
6gqj,ligand_0390,CHEMBL5903210,COc1ccc(-c2[nH]c(C3CCN(c4ncnc5[nH]c(-c6ccnc(OC)c6)cc45)CC3)nc2C)cc1,390,ligand_390,idx_389,CHEMBL5903210,ligand_0390
6gqj,ligand_0391,CHEMBL5926037,COc1ccc(-c2[nH]c(C3CCN(c4ncnc5[nH]c(-c6cnn(C(F)F)c6)cc45)CC3)nc2C)cc1,391,ligand_391,idx_390,CHEMBL5926037,ligand_0391
6gqj,ligand_0392,CHEMBL5880931,COc1ccc(-c2[nH]c(C3CCN(c4ncnc5[nH]c(C)cc45)CC3)nc2C)cc1,392,ligand_392,idx_391,CHEMBL5880931,ligand_0392
6gqj,ligand_0393,CHEMBL5960101,COc1ccc(-c2[nH]c(C3CCN(c4ncnc5[nH]c(C)cc45)CC3)nc2C)cc1C,393,ligand_393,idx_392,CHEMBL5960101,ligand_0393
6gqj,ligand_0394,CHEMBL5960101,COc1ccc(-c2[nH]c(C3CCN(c4ncnc5[nH]c(C)cc45)CC3)nc2C)cc1C,394,ligand_394,idx_393,CHEMBL5960101,ligand_0394
6gqj,ligand_0395,CHEMBL5995511,COc1ccc(-c2cc3c(N4CCC(C)(c5nc(C)c(-c6ccc(C(F)(F)F)cc6)[nH]5)CC4)ncnc3[nH]2)cn1,395,ligand_395,idx_394,CHEMBL5995511,ligand_0395
6gqj,ligand_0396,CHEMBL5749847,COc1ccc(-c2cc3c(N4CCC(C)(c5nc(C)c(-c6ccc(C(F)F)cc6)[nH]5)CC4)ncnc3[nH]2)cn1,396,ligand_396,idx_395,CHEMBL5749847,ligand_0396
6gqj,ligand_0397,CHEMBL6065150,COc1ccc(-c2cc3c(N4CCC(C)(c5nc(C)c(-c6ccc(Cl)cc6)[nH]5)CC4)ncnc3[nH]2)cn1,397,ligand_397,idx_396,CHEMBL6065150,ligand_0397
6gqj,ligand_0398,CHEMBL6005562,COc1ccc(-c2cc3c(N4CCC(C)(c5nc(C)c(-c6ccc(OC)c(C)c6)[nH]5)CC4)ncnc3[nH]2)cn1,398,ligand_398,idx_397,CHEMBL6005562,ligand_0398
6gqj,ligand_0399,CHEMBL5919744,COc1ccc(-c2cc3c(N4CCC(C)(c5nc(C)c(-c6ccc(OC)c(F)c6)[nH]5)CC4)ncnc3[nH]2)cn1,399,ligand_399,idx_398,CHEMBL5919744,ligand_0399
6gqj,ligand_0400,CHEMBL5981281,COc1ccc(-c2cc3c(N4CCC(C)(c5nc(C)c(-c6ccc7c(c6)OCO7)[nH]5)CC4)ncnc3[nH]2)cn1,400,ligand_400,idx_399,CHEMBL5981281,ligand_0400
6gqj,ligand_0401,CHEMBL5884176,COc1ccc(-c2cc3c(N4CCC(C)(c5nc(C)c(-c6cccc(OC(F)F)c6)[nH]5)CC4)ncnc3[nH]2)cn1,401,ligand_401,idx_400,CHEMBL5884176,ligand_0401
6gqj,ligand_0402,CHEMBL6060470,COc1ccc(-c2cc3c(N4CCC(c5nc(C)c(-c6ccccc6)[nH]5)CC4)ncnc3[nH]2)cn1,402,ligand_402,idx_401,CHEMBL6060470,ligand_0402
6gqj,ligand_0403,CHEMBL6060470,COc1ccc(-c2cc3c(N4CCC(c5nc(C)c(-c6ccccc6)[nH]5)CC4)ncnc3[nH]2)cn1,403,ligand_403,idx_402,CHEMBL6060470,ligand_0403
6gqj,ligand_0404,CHEMBL5842226,COc1ccc(-c2cc3c(N4CCN(C(=O)Nc5ccc(OC(F)(F)F)cc5)CC4)ncnc3[nH]2)cn1,404,ligand_404,idx_403,CHEMBL5842226,ligand_0404
6gqj,ligand_0405,CHEMBL5754519,COc1ccc(-c2cc3cc(NC(=O)c4[nH]nc(C)c4C)cnc3[nH]2)c(C)c1C,405,ligand_405,idx_404,CHEMBL5754519,ligand_0405
6gqj,ligand_0406,CHEMBL1190711,COc1ccc(-c2cc3nccn3c(Nc3ncccc3C(N)=O)n2)cc1OC,406,ligand_406,idx_405,CHEMBL1190711,ligand_0406
6gqj,ligand_0407,CHEMBL1979093,COc1ccc(-c2ccc(NC(=O)Nc3ccc(F)c(C)c3)cc2)c2c(N)noc12,407,ligand_407,idx_406,CHEMBL1979093,ligand_0407
6gqj,ligand_0408,CHEMBL1973178,COc1ccc(-c2ccc(NC(=O)Nc3ccc(OC(F)(F)F)cc3)cc2)c2c(N)noc12,408,ligand_408,idx_407,CHEMBL1973178,ligand_0408
6gqj,ligand_0409,CHEMBL271381,COc1ccc(-c2ccc(NC(=O)Nc3cccc(Br)c3)cc2)c2c(N)noc12,409,ligand_409,idx_408,CHEMBL271381,ligand_0409
6gqj,ligand_0410,CHEMBL5803359,COc1ccc(-c2nc(C3(C)CCN(c4ncnc5[nH]c(C)cc45)CC3)[nH]c2C)cn1,410,ligand_410,idx_409,CHEMBL5803359,ligand_0410
6gqj,ligand_0411,CHEMBL5803359,COc1ccc(-c2nc(C3(C)CCN(c4ncnc5[nH]c(C)cc45)CC3)[nH]c2C)cn1,411,ligand_411,idx_410,CHEMBL5803359,ligand_0411
6gqj,ligand_0412,CHEMBL5934467,COc1ccc(CNC(=O)N2CCN(c3ncnc4[nH]c(-c5ccc(F)cc5)cc34)CC2)cc1,412,ligand_412,idx_411,CHEMBL5934467,ligand_0412
6gqj,ligand_0413,CHEMBL5934467,COc1ccc(CNC(=O)N2CCN(c3ncnc4[nH]c(-c5ccc(F)cc5)cc34)CC2)cc1,413,ligand_413,idx_412,CHEMBL5934467,ligand_0413
6gqj,ligand_0414,CHEMBL5993631,COc1ccc(CNC(=O)N2CCN(c3ncnc4[nH]c(-c5ccc(F)cc5)cc34)CC2)cn1,414,ligand_414,idx_413,CHEMBL5993631,ligand_0414
6gqj,ligand_0415,CHEMBL5866259,COc1ccc(COc2ccc(Nc3ccc4ncc(N(C)C)nc4c3C#N)cc2OC)cc1,415,ligand_415,idx_414,CHEMBL5866259,ligand_0415
6gqj,ligand_0416,CHEMBL5907937,COc1ccc(COc2ccc(Nc3ccc4ncc(N(C)C)nc4c3C#N)cc2OC)cc1C#N,416,ligand_416,idx_415,CHEMBL5907937,ligand_0416
6gqj,ligand_0417,CHEMBL5812589,COc1ccc(COc2ccc(Nc3ccc4ncc(N(C)C)nc4c3C#N)cc2OC)cn1,417,ligand_417,idx_416,CHEMBL5812589,ligand_0417
6gqj,ligand_0418,CHEMBL5982302,COc1ccc(COc2ccc(Nc3ccc4ncc(N5CCC(COC(C)=O)CC5)nc4c3C#N)cc2OC)cc1,418,ligand_418,idx_417,CHEMBL5982302,ligand_0418
6gqj,ligand_0419,CHEMBL6016629,COc1ccc(COc2ccc(Nc3ccc4ncc(N5CCC(N(C)C)CC5)nc4c3C#N)cc2OC)cc1F,419,ligand_419,idx_418,CHEMBL6016629,ligand_0419
6gqj,ligand_0420,CHEMBL5978581,COc1ccc(COc2ccc(Nc3ccc4ncc(N5CCC(N(C)C)CC5)nc4c3C#N)cc2OC)cn1,420,ligand_420,idx_419,CHEMBL5978581,ligand_0420
6gqj,ligand_0421,CHEMBL5826384,COc1ccc(COc2ccc(Nc3ccc4ncc(N5CCC(N6CCOCC6)CC5)nc4c3C#N)cc2OC)cn1,421,ligand_421,idx_420,CHEMBL5826384,ligand_0421
6gqj,ligand_0422,CHEMBL5978907,COc1ccc(COc2ccc(Nc3ccc4ncc(N5CCC(OC(C)=O)CC5)nc4c3C#N)cc2OC)cc1,422,ligand_422,idx_421,CHEMBL5978907,ligand_0422
6gqj,ligand_0423,CHEMBL5836405,COc1ccc(COc2ccc(Nc3ccc4ncc(N5CCC5)nc4c3C#N)cc2OC)cc1,423,ligand_423,idx_422,CHEMBL5836405,ligand_0423
6gqj,ligand_0424,CHEMBL5910195,COc1ccc(COc2ccc(Nc3ccc4ncc(N5CCC5)nc4c3C#N)cc2OC)cn1,424,ligand_424,idx_423,CHEMBL5910195,ligand_0424
6gqj,ligand_0425,CHEMBL5772766,COc1ccc(COc2ccc(Nc3ccc4ncc(N5CCCC5)nc4c3C#N)cc2OC)cc1,425,ligand_425,idx_424,CHEMBL5772766,ligand_0425
6gqj,ligand_0426,CHEMBL5964677,COc1ccc(COc2ccc(Nc3ccc4ncc(N5CCCC5)nc4c3C#N)cc2OC)cn1,426,ligand_426,idx_425,CHEMBL5964677,ligand_0426
6gqj,ligand_0427,CHEMBL5990446,COc1ccc(COc2ccc(Nc3ccc4ncc(N5CCN(C(C)=O)CC5)nc4c3C#N)cc2OC)cc1,427,ligand_427,idx_426,CHEMBL5990446,ligand_0427
6gqj,ligand_0428,CHEMBL6055673,COc1ccc(COc2ccc(Nc3ccc4ncc(N5CCN(C(C)C)CC5)nc4c3C#N)cc2OC)cc1,428,ligand_428,idx_427,CHEMBL6055673,ligand_0428
6gqj,ligand_0429,CHEMBL5829389,COc1ccc(COc2ccc(Nc3ccc4ncc(N5CCN(C)CC5)nc4c3C#N)cc2OC)cc1,429,ligand_429,idx_428,CHEMBL5829389,ligand_0429
6gqj,ligand_0430,CHEMBL5958705,COc1ccc(COc2ccc(Nc3ccc4ncc(N5CCN(C)CC5)nc4c3C#N)cc2OC)cn1,430,ligand_430,idx_429,CHEMBL5958705,ligand_0430
6gqj,ligand_0431,CHEMBL5913862,COc1ccc(COc2ccc(Nc3ccc4ncc(N5CCN(C6CC6)CC5)nc4c3C#N)cc2OC)cn1,431,ligand_431,idx_430,CHEMBL5913862,ligand_0431
6gqj,ligand_0432,CHEMBL6051370,COc1ccc(COc2ccc(Nc3ccc4ncc(N5CCN(CCO)CC5)nc4c3C#N)cc2OC)cc1,432,ligand_432,idx_431,CHEMBL6051370,ligand_0432
6gqj,ligand_0433,CHEMBL5954496,COc1ccc(COc2ccc(Nc3ccc4ncc(N5CCN(CCO)CC5)nc4c3C#N)cc2OC)cn1,433,ligand_433,idx_432,CHEMBL5954496,ligand_0433
6gqj,ligand_0434,CHEMBL5766565,COc1ccc(COc2ccc(Nc3ccc4ncc(N5CCN(CCOC(C)=O)CC5)nc4c3C#N)cc2OC)cn1,434,ligand_434,idx_433,CHEMBL5766565,ligand_0434
6gqj,ligand_0435,CHEMBL5926976,COc1ccc(COc2ccc(Nc3ccc4ncc(N5CCNCC5)nc4c3C#N)cc2OC)cc1,435,ligand_435,idx_434,CHEMBL5926976,ligand_0435
6gqj,ligand_0436,CHEMBL5875216,COc1ccc(COc2ccc(Nc3ccc4ncc(N5CCNCC5)nc4c3C#N)cc2OC)cn1,436,ligand_436,idx_435,CHEMBL5875216,ligand_0436
6gqj,ligand_0437,CHEMBL5871531,COc1ccc(COc2ccc(Nc3ccc4ncc(N5CCOCC5)nc4c3C#N)cc2)cc1,437,ligand_437,idx_436,CHEMBL5871531,ligand_0437
6gqj,ligand_0438,CHEMBL5973724,COc1ccc(COc2ccc(Nc3ccc4ncc(N5CCOCC5)nc4c3C#N)cc2F)cc1,438,ligand_438,idx_437,CHEMBL5973724,ligand_0438
6gqj,ligand_0439,CHEMBL5763834,COc1ccc(COc2ccc(Nc3ccc4ncc(N5CCOCC5)nc4c3C#N)cc2OC)c(F)c1,439,ligand_439,idx_438,CHEMBL5763834,ligand_0439
6gqj,ligand_0440,CHEMBL6005349,COc1ccc(COc2ccc(Nc3ccc4ncc(N5CCOCC5)nc4c3C#N)cc2OC)cc1,440,ligand_440,idx_439,CHEMBL6005349,ligand_0440
6gqj,ligand_0441,CHEMBL5874101,COc1ccc(COc2ccc(Nc3ccc4ncc(N5CCOCC5)nc4c3C#N)cc2OC)cc1C#N,441,ligand_441,idx_440,CHEMBL5874101,ligand_0441
6gqj,ligand_0442,CHEMBL5963964,COc1ccc(COc2ccc(Nc3ccc4ncc(N5CCOCC5)nc4c3C#N)cc2OC)cc1F,442,ligand_442,idx_441,CHEMBL5963964,ligand_0442
6gqj,ligand_0443,CHEMBL5870585,COc1ccc(COc2ccc(Nc3ccc4ncc(N5CCOCC5)nc4c3C#N)cc2OC)cc1OC,443,ligand_443,idx_442,CHEMBL5870585,ligand_0443
6gqj,ligand_0444,CHEMBL5795835,COc1ccc(COc2ccc(Nc3ccc4ncc(N5CCOCC5)nc4c3C#N)cc2OC)cn1,444,ligand_444,idx_443,CHEMBL5795835,ligand_0444
6gqj,ligand_0445,CHEMBL6037363,COc1ccc(COc2ccc(Nc3ccc4ncc(N5CCOCC5)nc4c3C#N)cn2)cc1,445,ligand_445,idx_444,CHEMBL6037363,ligand_0445
6gqj,ligand_0446,CHEMBL5823065,COc1ccc(COc2ccc(Nc3ccc4ncc(NC(C)C)nc4c3C#N)cc2OC)cc1,446,ligand_446,idx_445,CHEMBL5823065,ligand_0446
6gqj,ligand_0447,CHEMBL5945711,COc1ccc(COc2ccc(Nc3ccc4ncc(OC)nc4c3C#N)cc2OC)cc1,447,ligand_447,idx_446,CHEMBL5945711,ligand_0447
6gqj,ligand_0448,CHEMBL5786485,COc1ccc(COc2ccc(Oc3ccc4ncc(N5CCOCC5)nc4c3C#N)cc2OC)cc1,448,ligand_448,idx_447,CHEMBL5786485,ligand_0448
6gqj,ligand_0449,CHEMBL5887611,COc1ccc(Cl)c(-c2cc3cc(NC(=O)c4[nH]nc(C)c4C)cnc3[nH]2)c1,449,ligand_449,idx_448,CHEMBL5887611,ligand_0449
6gqj,ligand_0450,CHEMBL6021144,COc1ccc(NC(=O)N2CCN(c3ncnc4[nH]c(-c5ccccc5)cc34)CC2)cc1,450,ligand_450,idx_449,CHEMBL6021144,ligand_0450
6gqj,ligand_0451,CHEMBL6021144,COc1ccc(NC(=O)N2CCN(c3ncnc4[nH]c(-c5ccccc5)cc34)CC2)cc1,451,ligand_451,idx_450,CHEMBL6021144,ligand_0451
6gqj,ligand_0452,CHEMBL5769658,COc1ccc(NC(=O)N2CCN(c3ncnc4[nH]c(-c5cccnc5)cc34)CC2)cc1,452,ligand_452,idx_451,CHEMBL5769658,ligand_0452
6gqj,ligand_0453,CHEMBL5769658,COc1ccc(NC(=O)N2CCN(c3ncnc4[nH]c(-c5cccnc5)cc34)CC2)cc1,453,ligand_453,idx_452,CHEMBL5769658,ligand_0453
6gqj,ligand_0454,CHEMBL6063098,COc1ccc(NC(=O)N2CCN(c3ncnc4[nH]c(-c5ccncc5)cc34)C[C@H]2C)cn1,454,ligand_454,idx_453,CHEMBL6063098,ligand_0454
6gqj,ligand_0455,CHEMBL6063098,COc1ccc(NC(=O)N2CCN(c3ncnc4[nH]c(-c5ccncc5)cc34)C[C@H]2C)cn1,455,ligand_455,idx_454,CHEMBL6063098,ligand_0455
6gqj,ligand_0456,CHEMBL5745761,COc1ccc(NC(=O)N2CCN(c3ncnc4[nH]cc(-c5ccccc5)c34)CC2)cc1,456,ligand_456,idx_455,CHEMBL5745761,ligand_0456
6gqj,ligand_0457,CHEMBL272453,COc1ccc(NC(=O)Nc2ccc(-c3cccc4onc(N)c34)cc2)cc1Cl,457,ligand_457,idx_456,CHEMBL272453,ligand_0457
6gqj,ligand_0458,CHEMBL2004290,COc1ccc(NC(=O)Nc2ccc(-c3csc4c(-c5cnn(CC(C)(C)O)c5)cnc(N)c34)cc2)cc1,458,ligand_458,idx_457,CHEMBL2004290,ligand_0458
6gqj,ligand_0459,CHEMBL1977148,COc1ccc(NC(=O)Nc2ccc(-c3csc4c(-c5cnn(CCO)c5)cnc(N)c34)cc2)cc1,459,ligand_459,idx_458,CHEMBL1977148,ligand_0459
6gqj,ligand_0460,CHEMBL1835740,COc1ccc(Nc2nc(N)n(-c3ccccn3)n2)cc1OC,460,ligand_460,idx_459,CHEMBL1835740,ligand_0460
6gqj,ligand_0461,CHEMBL1982541,COc1ccc(OC)c(CNC(=O)c2cc(N)c(C#N)c(OC(C)C)n2)c1,461,ligand_461,idx_460,CHEMBL1982541,ligand_0461
6gqj,ligand_0462,CHEMBL6039449,COc1ccc(S(=O)(=O)NC2CCN(c3ncnc4[nH]c(-c5cnn(C)c5)cc34)CC2)cc1,462,ligand_462,idx_461,CHEMBL6039449,ligand_0462
6gqj,ligand_0463,CHEMBL5904757,COc1ccc(S(=O)(=O)Nc2ccc(-c3ncnc4[nH]c(-c5ccc(F)cc5)cc34)c(F)c2)cc1,463,ligand_463,idx_462,CHEMBL5904757,ligand_0463
6gqj,ligand_0464,CHEMBL5904757,COc1ccc(S(=O)(=O)Nc2ccc(-c3ncnc4[nH]c(-c5ccc(F)cc5)cc34)c(F)c2)cc1,464,ligand_464,idx_463,CHEMBL5904757,ligand_0464
6gqj,ligand_0465,CHEMBL5859078,COc1ccc(S(=O)(=O)Nc2ccc(-c3ncnc4[nH]c(-c5ccc(F)cc5)cc34)cc2F)cc1,465,ligand_465,idx_464,CHEMBL5859078,ligand_0465
6gqj,ligand_0466,CHEMBL5758938,COc1ccc(S(=O)(=O)Nc2ccc(-c3ncnc4[nH]c(C)cc34)c(F)c2)cc1,466,ligand_466,idx_465,CHEMBL5758938,ligand_0466
6gqj,ligand_0467,CHEMBL5995941,COc1ccc(S(=O)(=O)Nc2ccc(-c3ncnc4[nH]c(C)cc34)cc2)cc1,467,ligand_467,idx_466,CHEMBL5995941,ligand_0467
6gqj,ligand_0468,CHEMBL5821645,COc1ccc(S(=O)(=O)Nc2ccc(-c3ncnc4[nH]c(C)cc34)cc2)cc1F,468,ligand_468,idx_467,CHEMBL5821645,ligand_0468
6gqj,ligand_0469,CHEMBL5936059,COc1ccc(S(=O)(=O)Nc2ccc(-c3ncnc4[nH]c(C)cc34)cc2)cn1,469,ligand_469,idx_468,CHEMBL5936059,ligand_0469
6gqj,ligand_0470,CHEMBL5803544,COc1ccc(S(=O)(=O)Nc2ccc(-c3ncnc4[nH]nc(C)c34)cc2)cc1,470,ligand_470,idx_469,CHEMBL5803544,ligand_0470
6gqj,ligand_0471,CHEMBL5803544,COc1ccc(S(=O)(=O)Nc2ccc(-c3ncnc4[nH]nc(C)c34)cc2)cc1,471,ligand_471,idx_470,CHEMBL5803544,ligand_0471
6gqj,ligand_0472,CHEMBL5913730,COc1ccc(S(=O)(=O)Nc2ccc(-c3ncnc4cc(OC)c(OC)cc34)cc2F)cc1,472,ligand_472,idx_471,CHEMBL5913730,ligand_0472
6gqj,ligand_0473,CHEMBL5867337,COc1ccc(S(=O)(=O)Nc2ccc(-c3ncnc4cc(OC)c(OCCCN5CCOCC5)cc34)c(F)c2)cc1,473,ligand_473,idx_472,CHEMBL5867337,ligand_0473
6gqj,ligand_0474,CHEMBL5867337,COc1ccc(S(=O)(=O)Nc2ccc(-c3ncnc4cc(OC)c(OCCCN5CCOCC5)cc34)c(F)c2)cc1,474,ligand_474,idx_473,CHEMBL5867337,ligand_0474
6gqj,ligand_0475,CHEMBL6003382,COc1ccc(S(=O)(=O)Nc2ccc(-c3ncnc4cc(OCCCN5CCCCC5)c(OC)cc34)c(F)c2)cc1,475,ligand_475,idx_474,CHEMBL6003382,ligand_0475
6gqj,ligand_0476,CHEMBL5894465,COc1ccc([C@@H](C)NC(=O)N2CCN(c3ncnc4[nH]c(-c5ccc(Cl)cc5)cc34)C[C@H]2C)cc1,476,ligand_476,idx_475,CHEMBL5894465,ligand_0476
6gqj,ligand_0477,CHEMBL5865127,COc1ccc([C@@H](C)NC(=O)N2CCN(c3ncnc4[nH]c(-c5ccc(F)cc5)cc34)C[C@H]2C)cc1,477,ligand_477,idx_476,CHEMBL5865127,ligand_0477
6gqj,ligand_0478,CHEMBL5894442,COc1ccc([C@H](C)NC(=O)N2CCN(c3ncnc4[nH]c(-c5ccc(F)cc5)cc34)C[C@H]2C)cc1,478,ligand_478,idx_477,CHEMBL5894442,ligand_0478
6gqj,ligand_0479,CHEMBL5894442,COc1ccc([C@H](C)NC(=O)N2CCN(c3ncnc4[nH]c(-c5ccc(F)cc5)cc34)C[C@H]2C)cc1,479,ligand_479,idx_478,CHEMBL5894442,ligand_0479
6gqj,ligand_0480,CHEMBL5878952,COc1ccc([C@H](C)NC(=O)N2CCN(c3ncnc4cc(-c5ccc(F)cc5)sc34)CC2(C)C)cc1,480,ligand_480,idx_479,CHEMBL5878952,ligand_0480
6gqj,ligand_0481,CHEMBL5842393,COc1cccc(-c2[nH]c(C3(C)CCN(c4ncnc5[nH]c(-c6ccc(C#N)cc6)cc45)CC3)nc2C)c1,481,ligand_481,idx_480,CHEMBL5842393,ligand_0481
6gqj,ligand_0482,CHEMBL5754252,COc1cccc(-c2[nH]c(C3(C)CCN(c4ncnc5[nH]c(-c6ccc(C#N)nc6)cc45)CC3)nc2C)c1,482,ligand_482,idx_481,CHEMBL5754252,ligand_0482
6gqj,ligand_0483,CHEMBL6004280,COc1cccc(-c2[nH]c(C3(C)CCN(c4ncnc5[nH]c(-c6ccc(C(N)=O)cc6)cc45)CC3)nc2C)c1,483,ligand_483,idx_482,CHEMBL6004280,ligand_0483
6gqj,ligand_0484,CHEMBL5752167,COc1cccc(-c2[nH]c(C3(C)CCN(c4ncnc5[nH]c(-c6ccc(N7CCOCC7)nc6)cc45)CC3)nc2C)c1,484,ligand_484,idx_483,CHEMBL5752167,ligand_0484
6gqj,ligand_0485,CHEMBL6001663,COc1cccc(-c2[nH]c(C3(C)CCN(c4ncnc5[nH]c(-c6ccc(NS(C)(=O)=O)cc6)cc45)CC3)nc2C)c1,485,ligand_485,idx_484,CHEMBL6001663,ligand_0485
6gqj,ligand_0486,CHEMBL6032757,COc1cccc(-c2[nH]c(C3(C)CCN(c4ncnc5[nH]c(-c6ccc(OC)nc6)cc45)CC3)nc2C)c1,486,ligand_486,idx_485,CHEMBL6032757,ligand_0486
6gqj,ligand_0487,CHEMBL5950350,COc1cccc(-c2[nH]c(C3(C)CCN(c4ncnc5[nH]c(-c6ccc(OCC(=O)O)cc6)cc45)CC3)nc2C)c1,487,ligand_487,idx_486,CHEMBL5950350,ligand_0487
6gqj,ligand_0488,CHEMBL5765024,COc1cccc(-c2[nH]c(C3(C)CCN(c4ncnc5[nH]c(-c6cnn(C(F)F)c6)cc45)CC3)nc2C)c1,488,ligand_488,idx_487,CHEMBL5765024,ligand_0488
6gqj,ligand_0489,CHEMBL6005124,COc1cccc(-c2[nH]c(C3(C)CCN(c4ncnc5[nH]c(C)cc45)CC3)nc2C)c1,489,ligand_489,idx_488,CHEMBL6005124,ligand_0489
6gqj,ligand_0490,CHEMBL6005124,COc1cccc(-c2[nH]c(C3(C)CCN(c4ncnc5[nH]c(C)cc45)CC3)nc2C)c1,490,ligand_490,idx_489,CHEMBL6005124,ligand_0490
6gqj,ligand_0491,CHEMBL5878935,COc1cccc(-c2[nH]c(C3CCN(c4ncnc5[nH]c(-c6ccc(C#N)cc6)cc45)CC3)nc2C(F)(F)F)c1,491,ligand_491,idx_490,CHEMBL5878935,ligand_0491
6gqj,ligand_0492,CHEMBL5870403,COc1cccc(-c2[nH]c(C3CCN(c4ncnc5[nH]c(-c6ccc(C#N)cc6)cc45)CC3)nc2C)c1,492,ligand_492,idx_491,CHEMBL5870403,ligand_0492
6gqj,ligand_0493,CHEMBL6042182,COc1cccc(-c2[nH]c(C3CCN(c4ncnc5[nH]c(-c6ccnc(OC)c6)cc45)CC3)nc2C(F)(F)F)c1,493,ligand_493,idx_492,CHEMBL6042182,ligand_0493
6gqj,ligand_0494,CHEMBL6054967,COc1cccc(-c2[nH]c(C3CCN(c4ncnc5[nH]c(-c6ccnc(OC)c6)cc45)CC3)nc2C)c1,494,ligand_494,idx_493,CHEMBL6054967,ligand_0494
6gqj,ligand_0495,CHEMBL6054967,COc1cccc(-c2[nH]c(C3CCN(c4ncnc5[nH]c(-c6ccnc(OC)c6)cc45)CC3)nc2C)c1,495,ligand_495,idx_494,CHEMBL6054967,ligand_0495
6gqj,ligand_0496,CHEMBL6063509,COc1cccc(-c2[nH]c(C3CCN(c4ncnc5[nH]c(-c6cnn(C(F)F)c6)cc45)CC3)nc2C)c1,496,ligand_496,idx_495,CHEMBL6063509,ligand_0496
6gqj,ligand_0497,CHEMBL6057182,COc1cccc(-c2[nH]c(C3CCN(c4ncnc5[nH]c(C)cc45)CC3)nc2C)c1,497,ligand_497,idx_496,CHEMBL6057182,ligand_0497
6gqj,ligand_0498,CHEMBL6057182,COc1cccc(-c2[nH]c(C3CCN(c4ncnc5[nH]c(C)cc45)CC3)nc2C)c1,498,ligand_498,idx_497,CHEMBL6057182,ligand_0498
6gqj,ligand_0499,CHEMBL5904910,COc1cccc(C(C)NC(=O)N2CCN(c3ncnc4[nH]c(-c5ccnc(OC)c5)cc34)CC2(C)C)c1,499,ligand_499,idx_498,CHEMBL5904910,ligand_0499
6gqj,ligand_0500,CHEMBL5904910,COc1cccc(C(C)NC(=O)N2CCN(c3ncnc4[nH]c(-c5ccnc(OC)c5)cc34)CC2(C)C)c1,500,ligand_500,idx_499,CHEMBL5904910,ligand_0500
6gqj,ligand_0501,CHEMBL5765774,COc1cccc(C(C)NC(=O)N2CCN(c3ncnc4[nH]c(-c5ccncc5)cc34)C[C@@H]2C)c1,501,ligand_501,idx_500,CHEMBL5765774,ligand_0501
6gqj,ligand_0502,CHEMBL6058589,COc1cccc(CNC(=O)N2CC3CCC(C2)N3c2ncnc3cc(-c4ccc(F)cc4)sc23)c1,502,ligand_502,idx_501,CHEMBL6058589,ligand_0502
6gqj,ligand_0503,CHEMBL5768732,COc1cccc(CNC(=O)N2CC3CCC2CN3c2ncnc3cc(-c4ccc(F)cc4)sc23)c1,503,ligand_503,idx_502,CHEMBL5768732,ligand_0503
6gqj,ligand_0504,CHEMBL5875497,COc1cccc(CNC(=O)N2CCN(c3ncnc4[nH]c(-c5ccc(F)cc5)cc34)CC2)c1,504,ligand_504,idx_503,CHEMBL5875497,ligand_0504
6gqj,ligand_0505,CHEMBL5875497,COc1cccc(CNC(=O)N2CCN(c3ncnc4[nH]c(-c5ccc(F)cc5)cc34)CC2)c1,505,ligand_505,idx_504,CHEMBL5875497,ligand_0505
6gqj,ligand_0506,CHEMBL5887500,COc1cccc(CNC(=O)N2CCN(c3ncnc4[nH]c(-c5ccc(F)cc5)cc34)CC2)n1,506,ligand_506,idx_505,CHEMBL5887500,ligand_0506
6gqj,ligand_0507,CHEMBL5975563,COc1cccc(CNC(=O)N2CCN(c3ncnc4[nH]c(-c5cccnc5)cc34)CC2)n1,507,ligand_507,idx_506,CHEMBL5975563,ligand_0507
6gqj,ligand_0508,CHEMBL5790422,COc1cccc(NC(=O)N2CCN(c3ncnc4[nH]c(-c5ccccc5)cc34)CC2)c1,508,ligand_508,idx_507,CHEMBL5790422,ligand_0508
6gqj,ligand_0509,CHEMBL5790422,COc1cccc(NC(=O)N2CCN(c3ncnc4[nH]c(-c5ccccc5)cc34)CC2)c1,509,ligand_509,idx_508,CHEMBL5790422,ligand_0509
6gqj,ligand_0510,CHEMBL5920297,COc1cccc(NC(=O)N2CCN(c3ncnc4[nH]c(-c5cccnc5)cc34)CC2)c1,510,ligand_510,idx_509,CHEMBL5920297,ligand_0510
6gqj,ligand_0511,CHEMBL5755541,COc1cccc([C@@H](C)NC(=O)N2CCN(c3ncnc4[nH]c(-c5ccc(F)cc5)cc34)C[C@H]2C)c1,511,ligand_511,idx_510,CHEMBL5755541,ligand_0511
6gqj,ligand_0512,CHEMBL6005971,COc1cccc([C@@H](C)NC(=O)N2CCN(c3ncnc4cc(-c5cn(C)nc5C)sc34)C[C@H]2C)c1,512,ligand_512,idx_511,CHEMBL6005971,ligand_0512
6gqj,ligand_0513,CHEMBL5874930,COc1cccc([C@H](C)NC(=O)N2C3CCC2CN(c2ncnc4cc(-c5ccc(F)cc5)sc24)C3)c1,513,ligand_513,idx_512,CHEMBL5874930,ligand_0513
6gqj,ligand_0514,CHEMBL5886316,COc1cccc([C@H](C)NC(=O)N2CC3CCC(C2)N3c2ncnc3cc(-c4ccc(F)cc4)sc23)c1,514,ligand_514,idx_513,CHEMBL5886316,ligand_0514
6gqj,ligand_0515,CHEMBL5980694,COc1cccc([C@H](C)NC(=O)N2CC3CCC2CN3c2ncnc3cc(-c4ccc(F)cc4)sc23)c1,515,ligand_515,idx_514,CHEMBL5980694,ligand_0515
6gqj,ligand_0516,CHEMBL5772235,COc1cccc([C@H](C)NC(=O)N2CC=C(c3ncnc4cc(-c5ccc(F)cc5)sc34)CC2)c1,516,ligand_516,idx_515,CHEMBL5772235,ligand_0516
6gqj,ligand_0517,CHEMBL5772235,COc1cccc([C@H](C)NC(=O)N2CC=C(c3ncnc4cc(-c5ccc(F)cc5)sc34)CC2)c1,517,ligand_517,idx_516,CHEMBL5772235,ligand_0517
6gqj,ligand_0518,CHEMBL5766615,COc1cccc([C@H](C)NC(=O)N2CC=C(c3ncnc4cc(-c5cn(C)nc5C)sc34)CC2)c1,518,ligand_518,idx_517,CHEMBL5766615,ligand_0518
6gqj,ligand_0519,CHEMBL5766615,COc1cccc([C@H](C)NC(=O)N2CC=C(c3ncnc4cc(-c5cn(C)nc5C)sc34)CC2)c1,519,ligand_519,idx_518,CHEMBL5766615,ligand_0519
6gqj,ligand_0520,CHEMBL6036951,COc1cccc([C@H](C)NC(=O)N2CCN(c3ncnc4[nH]c(-c5ccc(C#N)cc5)cc34)CC2(C)C)c1,520,ligand_520,idx_519,CHEMBL6036951,ligand_0520
6gqj,ligand_0521,CHEMBL5835895,COc1cccc([C@H](C)NC(=O)N2CCN(c3ncnc4[nH]c(-c5ccc(C#N)cc5)cc34)CC2)c1,521,ligand_521,idx_520,CHEMBL5835895,ligand_0521
6gqj,ligand_0522,CHEMBL5791114,COc1cccc([C@H](C)NC(=O)N2CCN(c3ncnc4[nH]c(-c5ccc(C#N)cc5)cc34)C[C@H]2C)c1,522,ligand_522,idx_521,CHEMBL5791114,ligand_0522
6gqj,ligand_0523,CHEMBL5791114,COc1cccc([C@H](C)NC(=O)N2CCN(c3ncnc4[nH]c(-c5ccc(C#N)cc5)cc34)C[C@H]2C)c1,523,ligand_523,idx_522,CHEMBL5791114,ligand_0523
6gqj,ligand_0524,CHEMBL5955486,COc1cccc([C@H](C)NC(=O)N2CCN(c3ncnc4[nH]c(-c5ccc(Cl)cc5)cc34)CC2)c1,524,ligand_524,idx_523,CHEMBL5955486,ligand_0524
6gqj,ligand_0525,CHEMBL5868355,COc1cccc([C@H](C)NC(=O)N2CCN(c3ncnc4[nH]c(-c5ccc(Cl)cc5)cc34)C[C@H]2C)c1,525,ligand_525,idx_524,CHEMBL5868355,ligand_0525
6gqj,ligand_0526,CHEMBL5868355,COc1cccc([C@H](C)NC(=O)N2CCN(c3ncnc4[nH]c(-c5ccc(Cl)cc5)cc34)C[C@H]2C)c1,526,ligand_526,idx_525,CHEMBL5868355,ligand_0526
6gqj,ligand_0527,CHEMBL6008849,COc1cccc([C@H](C)NC(=O)N2CCN(c3ncnc4[nH]c(-c5ccc(F)cc5)cc34)CC2)c1,527,ligand_527,idx_526,CHEMBL6008849,ligand_0527
6gqj,ligand_0528,CHEMBL6008849,COc1cccc([C@H](C)NC(=O)N2CCN(c3ncnc4[nH]c(-c5ccc(F)cc5)cc34)CC2)c1,528,ligand_528,idx_527,CHEMBL6008849,ligand_0528
6gqj,ligand_0529,CHEMBL5916973,COc1cccc([C@H](C)NC(=O)N2CCN(c3ncnc4[nH]c(-c5ccc(F)cc5)cc34)C[C@H]2C)c1,529,ligand_529,idx_528,CHEMBL5916973,ligand_0529
6gqj,ligand_0530,CHEMBL5992877,COc1cccc([C@H](C)NC(=O)N2CCN(c3ncnc4[nH]c(-c5ccncc5)cc34)C[C@H]2C)c1,530,ligand_530,idx_529,CHEMBL5992877,ligand_0530
6gqj,ligand_0531,CHEMBL5777480,COc1cccc([C@H](C)NC(=O)N2CCN(c3ncnc4[nH]c(-c5cnn(C)c5)cc34)CC2)c1,531,ligand_531,idx_530,CHEMBL5777480,ligand_0531
6gqj,ligand_0532,CHEMBL6064537,COc1cccc([C@H](C)NC(=O)N2CCN(c3ncnc4[nH]c(C#CC5CC5)cc34)CC2)c1,532,ligand_532,idx_531,CHEMBL6064537,ligand_0532
6gqj,ligand_0533,CHEMBL6064537,COc1cccc([C@H](C)NC(=O)N2CCN(c3ncnc4[nH]c(C#CC5CC5)cc34)CC2)c1,533,ligand_533,idx_532,CHEMBL6064537,ligand_0533
6gqj,ligand_0534,CHEMBL5899840,COc1cccc([C@H](C)NC(=O)N2CCN(c3ncnc4[nH]c(C)cc34)CC2)c1,534,ligand_534,idx_533,CHEMBL5899840,ligand_0534
6gqj,ligand_0535,CHEMBL5743739,COc1cccc([C@H](C)NC(=O)N2CCN(c3ncnc4cc(-c5ccc(F)cc5)sc34)CC2(C)C)c1,535,ligand_535,idx_534,CHEMBL5743739,ligand_0535
6gqj,ligand_0536,CHEMBL5743739,COc1cccc([C@H](C)NC(=O)N2CCN(c3ncnc4cc(-c5ccc(F)cc5)sc34)CC2(C)C)c1,536,ligand_536,idx_535,CHEMBL5743739,ligand_0536
6gqj,ligand_0537,CHEMBL5933000,COc1cccc([C@H](C)NC(=O)N2CCN(c3ncnc4cc(-c5ccc(F)cc5)sc34)C[C@H]2C)c1,537,ligand_537,idx_536,CHEMBL5933000,ligand_0537
6gqj,ligand_0538,CHEMBL6041488,COc1cccc([C@H](C)NC(=O)N2CCN(c3ncnc4cc(-c5cn(C)nc5C)sc34)C[C@H]2C)c1,538,ligand_538,idx_537,CHEMBL6041488,ligand_0538
6gqj,ligand_0539,CHEMBL6041488,COc1cccc([C@H](C)NC(=O)N2CCN(c3ncnc4cc(-c5cn(C)nc5C)sc34)C[C@H]2C)c1,539,ligand_539,idx_538,CHEMBL6041488,ligand_0539
6gqj,ligand_0540,CHEMBL5973695,COc1cccc([C@H](C)NC(=O)N2CCN(c3ncnc4cc(C5=CC(C)(C)NC(C)(C)C5)sc34)CC2)c1,540,ligand_540,idx_539,CHEMBL5973695,ligand_0540
6gqj,ligand_0541,CHEMBL5973695,COc1cccc([C@H](C)NC(=O)N2CCN(c3ncnc4cc(C5=CC(C)(C)NC(C)(C)C5)sc34)CC2)c1,541,ligand_541,idx_540,CHEMBL5973695,ligand_0541
6gqj,ligand_0542,CHEMBL5990082,COc1cccc([C@H](C)NC(=O)N2CCN(c3ncnc4cc(N5CCC(F)(F)CC5)sc34)CC2(C)C)c1,542,ligand_542,idx_541,CHEMBL5990082,ligand_0542
6gqj,ligand_0543,CHEMBL5990082,COc1cccc([C@H](C)NC(=O)N2CCN(c3ncnc4cc(N5CCC(F)(F)CC5)sc34)CC2(C)C)c1,543,ligand_543,idx_542,CHEMBL5990082,ligand_0543
6gqj,ligand_0544,CHEMBL5873364,COc1cccc([C@H](C)NC(=O)N2CCN(c3ncnc4cc(N5CCOCC5)sc34)CC2(C)C)c1,544,ligand_544,idx_543,CHEMBL5873364,ligand_0544
6gqj,ligand_0545,CHEMBL5873364,COc1cccc([C@H](C)NC(=O)N2CCN(c3ncnc4cc(N5CCOCC5)sc34)CC2(C)C)c1,545,ligand_545,idx_544,CHEMBL5873364,ligand_0545
6gqj,ligand_0546,CHEMBL5933633,COc1cccc([C@H](C)NC(=O)N2CCN(c3ncnc4cc(N5CCOCC5)sc34)CC2)c1,546,ligand_546,idx_545,CHEMBL5933633,ligand_0546
6gqj,ligand_0547,CHEMBL1835746,COc1ccccc1Nc1nc(N)n(-c2cc(NCCN(C)C)ncn2)n1,547,ligand_547,idx_546,CHEMBL1835746,ligand_0547
6gqj,ligand_0548,CHEMBL1835741,COc1ccccc1Nc1nc(N)n(-c2ccccn2)n1,548,ligand_548,idx_547,CHEMBL1835741,ligand_0548
6gqj,ligand_0549,CHEMBL5870982,COc1ncc(-c2[nH]c(C3(C)CCN(c4ncnc5[nH]c(-c6ccc(C#N)cc6)cc45)CC3)nc2C)cc1F,549,ligand_549,idx_548,CHEMBL5870982,ligand_0549
6gqj,ligand_0550,CHEMBL5959998,COc1ncc(-c2[nH]c(C3CCN(c4ncnc5[nH]c(-c6ccc(C#N)cc6)cc45)CC3)nc2C)cc1F,550,ligand_550,idx_549,CHEMBL5959998,ligand_0550
6gqj,ligand_0551,CHEMBL5765570,COc1ncc(-c2cc3c(N4CCC(c5nc(C)c(-c6ccccc6)[nH]5)CC4)ncnc3[nH]2)cn1,551,ligand_551,idx_550,CHEMBL5765570,ligand_0551
6gqj,ligand_0552,CHEMBL5810805,COc1ncc(-c2cc3c(N4CCN(C(=O)NCc5ccc(F)cc5)CC4)ncnc3[nH]2)cn1,552,ligand_552,idx_551,CHEMBL5810805,ligand_0552
6gqj,ligand_0553,CHEMBL5851816,COc1ncc(-c2nc(C3(C)CCN(c4ncnc5[nH]c(C)cc45)CC3)[nH]c2C)cc1F,553,ligand_553,idx_552,CHEMBL5851816,ligand_0553
6gqj,ligand_0554,CHEMBL5851816,COc1ncc(-c2nc(C3(C)CCN(c4ncnc5[nH]c(C)cc45)CC3)[nH]c2C)cc1F,554,ligand_554,idx_553,CHEMBL5851816,ligand_0554
6gqj,ligand_0555,CHEMBL5790366,COc1ncc(CNC(=O)N2CCN(c3ncnc4[nH]c(-c5ccc(F)cc5)cc34)CC2)cc1F,555,ligand_555,idx_554,CHEMBL5790366,ligand_0555
6gqj,ligand_0556,CHEMBL5790366,COc1ncc(CNC(=O)N2CCN(c3ncnc4[nH]c(-c5ccc(F)cc5)cc34)CC2)cc1F,556,ligand_556,idx_555,CHEMBL5790366,ligand_0556
6gqj,ligand_0557,CHEMBL6036947,COc1ncc(F)cc1CNC(=O)N1CCN(c2ncnc3[nH]c(-c4cccnc4)cc23)CC1,557,ligand_557,idx_556,CHEMBL6036947,ligand_0557
6gqj,ligand_0558,CHEMBL1978448,CS(=O)(=O)N(Cc1ccc2[nH]c(=O)c3cccn3c2c1)C1CC1,558,ligand_558,idx_557,CHEMBL1978448,ligand_0558
6gqj,ligand_0559,CHEMBL6023872,CS(=O)(=O)N1CC=C(c2cc3ncnc(N4CCN(C(=O)NCc5ccc(F)cc5)CC4)c3s2)CC1,559,ligand_559,idx_558,CHEMBL6023872,ligand_0559
6gqj,ligand_0560,CHEMBL6023872,CS(=O)(=O)N1CC=C(c2cc3ncnc(N4CCN(C(=O)NCc5ccc(F)cc5)CC4)c3s2)CC1,560,ligand_560,idx_559,CHEMBL6023872,ligand_0560
6gqj,ligand_0561,CHEMBL5982843,CS(=O)(=O)Nc1cc(F)c(-c2ncnc3[nH]c(-c4ccc(F)cc4)cc23)cc1F,561,ligand_561,idx_560,CHEMBL5982843,ligand_0561
6gqj,ligand_0562,CHEMBL5758887,CS(=O)(=O)Nc1ccc(-c2cc3c(-c4ccc(NS(C)(=O)=O)cc4F)ncnc3[nH]2)c(F)c1,562,ligand_562,idx_561,CHEMBL5758887,ligand_0562
6gqj,ligand_0563,CHEMBL6016279,CS(=O)(=O)Nc1ccc(-c2cc3c(N4CCN(C(=O)Nc5ccc(OC(F)(F)F)cc5)CC4)ncnc3[nH]2)cc1,563,ligand_563,idx_562,CHEMBL6016279,ligand_0563
6gqj,ligand_0564,CHEMBL5941436,CS(=O)(=O)Nc1ccc(-c2ncnc3[nH]c(-c4cc(F)ccc4F)cc23)c(F)c1,564,ligand_564,idx_563,CHEMBL5941436,ligand_0564
6gqj,ligand_0565,CHEMBL5941436,CS(=O)(=O)Nc1ccc(-c2ncnc3[nH]c(-c4cc(F)ccc4F)cc23)c(F)c1,565,ligand_565,idx_564,CHEMBL5941436,ligand_0565
6gqj,ligand_0566,CHEMBL5781729,CS(=O)(=O)Nc1ccc(-c2ncnc3[nH]c(-c4ccc(F)cc4)cc23)c(F)c1,566,ligand_566,idx_565,CHEMBL5781729,ligand_0566
6gqj,ligand_0567,CHEMBL5785741,CS(=O)(=O)Nc1ccc(-c2ncnc3[nH]c(-c4ccc(F)cc4)cc23)c(F)c1F,567,ligand_567,idx_566,CHEMBL5785741,ligand_0567
6gqj,ligand_0568,CHEMBL5785741,CS(=O)(=O)Nc1ccc(-c2ncnc3[nH]c(-c4ccc(F)cc4)cc23)c(F)c1F,568,ligand_568,idx_567,CHEMBL5785741,ligand_0568
6gqj,ligand_0569,CHEMBL5767404,CS(=O)(=O)Nc1ccc(-c2ncnc3[nH]c(-c4ccc(F)cc4)cc23)cc1,569,ligand_569,idx_568,CHEMBL5767404,ligand_0569
6gqj,ligand_0570,CHEMBL5989355,CS(=O)(=O)Nc1ccc(-c2ncnc3[nH]c(-c4ccc(F)cc4)cc23)cc1F,570,ligand_570,idx_569,CHEMBL5989355,ligand_0570
6gqj,ligand_0571,CHEMBL6033038,CS(=O)(=O)Nc1ccc(-c2ncnc3[nH]c(-c4ccc(F)cc4F)cc23)c(F)c1,571,ligand_571,idx_570,CHEMBL6033038,ligand_0571
6gqj,ligand_0572,CHEMBL5951845,CS(=O)(=O)Nc1ccc(-c2ncnc3cc(C4=CCN(C(=O)C5CC5)CC4)sc23)cc1,572,ligand_572,idx_571,CHEMBL5951845,ligand_0572
6gqj,ligand_0573,CHEMBL5818440,CS(=O)(=O)Nc1ccc(-c2ncnc3cc(C4=CCN(C(=O)N5CCOCC5)CC4)sc23)cc1,573,ligand_573,idx_572,CHEMBL5818440,ligand_0573
6gqj,ligand_0574,CHEMBL5964600,CS(=O)(=O)Nc1ccc(-c2ncnc3cc4c(cc23)OCCO4)c(F)c1,574,ligand_574,idx_573,CHEMBL5964600,ligand_0574
6gqj,ligand_0575,CHEMBL5971603,CS(=O)(=O)Nc1cccc(-c2cc3c(N4CCN(C(=O)NCc5ccc(F)cc5)CC4)ncnc3[nH]2)c1,575,ligand_575,idx_574,CHEMBL5971603,ligand_0575
6gqj,ligand_0576,CHEMBL5971603,CS(=O)(=O)Nc1cccc(-c2cc3c(N4CCN(C(=O)NCc5ccc(F)cc5)CC4)ncnc3[nH]2)c1,576,ligand_576,idx_575,CHEMBL5971603,ligand_0576
6gqj,ligand_0577,CHEMBL5801594,CS(=O)(=O)Nc1cccc(-c2cc3c(N4CCN(C(=O)Nc5ccc(OC(F)(F)F)cc5)CC4)ncnc3[nH]2)c1,577,ligand_577,idx_576,CHEMBL5801594,ligand_0577
6gqj,ligand_0578,CHEMBL5801594,CS(=O)(=O)Nc1cccc(-c2cc3c(N4CCN(C(=O)Nc5ccc(OC(F)(F)F)cc5)CC4)ncnc3[nH]2)c1,578,ligand_578,idx_577,CHEMBL5801594,ligand_0578
6gqj,ligand_0579,CHEMBL6023374,CS(=O)(=O)Nc1cccc(-c2ncnc3[nH]c(-c4ccc(F)cc4)cc23)c1,579,ligand_579,idx_578,CHEMBL6023374,ligand_0579
6gqj,ligand_0580,CHEMBL5805333,CS(=O)(=O)c1ccc(-c2ncnc3[nH]c(-c4ccc(F)cc4)cc23)cc1,580,ligand_580,idx_579,CHEMBL5805333,ligand_0580
6gqj,ligand_0581,CHEMBL2022856,C[C@@H](O)Cn1cc(-c2cnc(N)c3c(-c4ccc(NC(=O)Nc5cccc(F)c5)cc4)csc23)cn1,581,ligand_581,idx_580,CHEMBL2022856,ligand_0581
6gqj,ligand_0582,CHEMBL5964589,C[C@@H]1CN(c2ncnc3[nH]c(-c4ccc(Cl)cc4)cc23)CCN1C(=O)N[C@H](C)c1ccc(Cl)cc1,582,ligand_582,idx_581,CHEMBL5964589,ligand_0582
6gqj,ligand_0583,CHEMBL5746034,C[C@@H]1CN(c2ncnc3[nH]c(-c4ccc(Cl)cc4)cc23)CCN1C(=O)N[C@H](C)c1ccc(F)cc1,583,ligand_583,idx_582,CHEMBL5746034,ligand_0583
6gqj,ligand_0584,CHEMBL5827208,C[C@@H]1CN(c2ncnc3[nH]c(-c4ccc(F)cc4)cc23)CCN1C(=O)N[C@H](C)c1ccc(Cl)cc1,584,ligand_584,idx_583,CHEMBL5827208,ligand_0584
6gqj,ligand_0585,CHEMBL5999322,C[C@@H]1CN(c2ncnc3[nH]c(-c4ccc(F)cc4)cc23)CCN1C(=O)N[C@H](C)c1ccc(F)cc1,585,ligand_585,idx_584,CHEMBL5999322,ligand_0585
6gqj,ligand_0586,CHEMBL5969362,C[C@@H]1CN(c2ncnc3[nH]c(-c4ccncc4)cc23)CCN1C(=O)NCc1ccc(Cl)cc1,586,ligand_586,idx_585,CHEMBL5969362,ligand_0586
6gqj,ligand_0587,CHEMBL5818807,C[C@@H]1CN(c2ncnc3[nH]c(-c4ccncc4)cc23)CCN1C(=O)NCc1ccc(F)cc1,587,ligand_587,idx_586,CHEMBL5818807,ligand_0587
6gqj,ligand_0588,CHEMBL5818807,C[C@@H]1CN(c2ncnc3[nH]c(-c4ccncc4)cc23)CCN1C(=O)NCc1ccc(F)cc1,588,ligand_588,idx_587,CHEMBL5818807,ligand_0588
6gqj,ligand_0589,CHEMBL5875797,C[C@@H]1CN(c2ncnc3[nH]c(-c4ccncc4)cc23)CCN1C(=O)NCc1cccc(Cl)c1,589,ligand_589,idx_588,CHEMBL5875797,ligand_0589
6gqj,ligand_0590,CHEMBL5875797,C[C@@H]1CN(c2ncnc3[nH]c(-c4ccncc4)cc23)CCN1C(=O)NCc1cccc(Cl)c1,590,ligand_590,idx_589,CHEMBL5875797,ligand_0590
6gqj,ligand_0591,CHEMBL6053241,C[C@@H]1CN(c2ncnc3[nH]c(-c4ccncc4)cc23)CCN1C(=O)Nc1ccc(Cl)cc1,591,ligand_591,idx_590,CHEMBL6053241,ligand_0591
6gqj,ligand_0592,CHEMBL6053692,C[C@@H]1CN(c2ncnc3[nH]c(-c4ccncc4)cc23)CCN1C(=O)Nc1ccc(F)c(Cl)c1,592,ligand_592,idx_591,CHEMBL6053692,ligand_0592
6gqj,ligand_0593,CHEMBL6053692,C[C@@H]1CN(c2ncnc3[nH]c(-c4ccncc4)cc23)CCN1C(=O)Nc1ccc(F)c(Cl)c1,593,ligand_593,idx_592,CHEMBL6053692,ligand_0593
6gqj,ligand_0594,CHEMBL5795618,C[C@@H]1CN(c2ncnc3[nH]c(-c4ccncc4)cc23)CCN1C(=O)Nc1ccc(OC(F)(F)F)cc1,594,ligand_594,idx_593,CHEMBL5795618,ligand_0594
6gqj,ligand_0595,CHEMBL5909220,C[C@@H]1CN(c2ncnc3cc(-c4ccc(F)cc4)sc23)CCN1C(=O)NCc1ccc(F)cc1,595,ligand_595,idx_594,CHEMBL5909220,ligand_0595
6gqj,ligand_0596,CHEMBL5863979,C[C@@H]1CN(c2ncnc3cc(-c4ccc(F)cc4)sc23)CCN1C(=O)N[C@H](C)c1ccc(F)cc1,596,ligand_596,idx_595,CHEMBL5863979,ligand_0596
6gqj,ligand_0597,CHEMBL5764112,C[C@H](NC(=O)N1CC2CCC1CN2c1ncnc2cc(-c3ccc(F)cc3)sc12)c1cccc(Cl)c1,597,ligand_597,idx_596,CHEMBL5764112,ligand_0597
6gqj,ligand_0598,CHEMBL5903811,C[C@H](NC(=O)N1CC=C(c2ncnc3cc(-c4ccc(F)cc4)sc23)CC1)c1cccc(Cl)c1,598,ligand_598,idx_597,CHEMBL5903811,ligand_0598
6gqj,ligand_0599,CHEMBL5967288,C[C@H](NC(=O)N1CC=C(c2ncnc3cc(-c4ccc(F)cc4)sc23)CC1)c1cccc(OC(F)F)c1,599,ligand_599,idx_598,CHEMBL5967288,ligand_0599
6gqj,ligand_0600,CHEMBL5983976,C[C@H](NC(=O)N1CCN(c2ncnc3[nH]c(-c4ccc(C#N)cc4)cc23)CC1(C)C)c1ccc(F)cc1,600,ligand_600,idx_599,CHEMBL5983976,ligand_0600
6gqj,ligand_0601,CHEMBL5862079,C[C@H](NC(=O)N1CCN(c2ncnc3[nH]c(-c4ccc(C#N)cc4)cc23)CC1(C)C)c1cccc(Cl)c1,601,ligand_601,idx_600,CHEMBL5862079,ligand_0601
6gqj,ligand_0602,CHEMBL5758925,C[C@H](NC(=O)N1CCN(c2ncnc3[nH]c(-c4ccc(C#N)cc4)cc23)CC1(C)C)c1cccc(F)c1,602,ligand_602,idx_601,CHEMBL5758925,ligand_0602
6gqj,ligand_0603,CHEMBL5758925,C[C@H](NC(=O)N1CCN(c2ncnc3[nH]c(-c4ccc(C#N)cc4)cc23)CC1(C)C)c1cccc(F)c1,603,ligand_603,idx_602,CHEMBL5758925,ligand_0603
6gqj,ligand_0604,CHEMBL5953360,C[C@H](NC(=O)N1CCN(c2ncnc3[nH]c(-c4ccc(C#N)cc4)cc23)CC1(C)C)c1cccc(OC(F)F)c1,604,ligand_604,idx_603,CHEMBL5953360,ligand_0604
6gqj,ligand_0605,CHEMBL5892232,C[C@H](NC(=O)N1CCN(c2ncnc3[nH]c(-c4ccc(C#N)cc4)cc23)CC1)c1ccc(Cl)cc1,605,ligand_605,idx_604,CHEMBL5892232,ligand_0605
6gqj,ligand_0606,CHEMBL5870253,C[C@H](NC(=O)N1CCN(c2ncnc3[nH]c(-c4ccc(C#N)cc4)cc23)CC1)c1ccc(F)cc1,606,ligand_606,idx_605,CHEMBL5870253,ligand_0606
6gqj,ligand_0607,CHEMBL5767156,C[C@H](NC(=O)N1CCN(c2ncnc3[nH]c(-c4ccc(C#N)cc4)cc23)CC1)c1cccc(Cl)c1,607,ligand_607,idx_606,CHEMBL5767156,ligand_0607
6gqj,ligand_0608,CHEMBL5767156,C[C@H](NC(=O)N1CCN(c2ncnc3[nH]c(-c4ccc(C#N)cc4)cc23)CC1)c1cccc(Cl)c1,608,ligand_608,idx_607,CHEMBL5767156,ligand_0608
6gqj,ligand_0609,CHEMBL6012180,C[C@H](NC(=O)N1CCN(c2ncnc3[nH]c(-c4ccc(C#N)cc4)cc23)C[C@H]1C)c1ccc(Cl)cc1,609,ligand_609,idx_608,CHEMBL6012180,ligand_0609
6gqj,ligand_0610,CHEMBL5833369,C[C@H](NC(=O)N1CCN(c2ncnc3[nH]c(-c4ccc(C#N)cc4)cc23)C[C@H]1C)c1ccc(F)cc1,610,ligand_610,idx_609,CHEMBL5833369,ligand_0610
6gqj,ligand_0611,CHEMBL5943356,C[C@H](NC(=O)N1CCN(c2ncnc3[nH]c(-c4ccc(C#N)cc4)cc23)C[C@H]1C)c1cccc(Cl)c1,611,ligand_611,idx_610,CHEMBL5943356,ligand_0611
6gqj,ligand_0612,CHEMBL5942533,C[C@H](NC(=O)N1CCN(c2ncnc3[nH]c(-c4ccc(C#N)cc4)cc23)C[C@H]1C)c1cccc(F)c1,612,ligand_612,idx_611,CHEMBL5942533,ligand_0612
6gqj,ligand_0613,CHEMBL5821588,C[C@H](NC(=O)N1CCN(c2ncnc3[nH]c(-c4ccc(C#N)cc4)cc23)C[C@H]1C)c1cccc(OC(F)F)c1,613,ligand_613,idx_612,CHEMBL5821588,ligand_0613
6gqj,ligand_0614,CHEMBL5761807,C[C@H](NC(=O)N1CCN(c2ncnc3[nH]c(-c4ccc(Cl)cc4)cc23)CC1)c1ccc(Cl)cc1,614,ligand_614,idx_613,CHEMBL5761807,ligand_0614
6gqj,ligand_0615,CHEMBL5869659,C[C@H](NC(=O)N1CCN(c2ncnc3[nH]c(-c4ccc(Cl)cc4)cc23)C[C@H]1C)c1ccc(Cl)cc1,615,ligand_615,idx_614,CHEMBL5869659,ligand_0615
6gqj,ligand_0616,CHEMBL5819347,C[C@H](NC(=O)N1CCN(c2ncnc3[nH]c(-c4ccc(Cl)cc4)cc23)C[C@H]1C)c1ccc(F)cc1,616,ligand_616,idx_615,CHEMBL5819347,ligand_0616
6gqj,ligand_0617,CHEMBL5898158,C[C@H](NC(=O)N1CCN(c2ncnc3[nH]c(-c4ccc(F)cc4)cc23)CC1(C)C)c1ccc(Cl)cc1,617,ligand_617,idx_616,CHEMBL5898158,ligand_0617
6gqj,ligand_0618,CHEMBL5898158,C[C@H](NC(=O)N1CCN(c2ncnc3[nH]c(-c4ccc(F)cc4)cc23)CC1(C)C)c1ccc(Cl)cc1,618,ligand_618,idx_617,CHEMBL5898158,ligand_0618
6gqj,ligand_0619,CHEMBL6042799,C[C@H](NC(=O)N1CCN(c2ncnc3[nH]c(-c4ccc(F)cc4)cc23)CC1(C)C)c1ccc(F)cc1,619,ligand_619,idx_618,CHEMBL6042799,ligand_0619
6gqj,ligand_0620,CHEMBL6042799,C[C@H](NC(=O)N1CCN(c2ncnc3[nH]c(-c4ccc(F)cc4)cc23)CC1(C)C)c1ccc(F)cc1,620,ligand_620,idx_619,CHEMBL6042799,ligand_0620
6gqj,ligand_0621,CHEMBL5937244,C[C@H](NC(=O)N1CCN(c2ncnc3[nH]c(-c4ccc(F)cc4)cc23)CC1(C)C)c1cccc(Cl)c1,621,ligand_621,idx_620,CHEMBL5937244,ligand_0621
6gqj,ligand_0622,CHEMBL5937244,C[C@H](NC(=O)N1CCN(c2ncnc3[nH]c(-c4ccc(F)cc4)cc23)CC1(C)C)c1cccc(Cl)c1,622,ligand_622,idx_621,CHEMBL5937244,ligand_0622
6gqj,ligand_0623,CHEMBL5965760,C[C@H](NC(=O)N1CCN(c2ncnc3[nH]c(-c4ccc(F)cc4)cc23)CC1(C)C)c1cccc(F)c1,623,ligand_623,idx_622,CHEMBL5965760,ligand_0623
6gqj,ligand_0624,CHEMBL5965760,C[C@H](NC(=O)N1CCN(c2ncnc3[nH]c(-c4ccc(F)cc4)cc23)CC1(C)C)c1cccc(F)c1,624,ligand_624,idx_623,CHEMBL5965760,ligand_0624
6gqj,ligand_0625,CHEMBL5765042,C[C@H](NC(=O)N1CCN(c2ncnc3[nH]c(-c4ccc(F)cc4)cc23)CC1(C)C)c1cccc(OC(F)F)c1,625,ligand_625,idx_624,CHEMBL5765042,ligand_0625
6gqj,ligand_0626,CHEMBL5765042,C[C@H](NC(=O)N1CCN(c2ncnc3[nH]c(-c4ccc(F)cc4)cc23)CC1(C)C)c1cccc(OC(F)F)c1,626,ligand_626,idx_625,CHEMBL5765042,ligand_0626
6gqj,ligand_0627,CHEMBL6044236,C[C@H](NC(=O)N1CCN(c2ncnc3[nH]c(-c4ccc(F)cc4)cc23)CC1)c1ccc(Cl)cc1,627,ligand_627,idx_626,CHEMBL6044236,ligand_0627
6gqj,ligand_0628,CHEMBL5773208,C[C@H](NC(=O)N1CCN(c2ncnc3[nH]c(-c4ccc(F)cc4)cc23)CC1)c1ccc(F)cc1,628,ligand_628,idx_627,CHEMBL5773208,ligand_0628
6gqj,ligand_0629,CHEMBL5898634,C[C@H](NC(=O)N1CCN(c2ncnc3[nH]c(-c4ccc(F)cc4)cc23)CC1)c1cccc(C(F)(F)F)c1,629,ligand_629,idx_628,CHEMBL5898634,ligand_0629
6gqj,ligand_0630,CHEMBL5907706,C[C@H](NC(=O)N1CCN(c2ncnc3[nH]c(-c4ccc(F)cc4)cc23)CC1)c1cccc(Cl)c1,630,ligand_630,idx_629,CHEMBL5907706,ligand_0630
6gqj,ligand_0631,CHEMBL5769221,C[C@H](NC(=O)N1CCN(c2ncnc3[nH]c(-c4ccc(F)cc4)cc23)CC1)c1cccc(F)c1,631,ligand_631,idx_630,CHEMBL5769221,ligand_0631
6gqj,ligand_0632,CHEMBL5884567,C[C@H](NC(=O)N1CCN(c2ncnc3[nH]c(-c4ccc(F)cc4)cc23)CC1)c1cccc(N(C)C)c1,632,ligand_632,idx_631,CHEMBL5884567,ligand_0632
6gqj,ligand_0633,CHEMBL5884567,C[C@H](NC(=O)N1CCN(c2ncnc3[nH]c(-c4ccc(F)cc4)cc23)CC1)c1cccc(N(C)C)c1,633,ligand_633,idx_632,CHEMBL5884567,ligand_0633
6gqj,ligand_0634,CHEMBL6041161,C[C@H](NC(=O)N1CCN(c2ncnc3[nH]c(-c4ccc(F)cc4)cc23)CC1)c1cccc(OC(F)(F)F)c1,634,ligand_634,idx_633,CHEMBL6041161,ligand_0634
6gqj,ligand_0635,CHEMBL5964274,C[C@H](NC(=O)N1CCN(c2ncnc3[nH]c(-c4ccc(F)cc4)cc23)CC1)c1cccc(OC(F)F)c1,635,ligand_635,idx_634,CHEMBL5964274,ligand_0635
6gqj,ligand_0636,CHEMBL5964274,C[C@H](NC(=O)N1CCN(c2ncnc3[nH]c(-c4ccc(F)cc4)cc23)CC1)c1cccc(OC(F)F)c1,636,ligand_636,idx_635,CHEMBL5964274,ligand_0636
6gqj,ligand_0637,CHEMBL5962116,C[C@H](NC(=O)N1CCN(c2ncnc3[nH]c(-c4ccc(F)cc4)cc23)CC1)c1cccc2ccccc12,637,ligand_637,idx_636,CHEMBL5962116,ligand_0637
6gqj,ligand_0638,CHEMBL6042835,C[C@H](NC(=O)N1CCN(c2ncnc3[nH]c(-c4ccc(F)cc4)cc23)C[C@H]1C)c1ccc(Cl)cc1,638,ligand_638,idx_637,CHEMBL6042835,ligand_0638
6gqj,ligand_0639,CHEMBL5801573,C[C@H](NC(=O)N1CCN(c2ncnc3[nH]c(-c4ccc(F)cc4)cc23)C[C@H]1C)c1ccc(F)cc1,639,ligand_639,idx_638,CHEMBL5801573,ligand_0639
6gqj,ligand_0640,CHEMBL6022898,C[C@H](NC(=O)N1CCN(c2ncnc3[nH]c(-c4ccc(F)cc4)cc23)C[C@H]1C)c1cccc(Cl)c1,640,ligand_640,idx_639,CHEMBL6022898,ligand_0640
6gqj,ligand_0641,CHEMBL5822093,C[C@H](NC(=O)N1CCN(c2ncnc3[nH]c(-c4ccc(F)cc4)cc23)C[C@H]1C)c1cccc(OC(F)F)c1,641,ligand_641,idx_640,CHEMBL5822093,ligand_0641
6gqj,ligand_0642,CHEMBL5822093,C[C@H](NC(=O)N1CCN(c2ncnc3[nH]c(-c4ccc(F)cc4)cc23)C[C@H]1C)c1cccc(OC(F)F)c1,642,ligand_642,idx_641,CHEMBL5822093,ligand_0642
6gqj,ligand_0643,CHEMBL5890682,C[C@H](NC(=O)N1CCN(c2ncnc3[nH]c(-c4cccnc4)cc23)CC1)c1ccc(Cl)cc1,643,ligand_643,idx_642,CHEMBL5890682,ligand_0643
6gqj,ligand_0644,CHEMBL5890682,C[C@H](NC(=O)N1CCN(c2ncnc3[nH]c(-c4cccnc4)cc23)CC1)c1ccc(Cl)cc1,644,ligand_644,idx_643,CHEMBL5890682,ligand_0644
6gqj,ligand_0645,CHEMBL5966864,C[C@H](NC(=O)N1CCN(c2ncnc3[nH]c(-c4ccncc4)cc23)C[C@H]1C)c1ccc(Cl)cc1,645,ligand_645,idx_644,CHEMBL5966864,ligand_0645
6gqj,ligand_0646,CHEMBL5769233,C[C@H](NC(=O)N1CCN(c2ncnc3[nH]c(-c4ccncc4)cc23)C[C@H]1C)c1ccc(F)cc1,646,ligand_646,idx_645,CHEMBL5769233,ligand_0646
6gqj,ligand_0647,CHEMBL5769233,C[C@H](NC(=O)N1CCN(c2ncnc3[nH]c(-c4ccncc4)cc23)C[C@H]1C)c1ccc(F)cc1,647,ligand_647,idx_646,CHEMBL5769233,ligand_0647
6gqj,ligand_0648,CHEMBL6061465,C[C@H](NC(=O)N1CCN(c2ncnc3[nH]c(-c4cnn(C)c4)cc23)CC1(C)C)c1ccc(Cl)cc1,648,ligand_648,idx_647,CHEMBL6061465,ligand_0648
6gqj,ligand_0649,CHEMBL5902437,C[C@H](NC(=O)N1CCN(c2ncnc3[nH]c(-c4cnn(C)c4)cc23)CC1(C)C)c1ccc(F)cc1,649,ligand_649,idx_648,CHEMBL5902437,ligand_0649
6gqj,ligand_0650,CHEMBL5881957,C[C@H](NC(=O)N1CCN(c2ncnc3[nH]c(-c4cnn(C)c4)cc23)CC1)c1ccc(Cl)cc1,650,ligand_650,idx_649,CHEMBL5881957,ligand_0650
6gqj,ligand_0651,CHEMBL6007563,C[C@H](NC(=O)N1CCN(c2ncnc3[nH]c(-c4cnn(C)c4)cc23)CC1)c1ccc(F)cc1,651,ligand_651,idx_650,CHEMBL6007563,ligand_0651
6gqj,ligand_0652,CHEMBL6007563,C[C@H](NC(=O)N1CCN(c2ncnc3[nH]c(-c4cnn(C)c4)cc23)CC1)c1ccc(F)cc1,652,ligand_652,idx_651,CHEMBL6007563,ligand_0652
6gqj,ligand_0653,CHEMBL5999148,C[C@H](NC(=O)N1CCN(c2ncnc3[nH]c(-c4cnn(C)c4)cc23)C[C@H]1C)c1ccc(Cl)cc1,653,ligand_653,idx_652,CHEMBL5999148,ligand_0653
6gqj,ligand_0654,CHEMBL5999148,C[C@H](NC(=O)N1CCN(c2ncnc3[nH]c(-c4cnn(C)c4)cc23)C[C@H]1C)c1ccc(Cl)cc1,654,ligand_654,idx_653,CHEMBL5999148,ligand_0654
6gqj,ligand_0655,CHEMBL5855012,C[C@H](NC(=O)N1CCN(c2ncnc3[nH]c(-c4cnn(C)c4)cc23)C[C@H]1C)c1ccc(F)cc1,655,ligand_655,idx_654,CHEMBL5855012,ligand_0655
6gqj,ligand_0656,CHEMBL6064524,C[C@H](NC(=O)N1CCN(c2ncnc3cc(-c4ccc(F)cc4)sc23)CC1(C)C)c1ccc(Cl)cc1,656,ligand_656,idx_655,CHEMBL6064524,ligand_0656
6gqj,ligand_0657,CHEMBL5828731,C[C@H](NC(=O)N1CCN(c2ncnc3cc(-c4ccc(F)cc4)sc23)CC1(C)C)c1ccc(F)cc1,657,ligand_657,idx_656,CHEMBL5828731,ligand_0657
6gqj,ligand_0658,CHEMBL6022821,C[C@H](NC(=O)N1CCN(c2ncnc3cc(-c4ccc(F)cc4)sc23)CC1(C)C)c1cccc(Cl)c1,658,ligand_658,idx_657,CHEMBL6022821,ligand_0658
6gqj,ligand_0659,CHEMBL5875985,C[C@H](NC(=O)N1CCN(c2ncnc3cc(-c4ccc(F)cc4)sc23)CC1(C)C)c1cccc(F)c1,659,ligand_659,idx_658,CHEMBL5875985,ligand_0659
6gqj,ligand_0660,CHEMBL5999279,C[C@H](NC(=O)N1CCN(c2ncnc3cc(-c4ccc(F)cc4)sc23)CC1(C)C)c1cccc(OC(F)F)c1,660,ligand_660,idx_659,CHEMBL5999279,ligand_0660
6gqj,ligand_0661,CHEMBL5808048,C[C@H](NC(=O)N1CCN(c2ncnc3cc(-c4ccc(F)cc4)sc23)C[C@H]1C)c1ccc(F)cc1,661,ligand_661,idx_660,CHEMBL5808048,ligand_0661
6gqj,ligand_0662,CHEMBL5869522,C[C@H](NC(=O)N1CCN(c2ncnc3cc(-c4ccc(F)cc4)sc23)C[C@H]1C)c1cccc(F)c1,662,ligand_662,idx_661,CHEMBL5869522,ligand_0662
6gqj,ligand_0663,CHEMBL5907115,C[C@H](NC(=O)N1CCN(c2ncnc3cc(-c4ccc(F)cc4)sc23)C[C@H]1C)c1cccc(OC(F)F)c1,663,ligand_663,idx_662,CHEMBL5907115,ligand_0663
6gqj,ligand_0664,CHEMBL5907115,C[C@H](NC(=O)N1CCN(c2ncnc3cc(-c4ccc(F)cc4)sc23)C[C@H]1C)c1cccc(OC(F)F)c1,664,ligand_664,idx_663,CHEMBL5907115,ligand_0664
6gqj,ligand_0665,CHEMBL5909881,C[C@H](NC(=O)N1CCN(c2ncnc3cc(Br)sc23)CC1)c1ccc(F)cc1,665,ligand_665,idx_664,CHEMBL5909881,ligand_0665
6gqj,ligand_0666,CHEMBL5904128,C[C@H](NC(=O)N1CCN(c2ncnc3cc(C4=CC(C)(C)NC(C)(C)C4)sc23)CC1)c1cccc(Cl)c1,666,ligand_666,idx_665,CHEMBL5904128,ligand_0666
6gqj,ligand_0667,CHEMBL5899145,C[C@H](NC(=O)N1CCN(c2ncnc3cc(C4=CCN(C(=O)C5CC5)CC4)sc23)CC1(C)C)c1cccc(Cl)c1,667,ligand_667,idx_666,CHEMBL5899145,ligand_0667
6gqj,ligand_0668,CHEMBL5811348,C[C@H](NC(=O)N1CCN(c2ncnc3cc(C4=CCN(S(C)(=O)=O)CC4)sc23)CC1(C)C)c1cccc(Cl)c1,668,ligand_668,idx_667,CHEMBL5811348,ligand_0668
6gqj,ligand_0669,CHEMBL5811348,C[C@H](NC(=O)N1CCN(c2ncnc3cc(C4=CCN(S(C)(=O)=O)CC4)sc23)CC1(C)C)c1cccc(Cl)c1,669,ligand_669,idx_668,CHEMBL5811348,ligand_0669
6gqj,ligand_0670,CHEMBL5856401,C[C@H](NC(=O)N1CCN(c2ncnc3cc(N4CCOCC4)sc23)CC1(C)C)c1cccc(Cl)c1,670,ligand_670,idx_669,CHEMBL5856401,ligand_0670
6gqj,ligand_0671,CHEMBL5856401,C[C@H](NC(=O)N1CCN(c2ncnc3cc(N4CCOCC4)sc23)CC1(C)C)c1cccc(Cl)c1,671,ligand_671,idx_670,CHEMBL5856401,ligand_0671
6gqj,ligand_0672,CHEMBL5808440,C[C@H](NC(=O)N1CCN(c2ncnc3cc(N4CCOCC4)sc23)CC1)c1ccc(F)cc1,672,ligand_672,idx_671,CHEMBL5808440,ligand_0672
6gqj,ligand_0673,CHEMBL5914918,C[C@H](NC(=O)N1CCN(c2ncnc3ccsc23)CC1(C)C)c1cccc(Cl)c1,673,ligand_673,idx_672,CHEMBL5914918,ligand_0673
6gqj,ligand_0674,CHEMBL5899750,C[C@H]1CN(c2ncnc3[nH]c(-c4ccncc4)cc23)CCN1,674,ligand_674,idx_673,CHEMBL5899750,ligand_0674
6gqj,ligand_0675,CHEMBL6010296,C[C@H]1CN(c2ncnc3[nH]c(-c4ccncc4)cc23)CCN1C(=O)NCc1ccc(Cl)cc1,675,ligand_675,idx_674,CHEMBL6010296,ligand_0675
6gqj,ligand_0676,CHEMBL5959997,C[C@H]1CN(c2ncnc3[nH]c(-c4ccncc4)cc23)CCN1C(=O)NCc1ccc(F)cc1,676,ligand_676,idx_675,CHEMBL5959997,ligand_0676
6gqj,ligand_0677,CHEMBL6007961,C[C@H]1CN(c2ncnc3[nH]c(-c4ccncc4)cc23)CCN1C(=O)NCc1cccc(Cl)c1,677,ligand_677,idx_676,CHEMBL6007961,ligand_0677
6gqj,ligand_0678,CHEMBL5852527,C[C@H]1CN(c2ncnc3[nH]c(-c4ccncc4)cc23)CCN1C(=O)Nc1ccc(Cl)cc1,678,ligand_678,idx_677,CHEMBL5852527,ligand_0678
6gqj,ligand_0679,CHEMBL5743681,C[C@H]1CN(c2ncnc3[nH]c(-c4ccncc4)cc23)CCN1C(=O)Nc1ccc(OC(F)(F)F)cc1,679,ligand_679,idx_678,CHEMBL5743681,ligand_0679
6gqj,ligand_0680,CHEMBL3288854,Cc1[nH]c(/C=C2\C(=O)Nc3ccc(F)cc32)c(C)c1NC(=O)CCN1CCN(C)CC1,680,ligand_680,idx_679,CHEMBL3288854,ligand_0680
6gqj,ligand_0681,CHEMBL5978487,Cc1[nH]c(C2CCN(c3ncnc4[nH]c(-c5ccncc5)cc34)CC2)nc1-c1ccccc1,681,ligand_681,idx_680,CHEMBL5978487,ligand_0681
6gqj,ligand_0682,CHEMBL6053128,Cc1[nH]nc(C(=O)Nc2cnc3[nH]c(-c4cccc(N5CCOCC5)c4)cc3c2)c1C,682,ligand_682,idx_681,CHEMBL6053128,ligand_0682
6gqj,ligand_0683,CHEMBL5095229,Cc1[nH]nc(C(=O)Nc2cnc3[nH]c(-c4ccccc4)cc3c2)c1C,683,ligand_683,idx_682,CHEMBL5095229,ligand_0683
6gqj,ligand_0684,CHEMBL5941694,Cc1[nH]nc(C(=O)Nc2cnc3[nH]c(-c4ccnc(N5CCN(C)CC5)c4)cc3c2)c1C,684,ligand_684,idx_683,CHEMBL5941694,ligand_0684
6gqj,ligand_0685,CHEMBL5745057,Cc1[nH]nc(C(=O)Nc2cnc3cc(-c4ccc(F)cc4)nn3c2)c1C,685,ligand_685,idx_684,CHEMBL5745057,ligand_0685
6gqj,ligand_0686,CHEMBL5966882,Cc1c(-c2cc3ncnc(N4CCN(C(=O)NCc5ccc(F)cc5)CC4)c3s2)cnn1C,686,ligand_686,idx_685,CHEMBL5966882,ligand_0686
6gqj,ligand_0687,CHEMBL5966882,Cc1c(-c2cc3ncnc(N4CCN(C(=O)NCc5ccc(F)cc5)CC4)c3s2)cnn1C,687,ligand_687,idx_686,CHEMBL5966882,ligand_0687
6gqj,ligand_0688,CHEMBL1968791,Cc1c(-c2cccc(OCc3ccccc3)c2)c2c(N)ncnc2n1C1CC(CN2CCCC2)C1,688,ligand_688,idx_687,CHEMBL1968791,ligand_0688
6gqj,ligand_0689,CHEMBL2007151,Cc1c(-c2cccc(OCc3ccccc3)c2)c2c(N)ncnc2n1C1CCC(N2CCCC2)CC1,689,ligand_689,idx_688,CHEMBL2007151,ligand_0689
6gqj,ligand_0690,CHEMBL4862702,Cc1c(F)cncc1-c1ccc2nc(NC(=O)[C@@H]3C[C@@H]3F)sc2c1,690,ligand_690,idx_689,CHEMBL4862702,ligand_0690
6gqj,ligand_0691,CHEMBL5917841,Cc1c(O)cccc1-c1ccc2nc(NC(=O)[C@@H]3C[C@@H]3F)sc2c1,691,ligand_691,idx_690,CHEMBL5917841,ligand_0691
6gqj,ligand_0692,CHEMBL1971943,Cc1c[nH]c2nccc(Oc3c(F)cc(Nc4cc(Cl)nc(N)n4)cc3F)c12,692,ligand_692,idx_691,CHEMBL1971943,ligand_0692
6gqj,ligand_0693,CHEMBL5966433,Cc1cc(-c2cc3cc(NC(=O)c4[nH]nc(C)c4C)cnc3[nH]2)cnc1C,693,ligand_693,idx_692,CHEMBL5966433,ligand_0693
6gqj,ligand_0694,CHEMBL5934999,Cc1cc(-c2cncc(-c3ccnc(Nc4cc(NC(=O)c5ccc(CN6CCN(C)CC6)cc5)ccc4C)n3)c2)sn1,694,ligand_694,idx_693,CHEMBL5934999,ligand_0694
6gqj,ligand_0695,CHEMBL5756470,Cc1cc(-c2cncc(-c3ccnc(Nc4cc(NC(=O)c5ccc(CN6CCNCC6)cc5)ccc4C)n3)c2)on1,695,ligand_695,idx_694,CHEMBL5756470,ligand_0695
6gqj,ligand_0696,CHEMBL5961355,Cc1cc(C(=O)Nc2cnc3[nH]c(-c4ccccc4)nc3c2)[nH]n1,696,ligand_696,idx_695,CHEMBL5961355,ligand_0696
6gqj,ligand_0697,CHEMBL5952315,Cc1cc(C(=O)Nc2cnc3[nH]c(-n4cccn4)cc3c2)[nH]n1,697,ligand_697,idx_696,CHEMBL5952315,ligand_0697
6gqj,ligand_0698,CHEMBL5898964,Cc1cc(C(=O)Nc2cnc3[nH]c(C#CCF)cc3c2)[nH]n1,698,ligand_698,idx_697,CHEMBL5898964,ligand_0698
6gqj,ligand_0699,CHEMBL409349,Cc1cc(C)cc(NC(=O)Nc2ccc(-c3cccc4onc(N)c34)cc2)c1,699,ligand_699,idx_698,CHEMBL409349,ligand_0699
6gqj,ligand_0700,CHEMBL1986507,Cc1cc(C)cc(NC(=O)Nc2ccc(-c3ccnc4c3c(N)nn4C)cc2)c1,700,ligand_700,idx_699,CHEMBL1986507,ligand_0700
6gqj,ligand_0701,CHEMBL1993996,Cc1cc(NC(=O)Nc2ccc(-c3c(F)ccc4[nH]nc(N)c34)cc2)ccc1F,701,ligand_701,idx_700,CHEMBL1993996,ligand_0701
6gqj,ligand_0702,CHEMBL1986979,Cc1cc(NC(=O)Nc2ccc(-c3cccc4[nH]nc(N)c34)c(F)c2)ccc1F,702,ligand_702,idx_701,CHEMBL1986979,ligand_0702
6gqj,ligand_0703,CHEMBL374044,Cc1cc(NC(=O)Nc2ccc(-c3cccc4[nH]nc(N)c34)cc2)ccc1F,703,ligand_703,idx_702,CHEMBL374044,ligand_0703
6gqj,ligand_0704,CHEMBL273187,Cc1cc(NC(=O)Nc2ccc(-c3ccnc4[nH]nc(N)c34)cc2)ccc1F,704,ligand_704,idx_703,CHEMBL273187,ligand_0704
6gqj,ligand_0705,CHEMBL1983923,Cc1cc(Nc2cc(N3CCN(C)CC3)nc(C=Cc3ccccc3)n2)n[nH]1,705,ligand_705,idx_704,CHEMBL1983923,ligand_0705
6gqj,ligand_0706,CHEMBL5891603,Cc1cc2c(-c3ccc(NS(=O)(=O)c4cc(Cl)c(Cl)s4)cc3)ncnc2[nH]1,706,ligand_706,idx_705,CHEMBL5891603,ligand_0706
6gqj,ligand_0707,CHEMBL5926974,Cc1cc2c(-c3ccc(NS(=O)(=O)c4cc(Cl)cs4)cc3)ncnc2[nH]1,707,ligand_707,idx_706,CHEMBL5926974,ligand_0707
6gqj,ligand_0708,CHEMBL5926974,Cc1cc2c(-c3ccc(NS(=O)(=O)c4cc(Cl)cs4)cc3)ncnc2[nH]1,708,ligand_708,idx_707,CHEMBL5926974,ligand_0708
6gqj,ligand_0709,CHEMBL5778471,Cc1cc2c(-c3ccc(NS(=O)(=O)c4cc(F)ccc4F)cc3F)ncnc2[nH]1,709,ligand_709,idx_708,CHEMBL5778471,ligand_0709
6gqj,ligand_0710,CHEMBL5989976,Cc1cc2c(-c3ccc(NS(=O)(=O)c4cc5ccccc5s4)cc3)ncnc2[nH]1,710,ligand_710,idx_709,CHEMBL5989976,ligand_0710
6gqj,ligand_0711,CHEMBL6034819,Cc1cc2c(-c3ccc(NS(=O)(=O)c4ccc(Br)cc4)cc3)ncnc2[nH]1,711,ligand_711,idx_710,CHEMBL6034819,ligand_0711
6gqj,ligand_0712,CHEMBL6051899,Cc1cc2c(-c3ccc(NS(=O)(=O)c4ccc(C(C)C)cc4)cc3)ncnc2[nH]1,712,ligand_712,idx_711,CHEMBL6051899,ligand_0712
6gqj,ligand_0713,CHEMBL5760302,Cc1cc2c(-c3ccc(NS(=O)(=O)c4ccc(C(F)(F)F)cc4)cc3)ncnc2[nH]1,713,ligand_713,idx_712,CHEMBL5760302,ligand_0713
6gqj,ligand_0714,CHEMBL5887749,Cc1cc2c(-c3ccc(NS(=O)(=O)c4ccc(C(F)(F)F)cn4)cc3)ncnc2[nH]1,714,ligand_714,idx_713,CHEMBL5887749,ligand_0714
6gqj,ligand_0715,CHEMBL5769055,Cc1cc2c(-c3ccc(NS(=O)(=O)c4ccc(C(F)(F)F)nc4)cc3)ncnc2[nH]1,715,ligand_715,idx_714,CHEMBL5769055,ligand_0715
6gqj,ligand_0716,CHEMBL5758944,Cc1cc2c(-c3ccc(NS(=O)(=O)c4ccc(C)c(F)c4)c(F)c3)ncnc2[nH]1,716,ligand_716,idx_715,CHEMBL5758944,ligand_0716
6gqj,ligand_0717,CHEMBL6010045,Cc1cc2c(-c3ccc(NS(=O)(=O)c4ccc(C)c(F)c4)cc3F)ncnc2[nH]1,717,ligand_717,idx_716,CHEMBL6010045,ligand_0717
6gqj,ligand_0718,CHEMBL5922703,Cc1cc2c(-c3ccc(NS(=O)(=O)c4ccc(C)s4)cc3)ncnc2[nH]1,718,ligand_718,idx_717,CHEMBL5922703,ligand_0718
6gqj,ligand_0719,CHEMBL5933285,Cc1cc2c(-c3ccc(NS(=O)(=O)c4ccc(C)s4)cc3F)ncnc2[nH]1,719,ligand_719,idx_718,CHEMBL5933285,ligand_0719
6gqj,ligand_0720,CHEMBL5933285,Cc1cc2c(-c3ccc(NS(=O)(=O)c4ccc(C)s4)cc3F)ncnc2[nH]1,720,ligand_720,idx_719,CHEMBL5933285,ligand_0720
6gqj,ligand_0721,CHEMBL5960662,Cc1cc2c(-c3ccc(NS(=O)(=O)c4ccc(Cl)c(Cl)c4)cc3)ncnc2[nH]1,721,ligand_721,idx_720,CHEMBL5960662,ligand_0721
6gqj,ligand_0722,CHEMBL5824335,Cc1cc2c(-c3ccc(NS(=O)(=O)c4ccc(Cl)cc4)c(F)c3)ncnc2[nH]1,722,ligand_722,idx_721,CHEMBL5824335,ligand_0722
6gqj,ligand_0723,CHEMBL5758458,Cc1cc2c(-c3ccc(NS(=O)(=O)c4ccc(Cl)cc4)cc3)ncnc2[nH]1,723,ligand_723,idx_722,CHEMBL5758458,ligand_0723
6gqj,ligand_0724,CHEMBL5879022,Cc1cc2c(-c3ccc(NS(=O)(=O)c4ccc(Cl)cc4)cc3F)ncnc2[nH]1,724,ligand_724,idx_723,CHEMBL5879022,ligand_0724
6gqj,ligand_0725,CHEMBL5800547,Cc1cc2c(-c3ccc(NS(=O)(=O)c4ccc(Cl)cc4F)c(F)c3)ncnc2[nH]1,725,ligand_725,idx_724,CHEMBL5800547,ligand_0725
6gqj,ligand_0726,CHEMBL5800547,Cc1cc2c(-c3ccc(NS(=O)(=O)c4ccc(Cl)cc4F)c(F)c3)ncnc2[nH]1,726,ligand_726,idx_725,CHEMBL5800547,ligand_0726
6gqj,ligand_0727,CHEMBL5840081,Cc1cc2c(-c3ccc(NS(=O)(=O)c4ccc(Cl)cc4F)cc3F)ncnc2[nH]1,727,ligand_727,idx_726,CHEMBL5840081,ligand_0727
6gqj,ligand_0728,CHEMBL5840081,Cc1cc2c(-c3ccc(NS(=O)(=O)c4ccc(Cl)cc4F)cc3F)ncnc2[nH]1,728,ligand_728,idx_727,CHEMBL5840081,ligand_0728
6gqj,ligand_0729,CHEMBL6046354,Cc1cc2c(-c3ccc(NS(=O)(=O)c4ccc(Cl)s4)cc3)ncnc2[nH]1,729,ligand_729,idx_728,CHEMBL6046354,ligand_0729
6gqj,ligand_0730,CHEMBL6051636,Cc1cc2c(-c3ccc(NS(=O)(=O)c4ccc(F)c(F)c4)cc3)ncnc2[nH]1,730,ligand_730,idx_729,CHEMBL6051636,ligand_0730
6gqj,ligand_0731,CHEMBL5777068,Cc1cc2c(-c3ccc(NS(=O)(=O)c4ccc(F)cc4)c(F)c3)ncnc2[nH]1,731,ligand_731,idx_730,CHEMBL5777068,ligand_0731
6gqj,ligand_0732,CHEMBL5743799,Cc1cc2c(-c3ccc(NS(=O)(=O)c4ccc(F)cc4)cc3)ncnc2[nH]1,732,ligand_732,idx_731,CHEMBL5743799,ligand_0732
6gqj,ligand_0733,CHEMBL5944715,Cc1cc2c(-c3ccc(NS(=O)(=O)c4ccc(F)cc4)cc3F)ncnc2[nH]1,733,ligand_733,idx_732,CHEMBL5944715,ligand_0733
6gqj,ligand_0734,CHEMBL5944715,Cc1cc2c(-c3ccc(NS(=O)(=O)c4ccc(F)cc4)cc3F)ncnc2[nH]1,734,ligand_734,idx_733,CHEMBL5944715,ligand_0734
6gqj,ligand_0735,CHEMBL6011878,Cc1cc2c(-c3ccc(NS(=O)(=O)c4ccc(OC(F)F)cc4)c(F)c3)ncnc2[nH]1,735,ligand_735,idx_734,CHEMBL6011878,ligand_0735
6gqj,ligand_0736,CHEMBL6020001,Cc1cc2c(-c3ccc(NS(=O)(=O)c4ccc(OC(F)F)cc4)cc3F)ncnc2[nH]1,736,ligand_736,idx_735,CHEMBL6020001,ligand_0736
6gqj,ligand_0737,CHEMBL5959967,Cc1cc2c(-c3ccc(NS(=O)(=O)c4ccc5c(c4)CCC5)cc3)ncnc2[nH]1,737,ligand_737,idx_736,CHEMBL5959967,ligand_0737
6gqj,ligand_0738,CHEMBL5913795,Cc1cc2c(-c3ccc(NS(=O)(=O)c4ccc5c(c4)CCO5)cc3)ncnc2[nH]1,738,ligand_738,idx_737,CHEMBL5913795,ligand_0738
6gqj,ligand_0739,CHEMBL5739870,Cc1cc2c(-c3ccc(NS(=O)(=O)c4ccc5c(c4)OCO5)cc3)ncnc2[nH]1,739,ligand_739,idx_738,CHEMBL5739870,ligand_0739
6gqj,ligand_0740,CHEMBL6058026,Cc1cc2c(-c3ccc(NS(=O)(=O)c4cccc(Cl)c4)c(F)c3)ncnc2[nH]1,740,ligand_740,idx_739,CHEMBL6058026,ligand_0740
6gqj,ligand_0741,CHEMBL5873068,Cc1cc2c(-c3ccc(NS(=O)(=O)c4cccc(Cl)c4)cc3F)ncnc2[nH]1,741,ligand_741,idx_740,CHEMBL5873068,ligand_0741
6gqj,ligand_0742,CHEMBL5743477,Cc1cc2c(-c3ccc(NS(=O)(=O)c4cccc(Cl)c4F)c(F)c3)ncnc2[nH]1,742,ligand_742,idx_741,CHEMBL5743477,ligand_0742
6gqj,ligand_0743,CHEMBL5998875,Cc1cc2c(-c3ccc(NS(=O)(=O)c4cccc(F)c4)c(F)c3)ncnc2[nH]1,743,ligand_743,idx_742,CHEMBL5998875,ligand_0743
6gqj,ligand_0744,CHEMBL5857108,Cc1cc2c(-c3ccc(NS(=O)(=O)c4cccc(F)c4)cc3F)ncnc2[nH]1,744,ligand_744,idx_743,CHEMBL5857108,ligand_0744
6gqj,ligand_0745,CHEMBL5882811,Cc1cc2c(-c3ccc(NS(=O)(=O)c4cccc(OC(F)(F)F)c4)cc3)ncnc2[nH]1,745,ligand_745,idx_744,CHEMBL5882811,ligand_0745
6gqj,ligand_0746,CHEMBL5931025,Cc1cc2c(-c3ccc(NS(=O)(=O)c4ccccc4F)c(F)c3)ncnc2[nH]1,746,ligand_746,idx_745,CHEMBL5931025,ligand_0746
6gqj,ligand_0747,CHEMBL5976774,Cc1cc2c(-c3ccc(NS(=O)(=O)c4cnn(C(F)F)c4)cc3)ncnc2[nH]1,747,ligand_747,idx_746,CHEMBL5976774,ligand_0747
6gqj,ligand_0748,CHEMBL5889427,Cc1cc2c(-c3ccc(NS(=O)(=O)c4sc(C)nc4C)cc3)ncnc2[nH]1,748,ligand_748,idx_747,CHEMBL5889427,ligand_0748
6gqj,ligand_0749,CHEMBL5806127,Cc1cc2c(-c3ccc(NS(C)(=O)=O)cc3)ncnc2[nH]1,749,ligand_749,idx_748,CHEMBL5806127,ligand_0749
6gqj,ligand_0750,CHEMBL5895244,Cc1cc2c(-c3ccc(S(=O)(=O)Nc4ccc(F)cc4)c(F)c3)ncnc2[nH]1,750,ligand_750,idx_749,CHEMBL5895244,ligand_0750
6gqj,ligand_0751,CHEMBL5787770,Cc1cc2c(-c3ccc(S(=O)(=O)Nc4ccc(F)cc4)cc3F)ncnc2[nH]1,751,ligand_751,idx_750,CHEMBL5787770,ligand_0751
6gqj,ligand_0752,CHEMBL5802801,Cc1cc2c(C3=CCC(NS(=O)(=O)c4ccc(Cl)cc4)CC3)ncnc2[nH]1,752,ligand_752,idx_751,CHEMBL5802801,ligand_0752
6gqj,ligand_0753,CHEMBL5841070,Cc1cc2c(C3=CCC(NS(=O)(=O)c4ccc(OC(C)C)cc4)CC3)ncnc2[nH]1,753,ligand_753,idx_752,CHEMBL5841070,ligand_0753
6gqj,ligand_0754,CHEMBL5955697,Cc1cc2c(C3=CCC(NS(=O)(=O)c4ccc(OC(F)F)cc4)CC3)ncnc2[nH]1,754,ligand_754,idx_753,CHEMBL5955697,ligand_0754
6gqj,ligand_0755,CHEMBL5919471,Cc1cc2c(N3CCC(C)(c4nc(C)c(-c5ccc(C(F)F)cc5)[nH]4)CC3)ncnc2[nH]1,755,ligand_755,idx_754,CHEMBL5919471,ligand_0755
6gqj,ligand_0756,CHEMBL6048331,Cc1cc2c(N3CCC(C)(c4nc(C)c(-c5ccc(Cl)cc5)[nH]4)CC3)ncnc2[nH]1,756,ligand_756,idx_755,CHEMBL6048331,ligand_0756
6gqj,ligand_0757,CHEMBL5835198,Cc1cc2c(N3CCC(C)(c4nc(C)c(-c5ccc(F)cc5)[nH]4)CC3)ncnc2[nH]1,757,ligand_757,idx_756,CHEMBL5835198,ligand_0757
6gqj,ligand_0758,CHEMBL5835198,Cc1cc2c(N3CCC(C)(c4nc(C)c(-c5ccc(F)cc5)[nH]4)CC3)ncnc2[nH]1,758,ligand_758,idx_757,CHEMBL5835198,ligand_0758
6gqj,ligand_0759,CHEMBL5914506,Cc1cc2c(N3CCC(C)(c4nc(C)c(-c5ccc(OC(F)F)cc5)[nH]4)CC3)ncnc2[nH]1,759,ligand_759,idx_758,CHEMBL5914506,ligand_0759
6gqj,ligand_0760,CHEMBL5914506,Cc1cc2c(N3CCC(C)(c4nc(C)c(-c5ccc(OC(F)F)cc5)[nH]4)CC3)ncnc2[nH]1,760,ligand_760,idx_759,CHEMBL5914506,ligand_0760
6gqj,ligand_0761,CHEMBL5753312,Cc1cc2c(N3CCC(C)(c4nc(C)c(-c5ccc6c(c5)OC(F)(F)O6)[nH]4)CC3)ncnc2[nH]1,761,ligand_761,idx_760,CHEMBL5753312,ligand_0761
6gqj,ligand_0762,CHEMBL5753312,Cc1cc2c(N3CCC(C)(c4nc(C)c(-c5ccc6c(c5)OC(F)(F)O6)[nH]4)CC3)ncnc2[nH]1,762,ligand_762,idx_761,CHEMBL5753312,ligand_0762
6gqj,ligand_0763,CHEMBL5804577,Cc1cc2c(N3CCC(C)(c4nc(C)c(-c5ccc6c(c5)OCCO6)[nH]4)CC3)ncnc2[nH]1,763,ligand_763,idx_762,CHEMBL5804577,ligand_0763
6gqj,ligand_0764,CHEMBL5804577,Cc1cc2c(N3CCC(C)(c4nc(C)c(-c5ccc6c(c5)OCCO6)[nH]4)CC3)ncnc2[nH]1,764,ligand_764,idx_763,CHEMBL5804577,ligand_0764
6gqj,ligand_0765,CHEMBL5892985,Cc1cc2c(N3CCC(C)(c4nc(C)c(-c5ccc6c(c5)OCO6)[nH]4)CC3)ncnc2[nH]1,765,ligand_765,idx_764,CHEMBL5892985,ligand_0765
6gqj,ligand_0766,CHEMBL5892985,Cc1cc2c(N3CCC(C)(c4nc(C)c(-c5ccc6c(c5)OCO6)[nH]4)CC3)ncnc2[nH]1,766,ligand_766,idx_765,CHEMBL5892985,ligand_0766
6gqj,ligand_0767,CHEMBL6065538,Cc1cc2c(N3CCC(C)(c4nc(C)c(-c5cccc(OC(F)F)c5)[nH]4)CC3)ncnc2[nH]1,767,ligand_767,idx_766,CHEMBL6065538,ligand_0767
6gqj,ligand_0768,CHEMBL6065538,Cc1cc2c(N3CCC(C)(c4nc(C)c(-c5cccc(OC(F)F)c5)[nH]4)CC3)ncnc2[nH]1,768,ligand_768,idx_767,CHEMBL6065538,ligand_0768
6gqj,ligand_0769,CHEMBL5942901,Cc1cc2c(N3CCC(NS(=O)(=O)c4ccc(Cl)cc4)CC3)ncnc2[nH]1,769,ligand_769,idx_768,CHEMBL5942901,ligand_0769
6gqj,ligand_0770,CHEMBL5956164,Cc1cc2c(N3CCC(c4nc(C)c(-c5ccc(C(F)(F)F)cc5)[nH]4)CC3)ncnc2[nH]1,770,ligand_770,idx_769,CHEMBL5956164,ligand_0770
6gqj,ligand_0771,CHEMBL5956164,Cc1cc2c(N3CCC(c4nc(C)c(-c5ccc(C(F)(F)F)cc5)[nH]4)CC3)ncnc2[nH]1,771,ligand_771,idx_770,CHEMBL5956164,ligand_0771
6gqj,ligand_0772,CHEMBL5929552,Cc1cc2c(N3CCC(c4nc(C)c(-c5ccc(F)cc5)[nH]4)CC3)ncnc2[nH]1,772,ligand_772,idx_771,CHEMBL5929552,ligand_0772
6gqj,ligand_0773,CHEMBL5989589,Cc1cc2c(N3CCC(c4nc(C)c(-c5ccc6c(c5)OC(F)(F)O6)[nH]4)CC3)ncnc2[nH]1,773,ligand_773,idx_772,CHEMBL5989589,ligand_0773
6gqj,ligand_0774,CHEMBL5889916,Cc1cc2c(N3CCC(c4nc(C)c(-c5ccc6c(c5)OCCO6)[nH]4)CC3)ncnc2[nH]1,774,ligand_774,idx_773,CHEMBL5889916,ligand_0774
6gqj,ligand_0775,CHEMBL5889916,Cc1cc2c(N3CCC(c4nc(C)c(-c5ccc6c(c5)OCCO6)[nH]4)CC3)ncnc2[nH]1,775,ligand_775,idx_774,CHEMBL5889916,ligand_0775
6gqj,ligand_0776,CHEMBL6027931,Cc1cc2c(N3CCC(c4nc(C)c(-c5ccc6c(c5)OCO6)[nH]4)CC3)ncnc2[nH]1,776,ligand_776,idx_775,CHEMBL6027931,ligand_0776
6gqj,ligand_0777,CHEMBL6028669,Cc1cc2c(N3CCC(c4nc(C)c(-c5ccccc5)[nH]4)CC3)ncnc2[nH]1,777,ligand_777,idx_776,CHEMBL6028669,ligand_0777
6gqj,ligand_0778,CHEMBL5999394,Cc1cc2c(N3CCN(C(=O)N[C@@H](C)c4ccc(F)cc4)C(C)(C)C3)ncnc2[nH]1,778,ligand_778,idx_777,CHEMBL5999394,ligand_0778
6gqj,ligand_0779,CHEMBL5767407,Cc1cc2c(N3CCN(C(=O)N[C@@H](C)c4ccc(F)cc4)[C@H](C)C3)ncnc2[nH]1,779,ligand_779,idx_778,CHEMBL5767407,ligand_0779
6gqj,ligand_0780,CHEMBL5988110,Cc1cc2c(N3CCN(C(=O)N[C@@H](C)c4cccc(Cl)c4)C(C)(C)C3)ncnc2[nH]1,780,ligand_780,idx_779,CHEMBL5988110,ligand_0780
6gqj,ligand_0781,CHEMBL5991034,Cc1cc2c(N3CCN(C(=O)N[C@@H](C)c4cccc(Cl)c4)[C@H](C)C3)ncnc2[nH]1,781,ligand_781,idx_780,CHEMBL5991034,ligand_0781
6gqj,ligand_0782,CHEMBL5991034,Cc1cc2c(N3CCN(C(=O)N[C@@H](C)c4cccc(Cl)c4)[C@H](C)C3)ncnc2[nH]1,782,ligand_782,idx_781,CHEMBL5991034,ligand_0782
6gqj,ligand_0783,CHEMBL6001391,Cc1cc2c(N3CCN(C(=O)N[C@@H](C)c4cccc(F)c4)[C@H](C)C3)ncnc2[nH]1,783,ligand_783,idx_782,CHEMBL6001391,ligand_0783
6gqj,ligand_0784,CHEMBL5752976,Cc1cc2c(N3CCN(C(=O)N[C@@H](C)c4cccc(OC(F)F)c4)C(C)(C)C3)ncnc2[nH]1,784,ligand_784,idx_783,CHEMBL5752976,ligand_0784
6gqj,ligand_0785,CHEMBL5884761,Cc1cc2c(N3CCN(C(=O)N[C@@H](C)c4cccc(OC(F)F)c4)[C@H](C)C3)ncnc2[nH]1,785,ligand_785,idx_784,CHEMBL5884761,ligand_0785
6gqj,ligand_0786,CHEMBL1997822,Cc1cc2cc(-c3csc4c(-c5cccc(S(C)(=O)=O)c5)cnc(N)c34)ccc2[nH]1,786,ligand_786,idx_785,CHEMBL1997822,ligand_0786
6gqj,ligand_0787,CHEMBL6033229,Cc1cc2ncc(NC(=O)c3n[nH]c(C)c3C)cn2n1,787,ligand_787,idx_786,CHEMBL6033229,ligand_0787
6gqj,ligand_0788,CHEMBL5918105,Cc1cc2ncnc(-c3ccc(NS(C)(=O)=O)cc3)c2s1,788,ligand_788,idx_787,CHEMBL5918105,ligand_0788
6gqj,ligand_0789,CHEMBL5863483,Cc1ccc(-c2[nH]c(C3CCN(c4ncnc5[nH]c(-c6ccc(C#N)cc6)cc45)CC3)nc2C)cc1,789,ligand_789,idx_788,CHEMBL5863483,ligand_0789
6gqj,ligand_0790,CHEMBL5916684,Cc1ccc(-c2[nH]c(C3CCN(c4ncnc5[nH]c(-c6ccc(C#N)cc6)cc45)CC3)nc2C)s1,790,ligand_790,idx_789,CHEMBL5916684,ligand_0790
6gqj,ligand_0791,CHEMBL6040770,Cc1ccc(-c2[nH]c(C3CCN(c4ncnc5[nH]c(-c6ccc(F)cc6)cc45)CC3)nc2C(F)(F)F)cc1,791,ligand_791,idx_790,CHEMBL6040770,ligand_0791
6gqj,ligand_0792,CHEMBL6045387,Cc1ccc(-c2[nH]c(C3CCN(c4ncnc5[nH]c(-c6ccc(F)cc6)cc45)CC3)nc2C)cc1,792,ligand_792,idx_791,CHEMBL6045387,ligand_0792
6gqj,ligand_0793,CHEMBL5774524,Cc1ccc(-c2[nH]c(C3CCN(c4ncnc5[nH]c(-c6ccc(F)cc6)cc45)CC3)nc2C)s1,793,ligand_793,idx_792,CHEMBL5774524,ligand_0793
6gqj,ligand_0794,CHEMBL6024395,Cc1ccc(-c2cc3c(C4=CCC(NS(=O)(=O)c5ccc(OC(F)(F)F)cc5)CC4)ncnc3[nH]2)cn1,794,ligand_794,idx_793,CHEMBL6024395,ligand_0794
6gqj,ligand_0795,CHEMBL5832122,Cc1ccc(-c2cc3c(N4CCC(c5nc(C)c(-c6ccccc6)[nH]5)CC4)ncnc3[nH]2)cn1,795,ligand_795,idx_794,CHEMBL5832122,ligand_0795
6gqj,ligand_0796,CHEMBL5911444,Cc1ccc(-c2cc3c(N4CCN(C(=O)NCc5ccc(F)cc5)CC4)ncnc3[nH]2)cn1,796,ligand_796,idx_795,CHEMBL5911444,ligand_0796
6gqj,ligand_0797,CHEMBL5911444,Cc1ccc(-c2cc3c(N4CCN(C(=O)NCc5ccc(F)cc5)CC4)ncnc3[nH]2)cn1,797,ligand_797,idx_796,CHEMBL5911444,ligand_0797
6gqj,ligand_0798,CHEMBL5902770,Cc1ccc(-c2cc3c(N4CCN(C(=O)N[C@@H](C)c5cccc(Cl)c5)C(C)(C)C4)ncnc3[nH]2)cn1,798,ligand_798,idx_797,CHEMBL5902770,ligand_0798
6gqj,ligand_0799,CHEMBL5902770,Cc1ccc(-c2cc3c(N4CCN(C(=O)N[C@@H](C)c5cccc(Cl)c5)C(C)(C)C4)ncnc3[nH]2)cn1,799,ligand_799,idx_798,CHEMBL5902770,ligand_0799
6gqj,ligand_0800,CHEMBL5776850,Cc1ccc(-c2cc3c(N4CCN(C(=O)N[C@@H](C)c5cccc(F)c5)C(C)(C)C4)ncnc3[nH]2)cn1,800,ligand_800,idx_799,CHEMBL5776850,ligand_0800
6gqj,ligand_0801,CHEMBL5949826,Cc1ccc(-c2cc3c(N4CCN(C(=O)N[C@@H](C)c5cccc(OC(F)F)c5)C(C)(C)C4)ncnc3[nH]2)cn1,801,ligand_801,idx_800,CHEMBL5949826,ligand_0801
6gqj,ligand_0802,CHEMBL5949826,Cc1ccc(-c2cc3c(N4CCN(C(=O)N[C@@H](C)c5cccc(OC(F)F)c5)C(C)(C)C4)ncnc3[nH]2)cn1,802,ligand_802,idx_801,CHEMBL5949826,ligand_0802
6gqj,ligand_0803,CHEMBL6012277,Cc1ccc(-c2cc3c(N4CCN(C(=O)Nc5ccc(OC(F)(F)F)cc5)CC4)ncnc3[nH]2)cn1,803,ligand_803,idx_802,CHEMBL6012277,ligand_0803
6gqj,ligand_0804,CHEMBL5948243,Cc1ccc(-c2cc3c(N4CCN(c5nc6ccccc6[nH]5)CC4)ncnc3[nH]2)cn1,804,ligand_804,idx_803,CHEMBL5948243,ligand_0804
6gqj,ligand_0805,CHEMBL5948243,Cc1ccc(-c2cc3c(N4CCN(c5nc6ccccc6[nH]5)CC4)ncnc3[nH]2)cn1,805,ligand_805,idx_804,CHEMBL5948243,ligand_0805
6gqj,ligand_0806,CHEMBL1996048,Cc1ccc(-c2cc3c(NCCN)ccc(C(N)=O)c3[nH]2)cc1,806,ligand_806,idx_805,CHEMBL1996048,ligand_0806
6gqj,ligand_0807,CHEMBL1973937,Cc1ccc(-c2ccc(NC(=O)Nc3cccc(Br)c3)cc2)c2c(N)n[nH]c12,807,ligand_807,idx_806,CHEMBL1973937,ligand_0807
6gqj,ligand_0808,CHEMBL1988075,Cc1ccc(-c2cnc(N)c3c(-c4ccc(NC(=O)Nc5cccc(F)c5)cc4)csc23)cn1,808,ligand_808,idx_807,CHEMBL1988075,ligand_0808
6gqj,ligand_0809,CHEMBL5937667,Cc1ccc(-c2cncc(-c3ccnc(Nc4cc(NC(=O)c5ccc(CN6CCN(C)CC6)cc5)ccc4C)n3)c2)nc1,809,ligand_809,idx_808,CHEMBL5937667,ligand_0809
6gqj,ligand_0810,CHEMBL306380,Cc1ccc(-c2nn(C(C)(C)C)c3ncnc(N)c23)cc1,810,ligand_810,idx_809,CHEMBL306380,ligand_0810
6gqj,ligand_0811,CHEMBL259922,Cc1ccc(C(=O)Nc2ccon2)cc1Nc1ncnc2c1cnn2-c1ccccc1,811,ligand_811,idx_810,CHEMBL259922,ligand_0811
6gqj,ligand_0812,CHEMBL5813643,Cc1ccc(C(C)NC(=O)N2CCN(c3ncnc4cc(-c5ccc(F)cc5)sc34)CC2)s1,812,ligand_812,idx_811,CHEMBL5813643,ligand_0812
6gqj,ligand_0813,CHEMBL1996255,Cc1ccc(F)c(NC(=O)Nc2ccc(-c3c(F)ccc4[nH]nc(N)c34)cc2)c1,813,ligand_813,idx_812,CHEMBL1996255,ligand_0813
6gqj,ligand_0814,CHEMBL1988778,Cc1ccc(F)c(NC(=O)Nc2ccc(-c3cccc4[nH]nc(N)c34)c(F)c2)c1,814,ligand_814,idx_813,CHEMBL1988778,ligand_0814
6gqj,ligand_0815,CHEMBL1985491,Cc1ccc(F)c(NC(=O)Nc2ccc(-c3cccc4c3c(N)nn4C)cc2)c1,815,ligand_815,idx_814,CHEMBL1985491,ligand_0815
6gqj,ligand_0816,CHEMBL271441,Cc1ccc(F)c(NC(=O)Nc2ccc(-c3cncc4[nH]nc(N)c34)cc2)c1,816,ligand_816,idx_815,CHEMBL271441,ligand_0816
6gqj,ligand_0817,CHEMBL402846,Cc1ccc(F)c(NC(=O)Nc2ccc(-c3cncc4c3c(N)nn4C)cc2)c1,817,ligand_817,idx_816,CHEMBL402846,ligand_0817
6gqj,ligand_0818,CHEMBL5867330,Cc1ccc(NC(=O)N2CCN(c3ncnc4[nH]c(-c5ccncc5)cc34)C[C@@H]2C)cn1,818,ligand_818,idx_817,CHEMBL5867330,ligand_0818
6gqj,ligand_0819,CHEMBL5789289,Cc1ccc(NC(=O)N2CCN(c3ncnc4[nH]c(-c5ccncc5)cc34)C[C@H]2C)cn1,819,ligand_819,idx_818,CHEMBL5789289,ligand_0819
6gqj,ligand_0820,CHEMBL2001485,Cc1ccc(NC(=O)Nc2ccc(-c3csc4c(-c5cnn(C(C)C(=O)N(C)C)c5)cnc(N)c34)cc2)cc1,820,ligand_820,idx_819,CHEMBL2001485,ligand_0820
6gqj,ligand_0821,CHEMBL1982466,Cc1ccc(NC(=O)Nc2ccc(-c3csc4c(-c5cnn(C)c5)cnc(N)c34)cc2)cc1,821,ligand_821,idx_820,CHEMBL1982466,ligand_0821
6gqj,ligand_0822,CHEMBL2000335,Cc1ccc(NC(=O)Nc2ccc(-c3csc4ncnc(N)c34)cc2)cc1C,822,ligand_822,idx_821,CHEMBL2000335,ligand_0822
6gqj,ligand_0823,CHEMBL941,Cc1ccc(NC(=O)c2ccc(CN3CCN(C)CC3)cc2)cc1Nc1nccc(-c2cccnc2)n1,823,ligand_823,idx_822,CHEMBL941,ligand_0823
6gqj,ligand_0824,CHEMBL5995081,Cc1ccc(NC(=O)c2ccc(CN3CCN(C)CC3)cc2)cc1Nc1nccc(-c2cncc(-c3ccn(C)n3)c2)n1,824,ligand_824,idx_823,CHEMBL5995081,ligand_0824
6gqj,ligand_0825,CHEMBL5994060,Cc1ccc(NC(=O)c2ccc(CN3CCN(C)CC3)cc2)cc1Nc1nccc(-c2cncc(-c3ccns3)c2)n1,825,ligand_825,idx_824,CHEMBL5994060,ligand_0825
6gqj,ligand_0826,CHEMBL6008259,Cc1ccc(NC(=O)c2ccc(CN3CCN(C)CC3)cc2)cc1Nc1nccc(-c2cncc(-c3cnsc3)c2)n1,826,ligand_826,idx_825,CHEMBL6008259,ligand_0826
6gqj,ligand_0827,CHEMBL5816346,Cc1ccc(NC(=O)c2ccc(CN3CCN(C)CC3)cc2)cc1Nc1nccc(-c2cncc(-c3nccs3)c2)n1,827,ligand_827,idx_826,CHEMBL5816346,ligand_0827
6gqj,ligand_0828,CHEMBL5912843,Cc1ccc(NC(=O)c2ccc(CN3CCN(C)CC3)cc2)cc1Nc1nccc(-c2cncc(-c3nnco3)c2)n1,828,ligand_828,idx_827,CHEMBL5912843,ligand_0828
6gqj,ligand_0829,CHEMBL6060934,Cc1ccc(NC(=O)c2ccc(CN3CCN(C)CC3)cc2)cc1Nc1nccc(-c2cncc(-c3nncs3)c2)n1,829,ligand_829,idx_828,CHEMBL6060934,ligand_0829
6gqj,ligand_0830,CHEMBL5314481,Cc1ccc(NC(=O)c2ccc(CN3CCN(C)CC3)cc2)cc1Nc1nccc(-c2cncc(-c3oncc3C)c2)n1,830,ligand_830,idx_829,CHEMBL5314481,ligand_0830
6gqj,ligand_0831,CHEMBL5841403,Cc1ccc(NC(=O)c2ccc(CN3CCN(C)CC3)cc2)cc1Nc1nccc(-c2cncc(-c3sncc3C)c2)n1,831,ligand_831,idx_830,CHEMBL5841403,ligand_0831
6gqj,ligand_0832,CHEMBL5941476,Cc1ccc(NC(=O)c2ccc(CN3CCN(C)CC3)cc2)cc1Nc1nccc(-c2cncc(-c3snnc3C)c2)n1,832,ligand_832,idx_831,CHEMBL5941476,ligand_0832
6gqj,ligand_0833,CHEMBL5826926,Cc1ccc(NC(=O)c2ccc(CN3CCN(C)CC3)cc2)cc1Nc1nccc(-c2cncc(C3=NN=C(C(=O)N4CCCC4)C3)c2)n1,833,ligand_833,idx_832,CHEMBL5826926,ligand_0833
6gqj,ligand_0834,CHEMBL5953248,Cc1ccc(NC(=O)c2ccc(CN3CCN(C)CC3)cc2)cc1Nc1nccc(-c2cncc(C3=NN=C(C(=O)Nc4ccn[nH]4)C3)c2)n1,834,ligand_834,idx_833,CHEMBL5953248,ligand_0834
6gqj,ligand_0835,CHEMBL5994391,Cc1ccc(NC(=O)c2ccc(CN3CCN(C)CC3)cc2)cc1Nc1nccc(-c2cncc(C3=NN=C(C(=O)Nc4cn[nH]c4)C3)c2)n1,835,ligand_835,idx_834,CHEMBL5994391,ligand_0835
6gqj,ligand_0836,CHEMBL5891024,Cc1ccc(NC(=O)c2ccc(CN3CCN(C)CC3)cc2)cc1Nc1nccc(-c2cncc(C3=NN=C(C(=O)Nc4ncco4)C3)c2)n1,836,ligand_836,idx_835,CHEMBL5891024,ligand_0836
6gqj,ligand_0837,CHEMBL5858162,Cc1ccc(NC(=O)c2ccc(CN3CCNCC3)cc2)cc1Nc1nccc(-c2cncc(-c3ccccn3)c2)n1,837,ligand_837,idx_836,CHEMBL5858162,ligand_0837
6gqj,ligand_0838,CHEMBL5789967,Cc1ccc(NS(=O)(=O)c2ccc(-c3ncnc4[nH]c(-c5ccc(F)cc5)cc34)cc2)cc1,838,ligand_838,idx_837,CHEMBL5789967,ligand_0838
6gqj,ligand_0839,CHEMBL5802235,Cc1ccc(O)cc1-c1ccc2nc(NC(=O)[C@@H]3C[C@@H]3F)sc2c1,839,ligand_839,idx_838,CHEMBL5802235,ligand_0839
6gqj,ligand_0840,CHEMBL5828026,Cc1ccc(S(=O)(=O)NC2CCN(c3ncnc4[nH]c(-c5cn(C)nc5C)cc34)CC2)cc1,840,ligand_840,idx_839,CHEMBL5828026,ligand_0840
6gqj,ligand_0841,CHEMBL5984240,Cc1ccc(S(=O)(=O)NC2CCN(c3ncnc4[nH]c(-c5cnn(C)c5)cc34)CC2)cc1,841,ligand_841,idx_840,CHEMBL5984240,ligand_0841
6gqj,ligand_0842,CHEMBL5984240,Cc1ccc(S(=O)(=O)NC2CCN(c3ncnc4[nH]c(-c5cnn(C)c5)cc34)CC2)cc1,842,ligand_842,idx_841,CHEMBL5984240,ligand_0842
6gqj,ligand_0843,CHEMBL5929008,Cc1ccc(S(=O)(=O)NC2CCN(c3ncnc4[nH]c(-c5cnn(C)c5)cc34)CC2)s1,843,ligand_843,idx_842,CHEMBL5929008,ligand_0843
6gqj,ligand_0844,CHEMBL6001223,Cc1ccc(S(=O)(=O)NC2CCN(c3ncnc4[nH]c(-c5cnn(C)c5)cc34)CC2C)cc1,844,ligand_844,idx_843,CHEMBL6001223,ligand_0844
6gqj,ligand_0845,CHEMBL6064183,Cc1ccc(S(=O)(=O)NC2CCN(c3ncnc4[nH]c(C)cc34)CC2)cc1,845,ligand_845,idx_844,CHEMBL6064183,ligand_0845
6gqj,ligand_0846,CHEMBL5985063,Cc1ccc(S(=O)(=O)Nc2ccc(-c3ncnc4[nH]c(-c5ccc(F)cc5)cc34)cc2)cc1,846,ligand_846,idx_845,CHEMBL5985063,ligand_0846
6gqj,ligand_0847,CHEMBL6055381,Cc1ccc(S(=O)(=O)Nc2ccc(-c3ncnc4[nH]c(C)c(C)c34)cc2)cc1,847,ligand_847,idx_846,CHEMBL6055381,ligand_0847
6gqj,ligand_0848,CHEMBL5809612,Cc1ccc(S(=O)(=O)Nc2ccc(-c3ncnc4[nH]c(C)cc34)c(F)c2)cc1,848,ligand_848,idx_847,CHEMBL5809612,ligand_0848
6gqj,ligand_0849,CHEMBL5809612,Cc1ccc(S(=O)(=O)Nc2ccc(-c3ncnc4[nH]c(C)cc34)c(F)c2)cc1,849,ligand_849,idx_848,CHEMBL5809612,ligand_0849
6gqj,ligand_0850,CHEMBL5977364,Cc1ccc(S(=O)(=O)Nc2ccc(-c3ncnc4[nH]c(C)cc34)c(F)c2)cn1,850,ligand_850,idx_849,CHEMBL5977364,ligand_0850
6gqj,ligand_0851,CHEMBL5977364,Cc1ccc(S(=O)(=O)Nc2ccc(-c3ncnc4[nH]c(C)cc34)c(F)c2)cn1,851,ligand_851,idx_850,CHEMBL5977364,ligand_0851
6gqj,ligand_0852,CHEMBL5752233,Cc1ccc(S(=O)(=O)Nc2ccc(-c3ncnc4[nH]c(C)cc34)cc2)cc1,852,ligand_852,idx_851,CHEMBL5752233,ligand_0852
6gqj,ligand_0853,CHEMBL5752233,Cc1ccc(S(=O)(=O)Nc2ccc(-c3ncnc4[nH]c(C)cc34)cc2)cc1,853,ligand_853,idx_852,CHEMBL5752233,ligand_0853
6gqj,ligand_0854,CHEMBL5915909,Cc1ccc(S(=O)(=O)Nc2ccc(-c3ncnc4[nH]c(C)cc34)cc2)cn1,854,ligand_854,idx_853,CHEMBL5915909,ligand_0854
6gqj,ligand_0855,CHEMBL5915909,Cc1ccc(S(=O)(=O)Nc2ccc(-c3ncnc4[nH]c(C)cc34)cc2)cn1,855,ligand_855,idx_854,CHEMBL5915909,ligand_0855
6gqj,ligand_0856,CHEMBL6010287,Cc1ccc(S(=O)(=O)Nc2ccc(-c3ncnc4[nH]c(C)nc34)cc2)cc1,856,ligand_856,idx_855,CHEMBL6010287,ligand_0856
6gqj,ligand_0857,CHEMBL5866925,Cc1ccc(S(=O)(=O)Nc2ccc(-c3ncnc4[nH]cc(C)c34)cc2)cc1,857,ligand_857,idx_856,CHEMBL5866925,ligand_0857
6gqj,ligand_0858,CHEMBL5866925,Cc1ccc(S(=O)(=O)Nc2ccc(-c3ncnc4[nH]cc(C)c34)cc2)cc1,858,ligand_858,idx_857,CHEMBL5866925,ligand_0858
6gqj,ligand_0859,CHEMBL5760346,Cc1ccc(S(=O)(=O)Nc2ccc(-c3ncnc4[nH]nc(C)c34)cc2)cc1,859,ligand_859,idx_858,CHEMBL5760346,ligand_0859
6gqj,ligand_0860,CHEMBL5760346,Cc1ccc(S(=O)(=O)Nc2ccc(-c3ncnc4[nH]nc(C)c34)cc2)cc1,860,ligand_860,idx_859,CHEMBL5760346,ligand_0860
6gqj,ligand_0861,CHEMBL5953678,Cc1ccc(S(=O)(=O)Nc2ccc(-c3ncnc4cc(-c5ccc(F)cc5)sc34)cc2)cc1,861,ligand_861,idx_860,CHEMBL5953678,ligand_0861
6gqj,ligand_0862,CHEMBL5763466,Cc1ccc(S(=O)(=O)Nc2ccc(-c3ncnc4cc(-c5cnn(C)c5)sc34)cc2)cc1,862,ligand_862,idx_861,CHEMBL5763466,ligand_0862
6gqj,ligand_0863,CHEMBL5989979,Cc1ccc(S(=O)(=O)Nc2ccc(-c3ncnc4cc(C)sc34)cc2)cc1,863,ligand_863,idx_862,CHEMBL5989979,ligand_0863
6gqj,ligand_0864,CHEMBL5989979,Cc1ccc(S(=O)(=O)Nc2ccc(-c3ncnc4cc(C)sc34)cc2)cc1,864,ligand_864,idx_863,CHEMBL5989979,ligand_0864
6gqj,ligand_0865,CHEMBL6035136,Cc1ccc(S(=O)(=O)Nc2ccc(-c3ncnc4cc(C5=CCN(C(=O)C6CC6)CC5)sc34)cc2)cc1,865,ligand_865,idx_864,CHEMBL6035136,ligand_0865
6gqj,ligand_0866,CHEMBL5927637,Cc1ccc(S(=O)(=O)Nc2ccc(-c3ncnc4cc(C5=CCN(C(=O)N6CCOCC6)CC5)sc34)cc2)cc1,866,ligand_866,idx_865,CHEMBL5927637,ligand_0866
6gqj,ligand_0867,CHEMBL5752347,Cc1ccc(S(=O)(=O)Nc2ccc(-c3ncnc4cc(C5=CCN(C(=O)OC(C)(C)C)CC5)sc34)cc2)cc1,867,ligand_867,idx_866,CHEMBL5752347,ligand_0867
6gqj,ligand_0868,CHEMBL5752347,Cc1ccc(S(=O)(=O)Nc2ccc(-c3ncnc4cc(C5=CCN(C(=O)OC(C)(C)C)CC5)sc34)cc2)cc1,868,ligand_868,idx_867,CHEMBL5752347,ligand_0868
6gqj,ligand_0869,CHEMBL5896335,Cc1ccc(S(=O)(=O)Nc2ccc(-c3ncnc4cc(C5=CCNCC5)sc34)cc2)cc1,869,ligand_869,idx_868,CHEMBL5896335,ligand_0869
6gqj,ligand_0870,CHEMBL5918323,Cc1ccc(S(=O)(=O)Nc2ccc(-c3ncnc4cc(C5CCNCC5)sc34)cc2)cc1,870,ligand_870,idx_869,CHEMBL5918323,ligand_0870
6gqj,ligand_0871,CHEMBL5959213,Cc1ccc([C@H](C)NC(=O)N2CCN(c3ncnc4[nH]c(-c5ccc(F)cc5)cc34)CC2(C)C)cc1,871,ligand_871,idx_870,CHEMBL5959213,ligand_0871
6gqj,ligand_0872,CHEMBL5976336,Cc1ccc([C@H](C)NC(=O)N2CCN(c3ncnc4[nH]c(-c5ccc(F)cc5)cc34)CC2)cc1,872,ligand_872,idx_871,CHEMBL5976336,ligand_0872
6gqj,ligand_0873,CHEMBL5779356,Cc1ccc([C@H](C)NC(=O)N2CCN(c3ncnc4[nH]c(-c5ccc(F)cc5)cc34)C[C@H]2C)cc1,873,ligand_873,idx_872,CHEMBL5779356,ligand_0873
6gqj,ligand_0874,CHEMBL5837927,Cc1ccc2sc(S(=O)(=O)NC3CCN(c4ncnc5[nH]c(-c6cnn(C)c6)cc45)CC3)cc2c1,874,ligand_874,idx_873,CHEMBL5837927,ligand_0874
6gqj,ligand_0875,CHEMBL5837927,Cc1ccc2sc(S(=O)(=O)NC3CCN(c4ncnc5[nH]c(-c6cnn(C)c6)cc45)CC3)cc2c1,875,ligand_875,idx_874,CHEMBL5837927,ligand_0875
6gqj,ligand_0876,CHEMBL6055440,Cc1ccc2sc(S(=O)(=O)Nc3ccc(-c4ncnc5[nH]c(C)cc45)cc3)cc2c1,876,ligand_876,idx_875,CHEMBL6055440,ligand_0876
6gqj,ligand_0877,CHEMBL5028912,Cc1cccc(C)c1-c1ccc2nc(NC(=O)[C@@H]3C[C@@H]3F)sc2c1,877,ligand_877,idx_876,CHEMBL5028912,ligand_0877
6gqj,ligand_0878,CHEMBL5028111,Cc1cccc(Cl)c1-c1ccc2nc(NC(=O)[C@@H]3C[C@@H]3F)sc2c1,878,ligand_878,idx_877,CHEMBL5028111,ligand_0878
6gqj,ligand_0879,CHEMBL1994638,Cc1cccc(NC(=O)Nc2ccc(-c3cccc4[nH]nc(N)c34)c(F)c2)c1,879,ligand_879,idx_878,CHEMBL1994638,ligand_0879
6gqj,ligand_0880,CHEMBL220057,Cc1cccc(NC(=O)Nc2ccc(-c3cccc4[nH]nc(N)c34)cc2)c1,880,ligand_880,idx_879,CHEMBL220057,ligand_0880
6gqj,ligand_0881,CHEMBL508928,Cc1cccc(NC(=O)Nc2ccc(-c3cnc4c(-c5cnn(C)c5)cnn4c3N)cc2)c1,881,ligand_881,idx_880,CHEMBL508928,ligand_0881
6gqj,ligand_0882,CHEMBL272938,Cc1cccc(NC(=O)Nc2ccc(-c3cncc4[nH]nc(N)c34)cc2)c1,882,ligand_882,idx_881,CHEMBL272938,ligand_0882
6gqj,ligand_0883,CHEMBL404367,Cc1cccc(NC(=O)Nc2ccc(-c3cncc4c3c(N)nn4C)cc2)c1,883,ligand_883,idx_882,CHEMBL404367,ligand_0883
6gqj,ligand_0884,CHEMBL1983963,Cc1cccc(NC(=O)Nc2ccc(-c3coc4ncnc(N)c34)cc2)c1,884,ligand_884,idx_883,CHEMBL1983963,ligand_0884
6gqj,ligand_0885,CHEMBL1969102,Cc1cccc(NC(=O)Nc2ccc(-c3csc4c(-c5cn[nH]c5)cnc(N)c34)cc2)c1,885,ligand_885,idx_884,CHEMBL1969102,ligand_0885
6gqj,ligand_0886,CHEMBL1967116,Cc1cccc(NC(=O)Nc2ccc(-c3csc4c(-c5cnn(C)c5)cnc(N)c34)cc2)c1,886,ligand_886,idx_885,CHEMBL1967116,ligand_0886
6gqj,ligand_0887,CHEMBL1989708,Cc1cccc(NC(=O)Nc2ccc(-c3csc4c(-c5cnn(CC(C)O)c5)cnc(N)c34)cc2)c1,887,ligand_887,idx_886,CHEMBL1989708,ligand_0887
6gqj,ligand_0888,CHEMBL2062935,Cc1cccc(NC(=O)Nc2ccc(-c3csc4c(-c5cnn(C[C@@H](C)O)c5)cnc(N)c34)cc2)c1,888,ligand_888,idx_887,CHEMBL2062935,ligand_0888
6gqj,ligand_0889,CHEMBL1979577,Cc1cccc(NC(=O)Nc2ccc(-c3csc4c(C#CC(C)(C)N)cnc(N)c34)cc2)c1,889,ligand_889,idx_888,CHEMBL1979577,ligand_0889
6gqj,ligand_0890,CHEMBL1978166,Cc1cccc(NC(=O)Nc2ccc(-c3csc4c(C#CCCCCCCCCN)cnc(N)c34)cc2)c1,890,ligand_890,idx_889,CHEMBL1978166,ligand_0890
6gqj,ligand_0891,CHEMBL1979883,Cc1cccc(NC(=O)Nc2ccc(-c3csc4c(C#CCN(C)C)cnc(N)c34)cc2)c1,891,ligand_891,idx_890,CHEMBL1979883,ligand_0891
6gqj,ligand_0892,CHEMBL1965988,Cc1cccc(NC(=O)Nc2ccc(-c3csc4c(C#CCN)cnc(N)c34)cc2)c1,892,ligand_892,idx_891,CHEMBL1965988,ligand_0892
6gqj,ligand_0893,CHEMBL1973211,Cc1cccc(NC(=O)Nc2ccc(-c3csc4c(C#CCN5CCCC5)cnc(N)c34)cc2)c1,893,ligand_893,idx_892,CHEMBL1973211,ligand_0893
6gqj,ligand_0894,CHEMBL1982465,Cc1cccc(NC(=O)Nc2ccc(-c3csc4c(C#CCN5CCOCC5)cnc(N)c34)cc2)c1,894,ligand_894,idx_893,CHEMBL1982465,ligand_0894
6gqj,ligand_0895,CHEMBL1994321,Cc1cccc(NC(=O)Nc2ccc(-c3csc4c(C#CCNS(C)(=O)=O)cnc(N)c34)cc2)c1,895,ligand_895,idx_894,CHEMBL1994321,ligand_0895
6gqj,ligand_0896,CHEMBL1971947,Cc1cccc(NC(=O)Nc2ccc(-c3csc4c(C#Cc5cccnc5)cnc(N)c34)cc2)c1,896,ligand_896,idx_895,CHEMBL1971947,ligand_0896
6gqj,ligand_0897,CHEMBL394619,Cc1cccc(NC(=O)Nc2ccc(-c3csc4ccnc(N)c34)cc2)c1,897,ligand_897,idx_896,CHEMBL394619,ligand_0897
6gqj,ligand_0898,CHEMBL196363,Cc1cccc(NC(=O)Nc2ccc(-c3csc4ncnc(N)c34)cc2)c1,898,ligand_898,idx_897,CHEMBL196363,ligand_0898
6gqj,ligand_0899,CHEMBL5908792,Cc1cccc(S(=O)(=O)Nc2ccc(-c3ncnc4[nH]c(C)cc34)cc2)c1,899,ligand_899,idx_898,CHEMBL5908792,ligand_0899
6gqj,ligand_0900,CHEMBL5972822,Cc1cccnc1C(=O)Nc1cnc2[nH]c(-c3ccccc3)cc2c1,900,ligand_900,idx_899,CHEMBL5972822,ligand_0900
6gqj,ligand_0901,CHEMBL5925830,Cc1ccnc(-c2cncc(-c3ccnc(Nc4cc(NC(=O)c5ccc(CN6CCN(C)CC6)cc5)ccc4C)n3)c2)c1,901,ligand_901,idx_900,CHEMBL5925830,ligand_0901
6gqj,ligand_0902,CHEMBL5964893,Cc1cnc(-c2cncc(-c3ccnc(Nc4cc(NC(=O)c5ccc(CN6CCN(C)CC6)cc5)ccc4C)n3)c2)s1,902,ligand_902,idx_901,CHEMBL5964893,ligand_0902
6gqj,ligand_0903,CHEMBL5908757,Cc1cncc(-c2cc3cc(NC(=O)c4[nH]nc(C)c4C)cnc3[nH]2)c1,903,ligand_903,idx_902,CHEMBL5908757,ligand_0903
6gqj,ligand_0904,CHEMBL6001350,Cc1csc(-c2cncc(-c3ccnc(Nc4cc(NC(=O)c5ccc(CN6CCN(C)CC6)cc5)ccc4C)n3)c2)n1,904,ligand_904,idx_903,CHEMBL6001350,ligand_0904
6gqj,ligand_0905,CHEMBL5777041,Cc1csc(S(=O)(=O)NC2CCN(c3ncnc4[nH]c(-c5cnn(C)c5)cc34)CC2)c1,905,ligand_905,idx_904,CHEMBL5777041,ligand_0905
6gqj,ligand_0906,CHEMBL5874115,Cc1csc(S(=O)(=O)Nc2ccc(-c3ncnc4[nH]c(C)cc34)cc2)c1,906,ligand_906,idx_905,CHEMBL5874115,ligand_0906
6gqj,ligand_0907,CHEMBL5874115,Cc1csc(S(=O)(=O)Nc2ccc(-c3ncnc4[nH]c(C)cc34)cc2)c1,907,ligand_907,idx_906,CHEMBL5874115,ligand_0907
6gqj,ligand_0908,CHEMBL5879486,Cc1n[nH]c(C(=O)Nc2cnc(Nc3cccc(NS(=O)(=O)c4ccccc4)c3)nc2)c1C,908,ligand_908,idx_907,CHEMBL5879486,ligand_0908
6gqj,ligand_0909,CHEMBL5782460,Cc1n[nH]c(C(=O)Nc2cnc3[nH]c(-c4c(C)nn(C)c4C)cc3c2)c1C,909,ligand_909,idx_908,CHEMBL5782460,ligand_0909
6gqj,ligand_0910,CHEMBL5907353,Cc1n[nH]c(C(=O)Nc2cnc3[nH]c(-c4c(C)noc4C)cc3c2)c1C,910,ligand_910,idx_909,CHEMBL5907353,ligand_0910
6gqj,ligand_0911,CHEMBL5802262,Cc1n[nH]c(C(=O)Nc2cnc3[nH]c(-c4cc(OC(F)(F)F)ccc4Cl)cc3c2)c1C,911,ligand_911,idx_910,CHEMBL5802262,ligand_0911
6gqj,ligand_0912,CHEMBL6016829,Cc1n[nH]c(C(=O)Nc2cnc3[nH]c(-c4ccc(C#N)c(N5CCOCC5)c4)cc3c2)c1C,912,ligand_912,idx_911,CHEMBL6016829,ligand_0912
6gqj,ligand_0913,CHEMBL5938977,Cc1n[nH]c(C(=O)Nc2cnc3[nH]c(-c4ccc(F)c(-c5nn[nH]n5)c4)cc3c2)c1C,913,ligand_913,idx_912,CHEMBL5938977,ligand_0913
6gqj,ligand_0914,CHEMBL5841227,Cc1n[nH]c(C(=O)Nc2cnc3[nH]c(-c4ccc(F)cc4)cc3c2)c1Cl,914,ligand_914,idx_913,CHEMBL5841227,ligand_0914
6gqj,ligand_0915,CHEMBL6002446,Cc1n[nH]c(C(=O)Nc2cnc3[nH]c(-c4ccc(F)cc4OC(F)F)cc3c2)c1C,915,ligand_915,idx_914,CHEMBL6002446,ligand_0915
6gqj,ligand_0916,CHEMBL5809656,Cc1n[nH]c(C(=O)Nc2cnc3[nH]c(-c4cccc(N5CCCC5)c4)cc3c2)c1C,916,ligand_916,idx_915,CHEMBL5809656,ligand_0916
6gqj,ligand_0917,CHEMBL5880557,Cc1n[nH]c(C(=O)Nc2cnc3[nH]c(-c4ccccc4C(F)(F)F)cc3c2)c1C,917,ligand_917,idx_916,CHEMBL5880557,ligand_0917
6gqj,ligand_0918,CHEMBL5770160,Cc1n[nH]c(C(=O)Nc2cnc3[nH]c(-c4ccccc4OC(F)(F)F)cc3c2)c1C,918,ligand_918,idx_917,CHEMBL5770160,ligand_0918
6gqj,ligand_0919,CHEMBL6023536,Cc1n[nH]c(C(=O)Nc2cnc3[nH]c(-c4ccnc(N5CCN(C(=O)C6CC6)CC5)c4)cc3c2)c1C,919,ligand_919,idx_918,CHEMBL6023536,ligand_0919
6gqj,ligand_0920,CHEMBL5954772,Cc1n[nH]c(C(=O)Nc2cnc3[nH]c(-c4ccnc(N5CCN(S(C)(=O)=O)CC5)c4)cc3c2)c1C,920,ligand_920,idx_919,CHEMBL5954772,ligand_0920
6gqj,ligand_0921,CHEMBL6037759,Cc1n[nH]c(C(=O)Nc2cnc3[nH]c(-c4ccnc5c4OCCO5)cc3c2)c1C,921,ligand_921,idx_920,CHEMBL6037759,ligand_0921
6gqj,ligand_0922,CHEMBL5772861,Cc1n[nH]c(C(=O)Nc2cnc3[nH]c(-c4cnc(N5CCN(C)CC5)nc4)cc3c2)c1C,922,ligand_922,idx_921,CHEMBL5772861,ligand_0922
6gqj,ligand_0923,CHEMBL5896465,Cc1n[nH]c(C(=O)Nc2cnc3[nH]c(-n4cccn4)cc3c2)c1C,923,ligand_923,idx_922,CHEMBL5896465,ligand_0923
6gqj,ligand_0924,CHEMBL5916924,Cc1n[nH]c(C(=O)Nc2cnc3[nH]c(C4=CCC(N)CC4)cc3c2)c1C,924,ligand_924,idx_923,CHEMBL5916924,ligand_0924
6gqj,ligand_0925,CHEMBL5938557,Cc1n[nH]c(C(=O)Nc2cnc3[nH]c(C4=CCN(C(=O)CN5CCOCC5)CC4)cc3c2)c1C,925,ligand_925,idx_924,CHEMBL5938557,ligand_0925
6gqj,ligand_0926,CHEMBL5874159,Cc1n[nH]c(C(=O)Nc2cnc3[nH]c(I)cc3c2)c1C,926,ligand_926,idx_925,CHEMBL5874159,ligand_0926
6gqj,ligand_0927,CHEMBL5863513,Cc1n[nH]c(C(=O)Nc2cnc3[nH]c(N4CCCC4)cc3c2)c1C,927,ligand_927,idx_926,CHEMBL5863513,ligand_0927
6gqj,ligand_0928,CHEMBL6002844,Cc1n[nH]c(C(=O)Nc2cnc3[nH]ccc3c2)c1C,928,ligand_928,idx_927,CHEMBL6002844,ligand_0928
6gqj,ligand_0929,CHEMBL5743402,Cc1n[nH]c(C(=O)Nc2cnc3[nH]nc(-c4cccc(N5CCN(C(=O)OC(C)(C)C)CC5)c4)c3c2)c1C,929,ligand_929,idx_928,CHEMBL5743402,ligand_0929
6gqj,ligand_0930,CHEMBL5802010,Cc1n[nH]c(C(=O)Nc2cnc3sc(-c4ccccc4)nc3c2)c1C,930,ligand_930,idx_929,CHEMBL5802010,ligand_0930
6gqj,ligand_0931,CHEMBL379218,Cc1n[nH]c2ccc(-c3cncc(OC[C@@H](N)Cc4ccccc4)c3)cc12,931,ligand_931,idx_930,CHEMBL379218,ligand_0931
6gqj,ligand_0932,CHEMBL1970074,Cc1n[nH]c2cccc(-c3ccc(NC(=O)Nc4cccc(C(F)(F)F)c4)cc3)c12,932,ligand_932,idx_931,CHEMBL1970074,ligand_0932
6gqj,ligand_0933,CHEMBL5757917,Cc1n[nH]c2ncnc(-c3ccc(NS(=O)(=O)c4ccc(C(F)(F)F)cc4)cc3)c12,933,ligand_933,idx_932,CHEMBL5757917,ligand_0933
6gqj,ligand_0934,CHEMBL5757917,Cc1n[nH]c2ncnc(-c3ccc(NS(=O)(=O)c4ccc(C(F)(F)F)cc4)cc3)c12,934,ligand_934,idx_933,CHEMBL5757917,ligand_0934
6gqj,ligand_0935,CHEMBL5831432,Cc1n[nH]c2ncnc(-c3ccc(NS(=O)(=O)c4ccc(C(F)(F)F)nc4)cc3)c12,935,ligand_935,idx_934,CHEMBL5831432,ligand_0935
6gqj,ligand_0936,CHEMBL5923383,Cc1n[nH]c2ncnc(-c3ccc(NS(=O)(=O)c4ccc(Cl)cc4)cc3)c12,936,ligand_936,idx_935,CHEMBL5923383,ligand_0936
6gqj,ligand_0937,CHEMBL5923383,Cc1n[nH]c2ncnc(-c3ccc(NS(=O)(=O)c4ccc(Cl)cc4)cc3)c12,937,ligand_937,idx_936,CHEMBL5923383,ligand_0937
6gqj,ligand_0938,CHEMBL5871610,Cc1n[nH]c2ncnc(-c3ccc(NS(=O)(=O)c4ccc(F)cc4)cc3)c12,938,ligand_938,idx_937,CHEMBL5871610,ligand_0938
6gqj,ligand_0939,CHEMBL5871610,Cc1n[nH]c2ncnc(-c3ccc(NS(=O)(=O)c4ccc(F)cc4)cc3)c12,939,ligand_939,idx_938,CHEMBL5871610,ligand_0939
6gqj,ligand_0940,CHEMBL5855251,Cc1n[nH]c2ncnc(-c3ccc(NS(=O)(=O)c4cccc(Cl)c4)cc3)c12,940,ligand_940,idx_939,CHEMBL5855251,ligand_0940
6gqj,ligand_0941,CHEMBL5855251,Cc1n[nH]c2ncnc(-c3ccc(NS(=O)(=O)c4cccc(Cl)c4)cc3)c12,941,ligand_941,idx_940,CHEMBL5855251,ligand_0941
6gqj,ligand_0942,CHEMBL5908438,Cc1n[nH]c2ncnc(-c3ccc(NS(=O)(=O)c4cccc(F)c4)cc3)c12,942,ligand_942,idx_941,CHEMBL5908438,ligand_0942
6gqj,ligand_0943,CHEMBL5908438,Cc1n[nH]c2ncnc(-c3ccc(NS(=O)(=O)c4cccc(F)c4)cc3)c12,943,ligand_943,idx_942,CHEMBL5908438,ligand_0943
6gqj,ligand_0944,CHEMBL5998650,Cc1n[nH]cc1C(=O)Nc1cnc2[nH]c(-c3ccc(F)cc3)cc2c1,944,ligand_944,idx_943,CHEMBL5998650,ligand_0944
6gqj,ligand_0945,CHEMBL5776547,Cc1nc(C)c(-c2cc3c(N4CCC(NS(=O)(=O)c5ccc(OC(F)(F)F)cc5)CC4)ncnc3[nH]2)s1,945,ligand_945,idx_944,CHEMBL5776547,ligand_0945
6gqj,ligand_0946,CHEMBL5776547,Cc1nc(C)c(-c2cc3c(N4CCC(NS(=O)(=O)c5ccc(OC(F)(F)F)cc5)CC4)ncnc3[nH]2)s1,946,ligand_946,idx_945,CHEMBL5776547,ligand_0946
6gqj,ligand_0947,CHEMBL5842859,Cc1nc(C)c(-c2cc3ncnc(N4CCN(C(=O)N[C@@H](C)c5cccc(Cl)c5)C(C)(C)C4)c3s2)s1,947,ligand_947,idx_946,CHEMBL5842859,ligand_0947
6gqj,ligand_0948,CHEMBL5790830,Cc1nc(C2(C)CCN(c3ncnc4[nH]c(-c5ccc(C#N)cc5)cc34)CC2)[nH]c1-c1ccc(C(F)(F)F)cc1,948,ligand_948,idx_947,CHEMBL5790830,ligand_0948
6gqj,ligand_0949,CHEMBL5905173,Cc1nc(C2(C)CCN(c3ncnc4[nH]c(-c5ccc(C#N)cc5)cc34)CC2)[nH]c1-c1ccc(C(F)F)cc1,949,ligand_949,idx_948,CHEMBL5905173,ligand_0949
6gqj,ligand_0950,CHEMBL5861959,Cc1nc(C2(C)CCN(c3ncnc4[nH]c(-c5ccc(C#N)cc5)cc34)CC2)[nH]c1-c1ccc(Cl)cc1,950,ligand_950,idx_949,CHEMBL5861959,ligand_0950
6gqj,ligand_0951,CHEMBL5965880,Cc1nc(C2(C)CCN(c3ncnc4[nH]c(-c5ccc(C#N)cc5)cc34)CC2)[nH]c1-c1ccc(OC(F)F)cc1,951,ligand_951,idx_950,CHEMBL5965880,ligand_0951
6gqj,ligand_0952,CHEMBL5813969,Cc1nc(C2(C)CCN(c3ncnc4[nH]c(-c5ccc(C#N)cc5)cc34)CC2)[nH]c1-c1ccc2c(c1)OCO2,952,ligand_952,idx_951,CHEMBL5813969,ligand_0952
6gqj,ligand_0953,CHEMBL5746064,Cc1nc(C2(C)CCN(c3ncnc4[nH]c(-c5ccc(C#N)cc5)cc34)CC2)[nH]c1-c1cccc(OC(F)F)c1,953,ligand_953,idx_952,CHEMBL5746064,ligand_0953
6gqj,ligand_0954,CHEMBL5746064,Cc1nc(C2(C)CCN(c3ncnc4[nH]c(-c5ccc(C#N)cc5)cc34)CC2)[nH]c1-c1cccc(OC(F)F)c1,954,ligand_954,idx_953,CHEMBL5746064,ligand_0954
6gqj,ligand_0955,CHEMBL6054519,Cc1nc(C2(C)CCN(c3ncnc4[nH]c(-c5ccc(C#N)nc5)cc34)CC2)[nH]c1-c1cccc(OC(F)F)c1,955,ligand_955,idx_954,CHEMBL6054519,ligand_0955
6gqj,ligand_0956,CHEMBL6054519,Cc1nc(C2(C)CCN(c3ncnc4[nH]c(-c5ccc(C#N)nc5)cc34)CC2)[nH]c1-c1cccc(OC(F)F)c1,956,ligand_956,idx_955,CHEMBL6054519,ligand_0956
6gqj,ligand_0957,CHEMBL5987112,Cc1nc(C2(C)CCN(c3ncnc4[nH]c(-c5ccc(C(N)=O)cc5)cc34)CC2)[nH]c1-c1ccc(C(F)F)cc1,957,ligand_957,idx_956,CHEMBL5987112,ligand_0957
6gqj,ligand_0958,CHEMBL5876907,Cc1nc(C2(C)CCN(c3ncnc4[nH]c(-c5ccc(C(N)=O)cc5)cc34)CC2)[nH]c1-c1ccc(OC(F)F)cc1,958,ligand_958,idx_957,CHEMBL5876907,ligand_0958
6gqj,ligand_0959,CHEMBL5742906,Cc1nc(C2(C)CCN(c3ncnc4[nH]c(-c5ccc(C(N)=O)cc5)cc34)CC2)[nH]c1-c1cccc(OC(F)F)c1,959,ligand_959,idx_958,CHEMBL5742906,ligand_0959
6gqj,ligand_0960,CHEMBL5842230,Cc1nc(C2(C)CCN(c3ncnc4[nH]c(-c5ccc(F)cc5)cc34)CC2)[nH]c1-c1ccc(Cl)cc1,960,ligand_960,idx_959,CHEMBL5842230,ligand_0960
6gqj,ligand_0961,CHEMBL6024015,Cc1nc(C2(C)CCN(c3ncnc4[nH]c(-c5ccc(F)cc5)cc34)CC2)[nH]c1-c1ccc(F)cc1,961,ligand_961,idx_960,CHEMBL6024015,ligand_0961
6gqj,ligand_0962,CHEMBL5961126,Cc1nc(C2(C)CCN(c3ncnc4[nH]c(-c5ccc(F)cc5)cc34)CC2)[nH]c1-c1ccccc1,962,ligand_962,idx_961,CHEMBL5961126,ligand_0962
6gqj,ligand_0963,CHEMBL5800175,Cc1nc(C2(C)CCN(c3ncnc4[nH]c(-c5ccc(N6CCOCC6)nc5)cc34)CC2)[nH]c1-c1ccc(C(F)F)cc1,963,ligand_963,idx_962,CHEMBL5800175,ligand_0963
6gqj,ligand_0964,CHEMBL5774866,Cc1nc(C2(C)CCN(c3ncnc4[nH]c(-c5ccc(N6CCOCC6)nc5)cc34)CC2)[nH]c1-c1ccc(OC(F)F)cc1,964,ligand_964,idx_963,CHEMBL5774866,ligand_0964
6gqj,ligand_0965,CHEMBL5744603,Cc1nc(C2(C)CCN(c3ncnc4[nH]c(-c5ccc(N6CCOCC6)nc5)cc34)CC2)[nH]c1-c1cccc(OC(F)F)c1,965,ligand_965,idx_964,CHEMBL5744603,ligand_0965
6gqj,ligand_0966,CHEMBL6041428,Cc1nc(C2(C)CCN(c3ncnc4[nH]c(-c5ccc(NS(C)(=O)=O)cc5)cc34)CC2)[nH]c1-c1ccc(C(F)F)cc1,966,ligand_966,idx_965,CHEMBL6041428,ligand_0966
6gqj,ligand_0967,CHEMBL6044811,Cc1nc(C2(C)CCN(c3ncnc4[nH]c(-c5ccc(NS(C)(=O)=O)cc5)cc34)CC2)[nH]c1-c1ccc(OC(F)F)cc1,967,ligand_967,idx_966,CHEMBL6044811,ligand_0967
6gqj,ligand_0968,CHEMBL6050421,Cc1nc(C2(C)CCN(c3ncnc4[nH]c(-c5ccc(NS(C)(=O)=O)cc5)cc34)CC2)[nH]c1-c1cccc(OC(F)F)c1,968,ligand_968,idx_967,CHEMBL6050421,ligand_0968
6gqj,ligand_0969,CHEMBL6019045,Cc1nc(C2(C)CCN(c3ncnc4[nH]c(-c5ccc(OCC(=O)O)cc5)cc34)CC2)[nH]c1-c1ccc(C(F)F)cc1,969,ligand_969,idx_968,CHEMBL6019045,ligand_0969
6gqj,ligand_0970,CHEMBL5860661,Cc1nc(C2(C)CCN(c3ncnc4[nH]c(-c5ccc(OCC(=O)O)cc5)cc34)CC2)[nH]c1-c1ccc(OC(F)F)cc1,970,ligand_970,idx_969,CHEMBL5860661,ligand_0970
6gqj,ligand_0971,CHEMBL5907334,Cc1nc(C2(C)CCN(c3ncnc4[nH]c(-c5ccc(OCC(=O)O)cc5)cc34)CC2)[nH]c1-c1cccc(OC(F)F)c1,971,ligand_971,idx_970,CHEMBL5907334,ligand_0971
6gqj,ligand_0972,CHEMBL5767905,Cc1nc(C2(C)CCN(c3ncnc4[nH]c(-c5cnn(C(F)F)c5)cc34)CC2)[nH]c1-c1ccc(C(F)(F)F)cc1,972,ligand_972,idx_971,CHEMBL5767905,ligand_0972
6gqj,ligand_0973,CHEMBL5878095,Cc1nc(C2(C)CCN(c3ncnc4[nH]c(-c5cnn(C(F)F)c5)cc34)CC2)[nH]c1-c1ccc(C(F)F)cc1,973,ligand_973,idx_972,CHEMBL5878095,ligand_0973
6gqj,ligand_0974,CHEMBL6052269,Cc1nc(C2(C)CCN(c3ncnc4[nH]c(-c5cnn(C(F)F)c5)cc34)CC2)[nH]c1-c1ccc(Cl)cc1,974,ligand_974,idx_973,CHEMBL6052269,ligand_0974
6gqj,ligand_0975,CHEMBL5856293,Cc1nc(C2(C)CCN(c3ncnc4[nH]c(-c5cnn(C(F)F)c5)cc34)CC2)[nH]c1-c1ccc(OC(F)F)cc1,975,ligand_975,idx_974,CHEMBL5856293,ligand_0975
6gqj,ligand_0976,CHEMBL5996089,Cc1nc(C2(C)CCN(c3ncnc4[nH]c(-c5cnn(C(F)F)c5)cc34)CC2)[nH]c1-c1ccc2c(c1)OCO2,976,ligand_976,idx_975,CHEMBL5996089,ligand_0976
6gqj,ligand_0977,CHEMBL5961996,Cc1nc(C2(C)CCN(c3ncnc4[nH]c(-c5cnn(C(F)F)c5)cc34)CC2)[nH]c1-c1cccc(OC(F)F)c1,977,ligand_977,idx_976,CHEMBL5961996,ligand_0977
6gqj,ligand_0978,CHEMBL5746320,Cc1nc(C2(C)CCN(c3ncnc4[nH]nc(C)c34)CC2)[nH]c1-c1ccc(Cl)cc1,978,ligand_978,idx_977,CHEMBL5746320,ligand_0978
6gqj,ligand_0979,CHEMBL5746320,Cc1nc(C2(C)CCN(c3ncnc4[nH]nc(C)c34)CC2)[nH]c1-c1ccc(Cl)cc1,979,ligand_979,idx_978,CHEMBL5746320,ligand_0979
6gqj,ligand_0980,CHEMBL6046776,Cc1nc(C2(C)CCN(c3ncnc4[nH]nc(C)c34)CC2)[nH]c1-c1ccc2c(c1)OC(F)(F)O2,980,ligand_980,idx_979,CHEMBL6046776,ligand_0980
6gqj,ligand_0981,CHEMBL6046776,Cc1nc(C2(C)CCN(c3ncnc4[nH]nc(C)c34)CC2)[nH]c1-c1ccc2c(c1)OC(F)(F)O2,981,ligand_981,idx_980,CHEMBL6046776,ligand_0981
6gqj,ligand_0982,CHEMBL5918282,Cc1nc(C2(C)CCN(c3ncnc4[nH]nc(C)c34)CC2)[nH]c1-c1cccc(OC(F)F)c1,982,ligand_982,idx_981,CHEMBL5918282,ligand_0982
6gqj,ligand_0983,CHEMBL5918282,Cc1nc(C2(C)CCN(c3ncnc4[nH]nc(C)c34)CC2)[nH]c1-c1cccc(OC(F)F)c1,983,ligand_983,idx_982,CHEMBL5918282,ligand_0983
6gqj,ligand_0984,CHEMBL5905539,Cc1nc(C2CCN(c3ncnc4[nH]c(-c5ccc(C#N)cc5)cc34)CC2)[nH]c1-c1ccc(C(F)(F)F)cc1,984,ligand_984,idx_983,CHEMBL5905539,ligand_0984
6gqj,ligand_0985,CHEMBL5905539,Cc1nc(C2CCN(c3ncnc4[nH]c(-c5ccc(C#N)cc5)cc34)CC2)[nH]c1-c1ccc(C(F)(F)F)cc1,985,ligand_985,idx_984,CHEMBL5905539,ligand_0985
6gqj,ligand_0986,CHEMBL5942211,Cc1nc(C2CCN(c3ncnc4[nH]c(-c5ccc(C#N)cc5)cc34)CC2)[nH]c1-c1ccc(C(F)F)cc1,986,ligand_986,idx_985,CHEMBL5942211,ligand_0986
6gqj,ligand_0987,CHEMBL5942211,Cc1nc(C2CCN(c3ncnc4[nH]c(-c5ccc(C#N)cc5)cc34)CC2)[nH]c1-c1ccc(C(F)F)cc1,987,ligand_987,idx_986,CHEMBL5942211,ligand_0987
6gqj,ligand_0988,CHEMBL5811130,Cc1nc(C2CCN(c3ncnc4[nH]c(-c5ccc(C#N)cc5)cc34)CC2)[nH]c1-c1ccc(Cl)cc1,988,ligand_988,idx_987,CHEMBL5811130,ligand_0988
6gqj,ligand_0989,CHEMBL5919052,Cc1nc(C2CCN(c3ncnc4[nH]c(-c5ccc(C#N)cc5)cc34)CC2)[nH]c1-c1ccc(F)cc1,989,ligand_989,idx_988,CHEMBL5919052,ligand_0989
6gqj,ligand_0990,CHEMBL5919052,Cc1nc(C2CCN(c3ncnc4[nH]c(-c5ccc(C#N)cc5)cc34)CC2)[nH]c1-c1ccc(F)cc1,990,ligand_990,idx_989,CHEMBL5919052,ligand_0990
6gqj,ligand_0991,CHEMBL5869814,Cc1nc(C2CCN(c3ncnc4[nH]c(-c5ccc(C#N)cc5)cc34)CC2)[nH]c1-c1ccc(OC(C)C)cc1,991,ligand_991,idx_990,CHEMBL5869814,ligand_0991
6gqj,ligand_0992,CHEMBL5927474,Cc1nc(C2CCN(c3ncnc4[nH]c(-c5ccc(C#N)cc5)cc34)CC2)[nH]c1-c1ccc(OC(F)(F)F)cc1,992,ligand_992,idx_991,CHEMBL5927474,ligand_0992
6gqj,ligand_0993,CHEMBL5927474,Cc1nc(C2CCN(c3ncnc4[nH]c(-c5ccc(C#N)cc5)cc34)CC2)[nH]c1-c1ccc(OC(F)(F)F)cc1,993,ligand_993,idx_992,CHEMBL5927474,ligand_0993
6gqj,ligand_0994,CHEMBL5874452,Cc1nc(C2CCN(c3ncnc4[nH]c(-c5ccc(C#N)cc5)cc34)CC2)[nH]c1-c1ccc(OC(F)F)cc1,994,ligand_994,idx_993,CHEMBL5874452,ligand_0994
6gqj,ligand_0995,CHEMBL5874452,Cc1nc(C2CCN(c3ncnc4[nH]c(-c5ccc(C#N)cc5)cc34)CC2)[nH]c1-c1ccc(OC(F)F)cc1,995,ligand_995,idx_994,CHEMBL5874452,ligand_0995
6gqj,ligand_0996,CHEMBL5884812,Cc1nc(C2CCN(c3ncnc4[nH]c(-c5ccc(C#N)cc5)cc34)CC2)[nH]c1-c1ccc2c(c1)OC(F)(F)O2,996,ligand_996,idx_995,CHEMBL5884812,ligand_0996
6gqj,ligand_0997,CHEMBL6026510,Cc1nc(C2CCN(c3ncnc4[nH]c(-c5ccc(C#N)cc5)cc34)CC2)[nH]c1-c1ccc2c(c1)OCCO2,997,ligand_997,idx_996,CHEMBL6026510,ligand_0997
6gqj,ligand_0998,CHEMBL6062322,Cc1nc(C2CCN(c3ncnc4[nH]c(-c5ccc(C#N)cc5)cc34)CC2)[nH]c1-c1ccc2c(c1)OCO2,998,ligand_998,idx_997,CHEMBL6062322,ligand_0998
6gqj,ligand_0999,CHEMBL5924094,Cc1nc(C2CCN(c3ncnc4[nH]c(-c5ccc(C#N)cc5)cc34)CC2)[nH]c1-c1cccc(F)c1,999,ligand_999,idx_998,CHEMBL5924094,ligand_0999
6gqj,ligand_1000,CHEMBL5924094,Cc1nc(C2CCN(c3ncnc4[nH]c(-c5ccc(C#N)cc5)cc34)CC2)[nH]c1-c1cccc(F)c1,1000,ligand_1000,idx_999,CHEMBL5924094,ligand_1000
6gqj,ligand_1001,CHEMBL6030785,Cc1nc(C2CCN(c3ncnc4[nH]c(-c5ccc(C#N)cc5)cc34)CC2)[nH]c1-c1ccccc1,1001,ligand_1001,idx_1000,CHEMBL6030785,ligand_1001
6gqj,ligand_1002,CHEMBL6030785,Cc1nc(C2CCN(c3ncnc4[nH]c(-c5ccc(C#N)cc5)cc34)CC2)[nH]c1-c1ccccc1,1002,ligand_1002,idx_1001,CHEMBL6030785,ligand_1002
6gqj,ligand_1003,CHEMBL5868381,Cc1nc(C2CCN(c3ncnc4[nH]c(-c5ccc(C(N)=O)cc5)cc34)CC2)[nH]c1-c1ccccc1,1003,ligand_1003,idx_1002,CHEMBL5868381,ligand_1003
6gqj,ligand_1004,CHEMBL5913563,Cc1nc(C2CCN(c3ncnc4[nH]c(-c5ccc(F)cc5)cc34)CC2)[nH]c1-c1ccc(C(F)(F)F)cc1,1004,ligand_1004,idx_1003,CHEMBL5913563,ligand_1004
6gqj,ligand_1005,CHEMBL5913563,Cc1nc(C2CCN(c3ncnc4[nH]c(-c5ccc(F)cc5)cc34)CC2)[nH]c1-c1ccc(C(F)(F)F)cc1,1005,ligand_1005,idx_1004,CHEMBL5913563,ligand_1005
6gqj,ligand_1006,CHEMBL6037393,Cc1nc(C2CCN(c3ncnc4[nH]c(-c5ccc(F)cc5)cc34)CC2)[nH]c1-c1ccc(Cl)cc1,1006,ligand_1006,idx_1005,CHEMBL6037393,ligand_1006
6gqj,ligand_1007,CHEMBL5751608,Cc1nc(C2CCN(c3ncnc4[nH]c(-c5ccc(F)cc5)cc34)CC2)[nH]c1-c1ccc(Cl)s1,1007,ligand_1007,idx_1006,CHEMBL5751608,ligand_1007
6gqj,ligand_1008,CHEMBL5751608,Cc1nc(C2CCN(c3ncnc4[nH]c(-c5ccc(F)cc5)cc34)CC2)[nH]c1-c1ccc(Cl)s1,1008,ligand_1008,idx_1007,CHEMBL5751608,ligand_1008
6gqj,ligand_1009,CHEMBL5817710,Cc1nc(C2CCN(c3ncnc4[nH]c(-c5ccc(F)cc5)cc34)CC2)[nH]c1-c1ccc(F)cc1,1009,ligand_1009,idx_1008,CHEMBL5817710,ligand_1009
6gqj,ligand_1010,CHEMBL5966444,Cc1nc(C2CCN(c3ncnc4[nH]c(-c5ccc(F)cc5)cc34)CC2)[nH]c1-c1ccc(OC(C)C)cc1,1010,ligand_1010,idx_1009,CHEMBL5966444,ligand_1010
6gqj,ligand_1011,CHEMBL5991402,Cc1nc(C2CCN(c3ncnc4[nH]c(-c5ccc(F)cc5)cc34)CC2)[nH]c1-c1ccc(OC(F)(F)F)cc1,1011,ligand_1011,idx_1010,CHEMBL5991402,ligand_1011
6gqj,ligand_1012,CHEMBL5965068,Cc1nc(C2CCN(c3ncnc4[nH]c(-c5ccc(F)cc5)cc34)CC2)[nH]c1-c1ccc2c(c1)OC(F)(F)O2,1012,ligand_1012,idx_1011,CHEMBL5965068,ligand_1012
6gqj,ligand_1013,CHEMBL5965068,Cc1nc(C2CCN(c3ncnc4[nH]c(-c5ccc(F)cc5)cc34)CC2)[nH]c1-c1ccc2c(c1)OC(F)(F)O2,1013,ligand_1013,idx_1012,CHEMBL5965068,ligand_1013
6gqj,ligand_1014,CHEMBL6028148,Cc1nc(C2CCN(c3ncnc4[nH]c(-c5ccc(F)cc5)cc34)CC2)[nH]c1-c1ccc2c(c1)OCCO2,1014,ligand_1014,idx_1013,CHEMBL6028148,ligand_1014
6gqj,ligand_1015,CHEMBL5865840,Cc1nc(C2CCN(c3ncnc4[nH]c(-c5ccc(F)cc5)cc34)CC2)[nH]c1-c1ccc2c(c1)OCO2,1015,ligand_1015,idx_1014,CHEMBL5865840,ligand_1015
6gqj,ligand_1016,CHEMBL5920043,Cc1nc(C2CCN(c3ncnc4[nH]c(-c5ccc(F)cc5)cc34)CC2)[nH]c1-c1cccc(OC(F)(F)F)c1,1016,ligand_1016,idx_1015,CHEMBL5920043,ligand_1016
6gqj,ligand_1017,CHEMBL5920043,Cc1nc(C2CCN(c3ncnc4[nH]c(-c5ccc(F)cc5)cc34)CC2)[nH]c1-c1cccc(OC(F)(F)F)c1,1017,ligand_1017,idx_1016,CHEMBL5920043,ligand_1017
6gqj,ligand_1018,CHEMBL5929419,Cc1nc(C2CCN(c3ncnc4[nH]c(-c5ccc(F)cc5)cc34)CC2)[nH]c1-c1ccccc1,1018,ligand_1018,idx_1017,CHEMBL5929419,ligand_1018
6gqj,ligand_1019,CHEMBL5853318,Cc1nc(C2CCN(c3ncnc4[nH]c(-c5ccc(S(N)(=O)=O)cc5)cc34)CC2)[nH]c1-c1ccccc1,1019,ligand_1019,idx_1018,CHEMBL5853318,ligand_1019
6gqj,ligand_1020,CHEMBL5853318,Cc1nc(C2CCN(c3ncnc4[nH]c(-c5ccc(S(N)(=O)=O)cc5)cc34)CC2)[nH]c1-c1ccccc1,1020,ligand_1020,idx_1019,CHEMBL5853318,ligand_1020
6gqj,ligand_1021,CHEMBL5980621,Cc1nc(C2CCN(c3ncnc4[nH]c(-c5cccc(C(F)(F)F)c5)cc34)CC2)[nH]c1-c1ccccc1,1021,ligand_1021,idx_1020,CHEMBL5980621,ligand_1021
6gqj,ligand_1022,CHEMBL5980621,Cc1nc(C2CCN(c3ncnc4[nH]c(-c5cccc(C(F)(F)F)c5)cc34)CC2)[nH]c1-c1ccccc1,1022,ligand_1022,idx_1021,CHEMBL5980621,ligand_1022
6gqj,ligand_1023,CHEMBL5905748,Cc1nc(C2CCN(c3ncnc4[nH]c(-c5cccc(Cl)c5)cc34)CC2)[nH]c1-c1ccccc1,1023,ligand_1023,idx_1022,CHEMBL5905748,ligand_1023
6gqj,ligand_1024,CHEMBL5771231,Cc1nc(C2CCN(c3ncnc4[nH]c(-c5cccc(F)c5)cc34)CC2)[nH]c1-c1ccccc1,1024,ligand_1024,idx_1023,CHEMBL5771231,ligand_1024
6gqj,ligand_1025,CHEMBL5845747,Cc1nc(C2CCN(c3ncnc4[nH]c(-c5cccc(NS(C)(=O)=O)c5)cc34)CC2)[nH]c1-c1ccccc1,1025,ligand_1025,idx_1024,CHEMBL5845747,ligand_1025
6gqj,ligand_1026,CHEMBL5974634,Cc1nc(C2CCN(c3ncnc4[nH]c(-c5cccc(OC(F)(F)F)c5)cc34)CC2)[nH]c1-c1ccccc1,1026,ligand_1026,idx_1025,CHEMBL5974634,ligand_1026
6gqj,ligand_1027,CHEMBL5974634,Cc1nc(C2CCN(c3ncnc4[nH]c(-c5cccc(OC(F)(F)F)c5)cc34)CC2)[nH]c1-c1ccccc1,1027,ligand_1027,idx_1026,CHEMBL5974634,ligand_1027
6gqj,ligand_1028,CHEMBL6005770,Cc1nc(C2CCN(c3ncnc4[nH]c(-c5cccc(S(N)(=O)=O)c5)cc34)CC2)[nH]c1-c1ccccc1,1028,ligand_1028,idx_1027,CHEMBL6005770,ligand_1028
6gqj,ligand_1029,CHEMBL5784477,Cc1nc(C2CCN(c3ncnc4[nH]c(-c5ccnc(C(F)(F)F)c5)cc34)CC2)[nH]c1-c1ccccc1,1029,ligand_1029,idx_1028,CHEMBL5784477,ligand_1029
6gqj,ligand_1030,CHEMBL5784477,Cc1nc(C2CCN(c3ncnc4[nH]c(-c5ccnc(C(F)(F)F)c5)cc34)CC2)[nH]c1-c1ccccc1,1030,ligand_1030,idx_1029,CHEMBL5784477,ligand_1030
6gqj,ligand_1031,CHEMBL5901549,Cc1nc(C2CCN(c3ncnc4[nH]c(-c5ccnc(N6CCC(C)CC6)c5)cc34)CC2)[nH]c1-c1ccccc1,1031,ligand_1031,idx_1030,CHEMBL5901549,ligand_1031
6gqj,ligand_1032,CHEMBL5791219,Cc1nc(C2CCN(c3ncnc4[nH]c(-c5ccnc(N6CCCC6)c5)cc34)CC2)[nH]c1-c1ccccc1,1032,ligand_1032,idx_1031,CHEMBL5791219,ligand_1032
6gqj,ligand_1033,CHEMBL5924842,Cc1nc(C2CCN(c3ncnc4[nH]c(-c5ccnc(N6CCOCC6)c5)cc34)CC2)[nH]c1-c1ccccc1,1033,ligand_1033,idx_1032,CHEMBL5924842,ligand_1033
6gqj,ligand_1034,CHEMBL5881345,Cc1nc(C2CCN(c3ncnc4[nH]c(-c5ccnc(OC(C)C)c5)cc34)CC2)[nH]c1-c1ccccc1,1034,ligand_1034,idx_1033,CHEMBL5881345,ligand_1034
6gqj,ligand_1035,CHEMBL5993257,Cc1nc(C2CCN(c3ncnc4[nH]c(-c5cnn(C(F)F)c5)cc34)CC2)[nH]c1-c1ccc(F)cc1,1035,ligand_1035,idx_1034,CHEMBL5993257,ligand_1035
6gqj,ligand_1036,CHEMBL5890902,Cc1nc(C2CCN(c3ncnc4[nH]c(-c5cnn(C(F)F)c5)cc34)CC2)[nH]c1-c1ccc(OC(F)(F)F)cc1,1036,ligand_1036,idx_1035,CHEMBL5890902,ligand_1036
6gqj,ligand_1037,CHEMBL5895171,Cc1nc(C2CCN(c3ncnc4[nH]c(-c5cnn(C(F)F)c5)cc34)CC2)[nH]c1-c1ccc(OC(F)F)cc1,1037,ligand_1037,idx_1036,CHEMBL5895171,ligand_1037
6gqj,ligand_1038,CHEMBL5927056,Cc1nc(C2CCN(c3ncnc4[nH]c(-c5cnn(C(F)F)c5)cc34)CC2)[nH]c1-c1ccc2c(c1)OCCO2,1038,ligand_1038,idx_1037,CHEMBL5927056,ligand_1038
6gqj,ligand_1039,CHEMBL5816553,Cc1nc(C2CCN(c3ncnc4[nH]c(-c5cnn(C(F)F)c5)cc34)CC2)[nH]c1-c1ccc2c(c1)OCO2,1039,ligand_1039,idx_1038,CHEMBL5816553,ligand_1039
6gqj,ligand_1040,CHEMBL5776068,Cc1nc(C2CCN(c3ncnc4[nH]c(-c5cnn(C(F)F)c5)cc34)CC2)[nH]c1-c1ccccc1,1040,ligand_1040,idx_1039,CHEMBL5776068,ligand_1040
6gqj,ligand_1041,CHEMBL5870102,Cc1nc(C2CCN(c3ncnc4[nH]c(-c5cnn(C)c5)cc34)CC2)[nH]c1-c1ccccc1,1041,ligand_1041,idx_1040,CHEMBL5870102,ligand_1041
6gqj,ligand_1042,CHEMBL5765693,Cc1ncc(-c2cc3c(N4CCN(C(=O)NCc5ccc(F)cc5)CC4)ncnc3[nH]2)s1,1042,ligand_1042,idx_1041,CHEMBL5765693,ligand_1042
6gqj,ligand_1043,CHEMBL5985113,Cc1ncc(-c2cc3c(N4CCN(C(=O)Nc5ccc(OC(F)(F)F)cc5)CC4)ncnc3[nH]2)s1,1043,ligand_1043,idx_1042,CHEMBL5985113,ligand_1043
6gqj,ligand_1044,CHEMBL5762549,Cc1nn(C)c(C)c1-c1cc2ncnc(N3CCN(C(=O)NCc4ccc(F)cc4)CC3)c2s1,1044,ligand_1044,idx_1043,CHEMBL5762549,ligand_1044
6gqj,ligand_1045,CHEMBL5864800,Cc1nn(C)cc1-c1cc2c(N3CCC(NS(=O)(=O)c4ccc(Cl)cc4)CC3)ncnc2[nH]1,1045,ligand_1045,idx_1044,CHEMBL5864800,ligand_1045
6gqj,ligand_1046,CHEMBL5834428,Cc1nn(C)cc1-c1cc2c(N3CCC(NS(=O)(=O)c4ccc(OC(F)(F)F)cc4)CC3)ncnc2[nH]1,1046,ligand_1046,idx_1045,CHEMBL5834428,ligand_1046
6gqj,ligand_1047,CHEMBL5921656,Cc1nn(C)cc1-c1cc2c(N3CCC(c4nc(C)c(-c5ccc(OC(F)(F)F)cc5)[nH]4)CC3)ncnc2[nH]1,1047,ligand_1047,idx_1046,CHEMBL5921656,ligand_1047
6gqj,ligand_1048,CHEMBL5840160,Cc1nn(C)cc1-c1cc2c(N3CCC(c4nc(C)c(-c5ccccc5)[nH]4)CC3)ncnc2[nH]1,1048,ligand_1048,idx_1047,CHEMBL5840160,ligand_1048
6gqj,ligand_1049,CHEMBL5790652,Cc1nn(C)cc1-c1cc2c(N3CCN(C(=O)N[C@@H](C)c4ccc(Cl)cc4)C(C)(C)C3)ncnc2[nH]1,1049,ligand_1049,idx_1048,CHEMBL5790652,ligand_1049
6gqj,ligand_1050,CHEMBL6013539,Cc1nn(C)cc1-c1cc2c(N3CCN(C(=O)N[C@@H](C)c4ccc(Cl)cc4)CC3)ncnc2[nH]1,1050,ligand_1050,idx_1049,CHEMBL6013539,ligand_1050
6gqj,ligand_1051,CHEMBL5938678,Cc1nn(C)cc1-c1cc2c(N3CCN(C(=O)N[C@@H](C)c4ccc(Cl)cc4)[C@H](C)C3)ncnc2[nH]1,1051,ligand_1051,idx_1050,CHEMBL5938678,ligand_1051
6gqj,ligand_1052,CHEMBL5901085,Cc1nn(C)cc1-c1cc2c(N3CCN(C(=O)N[C@@H](C)c4ccc(F)cc4)C(C)(C)C3)ncnc2[nH]1,1052,ligand_1052,idx_1051,CHEMBL5901085,ligand_1052
6gqj,ligand_1053,CHEMBL5783450,Cc1nn(C)cc1-c1cc2c(N3CCN(C(=O)N[C@@H](C)c4ccc(F)cc4)CC3)ncnc2[nH]1,1053,ligand_1053,idx_1052,CHEMBL5783450,ligand_1053
6gqj,ligand_1054,CHEMBL6001571,Cc1nn(C)cc1-c1cc2c(N3CCN(C(=O)N[C@@H](C)c4ccc(F)cc4)[C@H](C)C3)ncnc2[nH]1,1054,ligand_1054,idx_1053,CHEMBL6001571,ligand_1054
6gqj,ligand_1055,CHEMBL6001571,Cc1nn(C)cc1-c1cc2c(N3CCN(C(=O)N[C@@H](C)c4ccc(F)cc4)[C@H](C)C3)ncnc2[nH]1,1055,ligand_1055,idx_1054,CHEMBL6001571,ligand_1055
6gqj,ligand_1056,CHEMBL5751410,Cc1nn(C)cc1-c1cc2ncnc(C3=CCN(C(=O)NCc4ccc(F)cc4)CC3)c2s1,1056,ligand_1056,idx_1055,CHEMBL5751410,ligand_1056
6gqj,ligand_1057,CHEMBL5751410,Cc1nn(C)cc1-c1cc2ncnc(C3=CCN(C(=O)NCc4ccc(F)cc4)CC3)c2s1,1057,ligand_1057,idx_1056,CHEMBL5751410,ligand_1057
6gqj,ligand_1058,CHEMBL6036298,Cc1nn(C)cc1-c1cc2ncnc(C3=CCN(C(=O)Nc4ccc(Cl)cc4)CC3)c2s1,1058,ligand_1058,idx_1057,CHEMBL6036298,ligand_1058
6gqj,ligand_1059,CHEMBL5834399,Cc1nn(C)cc1-c1cc2ncnc(C3CCN(C(=O)NCc4ccc(F)cc4)CC3)c2s1,1059,ligand_1059,idx_1058,CHEMBL5834399,ligand_1059
6gqj,ligand_1060,CHEMBL5834399,Cc1nn(C)cc1-c1cc2ncnc(C3CCN(C(=O)NCc4ccc(F)cc4)CC3)c2s1,1060,ligand_1060,idx_1059,CHEMBL5834399,ligand_1060
6gqj,ligand_1061,CHEMBL5976902,Cc1nn(C)cc1-c1cc2ncnc(C3CCN(C(=O)N[C@@H](C)c4ccc(F)cc4)CC3)c2s1,1061,ligand_1061,idx_1060,CHEMBL5976902,ligand_1061
6gqj,ligand_1062,CHEMBL5746330,Cc1nn(C)cc1-c1cc2ncnc(C3CCNCC3)c2s1,1062,ligand_1062,idx_1061,CHEMBL5746330,ligand_1062
6gqj,ligand_1063,CHEMBL5858976,Cc1nn(C)cc1-c1cc2ncnc(N3CC4CCC3CN4C(=O)N[C@H](C)c3ccc(F)cc3)c2s1,1063,ligand_1063,idx_1062,CHEMBL5858976,ligand_1063
6gqj,ligand_1064,CHEMBL5802418,Cc1nn(C)cc1-c1cc2ncnc(N3CCN(C(=O)NCc4ccc(F)cc4)CC3)c2s1,1064,ligand_1064,idx_1063,CHEMBL5802418,ligand_1064
6gqj,ligand_1065,CHEMBL5802418,Cc1nn(C)cc1-c1cc2ncnc(N3CCN(C(=O)NCc4ccc(F)cc4)CC3)c2s1,1065,ligand_1065,idx_1064,CHEMBL5802418,ligand_1065
6gqj,ligand_1066,CHEMBL5873029,Cc1nn(C)cc1-c1cc2ncnc(N3CCN(C(=O)NCc4ccc(F)cc4)[C@H](C)C3)c2s1,1066,ligand_1066,idx_1065,CHEMBL5873029,ligand_1066
6gqj,ligand_1067,CHEMBL5873029,Cc1nn(C)cc1-c1cc2ncnc(N3CCN(C(=O)NCc4ccc(F)cc4)[C@H](C)C3)c2s1,1067,ligand_1067,idx_1066,CHEMBL5873029,ligand_1067
6gqj,ligand_1068,CHEMBL6018464,Cc1nn(C)cc1-c1cc2ncnc(N3CCN(C(=O)N[C@@H](C)c4ccc(F)cc4)[C@H](C)C3)c2s1,1068,ligand_1068,idx_1067,CHEMBL6018464,ligand_1068
6gqj,ligand_1069,CHEMBL5929990,Cc1nn(C)cc1-c1cc2ncnc(N3CCN(C(=O)N[C@@H](C)c4cccc(Cl)c4)C(C)(C)C3)c2s1,1069,ligand_1069,idx_1068,CHEMBL5929990,ligand_1069
6gqj,ligand_1070,CHEMBL5929990,Cc1nn(C)cc1-c1cc2ncnc(N3CCN(C(=O)N[C@@H](C)c4cccc(Cl)c4)C(C)(C)C3)c2s1,1070,ligand_1070,idx_1069,CHEMBL5929990,ligand_1070
6gqj,ligand_1071,CHEMBL5961957,Cc1nn(C)cc1-c1cc2ncnc(N3CCN(C(=O)N[C@@H](C)c4cccc(Cl)c4)[C@H](C)C3)c2s1,1071,ligand_1071,idx_1070,CHEMBL5961957,ligand_1071
6gqj,ligand_1072,CHEMBL5857998,Cc1nn(C)cc1-c1cc2ncnc(N3CCN(C(=O)N[C@@H](C)c4cccc(F)c4)[C@H](C)C3)c2s1,1072,ligand_1072,idx_1071,CHEMBL5857998,ligand_1072
6gqj,ligand_1073,CHEMBL5857998,Cc1nn(C)cc1-c1cc2ncnc(N3CCN(C(=O)N[C@@H](C)c4cccc(F)c4)[C@H](C)C3)c2s1,1073,ligand_1073,idx_1072,CHEMBL5857998,ligand_1073
6gqj,ligand_1074,CHEMBL6064424,Cc1nn(C)cc1-c1cc2ncnc(N3CCN(C(=O)N[C@@H](C)c4cccc(OC(F)F)c4)[C@H](C)C3)c2s1,1074,ligand_1074,idx_1073,CHEMBL6064424,ligand_1074
6gqj,ligand_1075,CHEMBL6036355,Cc1nn(C)cc1-c1cc2ncnc(N3CCN(C(=O)N[C@H](C)c4ccc(F)cc4)[C@H](C)C3)c2s1,1075,ligand_1075,idx_1074,CHEMBL6036355,ligand_1075
6gqj,ligand_1076,CHEMBL6036355,Cc1nn(C)cc1-c1cc2ncnc(N3CCN(C(=O)N[C@H](C)c4ccc(F)cc4)[C@H](C)C3)c2s1,1076,ligand_1076,idx_1075,CHEMBL6036355,ligand_1076
6gqj,ligand_1077,CHEMBL5823360,Cc1nnc(-c2cncc(-c3ccnc(Nc4cc(NC(=O)c5ccc(CN6CCN(C)CC6)cc5)ccc4C)n3)c2)o1,1077,ligand_1077,idx_1076,CHEMBL5823360,ligand_1077
6gqj,ligand_1078,CHEMBL5884242,Cc1nnc(-c2cncc(-c3ccnc(Nc4cc(NC(=O)c5ccc(CN6CCN(C)CC6)cc5)ccc4C)n3)c2)s1,1078,ligand_1078,idx_1077,CHEMBL5884242,ligand_1078
6gqj,ligand_1079,CHEMBL101253,Clc1ccc(Nc2nnc(Cc3ccncc3)c3ccccc23)cc1,1079,ligand_1079,idx_1078,CHEMBL101253,ligand_1079
6gqj,ligand_1080,CHEMBL5918835,Cn1cc(-c2cc3c(C4=CCC(NS(=O)(=O)c5ccc(OC(F)(F)F)cc5)CC4)ncnc3[nH]2)cn1,1080,ligand_1080,idx_1079,CHEMBL5918835,ligand_1080
6gqj,ligand_1081,CHEMBL5918835,Cn1cc(-c2cc3c(C4=CCC(NS(=O)(=O)c5ccc(OC(F)(F)F)cc5)CC4)ncnc3[nH]2)cn1,1081,ligand_1081,idx_1080,CHEMBL5918835,ligand_1081
6gqj,ligand_1082,CHEMBL5995535,Cn1cc(-c2cc3c(N4CCC(NS(=O)(=O)c5cc(Cl)c(Cl)s5)CC4)ncnc3[nH]2)cn1,1082,ligand_1082,idx_1081,CHEMBL5995535,ligand_1082
6gqj,ligand_1083,CHEMBL5995535,Cn1cc(-c2cc3c(N4CCC(NS(=O)(=O)c5cc(Cl)c(Cl)s5)CC4)ncnc3[nH]2)cn1,1083,ligand_1083,idx_1082,CHEMBL5995535,ligand_1083
6gqj,ligand_1084,CHEMBL5870386,Cn1cc(-c2cc3c(N4CCC(NS(=O)(=O)c5cc(Cl)cs5)CC4)ncnc3[nH]2)cn1,1084,ligand_1084,idx_1083,CHEMBL5870386,ligand_1084
6gqj,ligand_1085,CHEMBL5870386,Cn1cc(-c2cc3c(N4CCC(NS(=O)(=O)c5cc(Cl)cs5)CC4)ncnc3[nH]2)cn1,1085,ligand_1085,idx_1084,CHEMBL5870386,ligand_1085
6gqj,ligand_1086,CHEMBL6063327,Cn1cc(-c2cc3c(N4CCC(NS(=O)(=O)c5cc6ccccc6s5)CC4)ncnc3[nH]2)cn1,1086,ligand_1086,idx_1085,CHEMBL6063327,ligand_1086
6gqj,ligand_1087,CHEMBL5894587,Cn1cc(-c2cc3c(N4CCC(NS(=O)(=O)c5ccc(C6(C#N)CC6)cc5)CC4)ncnc3[nH]2)cn1,1087,ligand_1087,idx_1086,CHEMBL5894587,ligand_1087
6gqj,ligand_1088,CHEMBL5803790,Cn1cc(-c2cc3c(N4CCC(NS(=O)(=O)c5ccc(Cl)cc5)CC4)ncnc3[nH]2)cn1,1088,ligand_1088,idx_1087,CHEMBL5803790,ligand_1088
6gqj,ligand_1089,CHEMBL5803790,Cn1cc(-c2cc3c(N4CCC(NS(=O)(=O)c5ccc(Cl)cc5)CC4)ncnc3[nH]2)cn1,1089,ligand_1089,idx_1088,CHEMBL5803790,ligand_1089
6gqj,ligand_1090,CHEMBL5926828,Cn1cc(-c2cc3c(N4CCC(NS(=O)(=O)c5ccc(Cl)s5)CC4)ncnc3[nH]2)cn1,1090,ligand_1090,idx_1089,CHEMBL5926828,ligand_1090
6gqj,ligand_1091,CHEMBL5818936,Cn1cc(-c2cc3c(N4CCC(NS(=O)(=O)c5ccc(F)cc5)CC4)ncnc3[nH]2)cn1,1091,ligand_1091,idx_1090,CHEMBL5818936,ligand_1091
6gqj,ligand_1092,CHEMBL5920896,Cn1cc(-c2cc3c(N4CCC(NS(=O)(=O)c5ccc(N6CCCC6=O)cc5)CC4)ncnc3[nH]2)cn1,1092,ligand_1092,idx_1091,CHEMBL5920896,ligand_1092
6gqj,ligand_1093,CHEMBL5866948,Cn1cc(-c2cc3c(N4CCC(NS(=O)(=O)c5ccc(OC(F)(F)F)cc5)CC4)ncnc3[nH]2)cn1,1093,ligand_1093,idx_1092,CHEMBL5866948,ligand_1093
6gqj,ligand_1094,CHEMBL6041782,Cn1cc(-c2cc3c(N4CCC(NS(=O)(=O)c5ccc6c(c5)CCC6)CC4)ncnc3[nH]2)cn1,1094,ligand_1094,idx_1093,CHEMBL6041782,ligand_1094
6gqj,ligand_1095,CHEMBL6041782,Cn1cc(-c2cc3c(N4CCC(NS(=O)(=O)c5ccc6c(c5)CCC6)CC4)ncnc3[nH]2)cn1,1095,ligand_1095,idx_1094,CHEMBL6041782,ligand_1095
6gqj,ligand_1096,CHEMBL6041896,Cn1cc(-c2cc3c(N4CCC(NS(=O)(=O)c5ccc6c(c5)CCO6)CC4)ncnc3[nH]2)cn1,1096,ligand_1096,idx_1095,CHEMBL6041896,ligand_1096
6gqj,ligand_1097,CHEMBL5937448,Cn1cc(-c2cc3c(N4CCC(NS(=O)(=O)c5ccc6c(c5)OCO6)CC4)ncnc3[nH]2)cn1,1097,ligand_1097,idx_1096,CHEMBL5937448,ligand_1097
6gqj,ligand_1098,CHEMBL5863953,Cn1cc(-c2cc3c(N4CCN(C(=O)NCc5ccc(Cl)cc5)CC4)ncnc3[nH]2)cn1,1098,ligand_1098,idx_1097,CHEMBL5863953,ligand_1098
6gqj,ligand_1099,CHEMBL5799541,Cn1cc(-c2cc3c(N4CCN(C(=O)Nc5ccc(F)cc5)CC4)ncnc3[nH]2)cn1,1099,ligand_1099,idx_1098,CHEMBL5799541,ligand_1099
6gqj,ligand_1100,CHEMBL5861837,Cn1cc(-c2cc3c(N4CCN(C(=O)Nc5ccc(OC(F)(F)F)cc5)CC4)ncnc3[nH]2)cn1,1100,ligand_1100,idx_1099,CHEMBL5861837,ligand_1100
6gqj,ligand_1101,CHEMBL5898709,Cn1cc(-c2cc3c(N4CCN(C(=O)Nc5ccc(OC(F)F)cc5)CC4)ncnc3[nH]2)cn1,1101,ligand_1101,idx_1100,CHEMBL5898709,ligand_1101
6gqj,ligand_1102,CHEMBL5994619,Cn1cc(-c2cc3c(N4CCN(c5nc6ccccc6[nH]5)CC4)ncnc3[nH]2)cn1,1102,ligand_1102,idx_1101,CHEMBL5994619,ligand_1102
6gqj,ligand_1103,CHEMBL6001863,Cn1cc(-c2cc3ncnc(-c4ccc(N)nc4)c3s2)cn1,1103,ligand_1103,idx_1102,CHEMBL6001863,ligand_1103
6gqj,ligand_1104,CHEMBL5968139,Cn1cc(-c2cc3ncnc(N4CCN(C(=O)NCc5ccccc5)CC4)c3s2)cn1,1104,ligand_1104,idx_1103,CHEMBL5968139,ligand_1104
6gqj,ligand_1105,CHEMBL5981882,Cn1cc(-c2cc3ncnc(N4CCN(C(=O)Nc5ccccc5)CC4)c3s2)cn1,1105,ligand_1105,idx_1104,CHEMBL5981882,ligand_1105
6gqj,ligand_1106,CHEMBL1988387,Cn1cc(-c2cnc(N)c3c(-c4ccc(NC(=O)Nc5ccc(OC(F)F)cc5)cc4)csc23)cn1,1106,ligand_1106,idx_1105,CHEMBL1988387,ligand_1106
6gqj,ligand_1107,CHEMBL1988717,Cn1cc(-c2cnn3c(N)c(-c4ccc(NC(=O)Nc5cccc(C(F)(F)F)c5)cc4)cnc23)cn1,1107,ligand_1107,idx_1106,CHEMBL1988717,ligand_1107
6gqj,ligand_1108,CHEMBL1966836,Cn1nc(N)c2c(-c3ccc(NC(=O)Nc4ccc(F)c(C(F)(F)F)c4)cc3)ccnc21,1108,ligand_1108,idx_1107,CHEMBL1966836,ligand_1108
6gqj,ligand_1109,CHEMBL1985888,Cn1nc(N)c2c(-c3ccc(NC(=O)Nc4cccc(C(F)(F)F)c4)cc3)ccnc21,1109,ligand_1109,idx_1108,CHEMBL1985888,ligand_1109
6gqj,ligand_1110,CHEMBL1964692,Cn1nc(N)c2c(-c3ccc(NC(=O)Nc4cccc(C(F)(F)F)c4)cc3)cncc21,1110,ligand_1110,idx_1109,CHEMBL1964692,ligand_1110
6gqj,ligand_1111,CHEMBL404366,Cn1nc(N)c2c(-c3ccc(NC(=O)Nc4cccc(Cl)c4)cc3)cncc21,1111,ligand_1111,idx_1110,CHEMBL404366,ligand_1111
6gqj,ligand_1112,CHEMBL5976590,Fc1ccc(-c2cc3c(-c4ccc(F)cc4)ncnc3[nH]2)cc1,1112,ligand_1112,idx_1111,CHEMBL5976590,ligand_1112
6gqj,ligand_1113,CHEMBL6049654,Fc1ccc(-c2cc3c(-c4ccc(NCc5ccc(C(F)(F)F)nc5)nc4)ncnc3[nH]2)cc1,1113,ligand_1113,idx_1112,CHEMBL6049654,ligand_1113
6gqj,ligand_1114,CHEMBL6049654,Fc1ccc(-c2cc3c(-c4ccc(NCc5ccc(C(F)(F)F)nc5)nc4)ncnc3[nH]2)cc1,1114,ligand_1114,idx_1113,CHEMBL6049654,ligand_1114
6gqj,ligand_1115,CHEMBL6041375,Fc1ccc(-c2cc3c(-c4ccncc4)ncnc3[nH]2)cc1,1115,ligand_1115,idx_1114,CHEMBL6041375,ligand_1115
6gqj,ligand_1116,CHEMBL5861207,Fc1ccc(-c2cc3c(N4CCC(c5nc(C6CC6)c(-c6ccccc6)[nH]5)CC4)ncnc3[nH]2)cc1,1116,ligand_1116,idx_1115,CHEMBL5861207,ligand_1116
6gqj,ligand_1117,CHEMBL5886737,Fc1ccc(-c2cc3c(N4CCC(c5nnc(-c6ccc(F)cc6)[nH]5)CC4)ncnc3[nH]2)cc1,1117,ligand_1117,idx_1116,CHEMBL5886737,ligand_1117
6gqj,ligand_1118,CHEMBL5886737,Fc1ccc(-c2cc3c(N4CCC(c5nnc(-c6ccc(F)cc6)[nH]5)CC4)ncnc3[nH]2)cc1,1118,ligand_1118,idx_1117,CHEMBL5886737,ligand_1118
6gqj,ligand_1119,CHEMBL5970466,Fc1ccc(-c2cc3c(N4CCC(c5nnc(-c6cccc(OC(F)F)c6)[nH]5)CC4)ncnc3[nH]2)cc1,1119,ligand_1119,idx_1118,CHEMBL5970466,ligand_1119
6gqj,ligand_1120,CHEMBL5796620,Fc1ccc(-c2cc3c(N4CCN(c5nc6ccccc6[nH]5)CC4)ncnc3[nH]2)cc1,1120,ligand_1120,idx_1119,CHEMBL5796620,ligand_1120
6gqj,ligand_1121,CHEMBL6062217,N#CC1(c2ccc(-c3cc4c(N5CCN(C(=O)Nc6ccc(OC(F)(F)F)cc6)CC5)ncnc4[nH]3)cc2)CC1,1121,ligand_1121,idx_1120,CHEMBL6062217,ligand_1121
6gqj,ligand_1122,CHEMBL6062217,N#CC1(c2ccc(-c3cc4c(N5CCN(C(=O)Nc6ccc(OC(F)(F)F)cc6)CC5)ncnc4[nH]3)cc2)CC1,1122,ligand_1122,idx_1121,CHEMBL6062217,ligand_1122
6gqj,ligand_1123,CHEMBL1987034,N#CCOc1ccc(Nc2nc(Nc3cccc(S(N)(=O)=O)c3)ncc2Br)cc1,1123,ligand_1123,idx_1122,CHEMBL1987034,ligand_1123
6gqj,ligand_1124,CHEMBL6044335,N#Cc1ccc(-c2cc3c(N4CCC(c5nc(C6CC6)c(-c6ccccc6)[nH]5)CC4)ncnc3[nH]2)cc1,1124,ligand_1124,idx_1123,CHEMBL6044335,ligand_1124
6gqj,ligand_1125,CHEMBL6061086,N#Cc1ccc(-c2cc3c(N4CCN(C(=O)NCc5ccc(F)cc5)CC4)ncnc3[nH]2)cc1,1125,ligand_1125,idx_1124,CHEMBL6061086,ligand_1125
6gqj,ligand_1126,CHEMBL5966620,N#Cc1ccc(-c2cc3c(N4CCN(C(=O)Nc5ccc(OC(F)(F)F)cc5)CC4)ncnc3[nH]2)cc1,1126,ligand_1126,idx_1125,CHEMBL5966620,ligand_1126
6gqj,ligand_1127,CHEMBL5966620,N#Cc1ccc(-c2cc3c(N4CCN(C(=O)Nc5ccc(OC(F)(F)F)cc5)CC4)ncnc3[nH]2)cc1,1127,ligand_1127,idx_1126,CHEMBL5966620,ligand_1127
6gqj,ligand_1128,CHEMBL1996066,N#Cc1ccc2nc(N)n(-c3nc(-c4ccccc4)cs3)c2c1,1128,ligand_1128,idx_1127,CHEMBL1996066,ligand_1128
6gqj,ligand_1129,CHEMBL6003702,N#Cc1cccc(-c2cc3c(N4CCN(C(=O)NCc5ccc(F)cc5)CC4)ncnc3[nH]2)c1,1129,ligand_1129,idx_1128,CHEMBL6003702,ligand_1129
6gqj,ligand_1130,CHEMBL248757,N#Cc1ncc2nc1OCCCCOc1cc(NCc3cncs3)c(Cl)cc1NC(=O)N2,1130,ligand_1130,idx_1129,CHEMBL248757,ligand_1130
6gqj,ligand_1131,CHEMBL248757,N#Cc1ncc2nc1OCCCCOc1cc(NCc3cncs3)c(Cl)cc1NC(=O)N2,1131,ligand_1131,idx_1130,CHEMBL248757,ligand_1131
6gqj,ligand_1132,CHEMBL5951790,NC(=O)N1CCN(c2ncnc3[nH]c(-c4cccnc4)cc23)CC1,1132,ligand_1132,idx_1131,CHEMBL5951790,ligand_1132
6gqj,ligand_1133,CHEMBL5815642,NC(=O)c1cccc(-c2cc3c(N4CCN(C(=O)NCc5ccc(F)cc5)CC4)ncnc3[nH]2)c1,1133,ligand_1133,idx_1132,CHEMBL5815642,ligand_1133
6gqj,ligand_1134,CHEMBL5815642,NC(=O)c1cccc(-c2cc3c(N4CCN(C(=O)NCc5ccc(F)cc5)CC4)ncnc3[nH]2)c1,1134,ligand_1134,idx_1133,CHEMBL5815642,ligand_1134
6gqj,ligand_1135,CHEMBL5873828,NC(=O)c1cccc(-c2cc3c(N4CCN(C(=O)Nc5ccc(OC(F)(F)F)cc5)CC4)ncnc3[nH]2)c1,1135,ligand_1135,idx_1134,CHEMBL5873828,ligand_1135
6gqj,ligand_1136,CHEMBL5967877,NC(=O)c1cccc(C(=O)Nc2cnc3[nH]c(-c4ccc(F)cc4)cc3c2)c1,1136,ligand_1136,idx_1135,CHEMBL5967877,ligand_1136
6gqj,ligand_1137,CHEMBL1966524,NC(COc1cncc(-c2cc3ccncc3s2)c1)Cc1c[nH]c2ccccc12,1137,ligand_1137,idx_1136,CHEMBL1966524,ligand_1137
6gqj,ligand_1138,CHEMBL2001751,NC(COc1cncc(-c2ccc3c(c2)C(=Cc2ccco2)C(=O)N3)c1)Cc1c[nH]c2ccccc12,1138,ligand_1138,idx_1137,CHEMBL2001751,ligand_1138
6gqj,ligand_1139,CHEMBL259141,NC1CCN(c2ncnc3[nH]ccc23)CC1,1139,ligand_1139,idx_1138,CHEMBL259141,ligand_1139
6gqj,ligand_1140,CHEMBL5992820,NS(=O)(=O)c1ccc(-c2cc3c(N4CCN(C(=O)NCc5ccc(F)cc5)CC4)ncnc3[nH]2)cc1,1140,ligand_1140,idx_1139,CHEMBL5992820,ligand_1140
6gqj,ligand_1141,CHEMBL5992820,NS(=O)(=O)c1ccc(-c2cc3c(N4CCN(C(=O)NCc5ccc(F)cc5)CC4)ncnc3[nH]2)cc1,1141,ligand_1141,idx_1140,CHEMBL5992820,ligand_1141
6gqj,ligand_1142,CHEMBL5902655,NS(=O)(=O)c1ccc(-c2cc3c(N4CCN(C(=O)Nc5ccc(OC(F)(F)F)cc5)CC4)ncnc3[nH]2)cc1,1142,ligand_1142,idx_1141,CHEMBL5902655,ligand_1142
6gqj,ligand_1143,CHEMBL5902655,NS(=O)(=O)c1ccc(-c2cc3c(N4CCN(C(=O)Nc5ccc(OC(F)(F)F)cc5)CC4)ncnc3[nH]2)cc1,1143,ligand_1143,idx_1142,CHEMBL5902655,ligand_1143
6gqj,ligand_1144,CHEMBL5977758,NS(=O)(=O)c1ccc(-c2ncnc3[nH]c(-c4ccc(F)cc4)cc23)c(F)c1,1144,ligand_1144,idx_1143,CHEMBL5977758,ligand_1144
6gqj,ligand_1145,CHEMBL5767702,NS(=O)(=O)c1ccc(-c2ncnc3[nH]c(-c4ccc(F)cc4)cc23)cc1,1145,ligand_1145,idx_1144,CHEMBL5767702,ligand_1145
6gqj,ligand_1146,CHEMBL5767702,NS(=O)(=O)c1ccc(-c2ncnc3[nH]c(-c4ccc(F)cc4)cc23)cc1,1146,ligand_1146,idx_1145,CHEMBL5767702,ligand_1146
6gqj,ligand_1147,CHEMBL5925334,NS(=O)(=O)c1ccc(-c2ncnc3[nH]c(-c4cnc(C5CC5)nc4)cc23)cc1,1147,ligand_1147,idx_1146,CHEMBL5925334,ligand_1147
6gqj,ligand_1148,CHEMBL5913830,NS(=O)(=O)c1cccc(-c2cc3c(N4CCN(C(=O)NCc5ccc(F)cc5)CC4)ncnc3[nH]2)c1,1148,ligand_1148,idx_1147,CHEMBL5913830,ligand_1148
6gqj,ligand_1149,CHEMBL5913830,NS(=O)(=O)c1cccc(-c2cc3c(N4CCN(C(=O)NCc5ccc(F)cc5)CC4)ncnc3[nH]2)c1,1149,ligand_1149,idx_1148,CHEMBL5913830,ligand_1149
6gqj,ligand_1150,CHEMBL5948282,NS(=O)(=O)c1cccc(-c2cc3c(N4CCN(C(=O)Nc5ccc(OC(F)(F)F)cc5)CC4)ncnc3[nH]2)c1,1150,ligand_1150,idx_1149,CHEMBL5948282,ligand_1150
6gqj,ligand_1151,CHEMBL2004438,Nc1c(-c2ccc(NC(=O)Nc3cccc(C(F)(F)F)c3)cc2)ccc2nccnc12,1151,ligand_1151,idx_1150,CHEMBL2004438,ligand_1151
6gqj,ligand_1152,CHEMBL5854220,Nc1ccc(-c2ncnc3[nH]c(-c4ccc(F)cc4)cc23)cc1,1152,ligand_1152,idx_1151,CHEMBL5854220,ligand_1152
6gqj,ligand_1153,CHEMBL6001328,Nc1ccc(-c2ncnc3[nH]c(-c4ccc(F)cc4F)cc23)c(F)c1,1153,ligand_1153,idx_1152,CHEMBL6001328,ligand_1153
6gqj,ligand_1154,CHEMBL5989156,Nc1ccc(-c2ncnc3cc(-c4ccc(F)cc4)sc23)cc1,1154,ligand_1154,idx_1153,CHEMBL5989156,ligand_1154
6gqj,ligand_1155,CHEMBL1997623,Nc1n[nH]c2cc(-c3ccc(NC(=O)Nc4cccc(C(F)(F)F)c4)cc3)ccc12,1155,ligand_1155,idx_1154,CHEMBL1997623,ligand_1155
6gqj,ligand_1156,CHEMBL1980904,Nc1n[nH]c2cccc(-c3ccc(NC(=O)Nc4cccc(C(F)(F)F)c4)c(F)c3)c12,1156,ligand_1156,idx_1155,CHEMBL1980904,ligand_1156
6gqj,ligand_1157,CHEMBL2000652,Nc1n[nH]c2cccc(-c3ccc(NC(=O)Nc4cccc(Cl)c4)c(F)c3)c12,1157,ligand_1157,idx_1156,CHEMBL2000652,ligand_1157
6gqj,ligand_1158,CHEMBL373798,Nc1n[nH]c2cccc(-c3ccc(NC(=O)Nc4cccc(F)c4)cc3)c12,1158,ligand_1158,idx_1157,CHEMBL373798,ligand_1158
6gqj,ligand_1159,CHEMBL219722,Nc1n[nH]c2cccc(-c3ccc(NC(=O)Nc4ccccc4)cc3)c12,1159,ligand_1159,idx_1158,CHEMBL219722,ligand_1159
6gqj,ligand_1160,CHEMBL403402,Nc1n[nH]c2nccc(-c3ccc(NC(=O)Nc4cc(C(F)(F)F)ccc4F)cc3)c12,1160,ligand_1160,idx_1159,CHEMBL403402,ligand_1160
6gqj,ligand_1161,CHEMBL1835743,Nc1nc(Nc2cc(N3CCOCC3)ccc2F)nn1-c1ccccn1,1161,ligand_1161,idx_1160,CHEMBL1835743,ligand_1161
6gqj,ligand_1162,CHEMBL1835863,Nc1nc(Nc2ccc(C(=O)N3CCOCC3)cc2)nn1-c1ccccn1,1162,ligand_1162,idx_1161,CHEMBL1835863,ligand_1162
6gqj,ligand_1163,CHEMBL1835749,Nc1nc(Nc2ccc(C(=O)NCCN3CCOCC3)cc2)nn1-c1ccccn1,1163,ligand_1163,idx_1162,CHEMBL1835749,ligand_1163
6gqj,ligand_1164,CHEMBL191003,Nc1nc(Nc2ccc(S(N)(=O)=O)cc2)nn1C(=O)c1c(F)cccc1F,1164,ligand_1164,idx_1163,CHEMBL191003,ligand_1164
6gqj,ligand_1165,CHEMBL1835864,Nc1nc(Nc2cccc(C(=O)N3CCOCC3)c2)nn1-c1ccccn1,1165,ligand_1165,idx_1164,CHEMBL1835864,ligand_1165
6gqj,ligand_1166,CHEMBL1970083,Nc1ncc(-c2ccncc2)c2scc(-c3ccc(NC(=O)Nc4cc(C(F)(F)F)ccc4F)cc3)c12,1166,ligand_1166,idx_1165,CHEMBL1970083,ligand_1166
6gqj,ligand_1167,CHEMBL1966514,Nc1ncc(-c2ccoc2)c2scc(-c3ccc(NC(=O)Nc4cccc(F)c4)cc3)c12,1167,ligand_1167,idx_1166,CHEMBL1966514,ligand_1167
6gqj,ligand_1168,CHEMBL1965570,Nc1ncc(-c2ccoc2)c2scc(-c3ccc(NC(=O)Nc4ccccc4F)cc3)c12,1168,ligand_1168,idx_1167,CHEMBL1965570,ligand_1168
6gqj,ligand_1169,CHEMBL1980297,Nc1ncc(-c2cnn(CCO)c2)c2scc(-c3ccc(NC(=O)Nc4cccc(F)c4)cc3)c12,1169,ligand_1169,idx_1168,CHEMBL1980297,ligand_1169
6gqj,ligand_1170,CHEMBL1994938,Nc1ncc(C=CC(=O)NCCCn2ccnc2)c2scc(-c3ccc(Br)cc3)c12,1170,ligand_1170,idx_1169,CHEMBL1994938,ligand_1170
6gqj,ligand_1171,CHEMBL1976220,Nc1nccc2scc(-c3ccc(NC(=O)Nc4cccc(Br)c4)cc3)c12,1171,ligand_1171,idx_1170,CHEMBL1976220,ligand_1171
6gqj,ligand_1172,CHEMBL394790,Nc1nccc2scc(-c3ccc(NC(=O)Nc4cccc(Cl)c4)cc3)c12,1172,ligand_1172,idx_1171,CHEMBL394790,ligand_1172
6gqj,ligand_1173,CHEMBL411903,Nc1ncnc2c1N=C(c1ccc(NC(=O)Nc3cc(C(F)(F)F)ccc3F)cc1)CCN2,1173,ligand_1173,idx_1172,CHEMBL411903,ligand_1173
6gqj,ligand_1174,CHEMBL260092,Nc1ncnc2c1N=C(c1ccc(NC(=O)Nc3cccc(C(F)(F)F)c3)cc1)CCN2,1174,ligand_1174,idx_1173,CHEMBL260092,ligand_1174
6gqj,ligand_1175,CHEMBL1988370,Nc1ncnc2c1c(-c1cccc(OCc3ccccc3)c1)cn2C1CC(CN2CCCC2)C1,1175,ligand_1175,idx_1174,CHEMBL1988370,ligand_1175
6gqj,ligand_1176,CHEMBL1998585,Nc1ncnc2scc(-c3ccc(NC(=O)Nc4cc(C(F)(F)F)ccc4F)cc3)c12,1176,ligand_1176,idx_1175,CHEMBL1998585,ligand_1176
6gqj,ligand_1177,CHEMBL5803959,O=C(C1CC1)N1CC=C(c2cc3ncnc(-c4ccc(NS(=O)(=O)C5CC5)cc4)c3s2)CC1,1177,ligand_1177,idx_1176,CHEMBL5803959,ligand_1177
6gqj,ligand_1178,CHEMBL5746503,O=C(C1CC1)N1CC=C(c2cc3ncnc(-c4ccc(NS(=O)(=O)c5ccc(F)cc5)cc4)c3s2)CC1,1178,ligand_1178,idx_1177,CHEMBL5746503,ligand_1178
6gqj,ligand_1179,CHEMBL1991429,O=C(Cc1ccccc1)Nc1cccc(-c2nc3sccn3c2-c2ccnc(Nc3cccc(N4CCCC4=O)c3)n2)c1,1179,ligand_1179,idx_1178,CHEMBL1991429,ligand_1179
6gqj,ligand_1180,CHEMBL5920602,O=C(N1CC=C(c2cc3ncnc(-c4ccc(NS(=O)(=O)C5CC5)cc4)c3s2)CC1)N1CCOCC1,1180,ligand_1180,idx_1179,CHEMBL5920602,ligand_1180
6gqj,ligand_1181,CHEMBL5877228,O=C(N1CC=C(c2cc3ncnc(-c4ccc(NS(=O)(=O)c5ccc(F)cc5)cc4)c3s2)CC1)N1CCOCC1,1181,ligand_1181,idx_1180,CHEMBL5877228,ligand_1181
6gqj,ligand_1182,CHEMBL5802361,O=C(NC(=O)N1CCN(c2ncnc3[nH]c(-c4ccc(F)cc4)cc23)CC1)NC1CCCC1,1182,ligand_1182,idx_1181,CHEMBL5802361,ligand_1182
6gqj,ligand_1183,CHEMBL6033666,O=C(NC(=O)N1CCN(c2ncnc3[nH]c(-c4ccc(F)cc4)cc23)CC1)c1ccccc1,1183,ligand_1183,idx_1182,CHEMBL6033666,ligand_1183
6gqj,ligand_1184,CHEMBL5788905,O=C(NCCc1ccc(Cl)cc1)N1CCN(c2ncnc3[nH]c(-c4ccc(F)cc4)cc23)CC1,1184,ligand_1184,idx_1183,CHEMBL5788905,ligand_1184
6gqj,ligand_1185,CHEMBL5793139,O=C(NCCc1ccccc1)N1CCN(c2ncnc3[nH]c(-c4ccc(F)cc4)cc23)CC1,1185,ligand_1185,idx_1184,CHEMBL5793139,ligand_1185
6gqj,ligand_1186,CHEMBL5992659,O=C(NCc1ccc(C(F)(F)F)nc1)N1CCN(c2ncnc3[nH]c(-c4ccc(Cl)cc4)cc23)CC1,1186,ligand_1186,idx_1185,CHEMBL5992659,ligand_1186
6gqj,ligand_1187,CHEMBL6053797,O=C(NCc1ccc(Cl)cc1)N1CCN(c2ncnc3[nH]c(-c4ccc(Cl)cc4)cc23)CC1,1187,ligand_1187,idx_1186,CHEMBL6053797,ligand_1187
6gqj,ligand_1188,CHEMBL5900769,O=C(NCc1ccc(Cl)cc1)N1CCN(c2ncnc3[nH]c(-c4ccc(F)cc4)cc23)CC1,1188,ligand_1188,idx_1187,CHEMBL5900769,ligand_1188
6gqj,ligand_1189,CHEMBL5769747,O=C(NCc1ccc(Cl)cc1)N1CCN(c2ncnc3[nH]c(-c4ccccc4)cc23)CC1,1189,ligand_1189,idx_1188,CHEMBL5769747,ligand_1189
6gqj,ligand_1190,CHEMBL5807498,O=C(NCc1ccc(Cl)cc1)N1CCN(c2ncnc3[nH]c(C4CC4)cc23)CC1,1190,ligand_1190,idx_1189,CHEMBL5807498,ligand_1190
6gqj,ligand_1191,CHEMBL5914557,O=C(NCc1ccc(Cl)cc1)N1CCN(c2ncnc3[nH]c(Cl)cc23)CC1,1191,ligand_1191,idx_1190,CHEMBL5914557,ligand_1191
6gqj,ligand_1192,CHEMBL6060439,O=C(NCc1ccc(Cl)cn1)N1CCN(c2ncnc3[nH]c(-c4cccnc4)cc23)CC1,1192,ligand_1192,idx_1191,CHEMBL6060439,ligand_1192
6gqj,ligand_1193,CHEMBL5998743,O=C(NCc1ccc(F)cc1)N1CCN(c2ncnc3[nH]c(-c4ccc(Cl)cc4)cc23)CC1,1193,ligand_1193,idx_1192,CHEMBL5998743,ligand_1193
6gqj,ligand_1194,CHEMBL5998743,O=C(NCc1ccc(F)cc1)N1CCN(c2ncnc3[nH]c(-c4ccc(Cl)cc4)cc23)CC1,1194,ligand_1194,idx_1193,CHEMBL5998743,ligand_1194
6gqj,ligand_1195,CHEMBL6009529,O=C(NCc1ccc(F)cc1)N1CCN(c2ncnc3[nH]c(-c4ccc(F)cc4)cc23)CC1,1195,ligand_1195,idx_1194,CHEMBL6009529,ligand_1195
6gqj,ligand_1196,CHEMBL6050455,O=C(NCc1ccc(F)cc1)N1CCN(c2ncnc3[nH]c(-c4ccccc4)cc23)CC1,1196,ligand_1196,idx_1195,CHEMBL6050455,ligand_1196
6gqj,ligand_1197,CHEMBL6050455,O=C(NCc1ccc(F)cc1)N1CCN(c2ncnc3[nH]c(-c4ccccc4)cc23)CC1,1197,ligand_1197,idx_1196,CHEMBL6050455,ligand_1197
6gqj,ligand_1198,CHEMBL5792587,O=C(NCc1ccc(F)cc1)N1CCN(c2ncnc3[nH]c(-c4cccnc4)cc23)CC1,1198,ligand_1198,idx_1197,CHEMBL5792587,ligand_1198
6gqj,ligand_1199,CHEMBL5792587,O=C(NCc1ccc(F)cc1)N1CCN(c2ncnc3[nH]c(-c4cccnc4)cc23)CC1,1199,ligand_1199,idx_1198,CHEMBL5792587,ligand_1199
6gqj,ligand_1200,CHEMBL6043433,O=C(NCc1ccc(F)cc1)N1CCN(c2ncnc3[nH]c(-c4ccncc4)cc23)CC1,1200,ligand_1200,idx_1199,CHEMBL6043433,ligand_1200
6gqj,ligand_1201,CHEMBL6043433,O=C(NCc1ccc(F)cc1)N1CCN(c2ncnc3[nH]c(-c4ccncc4)cc23)CC1,1201,ligand_1201,idx_1200,CHEMBL6043433,ligand_1201
6gqj,ligand_1202,CHEMBL6043775,O=C(NCc1ccc(F)cc1)N1CCN(c2ncnc3[nH]c(CC4CC4)cc23)CC1,1202,ligand_1202,idx_1201,CHEMBL6043775,ligand_1202
6gqj,ligand_1203,CHEMBL6004433,O=C(NCc1ccc(F)cc1)N1CCN(c2ncnc3[nH]cc(-c4ccccc4)c23)CC1,1203,ligand_1203,idx_1202,CHEMBL6004433,ligand_1203
6gqj,ligand_1204,CHEMBL5830744,O=C(NCc1ccc(F)cc1)N1CCN(c2ncnc3[nH]cc(CC4CC4)c23)CC1,1204,ligand_1204,idx_1203,CHEMBL5830744,ligand_1204
6gqj,ligand_1205,CHEMBL6063592,O=C(NCc1ccc(F)cc1)N1CCN(c2ncnc3cc(-c4cnn(CCN5CCOCC5)c4)sc23)CC1,1205,ligand_1205,idx_1204,CHEMBL6063592,ligand_1205
6gqj,ligand_1206,CHEMBL6063592,O=C(NCc1ccc(F)cc1)N1CCN(c2ncnc3cc(-c4cnn(CCN5CCOCC5)c4)sc23)CC1,1206,ligand_1206,idx_1205,CHEMBL6063592,ligand_1206
6gqj,ligand_1207,CHEMBL5786546,O=C(NCc1ccc(F)cc1)N1CCN(c2ncnc3cc(C4=CCNCC4)sc23)CC1,1207,ligand_1207,idx_1206,CHEMBL5786546,ligand_1207
6gqj,ligand_1208,CHEMBL5786546,O=C(NCc1ccc(F)cc1)N1CCN(c2ncnc3cc(C4=CCNCC4)sc23)CC1,1208,ligand_1208,idx_1207,CHEMBL5786546,ligand_1208
6gqj,ligand_1209,CHEMBL6039766,O=C(NCc1ccc(F)cc1)N1CCN(c2ncnc3cc(C4CCN(C(=O)C5CC5)CC4)sc23)CC1,1209,ligand_1209,idx_1208,CHEMBL6039766,ligand_1209
6gqj,ligand_1210,CHEMBL5998170,O=C(NCc1ccc(F)cc1)N1CCN(c2ncnc3cc(C4CCNCC4)sc23)CC1,1210,ligand_1210,idx_1209,CHEMBL5998170,ligand_1210
6gqj,ligand_1211,CHEMBL5985193,O=C(NCc1ccc(F)cn1)N1CCN(c2ncnc3[nH]c(-c4cccnc4)cc23)CC1,1211,ligand_1211,idx_1210,CHEMBL5985193,ligand_1211
6gqj,ligand_1212,CHEMBL5793724,O=C(NCc1cccc(OC(F)(F)F)c1)N1CCN(c2ncnc3[nH]c(-c4ccc(F)cc4)cc23)CC1,1212,ligand_1212,idx_1211,CHEMBL5793724,ligand_1212
6gqj,ligand_1213,CHEMBL5849606,O=C(NCc1cccc(OC(F)F)c1)N1CCN(c2ncnc3[nH]c(-c4ccc(Cl)cc4)cc23)CC1,1213,ligand_1213,idx_1212,CHEMBL5849606,ligand_1213
6gqj,ligand_1214,CHEMBL5871348,O=C(NCc1cccc(OC(F)F)c1)N1CCN(c2ncnc3[nH]c(-c4ccc(F)cc4)cc23)CC1,1214,ligand_1214,idx_1213,CHEMBL5871348,ligand_1214
6gqj,ligand_1215,CHEMBL5885250,O=C(NCc1cccs1)N1CCN(c2ncnc3cc(-c4ccc(F)cc4)sc23)CC1,1215,ligand_1215,idx_1214,CHEMBL5885250,ligand_1215
6gqj,ligand_1216,CHEMBL5968681,O=C(NCc1cncc(F)c1)N1CCN(c2ncnc3[nH]c(-c4ccc(F)cc4)cc23)CC1,1216,ligand_1216,idx_1215,CHEMBL5968681,ligand_1216
6gqj,ligand_1217,CHEMBL5847395,O=C(NS(=O)(=O)c1ccc(Cl)cc1)N1CCN(c2ncnc3[nH]c(-c4ccc(F)cc4)cc23)CC1,1217,ligand_1217,idx_1216,CHEMBL5847395,ligand_1217
6gqj,ligand_1218,CHEMBL1765097,O=C(Nc1cc(-c2ccncc2)c[nH]c1=O)c1ccc(N2CCCCC2)cc1,1218,ligand_1218,idx_1217,CHEMBL1765097,ligand_1218
6gqj,ligand_1219,CHEMBL5762790,O=C(Nc1ccc(C(F)(F)F)cc1)N1CCN(c2ncnc3[nH]ccc23)CC1,1219,ligand_1219,idx_1218,CHEMBL5762790,ligand_1219
6gqj,ligand_1220,CHEMBL5778601,O=C(Nc1ccc(Cl)cc1)N1CCN(c2ncnc3[nH]ccc23)CC1,1220,ligand_1220,idx_1219,CHEMBL5778601,ligand_1220
6gqj,ligand_1221,CHEMBL5757295,O=C(Nc1ccc(F)cc1)N1CC2CCC1CN2c1ncnc2cc(-c3ccc(F)cc3)sc12,1221,ligand_1221,idx_1220,CHEMBL5757295,ligand_1221
6gqj,ligand_1222,CHEMBL5835108,O=C(Nc1ccc(F)cc1)N1CCN(c2ncnc3[nH]c(-c4ccccc4)cc23)CC1,1222,ligand_1222,idx_1221,CHEMBL5835108,ligand_1222
6gqj,ligand_1223,CHEMBL5835108,O=C(Nc1ccc(F)cc1)N1CCN(c2ncnc3[nH]c(-c4ccccc4)cc23)CC1,1223,ligand_1223,idx_1222,CHEMBL5835108,ligand_1223
6gqj,ligand_1224,CHEMBL5916792,O=C(Nc1ccc(F)cc1)N1CCN(c2ncnc3ccsc23)CC1,1224,ligand_1224,idx_1223,CHEMBL5916792,ligand_1224
6gqj,ligand_1225,CHEMBL6045855,O=C(Nc1ccc(OC(F)(F)F)cc1)N1CCN(c2ncnc3[nH]c(-c4ccc(C5CC5)nc4)cc23)CC1,1225,ligand_1225,idx_1224,CHEMBL6045855,ligand_1225
6gqj,ligand_1226,CHEMBL5905094,O=C(Nc1ccc(OC(F)(F)F)cc1)N1CCN(c2ncnc3[nH]c(-c4ccc(Cl)cc4)cc23)CC1,1226,ligand_1226,idx_1225,CHEMBL5905094,ligand_1226
6gqj,ligand_1227,CHEMBL5905094,O=C(Nc1ccc(OC(F)(F)F)cc1)N1CCN(c2ncnc3[nH]c(-c4ccc(Cl)cc4)cc23)CC1,1227,ligand_1227,idx_1226,CHEMBL5905094,ligand_1227
6gqj,ligand_1228,CHEMBL5902398,O=C(Nc1ccc(OC(F)(F)F)cc1)N1CCN(c2ncnc3[nH]c(-c4ccc(F)cc4)cc23)CC1,1228,ligand_1228,idx_1227,CHEMBL5902398,ligand_1228
6gqj,ligand_1229,CHEMBL5902398,O=C(Nc1ccc(OC(F)(F)F)cc1)N1CCN(c2ncnc3[nH]c(-c4ccc(F)cc4)cc23)CC1,1229,ligand_1229,idx_1228,CHEMBL5902398,ligand_1229
6gqj,ligand_1230,CHEMBL5892844,O=C(Nc1ccc(OC(F)(F)F)cc1)N1CCN(c2ncnc3[nH]c(-c4ccccc4F)cc23)CC1,1230,ligand_1230,idx_1229,CHEMBL5892844,ligand_1230
6gqj,ligand_1231,CHEMBL5892844,O=C(Nc1ccc(OC(F)(F)F)cc1)N1CCN(c2ncnc3[nH]c(-c4ccccc4F)cc23)CC1,1231,ligand_1231,idx_1230,CHEMBL5892844,ligand_1231
6gqj,ligand_1232,CHEMBL5961460,O=C(Nc1ccc(OC(F)(F)F)cc1)N1CCN(c2ncnc3[nH]c(-c4cccnc4)cc23)CC1,1232,ligand_1232,idx_1231,CHEMBL5961460,ligand_1232
6gqj,ligand_1233,CHEMBL6023452,O=C(Nc1ccc(OC(F)(F)F)cc1)N1CCN(c2ncnc3[nH]c(-c4ccncc4)cc23)CC1,1233,ligand_1233,idx_1232,CHEMBL6023452,ligand_1233
6gqj,ligand_1234,CHEMBL6023452,O=C(Nc1ccc(OC(F)(F)F)cc1)N1CCN(c2ncnc3[nH]c(-c4ccncc4)cc23)CC1,1234,ligand_1234,idx_1233,CHEMBL6023452,ligand_1234
6gqj,ligand_1235,CHEMBL5907896,O=C(Nc1ccc(OC(F)(F)F)cc1)N1CCN(c2ncnc3[nH]c(-c4cnc(C5CC5)nc4)cc23)CC1,1235,ligand_1235,idx_1234,CHEMBL5907896,ligand_1235
6gqj,ligand_1236,CHEMBL5889471,O=C(Nc1ccc(OC(F)(F)F)cc1)N1CCN(c2ncnc3[nH]c(C#CC4CC4)cc23)CC1,1236,ligand_1236,idx_1235,CHEMBL5889471,ligand_1236
6gqj,ligand_1237,CHEMBL5903505,O=C(Nc1ccc(OC(F)(F)F)cc1)N1CCN(c2ncnc3[nH]ccc23)CC1,1237,ligand_1237,idx_1236,CHEMBL5903505,ligand_1237
6gqj,ligand_1238,CHEMBL6049920,O=C(Nc1ccc(OC(F)F)cc1)N1CCN(c2ncnc3[nH]c(-c4ccc(F)cc4)cc23)CC1,1238,ligand_1238,idx_1237,CHEMBL6049920,ligand_1238
6gqj,ligand_1239,CHEMBL6049920,O=C(Nc1ccc(OC(F)F)cc1)N1CCN(c2ncnc3[nH]c(-c4ccc(F)cc4)cc23)CC1,1239,ligand_1239,idx_1238,CHEMBL6049920,ligand_1239
6gqj,ligand_1240,CHEMBL6021896,O=C(Nc1cccc(C(F)(F)F)c1)N1CCN(c2ncnc3[nH]c(-c4cccnc4)cc23)CC1,1240,ligand_1240,idx_1239,CHEMBL6021896,ligand_1240
6gqj,ligand_1241,CHEMBL5920705,O=C(Nc1cccc(C(F)(F)F)c1)NC1CCN(c2ncnc3[nH]ccc23)CC1,1241,ligand_1241,idx_1240,CHEMBL5920705,ligand_1241
6gqj,ligand_1242,CHEMBL482767,O=C(Nc1cccc(Cl)c1)Nc1ncc(CCNc2ncnc3ccsc23)s1,1242,ligand_1242,idx_1241,CHEMBL482767,ligand_1242
6gqj,ligand_1243,CHEMBL5790920,O=C(Nc1ccccc1Cl)N1CCN(c2ncnc3[nH]c(-c4ccccc4)cc23)CC1,1243,ligand_1243,idx_1242,CHEMBL5790920,ligand_1243
6gqj,ligand_1244,CHEMBL5748884,O=C(Nc1ccccc1Cl)N1CCN(c2ncnc3[nH]c(-c4cccnc4)cc23)CC1,1244,ligand_1244,idx_1243,CHEMBL5748884,ligand_1244
6gqj,ligand_1245,CHEMBL5863994,O=C(Nc1cnc2[nH]c(-c3ccc(F)cc3)cc2c1)c1cc(C(F)F)n[nH]1,1245,ligand_1245,idx_1244,CHEMBL5863994,ligand_1245
6gqj,ligand_1246,CHEMBL5965809,O=C(Nc1cnc2[nH]c(-c3ccc(F)cc3)cc2c1)c1cccc2n[nH]cc12,1246,ligand_1246,idx_1245,CHEMBL5965809,ligand_1246
6gqj,ligand_1247,CHEMBL5785224,O=C(Nc1cnc2[nH]c(-c3ccccc3)cc2c1)c1[nH]ncc1Br,1247,ligand_1247,idx_1246,CHEMBL5785224,ligand_1247
6gqj,ligand_1248,CHEMBL5813009,O=C(Nc1cnc2[nH]c(-c3ccccc3)cc2c1)c1cccc2n[nH]cc12,1248,ligand_1248,idx_1247,CHEMBL5813009,ligand_1248
6gqj,ligand_1249,CHEMBL5766237,O=C(Nc1cnc2[nH]c(-c3ccccc3)cc2c1)c1cn[nH]n1,1249,ligand_1249,idx_1248,CHEMBL5766237,ligand_1249
6gqj,ligand_1250,CHEMBL5858635,O=C(Nc1cnc2[nH]c(-c3ccccc3)cc2c1)c1ncccc1F,1250,ligand_1250,idx_1249,CHEMBL5858635,ligand_1250
6gqj,ligand_1251,CHEMBL5884437,O=C(Nc1cnc2[nH]c(I)cc2c1)c1cccc2n[nH]cc12,1251,ligand_1251,idx_1250,CHEMBL5884437,ligand_1251
6gqj,ligand_1252,CHEMBL1996979,O=C(Nc1cnc2[nH]cc(-c3ccccc3)c2c1)c1c(F)cccc1F,1252,ligand_1252,idx_1251,CHEMBL1996979,ligand_1252
6gqj,ligand_1253,CHEMBL244378,O=C(O)c1ccccc1Nc1ccnc(Nc2ccc3cn[nH]c3c2)n1,1253,ligand_1253,idx_1252,CHEMBL244378,ligand_1253
6gqj,ligand_1254,CHEMBL5929605,O=C(c1ccccc1)N1CCN(c2ncnc3[nH]ccc23)CC1,1254,ligand_1254,idx_1253,CHEMBL5929605,ligand_1254
6gqj,ligand_1255,CHEMBL539474,O=C1CCCN1Cc1ccc2c(c1)[nH]c(=O)c1cccn12,1255,ligand_1255,idx_1254,CHEMBL539474,ligand_1255
6gqj,ligand_1256,CHEMBL2004771,O=C1NCc2c1cccc2-c1ccc(Nc2nc3ccccc3o2)cc1,1256,ligand_1256,idx_1255,CHEMBL2004771,ligand_1256
6gqj,ligand_1257,CHEMBL1969502,O=C1NN=Cc2c[nH]c3cc(NC(=O)C4CC4c4ccccc4)cc1c23,1257,ligand_1257,idx_1256,CHEMBL1969502,ligand_1257
6gqj,ligand_1258,CHEMBL584052,O=C1Nc2ccccc2-c2ccnc3[nH]cc(c23)C1c1ccc(O)cc1,1258,ligand_1258,idx_1257,CHEMBL584052,ligand_1258
6gqj,ligand_1259,CHEMBL5977083,O=S(=O)(NC1CC1)c1cccc(-c2ncnc3[nH]c(-c4ccc(F)cc4)cc23)c1,1259,ligand_1259,idx_1258,CHEMBL5977083,ligand_1259
6gqj,ligand_1260,CHEMBL5928558,O=S(=O)(NC1CCN(c2ncnc3[nH]c(-c4ccc(Cl)cc4)cc23)CC1)c1cc2ccccc2s1,1260,ligand_1260,idx_1259,CHEMBL5928558,ligand_1260
6gqj,ligand_1261,CHEMBL5913177,O=S(=O)(NC1CCN(c2ncnc3[nH]c(-c4ccc(Cl)cc4)cc23)CC1)c1cccc(Cl)c1,1261,ligand_1261,idx_1260,CHEMBL5913177,ligand_1261
6gqj,ligand_1262,CHEMBL5973524,O=S(=O)(NC1CCN(c2ncnc3[nH]c(-c4ccc(Cl)cc4)cc23)CC1)c1cccc(OC(F)(F)F)c1,1262,ligand_1262,idx_1261,CHEMBL5973524,ligand_1262
6gqj,ligand_1263,CHEMBL5801109,O=S(=O)(NC1CCN(c2ncnc3[nH]c(C4=CCCC4)cc23)CC1)c1ccc(OC(F)(F)F)cc1,1263,ligand_1263,idx_1262,CHEMBL5801109,ligand_1263
6gqj,ligand_1264,CHEMBL5864209,O=S(=O)(NCC1CC1)c1ccc(-c2ncnc3[nH]c(-c4ccc(F)cc4)cc23)c(F)c1,1264,ligand_1264,idx_1263,CHEMBL5864209,ligand_1264
6gqj,ligand_1265,CHEMBL5813040,O=S(=O)(NCc1ccc(F)cc1)c1ccc(-c2ncnc3[nH]c(-c4ccc(F)cc4)cc23)c(F)c1,1265,ligand_1265,idx_1264,CHEMBL5813040,ligand_1265
6gqj,ligand_1266,CHEMBL5844106,O=S(=O)(NCc1ccccc1)c1ccc(-c2ncnc3cc(-c4ccc(F)cc4)sc23)cc1,1266,ligand_1266,idx_1265,CHEMBL5844106,ligand_1266
6gqj,ligand_1267,CHEMBL5885863,O=S(=O)(Nc1ccc(-c2ncnc3[nH]c(-c4cc(F)ccc4F)cc23)c(F)c1)C1CC1,1267,ligand_1267,idx_1266,CHEMBL5885863,ligand_1267
6gqj,ligand_1268,CHEMBL5775528,O=S(=O)(Nc1ccc(-c2ncnc3[nH]c(-c4cc(F)ccc4F)cc23)c(F)c1)c1ccc(Cl)cc1,1268,ligand_1268,idx_1267,CHEMBL5775528,ligand_1268
6gqj,ligand_1269,CHEMBL5998227,O=S(=O)(Nc1ccc(-c2ncnc3[nH]c(-c4ccc(F)cc4)cc23)c(F)c1)C1CC1,1269,ligand_1269,idx_1268,CHEMBL5998227,ligand_1269
6gqj,ligand_1270,CHEMBL5748418,O=S(=O)(Nc1ccc(-c2ncnc3[nH]c(-c4ccc(F)cc4)cc23)c(F)c1)N1CCCC1,1270,ligand_1270,idx_1269,CHEMBL5748418,ligand_1270
6gqj,ligand_1271,CHEMBL5776212,O=S(=O)(Nc1ccc(-c2ncnc3[nH]c(-c4ccc(F)cc4)cc23)c(F)c1)c1ccc(Cl)cc1,1271,ligand_1271,idx_1270,CHEMBL5776212,ligand_1271
6gqj,ligand_1272,CHEMBL5936533,O=S(=O)(Nc1ccc(-c2ncnc3[nH]c(-c4ccc(F)cc4)cc23)cc1)C1CC1,1272,ligand_1272,idx_1271,CHEMBL5936533,ligand_1272
6gqj,ligand_1273,CHEMBL6001697,O=S(=O)(Nc1ccc(-c2ncnc3[nH]c(-c4ccc(F)cc4)cc23)cc1)N1CCCC1,1273,ligand_1273,idx_1272,CHEMBL6001697,ligand_1273
6gqj,ligand_1274,CHEMBL5842138,O=S(=O)(Nc1ccc(-c2ncnc3[nH]c(-c4ccc(F)cc4)cc23)cc1)c1ccc(F)cc1,1274,ligand_1274,idx_1273,CHEMBL5842138,ligand_1274
6gqj,ligand_1275,CHEMBL5980237,O=S(=O)(Nc1ccc(-c2ncnc3[nH]c(-c4ccc(F)cc4)cc23)cc1F)C1CC1,1275,ligand_1275,idx_1274,CHEMBL5980237,ligand_1275
6gqj,ligand_1276,CHEMBL5980237,O=S(=O)(Nc1ccc(-c2ncnc3[nH]c(-c4ccc(F)cc4)cc23)cc1F)C1CC1,1276,ligand_1276,idx_1275,CHEMBL5980237,ligand_1276
6gqj,ligand_1277,CHEMBL5881774,O=S(=O)(Nc1ccc(-c2ncnc3[nH]c(-c4ccc(F)cc4)cc23)cc1F)c1ccc(F)cc1,1277,ligand_1277,idx_1276,CHEMBL5881774,ligand_1277
6gqj,ligand_1278,CHEMBL5874730,O=S(=O)(Nc1ccc(-c2ncnc3[nH]c(-c4ccc(F)cc4F)cc23)c(F)c1)C1CC1,1278,ligand_1278,idx_1277,CHEMBL5874730,ligand_1278
6gqj,ligand_1279,CHEMBL5845868,O=S(=O)(Nc1ccc(-c2ncnc3[nH]c(-c4ccc(F)cc4F)cc23)c(F)c1)c1ccc(F)cc1,1279,ligand_1279,idx_1278,CHEMBL5845868,ligand_1279
6gqj,ligand_1280,CHEMBL5865730,O=S(=O)(Nc1ccc(-c2ncnc3[nH]c(-c4ccc(NSC5CC5)cc4)cc23)cc1)C1CC1,1280,ligand_1280,idx_1279,CHEMBL5865730,ligand_1280
6gqj,ligand_1281,CHEMBL5865730,O=S(=O)(Nc1ccc(-c2ncnc3[nH]c(-c4ccc(NSC5CC5)cc4)cc23)cc1)C1CC1,1281,ligand_1281,idx_1280,CHEMBL5865730,ligand_1281
6gqj,ligand_1282,CHEMBL5800496,O=S(=O)(Nc1ccc(-c2ncnc3[nH]c(-c4ccc(NSC5CC5)cc4F)cc23)c(F)c1)C1CC1,1282,ligand_1282,idx_1281,CHEMBL5800496,ligand_1282
6gqj,ligand_1283,CHEMBL5800496,O=S(=O)(Nc1ccc(-c2ncnc3[nH]c(-c4ccc(NSC5CC5)cc4F)cc23)c(F)c1)C1CC1,1283,ligand_1283,idx_1282,CHEMBL5800496,ligand_1283
6gqj,ligand_1284,CHEMBL5794426,O=S(=O)(Nc1ccc(-c2ncnc3[nH]c(C(F)F)cc23)c(F)c1)c1ccc(Cl)cc1,1284,ligand_1284,idx_1283,CHEMBL5794426,ligand_1284
6gqj,ligand_1285,CHEMBL5775218,O=S(=O)(Nc1ccc(-c2ncnc3[nH]c(C4=CCCC4)cc23)c(F)c1)c1ccc(F)cc1,1285,ligand_1285,idx_1284,CHEMBL5775218,ligand_1285
6gqj,ligand_1286,CHEMBL5786650,O=S(=O)(Nc1ccc(-c2ncnc3[nH]c(C4=CCCC4)cc23)cc1)c1ccc(F)cc1,1286,ligand_1286,idx_1285,CHEMBL5786650,ligand_1286
6gqj,ligand_1287,CHEMBL5786650,O=S(=O)(Nc1ccc(-c2ncnc3[nH]c(C4=CCCC4)cc23)cc1)c1ccc(F)cc1,1287,ligand_1287,idx_1286,CHEMBL5786650,ligand_1287
6gqj,ligand_1288,CHEMBL5987304,O=S(=O)(Nc1ccc(-c2ncnc3[nH]c(C4CCCC4)cc23)cc1)c1ccc(F)cc1,1288,ligand_1288,idx_1287,CHEMBL5987304,ligand_1288
6gqj,ligand_1289,CHEMBL5987304,O=S(=O)(Nc1ccc(-c2ncnc3[nH]c(C4CCCC4)cc23)cc1)c1ccc(F)cc1,1289,ligand_1289,idx_1288,CHEMBL5987304,ligand_1289
6gqj,ligand_1290,CHEMBL6030922,O=S(=O)(Nc1ccc(-c2ncnc3[nH]c(Cl)cc23)cc1)c1ccc(OC(F)F)cc1,1290,ligand_1290,idx_1289,CHEMBL6030922,ligand_1290
6gqj,ligand_1291,CHEMBL5934158,O=S(=O)(Nc1ccc(Cl)cc1)c1ccc(-c2ncnc3[nH]c(-c4ccc(F)cc4)cc23)c(F)c1,1291,ligand_1291,idx_1290,CHEMBL5934158,ligand_1291
6gqj,ligand_1292,CHEMBL6051917,O=S(=O)(Nc1ccc(F)cc1)c1ccc(-c2ncnc3[nH]c(-c4ccc(F)cc4)cc23)c(F)c1,1292,ligand_1292,idx_1291,CHEMBL6051917,ligand_1292
6gqj,ligand_1293,CHEMBL5772942,O=S(=O)(Nc1ccc(F)cc1)c1ccc(-c2ncnc3[nH]c(-c4ccc(F)cc4)cc23)cc1,1293,ligand_1293,idx_1292,CHEMBL5772942,ligand_1293
6gqj,ligand_1294,CHEMBL5871880,O=S(=O)(Nc1cccc(-c2ncnc3[nH]c(-c4ccc(F)cc4)cc23)c1)C1CC1,1294,ligand_1294,idx_1293,CHEMBL5871880,ligand_1294
6gqj,ligand_1295,CHEMBL1725279,Oc1c2ccccc2c2c3c(cccc13)N=N2,1295,ligand_1295,idx_1294,CHEMBL1725279,ligand_1295
6gqj,ligand_1296,CHEMBL1998953,c1ccc(-c2c[nH]c3ncnc(N4CCCCC4)c23)cc1,1296,ligand_1296,idx_1295,CHEMBL1998953,ligand_1296
6gqj,ligand_1297,CHEMBL2002346,c1ccc(CNc2cc(-c3c[nH]c4ncccc34)ncn2)cc1,1297,ligand_1297,idx_1296,CHEMBL2002346,ligand_1297
6gqj,ligand_1298,CHEMBL578061,c1ccc(Nc2ccnc(Nc3ccccc3)n2)cc1,1298,ligand_1298,idx_1297,CHEMBL578061,ligand_1298
