protein_pdb_id,ligand_id,molecule_chembl_id,canonical_smiles,assay_chembl_id,standard_value,value,pchembl_value,pKi,pValue,is_active,activity_class,assay_type,document_chembl_id,type,units,uo_units,exp_value,exp_standard_value,exp_pchembl_value,qvina_affinity_min,qvina_rmsd_lb_min,qvina_rmsd_ub_min,qvina_affinity_bestpose,qvina_rmsd_lb_bestpose,qvina_rmsd_ub_bestpose,qvina_max_affinity,qvina_lb_affinity,qvina_ub_affinity,gnina_affinity_min,gnina_intramol_min,gnina_cnn_pose_score_min,gnina_cnn_affinity_min,gnina_affinity_bestpose,gnina_intramol_bestpose,gnina_cnn_pose_score_bestpose,gnina_cnn_affinity_bestpose,plapt_affinity,plapt_affinity_uM,dynamicbind_affinity_maxaff,dynamicbind_affinity_bestpose,dynamicbind_lddt_maxaff,dynamicbind_lddt_bestpose,boltz2_affinity_pred_value,boltz2_affinity_probability_binary,boltz2_affinity_pred_value1,boltz2_affinity_probability_binary1,boltz2_affinity_pred_value2,boltz2_affinity_probability_binary2
2V5Z,ligand_0001,CHEMBL5840646,Brc1cccc(COc2ccc(C3C[C@@H]3NCCC3CCCCC3)cc2)c1,CHEMBL5732600,550.0,550.0,6.26,6.259637310505756,6.259637310505756,True,medium,B,CHEMBL5726393,Ki,nM,UO_0000065,550.0,550.0,6.26,-10.0,0.0,0.0,-10.0,0.0,0.0,-7.5,-9.9,-9.9,-10.08,0.7,0.6186,7.931,-8.53,0.33,0.6863,7.803,6.537509441375732,0.2900618139813671,7.524017497700502,7.524017497700502,,,-0.0876290798187255,0.6268618106842041,0.4713722467422485,0.6362607479095459,0.8757836222648621,0.6174628138542175
2V5Z,ligand_0002,CHEMBL3402197,Brc1cccc(COc2ccc3c(c2)OCCO3)c1,CHEMBL3404567,41.0,0.041,7.39,7.3872161432802645,7.3872161432802645,True,high,B,CHEMBL3400050,Ki,uM,UO_0000065,0.041,41.0,7.39,-9.4,0.0,0.0,-9.4,0.0,0.0,-6.4,-9.4,-9.4,-9.44,-0.35,0.8026,6.99,-9.44,-0.35,0.8026,6.99,4.866238117218018,13.60698427154082,4.646795586221929,4.646795586221929,,,-0.7504222393035889,0.8171387910842896,-0.0543311908841133,0.8638467788696289,-0.4016544818878174,0.7704307436943054
2V5Z,ligand_0003,CHEMBL3415810,C#CCN(C)CC(=C)c1ccccc1.Cl,CHEMBL3418729,60.0,60.0,7.22,7.221848749616356,7.221848749616356,True,high,B,CHEMBL3414505,Ki,nM,UO_0000065,60.0,60.0,7.22,-7.7,0.0,0.0,-7.7,0.0,0.0,-6.4,-6.5,-7.6,-7.97,-0.13,0.8413,5.905,-6.95,1.2,0.8476,5.538,4.798274040222168,15.91204358774922,5.914785680039968,5.914785680039968,,,,,,,,
2V5Z,ligand_0004,CHEMBL5268461,C#CCN(C)Cc1ccc(C(=O)NC2CC(C)(C)N([O])C(C)(C)C2)cc1,CHEMBL5244514,15000.0,15.0,4.82,4.823908740944319,4.823908740944319,False,low,B,CHEMBL5244208,Ki,uM,UO_0000065,15.0,15000.0,4.82,-6.9,0.0,0.0,-6.9,0.0,0.0,-0.6,-6.1,-6.1,-7.73,7.23,0.5255,7.142,-5.57,5.97,0.626,7.29,4.955551624298096,11.07766878030836,5.951225919296979,5.951225919296979,,,1.904120683670044,0.3139491081237793,2.4700307846069336,0.3727396130561828,2.314469337463379,0.2551585733890533
2V5Z,ligand_0005,CHEMBL673,C#CCN(C)Cc1ccccc1,CHEMBL5340264,500.0,0.5,6.3,6.301029995663981,6.301029995663981,True,medium,B,CHEMBL5338737,Ki,uM,UO_0000065,0.5,500.0,6.3,-6.9,0.0,0.0,-6.9,0.0,0.0,-5.9,-6.8,-6.8,-6.97,0.26,0.8052,5.363,-6.2,1.02,0.83,5.85,3.87175226211548,134.3531143214514,6.589201751483476,6.589201751483476,,,0.6462152004241943,0.6940902471542358,-0.1066492199897766,0.8331676721572876,1.0523618459701538,0.5550127625465393
2V5Z,ligand_0006,CHEMBL673,C#CCN(C)Cc1ccccc1,CHEMBL884737,1800.0,1.8,5.75,5.7447274948966935,5.7447274948966935,False,low,B,CHEMBL1142839,Ki,uM,UO_0000065,1.8,1800.0,5.75,-6.9,0.0,0.0,-6.9,0.0,0.0,-5.9,-6.8,-6.8,-6.97,0.26,0.8052,5.363,-6.2,1.02,0.83,5.85,3.87175226211548,134.3531143214514,6.533079786910442,6.533079786910442,,,0.6462152004241943,0.6940902471542358,-0.1066492199897766,0.8331676721572876,1.0523618459701538,0.5550127625465393
2V5Z,ligand_0007,CHEMBL436947,C#CCN(C)[C@@H]1CCc2ccccc21,CHEMBL732536,600.0,0.6,6.22,6.221848749616356,6.221848749616356,True,medium,B,CHEMBL1149122,Ki,uM,UO_0000065,0.6,600.0,6.22,-8.5,0.0,0.0,-8.5,0.0,0.0,-6.8,-6.9,-8.3,-8.59,0.28,0.8297,5.97,-8.59,0.28,0.8297,5.97,5.723533630371094,1.890019868446216,6.304924539688434,6.304924539688434,,,-0.590550422668457,0.7827178835868835,-0.1312308311462402,0.7777783870697021,-1.0612101554870603,0.7876573801040649
2V5Z,ligand_0008,CHEMBL2333930,C#CCN(C)[C@H](C)Cc1ccc(OCCCCCCCCNc2c3c(nc4cc(Cl)ccc24)CCCC3)cc1,CHEMBL3608045,0.129,0.129,9.89,9.88941028970075,9.88941028970075,True,high,B,CHEMBL3603809,Ki,nM,UO_0000065,0.129,0.129,9.89,-7.7,0.0,0.0,-7.7,0.0,0.0,-2.0,-2.0,-2.0,-8.37,0.08,0.4977,9.613,-4.63,-0.23,0.57,8.975,5.8483405113220215,1.417945336772315,7.417933712815026,7.417933712815026,,,-2.17332124710083,0.7471505403518677,-1.195745825767517,0.8858291506767273,-0.9851389527320862,0.6084719300270081
2V5Z,ligand_0009,CHEMBL972,C#CCN(C)[C@H](C)Cc1ccccc1,CHEMBL1764623,1960.0,1960.0,5.71,5.707743928643524,5.707743928643524,False,low,B,CHEMBL1759975,Ki,nM,UO_0000065,1960.0,1960.0,5.71,-7.8,0.0,0.0,-7.8,0.0,0.0,-6.7,-7.2,-7.0,-7.87,-0.05,0.8333,6.08,-7.74,1.19,0.8479,5.987,3.2568230628967285,553.5755970280985,6.454289189076706,6.454289189076706,,,0.5349311828613281,0.7297301292419434,0.2273707389831543,0.812432587146759,0.7544873356819153,0.6470276713371277
2V5Z,ligand_0010,CHEMBL972,C#CCN(C)[C@H](C)Cc1ccccc1,CHEMBL3784058,380.0,0.38,6.42,6.42021640338319,6.42021640338319,True,medium,B,CHEMBL3779800,Ki,uM,UO_0000065,0.38,380.0,6.42,-7.8,0.0,0.0,-7.8,0.0,0.0,-6.7,-7.2,-7.0,-7.87,-0.05,0.8333,6.08,-7.74,1.19,0.8479,5.987,3.2568230628967285,553.5755970280985,6.543260583104685,6.543260583104685,,,0.5349311828613281,0.7297301292419434,0.2273707389831543,0.812432587146759,0.7544873356819153,0.6470276713371277
2V5Z,ligand_0011,CHEMBL972,C#CCN(C)[C@H](C)Cc1ccccc1,CHEMBL3862220,9.0,0.009,8.05,8.045757490560675,8.045757490560675,True,high,B,CHEMBL3861946,Ki,uM,UO_0000065,0.009,9.0,8.05,-7.8,0.0,0.0,-7.8,0.0,0.0,-6.7,-7.2,-7.0,-7.87,-0.05,0.8333,6.08,-7.74,1.19,0.8479,5.987,3.2568230628967285,553.5755970280985,6.497517460269608,6.497517460269608,,,0.5349311828613281,0.7297301292419434,0.2273707389831543,0.812432587146759,0.7544873356819153,0.6470276713371277
2V5Z,ligand_0012,CHEMBL972,C#CCN(C)[C@H](C)Cc1ccccc1,CHEMBL4259682,255.0,0.255,6.59,6.5934598195660445,6.5934598195660445,True,medium,B,CHEMBL4257534,Ki,uM,UO_0000065,0.255,255.0,6.59,-7.8,0.0,0.0,-7.8,0.0,0.0,-6.7,-7.2,-7.0,-7.87,-0.05,0.8333,6.08,-7.74,1.19,0.8479,5.987,3.2568230628967285,553.5755970280985,6.442492102157453,6.442492102157453,,,0.5349311828613281,0.7297301292419434,0.2273707389831543,0.812432587146759,0.7544873356819153,0.6470276713371277
2V5Z,ligand_0013,CHEMBL972,C#CCN(C)[C@H](C)Cc1ccccc1,CHEMBL828820,970.0,0.97,6.01,6.013228265733755,6.013228265733755,True,medium,B,CHEMBL1144454,Ki,uM,UO_0000065,0.97,970.0,6.01,-7.8,0.0,0.0,-7.8,0.0,0.0,-6.7,-7.2,-7.0,-7.87,-0.05,0.8333,6.08,-7.74,1.19,0.8479,5.987,3.2568230628967285,553.5755970280985,6.535559870051616,6.535559870051616,,,0.5349311828613281,0.7297301292419434,0.2273707389831543,0.812432587146759,0.7544873356819153,0.6470276713371277
2V5Z,ligand_0014,CHEMBL3604128,C#CCN(C)c1nc2nc(CCC3CCN(Cc4ccccc4)CC3)ccc2c(-c2ccccc2)c1C#N,CHEMBL3608045,32.0,32.0,7.5,7.494850021680094,7.494850021680094,True,high,B,CHEMBL3603809,Ki,nM,UO_0000065,32.0,32.0,7.5,-7.2,0.0,0.0,-7.2,0.0,0.0,-1.9,-6.4,-3.8,-7.18,1.59,0.6097,9.17,-7.18,1.59,0.6097,9.17,6.24042272567749,0.5748800985660258,7.816361746042193,7.816361746042193,,,-0.0297200679779052,0.488405168056488,0.5887008905410767,0.4598263800144195,1.2043694257736206,0.5169839262962341
2V5Z,ligand_0015,CHEMBL3916392,C#CCN1C(=O)C(=O)c2cc(S(=O)(=O)N(C)Cc3cccc(F)c3)ccc21,CHEMBL3862220,30380.0,30.38,4.52,4.517412230473233,4.517412230473233,False,low,B,CHEMBL3861946,Ki,uM,UO_0000065,30.38,30380.0,4.52,-8.8,0.0,0.0,-8.8,0.0,0.0,-5.4,-7.9,-8.3,-9.7,2.96,0.4441,7.371,-9.1,2.9,0.661,7.696,5.5320234298706055,2.9374911721799526,7.570511002286854,7.570511002286854,,,-0.4934296607971191,0.4179529547691345,0.5098980665206909,0.4138998389244079,-0.0969738662242889,0.4220060408115387
2V5Z,ligand_0016,CHEMBL3923134,C#CCN1C(=O)C(=O)c2cc(S(=O)(=O)N(C)Cc3ccccc3F)ccc21,CHEMBL3862220,55180.0,55.18,4.26,4.258218303856833,4.258218303856833,False,low,B,CHEMBL3861946,Ki,uM,UO_0000065,55.18,55180.0,4.26,-8.2,0.0,0.0,-8.2,0.0,0.0,-4.5,-7.6,-7.6,-9.83,2.91,0.5498,7.554,-9.12,3.09,0.771,7.878,4.656818866729736,22.038454397245243,7.7686137836662095,7.7686137836662095,,,-0.6195118427276611,0.324690043926239,0.4505507051944732,0.2574431300163269,-0.2812026739120483,0.3919369280338287
2V5Z,ligand_0017,CHEMBL3965645,C#CCN1C(=O)C(=O)c2ccccc21,CHEMBL3862220,15150.0,15.15,4.82,4.8195873671616765,4.8195873671616765,False,low,B,CHEMBL3861946,Ki,uM,UO_0000065,15.15,15150.0,4.82,-7.8,0.0,0.0,-7.8,0.0,0.0,-6.7,-7.1,-7.1,-8.48,1.34,0.8366,6.069,-8.48,1.34,0.8366,6.069,5.661981582641602,2.1778021256145563,5.99771099255314,5.99771099255314,,,0.9626094102859496,0.5514684319496155,0.8588709235191345,0.7112088799476624,1.0144999027252195,0.3917279541492462
2V5Z,ligand_0018,CHEMBL5187434,C#CCNC1CCc2ccccc2C1,CHEMBL5147832,460.0,0.46,6.34,6.337242168318426,6.337242168318426,True,medium,B,CHEMBL5143673,Ki,uM,UO_0000065,0.46,460.0,6.34,-8.4,0.0,0.0,-8.4,0.0,0.0,-5.8,-6.9,-6.4,-8.38,-0.29,0.7619,6.552,-8.38,-0.29,0.7619,6.552,5.356043815612793,4.405104185310598,6.148584623666994,6.148584623666994,,,0.3317644596099853,0.3790637850761413,0.079299122095108,0.3534481227397918,0.5004664063453674,0.4046794176101684
2V5Z,ligand_0019,CHEMBL5187434,C#CCNC1CCc2ccccc2C1,CHEMBL5147833,435.0,0.435,6.36,6.361510743045363,6.361510743045363,True,medium,B,CHEMBL5143673,Ki,uM,UO_0000065,0.435,435.0,6.36,-8.4,0.0,0.0,-8.4,0.0,0.0,-5.8,-6.9,-6.4,-8.38,-0.29,0.7619,6.552,-8.38,-0.29,0.7619,6.552,5.356043815612793,4.405104185310598,6.000577504610422,6.000577504610422,,,0.3317644596099853,0.3790637850761413,0.079299122095108,0.3534481227397918,0.5004664063453674,0.4046794176101684
2V5Z,ligand_0020,CHEMBL371428,C#CCN[C@@H]1CCc2ccc(O)cc21,CHEMBL732536,17000.0,17.0,4.77,4.769551078621726,4.769551078621726,False,low,B,CHEMBL1149122,Ki,uM,UO_0000065,17.0,17000.0,4.77,-8.6,0.0,0.0,-8.6,0.0,0.0,-7.2,-7.8,-7.8,-8.81,-0.18,0.8106,6.872,-8.81,-0.18,0.8106,6.872,5.490091800689697,3.2352526328724243,6.175855810665618,6.175855810665618,,,0.1560761928558349,0.6469976902008057,0.3387993276119232,0.7255713939666748,-0.0512553192675113,0.5684240460395813
2V5Z,ligand_0021,CHEMBL887,C#CCN[C@@H]1CCc2ccccc21,CHEMBL732536,700.0,0.7,6.16,6.154901959985743,6.154901959985743,True,medium,B,CHEMBL1149122,Ki,uM,UO_0000065,0.7,700.0,6.16,-8.4,0.0,0.0,-8.4,0.0,0.0,-7.2,-7.2,-7.2,-8.41,-0.17,0.8192,6.074,-8.04,0.76,0.8327,6.495,5.974386692047119,1.0607506533949105,6.070641708586081,6.070641708586081,,,0.0450921058654785,0.8025628328323364,0.0764786005020141,0.9140205979347228,-0.1579828858375549,0.69110506772995
2V5Z,ligand_0022,CHEMBL3604127,C#CN(C)Cc1ccc(C(=O)NC2CC(C)(C)N([O])C(C)(C)C2)cc1,CHEMBL3608045,22000.0,22.0,4.66,4.657577319177793,4.657577319177793,False,low,B,CHEMBL3603809,Ki,uM,UO_0000065,22.0,22000.0,4.66,-7.9,0.0,0.0,-7.9,0.0,0.0,1.6,-6.4,-2.2,-7.92,-0.63,0.6112,7.45,-6.97,2.74,0.6507,7.305,4.73465633392334,18.42229218364689,6.447991408323946,6.447991408323946,,,1.0745970010757446,0.3445234000682831,2.524689197540283,0.3600700497627258,0.5836517810821533,0.3289767503738403
2V5Z,ligand_0023,CHEMBL3604126,C#CN(C)Cc1ccc(CC(=O)NC2CC(C)(C)N([O])C(C)(C)C2)cc1,CHEMBL3608045,22.0,22.0,7.66,7.657577319177793,7.657577319177793,True,high,B,CHEMBL3603809,Ki,nM,UO_0000065,22.0,22.0,7.66,-8.2,0.0,0.0,-8.2,0.0,0.0,0.1,-7.9,-7.9,-8.23,0.23,0.6757,7.765,-5.9,2.08,0.7276,7.652,5.098008632659912,7.979788253388747,6.065976545122868,6.065976545122868,,,0.8949908018112183,0.1385907530784607,1.0282822847366333,0.07827840000391,1.806696891784668,0.1989030987024307
2V5Z,ligand_0024,CHEMBL198810,C(/C=C/c1ccccc1)=C\c1ccccc1,CHEMBL884737,600.0,0.6,6.22,6.221848749616356,6.221848749616356,True,medium,B,CHEMBL1142839,Ki,uM,UO_0000065,0.6,600.0,6.22,-9.4,0.0,0.0,-9.4,0.0,0.0,-7.4,-9.4,-9.4,-9.44,-0.36,0.6852,5.887,-9.35,-0.38,0.7019,5.938,5.392692565917969,4.048623895864846,4.844778666219871,4.844778666219871,,,1.1007755994796753,0.807695746421814,1.6345720291137695,0.9040205478668212,0.6321157813072205,0.7113708853721619
2V5Z,ligand_0025,CHEMBL4174116,C/C(=N/Nc1nc(-c2cccc([N+](=O)[O-])c2)cs1)C1CC1,CHEMBL4141659,7.3,0.0073,8.14,8.136677139879545,8.136677139879545,True,high,B,CHEMBL4138155,Ki,uM,UO_0000065,0.0073,7.3,8.14,-8.9,0.0,0.0,-8.9,0.0,0.0,-6.1,-7.5,-7.5,-9.25,0.07,0.5823,7.337,-8.7,0.41,0.7805,7.804,5.617046356201172,2.415203024094201,5.463212053606512,5.463212053606512,,,-0.4761631488800049,0.6590386629104614,-0.456284612417221,0.7560619115829468,0.4024134278297424,0.5620154142379761
2V5Z,ligand_0026,CHEMBL5270226,C=CCNC(=S)N1N=C(c2ccc(C)cc2)CC1c1ccc(F)cc1,CHEMBL5265229,200.0,0.2,6.7,6.698970004336019,6.698970004336019,True,medium,B,CHEMBL5260848,Ki,uM,UO_0000065,0.2,200.0,6.7,-5.4,0.0,0.0,-5.4,0.0,0.0,2.7,-3.0,-3.0,-5.57,-0.41,0.6068,7.505,3.1,-0.61,0.6514,7.572,4.764861106872559,17.184578848767362,6.5641887446458185,6.5641887446458185,,,0.0256681442260742,0.4678646326065063,0.3004206418991089,0.4431883990764618,0.8974942564964294,0.4925408959388733
2V5Z,ligand_0027,CHEMBL5290358,C=CCNC(=S)N1N=C(c2ccc(Cl)cc2)CC1c1ccc(F)cc1,CHEMBL5265229,200.0,0.2,6.7,6.698970004336019,6.698970004336019,True,medium,B,CHEMBL5260848,Ki,uM,UO_0000065,0.2,200.0,6.7,-4.4,0.0,0.0,-4.4,0.0,0.0,0.2,-3.0,-3.0,-5.37,2.07,0.656,7.584,-5.37,2.07,0.656,7.584,5.002571105957031,9.940972995457994,6.622043360660898,6.622043360660898,,,0.317624568939209,0.5970431566238403,1.20100200176239,0.6463670134544373,0.6973329782485962,0.5477192401885986
2V5Z,ligand_0028,CHEMBL5284128,C=CCNC(=S)N1N=C(c2ccc(OC)cc2)CC1c1ccc(F)cc1,CHEMBL5265229,200.0,0.2,6.7,6.698970004336019,6.698970004336019,True,medium,B,CHEMBL5260848,Ki,uM,UO_0000065,0.2,200.0,6.7,-7.1,0.0,0.0,-7.1,0.0,0.0,0.7,-1.8,-5.7,-7.17,-0.06,0.835,8.153,-7.17,-0.06,0.835,8.153,4.6687541007995605,21.441042575488165,6.536082964996323,6.536082964996323,,,0.3129143714904785,0.4933832287788391,0.9244989156723022,0.4685014188289642,0.922128438949585,0.5182650685310364
2V5Z,ligand_0029,CHEMBL5275680,C=CCNC(=S)N1N=C(c2ccccc2)CC1c1ccc(F)cc1,CHEMBL5265229,200.0,0.2,6.7,6.698970004336019,6.698970004336019,True,medium,B,CHEMBL5260848,Ki,uM,UO_0000065,0.2,200.0,6.7,-6.9,0.0,0.0,-6.9,0.0,0.0,0.8,-5.3,-5.3,-7.06,0.01,0.809,7.705,-7.06,0.01,0.809,7.705,5.322267055511475,4.761381108535276,6.544699827738939,6.544699827738939,,,0.299199104309082,0.6222641468048096,0.6733166575431824,0.6059612035751343,0.9805265069007874,0.6385670900344849
2V5Z,ligand_0030,CHEMBL4110167,CC(=O)NC1CCC(N[C@H]2C[C@@H]2c2ccc(-c3cccc(C(F)(F)F)c3)nc2)CC1,CHEMBL3887028,20000.0,20000.0,4.7,4.698970004336019,4.698970004336019,False,low,B,CHEMBL3886143,Ki,nM,UO_0000065,20000.0,20000.0,4.7,-10.1,0.0,0.0,-10.1,0.0,0.0,-5.3,-8.5,-8.5,-9.98,2.66,0.4043,7.942,-9.76,1.63,0.6214,8.23,5.225942134857178,5.94371347030676,7.665528594692373,7.665528594692373,,,-1.2620735168457031,0.7845138311386108,0.0167569518089294,0.851966142654419,-0.9696373343467712,0.7170615196228027
2V5Z,ligand_0031,CHEMBL4110167,CC(=O)NC1CCC(N[C@H]2C[C@@H]2c2ccc(-c3cccc(C(F)(F)F)c3)nc2)CC1,CHEMBL5730713,20500.0,20500.0,4.69,4.688246138944246,4.688246138944246,False,low,B,CHEMBL5725390,Ki,nM,UO_0000065,20500.0,20500.0,4.69,-10.1,0.0,0.0,-10.1,0.0,0.0,-5.3,-8.5,-8.5,-9.98,2.66,0.4043,7.942,-9.76,1.63,0.6214,8.23,5.225942134857178,5.94371347030676,7.714015183807557,7.714015183807557,,,-1.2620735168457031,0.7845138311386108,0.0167569518089294,0.851966142654419,-0.9696373343467712,0.7170615196228027
2V5Z,ligand_0032,CHEMBL364917,CC(C(=O)c1cccn1C)N1CCCCC1,CHEMBL828820,36000.0,36.0,4.44,4.443697499232713,4.443697499232713,False,low,B,CHEMBL1144454,Ki,uM,UO_0000065,36.0,36000.0,4.44,-6.5,0.0,0.0,-6.5,0.0,0.0,-5.7,-5.8,-5.7,-7.06,0.5,0.8043,6.439,-7.06,0.5,0.8043,6.439,4.5627522468566895,27.36829567593607,5.256895679198779,5.256895679198779,,,1.8063338994979856,0.3929869532585144,1.588600516319275,0.5095019340515137,2.110072135925293,0.2764719724655151
2V5Z,ligand_0033,CHEMBL1938897,CC(NC1CC1c1ccccc1)c1ccc2c(c1)OCCO2,CHEMBL1942531,7400.0,7.4,5.13,5.130768280269024,5.130768280269024,False,low,B,CHEMBL1938384,Ki,uM,UO_0000065,7.4,7400.0,5.13,-10.2,0.0,0.0,-10.2,0.0,0.0,-6.4,-9.9,-9.2,-10.26,0.1,0.6033,6.698,-10.26,0.1,0.6033,6.698,5.555476188659668,2.783067958710235,6.244595114694168,6.244595114694168,,,0.3058524131774902,0.5952111482620239,0.4290487170219421,0.6127327680587769,0.9336405992507936,0.577689528465271
2V5Z,ligand_0034,CHEMBL598393,CCCCOc1ccc(C2CNC(=O)CS2)cc1,CHEMBL1071678,460.0,0.46,6.34,6.337242168318426,6.337242168318426,True,medium,B,CHEMBL1157540,Ki,uM,UO_0000065,0.46,460.0,6.34,-8.0,0.0,0.0,-8.0,0.0,0.0,-5.3,-7.7,-7.7,-7.91,-0.51,0.8557,7.673,-7.91,-0.51,0.8557,7.673,3.4086484909057617,390.2577255249713,5.492865208972497,5.492865208972497,,,0.4347333908081054,0.7040959000587463,0.0588149949908256,0.8555898666381836,1.3543920516967771,0.5526019334793091
2V5Z,ligand_0035,CHEMBL597372,CCCCOc1ccc(C2CNCCS2)cc1,CHEMBL1071678,68.0,0.068,7.17,7.167491087293763,7.167491087293763,True,high,B,CHEMBL1157540,Ki,uM,UO_0000065,0.068,68.0,7.17,-8.0,0.0,0.0,-8.0,0.0,0.0,-4.1,-6.0,-6.0,-8.0,-0.41,0.8992,7.064,-8.0,-0.41,0.8992,7.064,5.199043273925781,6.32348839799379,5.490187261827878,5.490187261827878,,,-0.188215970993042,0.8213925361633301,-0.2975539863109588,0.9650888442993164,0.3866540193557739,0.6776962280273438
2V5Z,ligand_0036,CHEMBL596955,CCCOc1ccc(C2CNC(=O)CS2)cc1,CHEMBL1071678,2400.0,2.4,5.62,5.619788758288394,5.619788758288394,False,low,B,CHEMBL1157540,Ki,uM,UO_0000065,2.4,2400.0,5.62,-8.2,0.0,0.0,-8.2,0.0,0.0,-2.8,-7.5,-7.5,-8.16,-0.41,0.7342,6.731,-8.15,-0.3,0.7977,6.963,3.576993942260742,264.85370813628884,5.44532128607101,5.44532128607101,,,0.9284714460372924,0.5865836143493652,0.5211007595062256,0.7527502179145813,1.7559163570404053,0.4204169511795044
2V5Z,ligand_0037,CHEMBL608141,CCCOc1ccc(C2CNCCS2)cc1,CHEMBL1071678,130.0,0.13,6.89,6.886056647693163,6.886056647693163,True,medium,B,CHEMBL1157540,Ki,uM,UO_0000065,0.13,130.0,6.89,-7.6,0.0,0.0,-7.6,0.0,0.0,-5.3,-6.3,-6.3,-7.74,-0.3,0.8662,7.126,-7.64,-0.27,0.8757,6.992,5.306894302368164,4.932938461133388,5.631150122857436,5.631150122857436,,,-0.0992465019226074,0.7969280481338501,-0.1283488124608993,0.9298940896987916,0.2948414981365204,0.6639619469642639
2V5Z,ligand_0038,CHEMBL5272772,CCNC(=S)N1N=C(c2ccc(C)cc2)CC1c1ccc(F)cc1,CHEMBL5265229,200.0,0.2,6.7,6.698970004336019,6.698970004336019,True,medium,B,CHEMBL5260848,Ki,uM,UO_0000065,0.2,200.0,6.7,-7.8,0.0,0.0,-7.8,0.0,0.0,0.3,-5.6,-5.6,-8.1,0.17,0.9008,8.06,-8.1,0.17,0.9008,8.06,5.6279730796813965,2.3551952692692004,6.364980786939587,6.364980786939587,,,0.9692835807800292,0.6523751020431519,1.666040062904358,0.7472885251045227,1.2823281288146973,0.5574616193771362
2V5Z,ligand_0039,CHEMBL5280524,CCNC(=S)N1N=C(c2ccc(Cl)cc2)CC1c1ccc(F)cc1,CHEMBL5265229,200.0,0.2,6.7,6.698970004336019,6.698970004336019,True,medium,B,CHEMBL5260848,Ki,uM,UO_0000065,0.2,200.0,6.7,-4.9,0.0,0.0,-4.9,0.0,0.0,0.8,-3.2,-3.2,-5.04,-0.36,0.5362,7.215,-3.9,-0.13,0.6138,7.289,5.82206916809082,1.5063671348942398,6.546780769994541,6.546780769994541,,,-0.0363903045654296,0.5889166593551636,0.2030349820852279,0.6622757911682129,0.9423111081123352,0.5155574679374695
2V5Z,ligand_0040,CHEMBL5271570,CCNC(=S)N1N=C(c2ccc(OC)cc2)CC1c1ccc(F)cc1,CHEMBL5265229,200.0,0.2,6.7,6.698970004336019,6.698970004336019,True,medium,B,CHEMBL5260848,Ki,uM,UO_0000065,0.2,200.0,6.7,-5.1,0.0,0.0,-5.1,0.0,0.0,1.6,-2.2,-2.2,-5.14,-0.56,0.5524,7.703,0.46,-0.2,0.7089,7.267,4.998693466186523,10.030129350749204,6.301046304102492,6.301046304102492,,,0.5688772201538086,0.6077044010162354,0.9238933324813844,0.6401227712631226,1.3471057415008545,0.5752860307693481
2V5Z,ligand_0041,CHEMBL5291452,CCNC(=S)N1N=C(c2ccccc2)CC1c1ccc(F)cc1,CHEMBL5265229,200.0,0.2,6.7,6.698970004336019,6.698970004336019,True,medium,B,CHEMBL5260848,Ki,uM,UO_0000065,0.2,200.0,6.7,-5.2,0.0,0.0,-5.2,0.0,0.0,-1.2,-1.7,-1.7,-5.11,-0.55,0.5437,7.323,-5.11,-0.55,0.5437,7.323,4.513306617736816,30.66855982354909,6.41667046925329,6.41667046925329,,,0.1513409614562988,0.6686787009239197,0.3287876844406128,0.6832582950592041,0.9649869799613952,0.6540991067886353
2V5Z,ligand_0042,CHEMBL597769,CCOc1ccc(C2CNC(=O)CS2)cc1,CHEMBL1071678,16900.0,16.9,4.77,4.772113295386326,4.772113295386326,False,low,B,CHEMBL1157540,Ki,uM,UO_0000065,16.9,16900.0,4.77,-7.9,0.0,0.0,-7.9,0.0,0.0,-2.4,-7.3,-7.3,-7.91,-0.29,0.7606,6.552,-7.89,-0.27,0.7629,6.65,3.4951021671295166,319.81426628945195,5.126227840802188,5.126227840802188,,,1.53724467754364,0.3803580999374389,1.1495710611343384,0.3142425119876861,2.210198402404785,0.4464736580848694
2V5Z,ligand_0043,CHEMBL597371,CCOc1ccc(C2CNCCS2)cc1,CHEMBL1071678,2100.0,2.1,5.68,5.6777807052660805,5.6777807052660805,False,low,B,CHEMBL1157540,Ki,uM,UO_0000065,2.1,2100.0,5.68,-7.4,0.0,0.0,-7.4,0.0,0.0,-5.5,-7.2,-7.2,-7.38,-0.27,0.8342,6.638,-7.38,-0.27,0.8342,6.638,5.35288143157959,4.437297717813717,5.21011650465105,5.21011650465105,,,0.8276066780090332,0.704843282699585,0.4494929313659668,0.847937822341919,1.4093719720840454,0.5617488026618958
2V5Z,ligand_0044,CHEMBL4521057,CCc1ccc(/C=C/C(=O)c2ccc(Cl)s2)cc1,CHEMBL4480497,310.0,0.31,6.51,6.508638306165727,6.508638306165727,True,medium,B,CHEMBL4480364,Ki,uM,UO_0000065,0.31,310.0,6.51,-9.4,0.0,0.0,-9.4,0.0,0.0,-5.3,-8.6,-8.6,-9.47,-0.32,0.4946,6.736,-8.65,-0.4,0.5739,6.474,5.212310791015625,6.133229402260808,5.611655285073364,5.611655285073364,,,-0.5107109546661377,0.7641992568969727,0.0290014594793319,0.9063677787780762,-0.3167456388473511,0.6220307350158691
2V5Z,ligand_0045,CHEMBL431770,CCn1c(=O)c2c(nc(/C=C/c3ccc(OC)c(OC)c3)n2C)n(CC)c1=O,CHEMBL4480502,27.0,27.0,7.57,7.568636235841012,7.568636235841012,True,high,B,CHEMBL4480364,Ki,nM,UO_0000065,27.0,27.0,7.57,-9.3,0.0,0.0,-9.3,0.0,0.0,-3.6,-9.1,-9.1,-10.35,2.5,0.6089,7.864,-8.66,2.11,0.6543,8.232,4.405274868011475,39.33010736695711,6.465180577348868,6.465180577348868,,,-0.0066595077514648,0.40009605884552,-0.1535267531871795,0.4940396249294281,1.4451818466186523,0.3061524927616119
2V5Z,ligand_0046,CHEMBL4283770,CN(C)CCOc1ccc(/C=C2\COc3ccccc3C2=O)cc1,CHEMBL4262796,551.0,0.551,6.26,6.2588484011482155,6.2588484011482155,True,medium,B,CHEMBL4261537,Ki,uM,UO_0000065,0.551,551.0,6.26,-10.3,0.0,0.0,-10.3,0.0,0.0,-3.7,-7.1,-3.7,-10.3,-0.19,0.8792,7.69,-10.3,-0.19,0.8792,7.69,4.217032432556152,60.66910209876528,5.4093937565225625,5.4093937565225625,,,-0.0206730365753173,0.7084560394287109,0.0911271870136261,0.7943496704101562,0.8256420493125916,0.6225624084472656
2V5Z,ligand_0047,CHEMBL3651575,CN(C)[C@@H]1CCN(C(=O)CN[C@H]2C[C@@H]2c2ccccc2)C1,CHEMBL3707811,8800.0,8800.0,5.06,5.055517327849831,5.055517327849831,False,low,B,CHEMBL3639147,Ki,nM,UO_0000065,8800.0,8800.0,5.06,-9.0,0.0,0.0,-9.0,0.0,0.0,-4.1,-9.0,-9.0,-8.53,-0.32,0.8452,7.829,-8.53,-0.32,0.8452,7.829,4.048682689666748,89.39584016236607,6.385769567532513,6.385769567532513,,,1.0626122951507568,0.3829848170280456,1.7636380195617676,0.54872727394104,0.9989349246025084,0.21724234521389
2V5Z,ligand_0048,CHEMBL3651574,CN(C)[C@H]1CCN(C(=O)CN[C@H]2C[C@@H]2c2ccccc2)C1,CHEMBL3707811,19200.0,19200.0,4.72,4.716698771296451,4.716698771296451,False,low,B,CHEMBL3639147,Ki,nM,UO_0000065,19200.0,19200.0,4.72,-8.9,0.0,0.0,-8.9,0.0,0.0,-3.8,-8.5,-8.5,-8.37,-0.33,0.7853,7.645,-8.0,-0.0,0.7992,7.601,4.18986701965332,64.58519577029509,6.222307460278056,6.222307460278056,,,1.0491060018539429,0.3947935104370117,1.799481749534607,0.5521294474601746,0.9369986653327942,0.2374576032161712
2V5Z,ligand_0049,CHEMBL3950869,CN(Cc1ccc(F)cc1)S(=O)(=O)c1ccc2c(c1)C(=O)C(=O)N2,CHEMBL3862220,2570.0,2.57,5.59,5.590066876668706,5.590066876668706,False,low,B,CHEMBL3861946,Ki,uM,UO_0000065,2.57,2570.0,5.59,-9.0,0.0,0.0,-9.0,0.0,0.0,-6.0,-8.5,-8.5,-9.17,1.74,0.3984,6.87,-8.14,1.53,0.6959,7.414,5.816574096679688,1.5255480928774017,6.2502918525505535,6.2502918525505535,,,0.3871896266937256,0.3455241918563843,1.0332098007202148,0.3607685565948486,0.8746899962425232,0.3302798569202423
2V5Z,ligand_0050,CHEMBL3932083,CN(Cc1cccc(F)c1)S(=O)(=O)c1ccc2c(c1)C(=O)C(=O)N2,CHEMBL3862220,3580.0,3.58,5.45,5.446116973356125,5.446116973356125,False,low,B,CHEMBL3861946,Ki,uM,UO_0000065,3.58,3580.0,5.45,-9.5,0.0,0.0,-9.5,0.0,0.0,-6.3,-9.2,-9.2,-9.56,1.31,0.4301,7.088,2.41,-0.33,0.5702,6.605,6.595442771911621,0.2538383453169744,6.334874681791588,6.334874681791588,,,0.1796770095825195,0.2115002572536468,0.5466094017028809,0.1514254957437515,0.9603999853134156,0.271575003862381
2V5Z,ligand_0051,CHEMBL522271,CN1C(=O)C2C(N=C(/C=C/c3ccc(Cl)c(Cl)c3)N2C)N(C)C1=O,CHEMBL991730,36.0,36.0,7.44,7.443697499232712,7.443697499232712,True,high,B,CHEMBL1144166,Ki,nM,UO_0000065,36.0,36.0,7.44,-10.9,0.0,0.0,-10.9,0.0,0.0,-1.4,-10.0,-10.0,-10.94,-0.29,0.8492,8.079,-10.94,-0.29,0.8492,8.079,4.9541215896606445,11.114205187161478,6.129213695135183,6.129213695135183,,,0.2071046829223632,0.4865069985389709,0.5434775352478027,0.4870269000530243,1.1091171503067017,0.48598712682724
2V5Z,ligand_0052,CHEMBL483450,CN1C(=O)C2C(N=C(/C=C/c3cccc(Br)c3)N2C)N(C)C1=O,CHEMBL991730,83.0,83.0,7.08,7.080921907623926,7.080921907623926,True,high,B,CHEMBL1144166,Ki,nM,UO_0000065,83.0,83.0,7.08,-10.6,0.0,0.0,-10.6,0.0,0.0,-2.4,-10.0,-9.5,-10.57,-0.29,0.8176,7.678,-10.57,-0.29,0.8176,7.678,5.108389854431152,7.79130392193314,5.630793005890409,5.630793005890409,,,0.3893027305603027,0.2462376356124878,1.01826012134552,0.1450721174478531,1.0375688076019287,0.3474031686782837
2V5Z,ligand_0053,CHEMBL194732,CN1C(=O)C2NC(/C=C/c3cccc(Cl)c3)N(C)C2N(C)C1=O,CHEMBL884737,100000.0,100.0,4.0,4.0,4.0,False,low,B,CHEMBL1142839,Ki,uM,UO_0000065,100.0,100000.0,4.0,-6.6,0.0,0.0,-6.6,0.0,0.0,2.2,-6.0,-6.0,-6.61,-0.32,0.3302,7.461,-0.44,-0.34,0.3334,7.597,5.700608253479004,1.9924697955676984,5.707820992371032,5.707820992371032,,,1.285785436630249,0.275733470916748,1.6223591566085815,0.2253734767436981,1.9027528762817385,0.3260934948921203
2V5Z,ligand_0054,CHEMBL3655321,CN1CCN(C(=O)CN[C@H]2CC2c2ccc(-c3cc(Cl)cc(Cl)c3)cc2)CC1,CHEMBL3707811,18300.0,18300.0,4.74,4.73754891026957,4.73754891026957,False,low,B,CHEMBL3639147,Ki,nM,UO_0000065,18300.0,18300.0,4.74,-7.7,0.0,0.0,-7.7,0.0,0.0,-2.3,-7.7,-7.7,-9.38,2.38,0.3896,8.504,-1.88,-0.1,0.5936,8.322,5.359001159667969,4.375209368733332,6.909321661956012,6.909321661956012,,,-0.5582399368286133,0.4687709212303161,-0.0247099306434392,0.5044810175895691,0.436289370059967,0.4330608546733856
2V5Z,ligand_0055,CHEMBL3651599,CN1CCN(C(=O)CN[C@H]2C[C@@H]2c2ccc(-c3ccc(C#N)cc3)cc2)CC1,CHEMBL3707811,7400.0,7400.0,5.13,5.130768280269024,5.130768280269024,False,low,B,CHEMBL3639147,Ki,nM,UO_0000065,7400.0,7400.0,5.13,-7.4,0.0,0.0,-7.4,0.0,0.0,-0.6,-7.3,-0.6,-9.44,2.77,0.5452,8.711,-0.69,0.29,0.701,8.003,6.417487144470215,0.3823955727632896,6.494353571575857,6.494353571575857,,,0.0793652534484863,0.5897319316864014,1.0046652555465698,0.807921826839447,0.3964820504188537,0.3715420365333557
2V5Z,ligand_0056,CHEMBL3655332,CN1CCN(C(=O)CN[C@H]2C[C@@H]2c2ccc(-c3ccc(Cl)cc3)cc2)CC1,CHEMBL3707811,24500.0,24500.0,4.61,4.610833915635467,4.610833915635467,False,low,B,CHEMBL3639147,Ki,nM,UO_0000065,24500.0,24500.0,4.61,-7.9,0.0,0.0,-7.9,0.0,0.0,-0.7,-7.8,-7.8,-9.2,1.77,0.4485,8.407,-8.77,2.14,0.5524,8.313,5.7042107582092285,1.9760104718195248,6.234077493206335,6.234077493206335,,,-0.0852260589599609,0.6470094919204712,0.7491397261619568,0.6713588833808899,0.3878372311592102,0.6226601004600525
2V5Z,ligand_0057,CHEMBL3651600,CN1CCN(C(=O)CN[C@H]2C[C@@H]2c2ccc(-c3ccc(F)cc3)cc2)CC1,CHEMBL3707811,40400.0,40400.0,4.39,4.393618634889395,4.393618634889395,False,low,B,CHEMBL3639147,Ki,nM,UO_0000065,40400.0,40400.0,4.39,-8.7,0.0,0.0,-8.7,0.0,0.0,-0.1,-8.5,-2.5,-10.35,1.84,0.52,8.165,-6.2,4.5,0.699,8.281,5.650563716888428,2.2358171499705954,6.290232658188212,6.290232658188212,,,0.1308691501617431,0.5845435857772827,0.6421780586242676,0.4595637321472168,0.8177773356437683,0.7095234990119934
2V5Z,ligand_0058,CHEMBL3655322,CN1CCN(C(=O)CN[C@H]2C[C@@H]2c2ccc(-c3ccc(F)cc3F)cc2)CC1,CHEMBL3707811,24600.0,24600.0,4.61,4.609064892896621,4.609064892896621,False,low,B,CHEMBL3639147,Ki,nM,UO_0000065,24600.0,24600.0,4.61,-8.6,0.0,0.0,-8.6,0.0,0.0,-0.9,-7.0,-7.0,-8.76,0.82,0.4463,8.214,8.65,0.42,0.7177,7.961,6.328204154968262,0.4696732707256571,6.306459974769202,6.306459974769202,,,-0.9358444213867188,0.5862753987312317,-0.4388066232204437,0.698973536491394,-0.0531802289187908,0.4735772311687469
2V5Z,ligand_0059,CHEMBL3655327,CN1CCN(C(=O)CN[C@H]2C[C@@H]2c2ccc(-c3ccc(OC(F)(F)F)cc3)cc2)CC1,CHEMBL3707811,4200.0,4200.0,5.38,5.376750709602099,5.376750709602099,False,low,B,CHEMBL3639147,Ki,nM,UO_0000065,4200.0,4200.0,5.38,-8.0,0.0,0.0,-8.0,0.0,0.0,-0.9,-7.9,-7.9,-8.29,2.64,0.3565,8.315,-7.52,1.8,0.7865,8.687,6.461373329162598,0.3456421284487235,6.635351027365074,6.635351027365074,,,-0.3284919261932373,0.6300464868545532,0.8726395964622498,0.7988855242729187,0.0617866143584251,0.4612075090408325
2V5Z,ligand_0060,CHEMBL3655320,CN1CCN(C(=O)CN[C@H]2C[C@@H]2c2ccc(-c3ccc(S(C)(=O)=O)cc3)cc2)CC1,CHEMBL3707811,12100.0,12100.0,4.92,4.91721462968355,4.91721462968355,False,low,B,CHEMBL3639147,Ki,nM,UO_0000065,12100.0,12100.0,4.92,-6.4,0.0,0.0,-6.4,0.0,0.0,-0.1,-5.6,-5.6,-6.02,1.65,0.2923,8.089,4.04,0.81,0.5328,8.034,6.758601665496826,0.1743405189944354,5.885836299009826,5.885836299009826,,,0.0379831790924072,0.5462040901184082,0.4546493589878082,0.6916369795799255,1.141324520111084,0.4007711410522461
2V5Z,ligand_0061,CHEMBL3651598,CN1CCN(C(=O)CN[C@H]2C[C@@H]2c2ccc(-c3cccc(C#N)c3)cc2)CC1,CHEMBL3707811,18200.0,18200.0,4.74,4.739928612014925,4.739928612014925,False,low,B,CHEMBL3639147,Ki,nM,UO_0000065,18200.0,18200.0,4.74,-8.8,0.0,0.0,-8.8,0.0,0.0,-3.9,-7.7,-7.7,-9.01,1.89,0.5023,8.698,-0.21,-0.45,0.7855,7.707,6.245009899139404,0.5688399647792909,6.544134550660532,6.544134550660532,,,-0.0895247459411621,0.3819587230682373,0.871314525604248,0.5328680872917175,0.2035571038722992,0.2310493290424347
2V5Z,ligand_0062,CHEMBL3655319,CN1CCN(C(=O)CN[C@H]2C[C@@H]2c2ccc(-c3cccc(C(F)(F)F)c3)cc2)CC1,CHEMBL3707811,26100.0,26100.0,4.58,4.583359492661719,4.583359492661719,False,low,B,CHEMBL3639147,Ki,nM,UO_0000065,26100.0,26100.0,4.58,-8.7,0.0,0.0,-8.7,0.0,0.0,-2.9,-6.4,-6.4,-9.87,2.16,0.3768,8.171,-8.76,-0.7,0.5874,8.51,6.575128555297852,0.2659937576428107,6.454559034770989,6.454559034770989,,,-1.042733907699585,0.6122947931289673,-0.4563157856464386,0.6352372169494629,-0.0728262960910797,0.5893523693084717
2V5Z,ligand_0063,CHEMBL3655331,CN1CCN(C(=O)CN[C@H]2C[C@@H]2c2ccc(-c3cccc(Cl)c3)cc2)CC1,CHEMBL3707811,32800.0,32800.0,4.48,4.484126156288321,4.484126156288321,False,low,B,CHEMBL3639147,Ki,nM,UO_0000065,32800.0,32800.0,4.48,-8.1,0.0,0.0,-8.1,0.0,0.0,-1.9,-8.0,-4.4,-9.44,2.03,0.4809,8.657,-8.85,2.5,0.697,8.515,6.130183219909668,0.7409975637175906,6.77817973184056,6.77817973184056,,,-0.3102359771728515,0.6738273501396179,0.5044540166854858,0.7267230153083801,0.1978297084569931,0.6209316849708557
2V5Z,ligand_0064,CHEMBL3655328,CN1CCN(C(=O)CN[C@H]2C[C@@H]2c2ccc(-c3cccc(F)c3)cc2)CC1,CHEMBL3707811,25400.0,25400.0,4.59,4.5951662833800615,4.5951662833800615,False,low,B,CHEMBL3639147,Ki,nM,UO_0000065,25400.0,25400.0,4.59,-8.6,0.0,0.0,-8.6,0.0,0.0,-5.7,-7.8,-7.8,-8.99,2.39,0.6609,8.254,-8.99,2.39,0.6609,8.254,5.856835842132568,1.390478115182704,6.437434841532779,6.437434841532779,,,-0.2159376144409179,0.5394168496131897,0.3247952759265899,0.6372045278549194,0.4651702344417572,0.4416291415691376
2V5Z,ligand_0065,CHEMBL3651594,CN1CCN(C(=O)CN[C@H]2C[C@@H]2c2ccc(-c3ccccc3)cc2)CC1,CHEMBL3707811,36700.0,36700.0,4.43,4.43533393574791,4.43533393574791,False,low,B,CHEMBL3639147,Ki,nM,UO_0000065,36700.0,36700.0,4.43,-9.8,0.0,0.0,-9.8,0.0,0.0,-3.3,-3.3,-3.3,-10.52,2.53,0.7863,8.427,-10.52,2.53,0.7863,8.427,5.053443908691406,8.84211362154259,6.325630865115645,6.325630865115645,,,0.4747202396392822,0.5137205123901367,0.5342180728912354,0.5997695922851562,1.4768927097320557,0.4276714622974396
2V5Z,ligand_0066,CHEMBL3655324,CN1CCN(C(=O)CN[C@H]2C[C@@H]2c2ccc(-c3ccccc3F)cc2)CC1,CHEMBL3707811,25900.0,25900.0,4.59,4.586700235918748,4.586700235918748,False,low,B,CHEMBL3639147,Ki,nM,UO_0000065,25900.0,25900.0,4.59,-8.9,0.0,0.0,-8.9,0.0,0.0,-5.6,-8.7,-8.7,-9.01,1.07,0.587,8.21,-8.43,1.06,0.6418,8.593,4.86143970489502,13.758158078674535,6.565449574799002,6.565449574799002,,,-0.0091497898101806,0.4989637434482574,0.4836505651473999,0.4796873927116394,0.7058047652244568,0.5182400941848755
2V5Z,ligand_0067,CHEMBL3655335,CN1CCN(C(=O)CN[C@H]2C[C@@H]2c2ccc(C3CC3)cc2)CC1,CHEMBL3707811,42100.0,42100.0,4.38,4.375717904164332,4.375717904164332,False,low,B,CHEMBL3639147,Ki,nM,UO_0000065,42100.0,42100.0,4.38,-9.7,0.0,0.0,-9.7,0.0,0.0,-2.3,-9.0,-9.0,-9.95,0.73,0.8486,8.602,-9.95,0.73,0.8486,8.602,5.585719585418701,2.595854908662749,6.272459295611339,6.272459295611339,,,0.4908356666564941,0.4943466782569885,0.6678773164749146,0.5115178823471069,1.1463664770126345,0.4771755039691925
2V5Z,ligand_0068,CHEMBL3655334,CN1CCN(C(=O)CN[C@H]2C[C@@H]2c2ccc(CCc3ccccc3)cc2)CC1,CHEMBL3707811,18200.0,18200.0,4.74,4.739928612014925,4.739928612014925,False,low,B,CHEMBL3639147,Ki,nM,UO_0000065,18200.0,18200.0,4.74,-8.4,0.0,0.0,-8.4,0.0,0.0,-4.9,-7.2,-7.2,-9.26,2.41,0.3597,8.35,-8.43,1.59,0.6397,9.085,5.210173606872559,6.163485705991418,6.583055264795066,6.583055264795066,,,-0.2873473167419433,0.5403367280960083,-0.3158870339393616,0.6859818696975708,0.997077703475952,0.3946916460990906
2V5Z,ligand_0069,CHEMBL3651592,CN1CCN(C(=O)CN[C@H]2C[C@@H]2c2ccc(OCCc3ccccc3)cc2)CC1,CHEMBL3707811,24700.0,24700.0,4.61,4.607303046740334,4.607303046740334,False,low,B,CHEMBL3639147,Ki,nM,UO_0000065,24700.0,24700.0,4.61,-9.0,0.0,0.0,-9.0,0.0,0.0,-6.9,-8.4,-7.8,-9.43,2.76,0.4077,8.671,-7.96,-0.14,0.6029,8.498,5.617811679840088,2.410950646172121,6.504102150784702,6.504102150784702,,,-0.4038243293762207,0.5351395606994629,-0.5422158241271973,0.7259546518325806,1.0893914699554443,0.3443244993686676
2V5Z,ligand_0070,CHEMBL3651593,CN1CCN(C(=O)CN[C@H]2C[C@@H]2c2ccc(OCc3ccc(-c4ccccc4)cc3)cc2)CC1,CHEMBL3707811,3200.0,3200.0,5.5,5.494850021680094,5.494850021680094,False,low,B,CHEMBL3639147,Ki,nM,UO_0000065,3200.0,3200.0,5.5,-5.9,0.0,0.0,-5.9,0.0,0.0,-3.8,-5.0,-5.0,-7.92,5.05,0.3832,8.888,-3.79,0.09,0.5727,7.917,6.2813005447387695,0.5232382148104668,7.280032883610998,7.280032883610998,,,-0.3976683616638183,0.411882221698761,0.2774035334587097,0.4552145302295685,0.6001952290534973,0.3685498833656311
2V5Z,ligand_0071,CHEMBL3655325,CN1CCN(C(=O)CN[C@H]2C[C@@H]2c2ccc(OCc3ccc(C(F)(F)F)cc3)cc2)CC1,CHEMBL3707811,3000.0,3000.0,5.52,5.522878745280337,5.522878745280337,False,low,B,CHEMBL3639147,Ki,nM,UO_0000065,3000.0,3000.0,5.52,-8.7,0.0,0.0,-8.7,0.0,0.0,-4.6,-8.0,-8.0,-8.75,0.45,0.213,6.496,-8.6,6.05,0.3957,8.433,6.877130508422852,0.1326995626665363,6.503526077694105,6.503526077694105,,,-0.733121395111084,0.4991268515586853,-0.2083504945039749,0.7271082401275635,0.4224491119384765,0.2711454927921295
2V5Z,ligand_0072,CHEMBL3639504,CN1CCN(C(=O)CN[C@H]2C[C@@H]2c2ccc(OCc3ccc(Cl)cc3)cc2)CC1,CHEMBL3707811,6400.0,6400.0,5.19,5.1938200260161125,5.1938200260161125,False,low,B,CHEMBL3639147,Ki,nM,UO_0000065,6400.0,6400.0,5.19,-7.6,0.0,0.0,-7.6,0.0,0.0,-4.6,-7.4,-7.4,-7.33,5.71,0.4035,8.686,1.55,0.18,0.6588,8.056,5.966164588928223,1.0810241870965775,6.499927469222269,6.499927469222269,,,-0.7179543972015381,0.609494149684906,0.1070035099983215,0.7943398952484131,-0.0382708720862865,0.4246484041213989
2V5Z,ligand_0073,CHEMBL3651588,CN1CCN(C(=O)CN[C@H]2C[C@@H]2c2ccc(OCc3ccc(F)cc3)cc2)CC1,CHEMBL3707811,4000.0,4000.0,5.4,5.3979400086720375,5.3979400086720375,False,low,B,CHEMBL3639147,Ki,nM,UO_0000065,4000.0,4000.0,5.4,-8.0,0.0,0.0,-8.0,0.0,0.0,-4.3,-6.2,-6.2,-7.94,3.91,0.5069,8.302,-5.23,0.46,0.6714,8.664,5.838883399963379,1.4491608742141835,6.199469008852362,6.199469008852362,,,-0.9614131450653076,0.5577465295791626,-0.0743611752986908,0.7117204070091248,-0.4167928695678711,0.4037727117538452
2V5Z,ligand_0074,CHEMBL3651590,CN1CCN(C(=O)CN[C@H]2C[C@@H]2c2ccc(OCc3cccc(Br)c3)cc2)CC1,CHEMBL3707811,3900.0,3900.0,5.41,5.4089353929735005,5.4089353929735005,False,low,B,CHEMBL3639147,Ki,nM,UO_0000065,3900.0,3900.0,5.41,-7.6,0.0,0.0,-7.6,0.0,0.0,-3.4,-7.1,-7.1,-7.81,2.94,0.4921,8.783,-6.76,-0.03,0.6842,8.403,5.905746936798096,1.2423760286766117,6.61072034020875,6.61072034020875,,,-1.166891098022461,0.6171092987060547,-0.8456372022628784,0.7514006495475769,0.2763804495334625,0.4828179180622101
2V5Z,ligand_0075,CHEMBL3651589,CN1CCN(C(=O)CN[C@H]2C[C@@H]2c2ccc(OCc3cccc(Cl)c3)cc2)CC1,CHEMBL3707811,2400.0,2400.0,5.62,5.619788758288394,5.619788758288394,False,low,B,CHEMBL3639147,Ki,nM,UO_0000065,2400.0,2400.0,5.62,-8.3,0.0,0.0,-8.3,0.0,0.0,-4.9,-7.1,-7.1,-8.31,-0.57,0.3099,8.471,-7.95,3.01,0.4293,8.621,5.97576379776001,1.0573924429683044,6.841212913517003,6.841212913517003,,,-1.030318021774292,0.5863747596740723,-0.4328128099441528,0.6906968951225281,-0.1019047349691391,0.482052594423294
2V5Z,ligand_0076,CHEMBL3651587,CN1CCN(C(=O)CN[C@H]2C[C@@H]2c2ccc(OCc3cccc(F)c3)cc2)CC1,CHEMBL3707811,2000.0,2000.0,5.7,5.698970004336019,5.698970004336019,False,low,B,CHEMBL3639147,Ki,nM,UO_0000065,2000.0,2000.0,5.7,-8.5,0.0,0.0,-8.5,0.0,0.0,-3.5,-6.7,-6.7,-8.74,2.26,0.2914,8.435,-6.86,0.16,0.5298,8.206,5.708430767059326,1.956902702200696,6.538368310573448,6.538368310573448,,,-0.5480976104736328,0.5787131786346436,-0.3794399499893188,0.74103182554245,0.6867631673812866,0.4163944721221924
2V5Z,ligand_0077,CHEMBL3651585,CN1CCN(C(=O)CN[C@H]2C[C@@H]2c2ccc(OCc3ccccc3)cc2)CC1,CHEMBL3707811,9000.0,9000.0,5.05,5.045757490560675,5.045757490560675,False,low,B,CHEMBL3639147,Ki,nM,UO_0000065,9000.0,9000.0,5.05,-8.2,0.0,0.0,-8.2,0.0,0.0,-5.4,-7.9,-7.9,-8.57,1.07,0.6313,8.366,-6.13,3.44,0.7712,8.745,5.563910484313965,2.729540330816716,6.53466083803349,6.53466083803349,,,-0.2489378452301025,0.6834144592285156,-0.1535010635852813,0.8944418430328369,0.9318481087684632,0.4723870754241943
2V5Z,ligand_0078,CHEMBL3651581,CN1CCN(C(=O)CN[C@H]2C[C@@H]2c2ccccc2)CC1,CHEMBL3707811,31000.0,31000.0,4.51,4.508638306165727,4.508638306165727,False,low,B,CHEMBL3639147,Ki,nM,UO_0000065,31000.0,31000.0,4.51,-9.0,0.0,0.0,-9.0,0.0,0.0,-3.9,-5.4,-8.4,-8.44,-0.29,0.8116,7.532,-8.44,-0.29,0.8116,7.532,4.161227226257324,68.98787594547908,5.453341863457066,5.453341863457066,,,1.6626598834991455,0.5751817226409912,2.2191057205200195,0.7759519219398499,1.610038161277771,0.3744115233421325
2V5Z,ligand_0079,CHEMBL5276967,CNC(=S)N1N=C(c2ccc(C)cc2)CC1c1ccc(F)cc1,CHEMBL5265229,200.0,0.2,6.7,6.698970004336019,6.698970004336019,True,medium,B,CHEMBL5260848,Ki,uM,UO_0000065,0.2,200.0,6.7,-5.4,0.0,0.0,-5.4,0.0,0.0,2.0,-0.3,-1.8,-5.39,-0.51,0.6304,7.641,-5.39,-0.51,0.6304,7.641,5.578141212463379,2.6415497079720307,6.961652666636022,6.961652666636022,,,0.3733944892883301,0.6542863845825195,0.5687575340270996,0.7173700332641602,1.1539983749389648,0.5912027955055237
2V5Z,ligand_0080,CHEMBL5283319,CNC(=S)N1N=C(c2ccc(Cl)cc2)CC1c1ccc(F)cc1,CHEMBL5265229,200.0,0.2,6.7,6.698970004336019,6.698970004336019,True,medium,B,CHEMBL5260848,Ki,uM,UO_0000065,0.2,200.0,6.7,-4.8,0.0,0.0,-4.8,0.0,0.0,2.7,-3.5,-3.5,-4.82,-0.4,0.5786,7.665,-4.82,-0.4,0.5786,7.665,5.778802871704102,1.6641678525314598,6.775335163832083,6.775335163832083,,,0.7479779720306396,0.7099881172180176,1.1787081956863403,0.7936763167381287,1.4111658334732056,0.6262998580932617
2V5Z,ligand_0081,CHEMBL5272518,CNC(=S)N1N=C(c2ccc(OC)cc2)CC1c1ccc(F)cc1,CHEMBL5265229,200.0,0.2,6.7,6.698970004336019,6.698970004336019,True,medium,B,CHEMBL5260848,Ki,uM,UO_0000065,0.2,200.0,6.7,-5.2,0.0,0.0,-5.2,0.0,0.0,2.7,0.2,0.2,-5.24,-0.51,0.6617,7.795,-5.24,-0.51,0.6617,7.795,5.006263732910156,9.856807320059648,6.628533281162652,6.628533281162652,,,-0.001676321029663,0.6315373182296753,0.3986677825450897,0.6527675986289978,0.698199450969696,0.6103070974349976
2V5Z,ligand_0082,CHEMBL5269241,CNC(=S)N1N=C(c2ccccc2)CC1c1ccc(F)cc1,CHEMBL5265229,200.0,0.2,6.7,6.698970004336019,6.698970004336019,True,medium,B,CHEMBL5260848,Ki,uM,UO_0000065,0.2,200.0,6.7,-7.3,0.0,0.0,-7.3,0.0,0.0,1.3,-5.2,-5.2,-7.45,0.15,0.8688,7.692,-7.45,0.15,0.8688,7.692,4.483640670776367,32.836686693536066,6.792743074818335,6.792743074818335,,,0.1382908821105957,0.7040199041366577,0.6085857152938843,0.7243750691413879,0.5835018754005432,0.6836647391319275
2V5Z,ligand_0083,CHEMBL5274191,COC(=O)c1ccc(/C=C/C(=O)c2ccco2)cc1,CHEMBL5231489,300.0,0.3,6.52,6.522878745280337,6.522878745280337,True,medium,B,CHEMBL5230117,Ki,uM,UO_0000065,0.3,300.0,6.52,-8.8,0.0,0.0,-8.8,0.0,0.0,-4.7,-8.5,-8.5,-8.74,-0.41,0.5195,5.838,-7.93,0.25,0.7017,6.374,5.381078720092773,4.158352294884644,4.811091009027302,4.811091009027302,,,0.8623524904251099,0.6379858255386353,1.7361092567443848,0.7516475915908813,0.4879512786865234,0.5243240594863892
2V5Z,ligand_0084,CHEMBL5189391,COCC1CN(c2noc3cc(OCCCC(F)(F)F)ccc23)[11C](=O)O1,CHEMBL5152294,2.9,2.9,8.54,8.537602002101044,8.537602002101044,True,high,B,CHEMBL5150013,Ki,nM,UO_0000065,2.9,2.9,8.54,-9.0,0.0,0.0,-9.0,0.0,0.0,-6.0,-8.4,-8.1,-9.16,-0.13,0.7167,7.129,-8.88,-0.06,0.8291,7.53,6.004660129547119,0.9893270199587813,6.273523585677022,6.273523585677022,,,-0.7383568286895752,0.5875487327575684,-0.9843591451644896,0.7955569624900818,0.8394291400909424,0.3795405626296997
2V5Z,ligand_0085,CHEMBL140,COc1cc(/C=C/C(=O)CC(=O)/C=C/c2ccc(O)c(OC)c2)ccc1O,CHEMBL3784058,21500.0,21.5,4.67,4.667561540084395,4.667561540084395,False,low,B,CHEMBL3779800,Ki,uM,UO_0000065,21.5,21500.0,4.67,-8.6,0.0,0.0,-8.6,0.0,0.0,-7.3,-8.5,-8.3,-8.14,0.81,0.4506,7.619,-8.02,1.85,0.5865,7.536,5.616970539093018,2.415624695796289,6.434796019216892,6.434796019216892,,,0.8938732147216797,0.6356582641601562,1.073086500167847,0.809029221534729,1.8896503448486328,0.4622873067855835
2V5Z,ligand_0086,CHEMBL5961819,COc1cc2c(cc1OC)C(N[C@H]1CC1c1ccc(OCc3ccccc3)cc1)CC2,CHEMBL5732600,20500.0,20500.0,4.69,4.688246138944246,4.688246138944246,False,low,B,CHEMBL5726393,Ki,nM,UO_0000065,20500.0,20500.0,4.69,-8.5,0.0,0.0,-8.5,0.0,0.0,-4.6,-6.1,-6.1,-8.38,1.3,0.6928,8.084,-8.38,1.3,0.6928,8.084,5.442799091339111,3.607454886400109,6.873618098770721,6.873618098770721,,,0.8000845909118652,0.4311420619487762,1.186482310295105,0.5342584848403931,1.812607288360596,0.3280256390571594
2V5Z,ligand_0087,CHEMBL1196025,COc1cc2c(cc1OC)CN(C)CC2,CHEMBL3238818,29000.0,29.0,4.54,4.537602002101044,4.537602002101044,False,low,B,CHEMBL3233008,Ki,uM,UO_0000065,29.0,29000.0,4.54,-6.5,0.0,0.0,-6.5,0.0,0.0,-4.2,-6.4,-6.4,-5.78,0.43,0.5519,5.183,-5.03,-0.12,0.762,5.269,4.554614067077637,27.885981372088395,4.338009827294664,4.338009827294664,,,1.978477478027344,0.6255605816841125,1.5623172521591189,0.8596685528755188,2.3820548057556152,0.3914526104927063
2V5Z,ligand_0088,CHEMBL243664,COc1ccc(-c2cc(=O)c3c(O)cc(O)cc3o2)cc1,CHEMBL4042119,49.0,0.049,7.31,7.309803919971486,7.309803919971486,True,high,B,CHEMBL4041501,Ki,uM,UO_0000065,0.049,49.0,7.31,-9.8,0.0,0.0,-9.8,0.0,0.0,-6.3,-9.2,-6.3,-10.29,-0.34,0.4231,6.276,-9.68,-0.34,0.5159,6.148,4.909702301025391,12.311123811354443,5.794864211532598,5.794864211532598,,,0.395313024520874,0.6934182047843933,0.9095807075500488,0.8529251217842102,0.6119416356086731,0.5339112877845764
2V5Z,ligand_0089,CHEMBL3651597,COc1ccc(-c2ccc([C@H]3C[C@@H]3NCC(=O)N3CCN(C)CC3)cc2)cc1,CHEMBL3707811,29300.0,29300.0,4.53,4.533132379645891,4.533132379645891,False,low,B,CHEMBL3639147,Ki,nM,UO_0000065,29300.0,29300.0,4.53,-8.6,0.0,0.0,-8.6,0.0,0.0,-1.7,-7.3,-7.3,-8.68,1.58,0.4011,8.345,-5.56,2.39,0.6297,8.284,5.930269718170166,1.1741681124765788,6.264933331370146,6.264933331370146,,,-0.406757116317749,0.6470675468444824,0.183038592338562,0.7412147521972656,0.2904197573661804,0.552920401096344
2V5Z,ligand_0090,CHEMBL4163108,COc1ccc(/C=C/C(=O)NCCc2ccccc2)cc1O,CHEMBL5097138,110.0,0.11,6.96,6.958607314841775,6.958607314841775,True,medium,B,CHEMBL5096162,Ki,uM,UO_0000065,0.11,110.0,6.96,-9.7,0.0,0.0,-9.7,0.0,0.0,-1.0,-9.7,-9.7,-10.0,0.76,0.721,7.567,-10.0,0.76,0.721,7.567,5.132346153259277,7.3731631985649235,5.5364261315362615,5.5364261315362615,,,0.1546347141265869,0.6737384796142578,0.2198214530944824,0.8774620890617371,0.877839982509613,0.4700148105621338
2V5Z,ligand_0091,CHEMBL5273835,COc1ccc(C2=NN(C(=S)Nc3ccccc3)C(c3ccc(F)cc3)C2)cc1,CHEMBL5265229,200.0,0.2,6.7,6.698970004336019,6.698970004336019,True,medium,B,CHEMBL5260848,Ki,uM,UO_0000065,0.2,200.0,6.7,-2.8,0.0,0.0,-2.8,0.0,0.0,5.7,-1.2,-1.2,-3.04,-0.34,0.6751,8.02,-1.31,-0.74,0.6936,7.888,6.472001552581787,0.3372861028751939,6.030953912920391,6.030953912920391,,,0.5100221633911133,0.6022287607192993,1.163088321685791,0.6311354637145996,1.2650411128997805,0.5733221173286438
2V5Z,ligand_0092,CHEMBL1760722,COc1ccc(C2CC(c3c4ccccc4cc4ccccc34)=NN2)cc1,CHEMBL1764623,1.7,1.7,8.77,8.769551078621726,8.769551078621726,True,high,B,CHEMBL1759975,Ki,nM,UO_0000065,1.7,1.7,8.77,-11.1,0.0,0.0,-11.1,0.0,0.0,-7.2,-9.5,-8.3,-11.09,-0.01,0.5973,7.304,-9.67,0.21,0.6482,7.389,4.991611480712891,10.195030263193033,5.720859397699464,5.720859397699464,,,0.1876254081726074,0.490812599658966,0.8207999467849731,0.4786138236522674,0.6838581562042236,0.5030113458633423
2V5Z,ligand_0093,CHEMBL1938899,COc1ccc(C2CC2N)cc1,CHEMBL1942531,21000.0,21.0,4.68,4.6777807052660805,4.6777807052660805,False,low,B,CHEMBL1938384,Ki,uM,UO_0000065,21.0,21000.0,4.68,-6.8,0.0,0.0,-6.8,0.0,0.0,-6.0,-6.7,-6.7,-6.82,-0.01,0.7158,5.261,-5.85,0.31,0.8091,6.425,4.848308563232422,14.180496491981575,4.923340386745728,4.923340386745728,,,1.9424219131469729,0.6043198108673096,1.778290867805481,0.6961678266525269,1.713472843170166,0.5124717354774475
2V5Z,ligand_0094,CHEMBL4847545,COc1ccc2c(=O)c(/C=C/c3ccc(Cl)cc3)coc2c1,CHEMBL4813509,1.5,1.5,8.82,8.823908740944319,8.823908740944319,True,high,B,CHEMBL4811301,Ki,nM,UO_0000065,1.5,1.5,8.82,-11.0,0.0,0.0,-11.0,0.0,0.0,-5.0,-10.3,-10.3,-11.05,0.25,0.7549,7.269,-11.05,0.25,0.7549,7.269,5.508082389831543,3.1039706792397577,5.208820395461178,5.208820395461178,,,-1.9223837852478027,0.7708096504211426,-2.002458572387696,0.9391770362854004,-0.7711451649665833,0.6024423241615295
2V5Z,ligand_0095,CHEMBL6015056,COc1ccc2c(c1)C(CCN[C@H]1CC1c1ccc(OCc3ccccc3)cc1)CCC2,CHEMBL5732600,20500.0,20500.0,4.69,4.688246138944246,4.688246138944246,False,low,B,CHEMBL5726393,Ki,nM,UO_0000065,20500.0,20500.0,4.69,-8.1,0.0,0.0,-8.1,0.0,0.0,-5.8,-7.7,-7.7,-8.68,3.57,0.3461,8.036,0.94,-0.2,0.6083,8.48,5.460491180419922,3.463449180518312,7.63259912215666,7.63259912215666,,,-0.0611436367034912,0.4451179504394531,-0.1812379509210586,0.3870126605033874,1.5592693090438845,0.5032232403755188
2V5Z,ligand_0096,CHEMBL5942696,COc1ccc2c(c1)C(N[C@H]1CC1c1ccc(-c3ccc(Cl)cc3)cc1)CC2,CHEMBL5732600,20500.0,20500.0,4.69,4.688246138944246,4.688246138944246,False,low,B,CHEMBL5726393,Ki,nM,UO_0000065,20500.0,20500.0,4.69,-9.6,0.0,0.0,-9.6,0.0,0.0,-1.0,-8.5,-8.5,-10.52,12.04,0.8751,8.598,-10.52,12.04,0.8751,8.598,7.560023784637451,0.027540778689617,7.088624367169831,7.088624367169831,,,0.6392035484313965,0.6061931848526001,1.6984682083129885,0.6786419749259949,0.8773634433746338,0.5337443947792053
2V5Z,ligand_0097,CHEMBL6020084,COc1ccc2c(c1)C(N[C@H]1CC1c1ccc(-c3cccc(Cl)c3)cc1)CC2,CHEMBL5732600,20500.0,20500.0,4.69,4.688246138944246,4.688246138944246,False,low,B,CHEMBL5726393,Ki,nM,UO_0000065,20500.0,20500.0,4.69,-10.6,0.0,0.0,-10.6,0.0,0.0,-3.6,-3.6,-7.4,-11.16,1.02,0.8468,8.454,-11.15,1.6,0.8476,8.534,7.756602764129639,0.0175144795203573,7.389434468133956,7.389434468133956,,,0.3985786437988281,0.6361309289932251,1.275615930557251,0.8091714978218079,0.8353564143180847,0.4630904197692871
2V5Z,ligand_0098,CHEMBL5874359,COc1ccc2c(c1)C(N[C@H]1CC1c1ccc(OCc3cccc(Br)c3)cc1)CC2,CHEMBL5732600,20500.0,20500.0,4.69,4.688246138944246,4.688246138944246,False,low,B,CHEMBL5726393,Ki,nM,UO_0000065,20500.0,20500.0,4.69,-9.2,0.0,0.0,-9.2,0.0,0.0,-4.8,-7.9,-8.1,-9.36,1.87,0.7196,8.323,-8.22,0.82,0.7366,8.37,7.339834213256836,0.0457262710892924,7.192053700275648,7.192053700275648,,,-0.3416552543640136,0.5141341090202332,0.1979896128177642,0.4954225718975067,0.8616511225700378,0.532845675945282
2V5Z,ligand_0099,CHEMBL6020334,COc1ccc2c(c1)C(N[C@H]1CC1c1ccc(OCc3ccccc3)cc1)CC2,CHEMBL5732600,550.0,550.0,6.26,6.259637310505756,6.259637310505756,True,medium,B,CHEMBL5726393,Ki,nM,UO_0000065,550.0,550.0,6.26,-11.2,0.0,0.0,-11.2,0.0,0.0,-7.1,-8.4,-8.4,-11.23,0.15,0.7062,8.06,-10.79,2.89,0.8262,8.295,6.57367753982544,0.2668839521015126,6.922700700026861,6.922700700026861,,,0.1130986213684082,0.5099501013755798,-0.1987885236740112,0.3920848965644836,1.716463923454285,0.627815306186676
2V5Z,ligand_0100,CHEMBL5891647,COc1ccc2c(c1)C(N[C@H]1CC1c1ccccc1)CC2,CHEMBL5732600,20500.0,20500.0,4.69,4.688246138944246,4.688246138944246,False,low,B,CHEMBL5726393,Ki,nM,UO_0000065,20500.0,20500.0,4.69,-9.8,0.0,0.0,-9.8,0.0,0.0,-3.6,-7.4,-7.4,-9.77,-0.3,0.6731,7.01,-9.77,-0.3,0.6731,7.01,6.544092178344727,0.2856984088480453,5.580703099189646,5.580703099189646,,,1.0821834802627563,0.6013303399085999,1.4665876626968384,0.7267454266548157,1.291443109512329,0.475915253162384
2V5Z,ligand_0101,CHEMBL5752111,COc1ccc2c(c1)C(N[C@H]1CC1c1ccccc1)CCC2,CHEMBL5732600,20500.0,20500.0,4.69,4.688246138944246,4.688246138944246,False,low,B,CHEMBL5726393,Ki,nM,UO_0000065,20500.0,20500.0,4.69,-10.5,0.0,0.0,-10.5,0.0,0.0,-3.2,-9.2,-9.2,-10.49,-0.37,0.7334,7.376,-10.49,-0.37,0.7334,7.376,6.816462516784668,0.1525940090408407,6.050653313230867,6.050653313230867,,,0.3568844795227051,0.6363092064857483,0.4133505523204803,0.7965394854545593,1.0274890661239624,0.4760788977146148
2V5Z,ligand_0102,CHEMBL5771718,COc1ccc2c(c1OC)CCC2N[C@H]1CC1c1ccc(OCc2ccccc2)cc1,CHEMBL5732600,20500.0,20500.0,4.69,4.688246138944246,4.688246138944246,False,low,B,CHEMBL5726393,Ki,nM,UO_0000065,20500.0,20500.0,4.69,-9.6,0.0,0.0,-9.6,0.0,0.0,-4.6,-8.3,-8.3,-9.8,6.03,0.7185,7.981,-9.8,6.03,0.7185,7.981,6.860508918762207,0.137876763801787,7.055484374482526,7.055484374482526,,,0.4409160614013672,0.4932601451873779,0.8434884548187256,0.5245790481567383,1.4617294073104858,0.4619412720203399
2V5Z,ligand_0103,CHEMBL5779321,COc1cccc(-c2ccc(C3C[C@@H]3NC3CCc4ccc(OC)cc43)cc2)c1,CHEMBL5732600,20500.0,20500.0,4.69,4.688246138944246,4.688246138944246,False,low,B,CHEMBL5726393,Ki,nM,UO_0000065,20500.0,20500.0,4.69,-9.5,0.0,0.0,-9.5,0.0,0.0,-5.0,-8.1,-8.1,-9.58,0.49,0.8197,8.291,-9.58,0.49,0.8197,8.291,6.92501163482666,0.1188470387676782,7.08953847427613,7.08953847427613,,,0.2363638877868652,0.541949450969696,-0.0308942236006259,0.4768919646739959,1.7867035865783691,0.6070069074630737
2V5Z,ligand_0104,CHEMBL3651596,COc1cccc(-c2ccc([C@H]3C[C@@H]3NCC(=O)N3CCN(C)CC3)cc2)c1,CHEMBL3707811,31600.0,31600.0,4.5,4.5003129173815966,4.5003129173815966,False,low,B,CHEMBL3639147,Ki,nM,UO_0000065,31600.0,31600.0,4.5,-7.1,0.0,0.0,-7.1,0.0,0.0,-3.3,-5.5,-5.5,-7.44,1.19,0.2884,6.982,-5.62,2.46,0.6495,8.529,5.418294906616211,3.816850005462773,6.268657856035068,6.268657856035068,,,-0.1986856460571289,0.6518486738204956,0.0957309156656265,0.7804467082023621,0.7796971797943115,0.5232506990432739
2V5Z,ligand_0105,CHEMBL602880,COc1cccc(COc2nc3c(c(=O)n(C)c(=O)n3C)n2C)c1,CHEMBL1068959,1100.0,1.1,5.96,5.958607314841775,5.958607314841775,False,low,B,CHEMBL1156881,Ki,uM,UO_0000065,1.1,1100.0,5.96,-10.0,0.0,0.0,-10.0,0.0,0.0,-1.1,-9.7,-9.7,-9.95,-0.4,0.5253,6.823,-8.95,1.12,0.7418,7.152,4.726570129394531,18.76851322019856,5.301258489348569,5.301258489348569,,,-0.205693244934082,0.4867131114006042,0.1111911833286285,0.6917197108268738,0.5110868811607361,0.2817064821720123
2V5Z,ligand_0106,CHEMBL3655333,COc1ncccc1-c1ccc([C@H]2C[C@@H]2NCC(=O)N2CCN(C)CC2)cc1,CHEMBL3707811,39700.0,39700.0,4.4,4.401209493236885,4.401209493236885,False,low,B,CHEMBL3639147,Ki,nM,UO_0000065,39700.0,39700.0,4.4,-8.8,0.0,0.0,-8.8,0.0,0.0,-5.6,-8.5,-8.5,-8.34,2.45,0.6026,8.53,-8.34,2.45,0.6026,8.53,5.824636459350586,1.4974886543039072,6.262863583058724,6.262863583058724,,,-0.392709732055664,0.5256445407867432,-0.8075185418128967,0.5694177746772766,1.3195347785949707,0.4818713366985321
2V5Z,ligand_0107,CHEMBL4115532,CS(=O)(=O)NC1CCC(N[C@H]2C[C@@H]2c2ccc(-c3cccc(C(F)(F)F)c3)nc2)CC1,CHEMBL3887028,20000.0,20000.0,4.7,4.698970004336019,4.698970004336019,False,low,B,CHEMBL3886143,Ki,nM,UO_0000065,20000.0,20000.0,4.7,-7.6,0.0,0.0,-7.6,0.0,0.0,-2.8,-5.3,-4.4,-6.85,3.29,0.3087,8.133,-1.71,0.86,0.6187,8.47,6.681675910949707,0.2081249224612759,7.311153869340921,7.311153869340921,,,-0.795952558517456,0.5721145272254944,0.0125779211521148,0.8487257957458496,0.1205622851848602,0.2955032885074615
2V5Z,ligand_0108,CHEMBL4115532,CS(=O)(=O)NC1CCC(N[C@H]2C[C@@H]2c2ccc(-c3cccc(C(F)(F)F)c3)nc2)CC1,CHEMBL5730713,20500.0,20500.0,4.69,4.688246138944246,4.688246138944246,False,low,B,CHEMBL5725390,Ki,nM,UO_0000065,20500.0,20500.0,4.69,-7.6,0.0,0.0,-7.6,0.0,0.0,-2.8,-5.3,-4.4,-6.85,3.29,0.3087,8.133,-1.71,0.86,0.6187,8.47,6.681675910949707,0.2081249224612759,7.874024685692646,7.874024685692646,,,-0.795952558517456,0.5721145272254944,0.0125779211521148,0.8487257957458496,0.1205622851848602,0.2955032885074615
2V5Z,ligand_0109,CHEMBL5843541,CS(=O)(=O)Nc1cc(Cl)cc(-c2ccc([C@H]3C[C@@H]3N)cc2)c1,CHEMBL5730690,550.0,550.0,6.26,6.259637310505756,6.259637310505756,True,medium,B,CHEMBL5725378,Ki,nM,UO_0000065,550.0,550.0,6.26,-8.7,0.0,0.0,-8.7,0.0,0.0,-1.1,-8.6,-8.6,-9.21,0.93,0.3799,6.947,-8.56,0.86,0.8234,7.659,6.274365425109863,0.5316607197638823,6.873791388529805,6.873791388529805,,,-0.8416762351989746,0.6515724658966064,-0.3674467206001282,0.5405559539794922,-0.1801255792379379,0.7625889182090759
2V5Z,ligand_0110,CHEMBL5270286,Cc1c(-c2cc(C#N)c(N)o2)c(=O)n(-c2ccccc2)n1C,CHEMBL5233467,765.87,765.87,6.12,6.115844941952299,6.115844941952299,True,medium,B,CHEMBL5233210,Ki,nM,UO_0000065,765.87,765.87,6.12,-8.7,0.0,0.0,-8.7,0.0,0.0,-6.4,-8.6,-8.6,-8.85,0.6,0.6377,7.703,-8.85,0.6,0.6377,7.703,5.342184543609619,4.547947643440098,6.292661646411792,6.292661646411792,,,-0.5745840072631836,0.4201300144195556,-0.9326553344726562,0.516465961933136,0.6350444555282593,0.3237940371036529
2V5Z,ligand_0111,CHEMBL5271774,Cc1c(C(=O)CC(C#N)C#N)c(=O)n(-c2ccccc2)n1C,CHEMBL5233467,121.34,121.34,6.92,6.915996009391971,6.915996009391971,True,medium,B,CHEMBL5233210,Ki,nM,UO_0000065,121.34,121.34,6.92,-7.7,0.0,0.0,-7.7,0.0,0.0,-6.1,-6.1,-6.1,-7.8,1.23,0.5354,7.42,-6.76,1.09,0.5626,7.458,4.805803298950195,15.63855785240184,6.885062916537817,6.885062916537817,,,0.8507481813430786,0.4458128809928894,1.58665931224823,0.5337724685668945,0.8693048357963562,0.3578532636165619
2V5Z,ligand_0112,CHEMBL3398531,Cc1ccc(-c2[nH]c3cc(C#N)c(C#N)cc3c2Cl)cc1,CHEMBL3399626,16.0,0.016,7.8,7.795880017344075,7.795880017344075,True,high,B,CHEMBL3396993,Ki,uM,UO_0000065,0.016,16.0,7.8,-10.4,0.0,0.0,-10.4,0.0,0.0,-5.1,-7.9,-5.1,-10.37,-0.26,0.6881,7.671,-10.37,-0.26,0.6881,7.671,5.99565315246582,1.0100592437728264,6.911519055645555,6.911519055645555,,,-1.3356947898864746,0.6214122772216797,-1.3294507265090942,0.8515803217887878,-0.4219871163368225,0.3912442922592163
2V5Z,ligand_0113,CHEMBL3759201,Cc1ccc(-c2ncc(OCC3CCNCC3)cc2-c2ccc(C#N)cc2)cc1,CHEMBL3760808,18700.0,18.7,4.73,4.728158393463501,4.728158393463501,False,low,B,CHEMBL3758149,Ki,uM,UO_0000065,18.7,18700.0,4.73,-5.9,0.0,0.0,-5.9,0.0,0.0,0.3,-4.3,-4.7,-5.56,1.32,0.5412,8.078,31.2,0.03,0.6124,8.084,5.95783805847168,1.1019501326794532,5.888757614821097,5.888757614821097,,,-0.1216239929199218,0.408892810344696,0.3560282588005066,0.4508748054504394,0.7025079727172852,0.3669107854366302
2V5Z,ligand_0114,CHEMBL5282135,Cc1ccc(C2=NN(C(=S)Nc3ccccc3)C(c3ccc(F)cc3)C2)cc1,CHEMBL5265229,200.0,0.2,6.7,6.698970004336019,6.698970004336019,True,medium,B,CHEMBL5260848,Ki,uM,UO_0000065,0.2,200.0,6.7,-2.6,0.0,0.0,-2.6,0.0,0.0,4.6,-0.8,-0.8,-3.03,-0.31,0.6766,7.897,-3.03,-0.31,0.6766,7.897,6.47575044631958,0.3343871298908574,6.135204594617692,6.135204594617692,,,0.9375497102737428,0.6077746748924255,1.459756851196289,0.6418808102607727,1.7068841457366943,0.5736685395240784
2V5Z,ligand_0115,CHEMBL1760716,Cc1ccc(C2CC(c3c4ccccc4cc4ccccc34)=NN2)cc1,CHEMBL1764623,3.56,3.56,8.45,8.448550002027124,8.448550002027124,True,high,B,CHEMBL1759975,Ki,nM,UO_0000065,3.56,3.56,8.45,-11.3,0.0,0.0,-11.3,0.0,0.0,-2.4,-10.3,-9.1,-11.43,0.12,0.6878,7.31,-10.53,0.13,0.6891,7.343,4.99630069732666,10.085543402285223,5.682543130488856,5.682543130488856,,,0.5682153701782227,0.4874423146247864,1.1106168031692505,0.4817386865615845,1.0320883989334106,0.4931459426879883
2V5Z,ligand_0116,CHEMBL589765,Cc1cccc(COc2nc3c(c(=O)n(C)c(=O)n3C)n2C)c1,CHEMBL1068959,140.0,0.14,6.85,6.853871964321762,6.853871964321762,True,medium,B,CHEMBL1156881,Ki,uM,UO_0000065,0.14,140.0,6.85,-10.4,0.0,0.0,-10.4,0.0,0.0,-3.8,-9.6,-10.0,-10.42,-0.34,0.6173,6.92,-9.99,-0.38,0.7474,7.165,4.514618396759033,30.576065724171126,5.1131919526536045,5.1131919526536045,,,-0.8919909000396729,0.5811486840248108,-1.5669063329696655,0.9362338781356812,0.7616799473762512,0.2260635048151016
2V5Z,ligand_0117,CHEMBL18116,Cc1cccc(N2CC(CO)OC2=O)c1,CHEMBL828820,15000.0,15.0,4.82,4.823908740944319,4.823908740944319,False,low,B,CHEMBL1144454,Ki,uM,UO_0000065,15.0,15000.0,4.82,-8.0,0.0,0.0,-8.0,0.0,0.0,-6.9,-7.5,-7.5,-7.7,0.19,0.6208,5.36,-7.3,-0.03,0.8008,5.719,4.711261749267578,19.44187966428489,5.676865064500245,5.676865064500245,,,0.5641772747039795,0.3714669048786163,0.4198393821716308,0.3659319579601288,0.8272204399108887,0.3770018517971039
2V5Z,ligand_0118,CHEMBL5196906,Cl.NC/C(=C\F)[C@H]1Cc2ccccc2O1,CHEMBL5106538,8.0,0.008,8.1,8.096910013008056,8.096910013008056,True,high,B,CHEMBL5104173,Ki,uM,UO_0000065,0.008,8.0,8.1,-7.5,0.0,0.0,-7.5,0.0,0.0,-6.1,-6.5,-7.4,-7.77,-0.2,0.776,6.053,-7.35,-0.42,0.8146,5.824,5.876823902130127,1.3279327992086676,5.248596912029414,5.248596912029414,,,,,,,,
2V5Z,ligand_0119,CHEMBL4210083,Cl.NCCc1ccc(OCc2ccc(C(F)(F)F)cc2)cc1,CHEMBL4182529,6.88,6.88,8.16,8.162411561764488,8.162411561764488,True,high,B,CHEMBL4177719,Ki,nM,UO_0000065,6.88,6.88,8.16,-10.0,0.0,0.0,-10.0,0.0,0.0,-7.4,-9.6,-9.6,-10.16,-0.56,0.8787,6.993,-9.84,-0.43,0.8957,7.033,5.107192516326904,7.81281397315792,5.512542246758658,5.512542246758658,,,,,,,,
2V5Z,ligand_0120,CHEMBL5992025,Cl.Nc1ncc(CN[C@H]2C[C@@H]2c2ccc(OCc3ccccc3)cc2)s1,CHEMBL5733261,20500.0,20500.0,4.69,4.688246138944246,4.688246138944246,False,low,B,CHEMBL5726750,Ki,nM,UO_0000065,20500.0,20500.0,4.69,-9.2,0.0,0.0,-9.2,0.0,0.0,-7.4,-8.6,-8.6,-9.72,1.69,0.8225,8.513,-9.72,1.69,0.8225,8.513,6.928788661956787,0.1178179164100167,6.907650443194932,6.907650443194932,,,,,,,,
2V5Z,ligand_0121,CHEMBL5940077,Clc1ccc(-c2ccc(C3C[C@@H]3NCCC3CCCCC3)cc2)cc1,CHEMBL5732600,20500.0,20500.0,4.69,4.688246138944246,4.688246138944246,False,low,B,CHEMBL5726393,Ki,nM,UO_0000065,20500.0,20500.0,4.69,-10.5,0.0,0.0,-10.5,0.0,0.0,-5.1,-10.0,-5.5,-10.65,0.23,0.8026,7.884,-9.6,0.81,0.805,8.102,5.35934591293335,4.3717376018821135,7.204272631250934,7.204272631250934,,,0.9740689992904664,0.5409441590309143,1.4255857467651367,0.6048831939697266,1.5650110244750977,0.4770050942897796
2V5Z,ligand_0122,CHEMBL6036780,Clc1ccc(-c2ccc([C@H]3C[C@@H]3NCCC3CCOCC3)cc2)cc1,CHEMBL5729821,5500.0,5500.0,5.26,5.259637310505756,5.259637310505756,False,low,B,CHEMBL5725200,Ki,nM,UO_0000065,5500.0,5500.0,5.26,-9.8,0.0,0.0,-9.8,0.0,0.0,-3.3,-9.8,-9.8,-10.46,1.41,0.6855,7.791,-9.75,2.25,0.7869,8.08,6.314957618713379,0.4842196185854418,7.020229234575794,7.020229234575794,,,-0.4835138320922851,0.7449839115142822,-0.3199465274810791,0.7659209370613098,0.5246956944465637,0.7240468263626099
2V5Z,ligand_0123,CHEMBL1760715,Clc1ccc(C2CC(c3c4ccccc4cc4ccccc34)=NN2)cc1,CHEMBL1764623,1.8,1.8,8.74,8.744727494896694,8.744727494896694,True,high,B,CHEMBL1759975,Ki,nM,UO_0000065,1.8,1.8,8.74,-11.2,0.0,0.0,-11.2,0.0,0.0,-6.1,-10.1,-8.1,-11.24,0.14,0.6105,7.294,-7.07,1.0,0.6832,7.732,4.974848747253418,10.596226981769645,5.841544651412248,5.841544651412248,,,0.4121155738830566,0.5511475801467896,1.2291637659072876,0.6451138854026794,0.7532916069030762,0.4571812748908996
2V5Z,ligand_0124,CHEMBL5884254,Clc1ccc2c(c1)C(N[C@H]1CC1c1ccccc1)CC2,CHEMBL5732600,20500.0,20500.0,4.69,4.688246138944246,4.688246138944246,False,low,B,CHEMBL5726393,Ki,nM,UO_0000065,20500.0,20500.0,4.69,-10.7,0.0,0.0,-10.7,0.0,0.0,-5.7,-6.8,-6.8,-10.65,-0.2,0.3534,6.705,-1.9,0.78,0.6301,6.198,6.587128162384033,0.2587449233800016,5.772782790072674,5.772782790072674,,,0.0862185955047607,0.6265214085578918,0.2495331168174743,0.8031790852546692,0.6367774605751038,0.4498637318611145
2V5Z,ligand_0125,CHEMBL4536926,Cn1c(=O)c2[nH]c(-c3cccc(NC(=O)/C=C/c4cccc(F)c4)c3)nc2n(C)c1=O,CHEMBL4480502,3420.0,3.42,5.47,5.465973893943865,5.465973893943865,False,low,B,CHEMBL4480364,Ki,uM,UO_0000065,3.42,3420.0,5.47,-7.4,0.0,0.0,-7.4,0.0,0.0,-0.0,-7.2,-7.2,-7.39,-0.53,0.4252,7.415,-7.39,-0.53,0.4252,7.415,5.265023708343506,5.4322067600644175,6.85631642886764,6.85631642886764,,,-0.2840266227722168,0.3195315301418304,0.4675605297088623,0.4532344341278076,0.5164073705673218,0.185828611254692
2V5Z,ligand_0126,CHEMBL484470,Cn1c(=O)c2c(nc(-c3cccc(Cl)c3)n2C)n(C)c1=O,CHEMBL4480502,36000.0,36.0,4.44,4.443697499232713,4.443697499232713,False,low,B,CHEMBL4480364,Ki,uM,UO_0000065,36.0,36000.0,4.44,-9.2,0.0,0.0,-9.2,0.0,0.0,-0.6,-9.2,-9.2,-9.24,0.07,0.5329,6.903,-8.72,-0.02,0.738,7.139,4.570206642150879,26.902544463221016,5.208362915335852,5.208362915335852,,,0.2564601898193359,0.5253477692604065,-0.1364891231060028,0.7736994028091431,1.520207166671753,0.2769961059093475
2V5Z,ligand_0127,CHEMBL26138,Cn1c(=O)c2c(nc(/C=C/c3cccc(Cl)c3)n2C)n(C)c1=O,CHEMBL3096092,80.6,0.0806,7.09,7.09366495819491,7.09366495819491,True,high,B,CHEMBL3091303,Ki,uM,UO_0000065,0.0806,80.6,7.09,-10.8,0.0,0.0,-10.8,0.0,0.0,-2.7,-9.6,-9.0,-10.67,0.07,0.6235,7.386,-10.67,0.07,0.6235,7.386,5.1602325439453125,6.914606276477613,5.590152166639044,5.590152166639044,,,-1.3180184364318848,0.631184458732605,-1.3979088068008425,0.8868619203567505,-0.1072237491607666,0.3755069673061371
2V5Z,ligand_0128,CHEMBL26138,Cn1c(=O)c2c(nc(/C=C/c3cccc(Cl)c3)n2C)n(C)c1=O,CHEMBL4480502,100.0,100.0,7.0,7.0,7.0,True,high,B,CHEMBL4480364,Ki,nM,UO_0000065,100.0,100.0,7.0,-10.8,0.0,0.0,-10.8,0.0,0.0,-2.7,-9.6,-9.0,-10.67,0.07,0.6235,7.386,-10.67,0.07,0.6235,7.386,5.1602325439453125,6.914606276477613,5.499979746238019,5.499979746238019,,,-1.3180184364318848,0.631184458732605,-1.3979088068008425,0.8868619203567505,-0.1072237491607666,0.3755069673061371
2V5Z,ligand_0129,CHEMBL26138,Cn1c(=O)c2c(nc(/C=C/c3cccc(Cl)c3)n2C)n(C)c1=O,CHEMBL945895,70.0,70.0,7.16,7.154901959985743,7.154901959985743,True,high,B,CHEMBL1141467,Ki,nM,UO_0000065,70.0,70.0,7.16,-10.8,0.0,0.0,-10.8,0.0,0.0,-2.7,-9.6,-9.0,-10.67,0.07,0.6235,7.386,-10.67,0.07,0.6235,7.386,5.1602325439453125,6.914606276477613,5.563739710126111,5.563739710126111,,,-1.3180184364318848,0.631184458732605,-1.3979088068008425,0.8868619203567505,-0.1072237491607666,0.3755069673061371
2V5Z,ligand_0130,CHEMBL1806760,Cn1c(=O)c2c(nc(OCc3ccc(Br)cc3)n2C)n(C)c1=O,CHEMBL3608045,62.0,62.0,7.21,7.207608310501746,7.207608310501746,True,high,B,CHEMBL3603809,Ki,nM,UO_0000065,62.0,62.0,7.21,-10.4,0.0,0.0,-10.4,0.0,0.0,-1.1,-9.7,-9.1,-10.36,-0.33,0.7187,7.273,-10.36,-0.33,0.7187,7.273,5.126167297363281,7.478813488424529,5.063630052761724,5.063630052761724,,,-0.6457586288452148,0.4896887838840484,0.2492914497852325,0.6154075264930725,-0.1706527173519134,0.3639700412750244
2V5Z,ligand_0131,CHEMBL602464,Cn1c(=O)c2c(nc(OCc3cccc(Br)c3)n2C)n(C)c1=O,CHEMBL1068959,330.0,0.33,6.48,6.481486060122112,6.481486060122112,True,medium,B,CHEMBL1156881,Ki,uM,UO_0000065,0.33,330.0,6.48,-9.9,0.0,0.0,-9.9,0.0,0.0,-2.3,-9.7,-9.7,-10.04,1.11,0.5813,6.946,-9.7,-0.34,0.6639,7.075,5.118879795074463,7.60536750747064,5.344906833340017,5.344906833340017,,,-0.8866701126098633,0.4388643205165863,-0.6980161666870117,0.6628714799880981,0.3112418055534363,0.2148571610450744
2V5Z,ligand_0132,CHEMBL602464,Cn1c(=O)c2c(nc(OCc3cccc(Br)c3)n2C)n(C)c1=O,CHEMBL3608045,68.0,68.0,7.17,7.167491087293763,7.167491087293763,True,high,B,CHEMBL3603809,Ki,nM,UO_0000065,68.0,68.0,7.17,-9.9,0.0,0.0,-9.9,0.0,0.0,-2.3,-9.7,-9.7,-10.04,1.11,0.5813,6.946,-9.7,-0.34,0.6639,7.075,5.118879795074463,7.60536750747064,5.229597705875417,5.229597705875417,,,-0.8866701126098633,0.4388643205165863,-0.6980161666870117,0.6628714799880981,0.3112418055534363,0.2148571610450744
2V5Z,ligand_0133,CHEMBL602466,Cn1c(=O)c2c(nc(OCc3cccc(C(F)(F)F)c3)n2C)n(C)c1=O,CHEMBL1068959,1300.0,1.3,5.89,5.886056647693163,5.886056647693163,False,low,B,CHEMBL1156881,Ki,uM,UO_0000065,1.3,1300.0,5.89,-10.8,0.0,0.0,-10.8,0.0,0.0,-7.3,-10.3,-10.5,-10.83,-0.54,0.6016,7.124,-10.56,-0.49,0.6118,7.081,5.242920875549316,5.715827642960572,5.532047843452431,5.532047843452431,,,-1.314274787902832,0.5585930943489075,-1.276392102241516,0.853154182434082,0.0018280707299709,0.2640319764614105
2V5Z,ligand_0134,CHEMBL602260,Cn1c(=O)c2c(nc(OCc3cccc(Cl)c3)n2C)n(C)c1=O,CHEMBL1068959,230.0,0.23,6.64,6.638272163982407,6.638272163982407,True,medium,B,CHEMBL1156881,Ki,uM,UO_0000065,0.23,230.0,6.64,-10.1,0.0,0.0,-10.1,0.0,0.0,-1.0,-9.3,-7.5,-10.07,-0.35,0.6067,7.011,-9.71,-0.38,0.7137,7.154,5.7016119956970215,1.987870113098271,5.316393630112391,5.316393630112391,,,-0.8872039318084717,0.5361273884773254,-0.4629317820072174,0.7584437727928162,-0.1853361129760742,0.3138110339641571
2V5Z,ligand_0135,CHEMBL602465,Cn1c(=O)c2c(nc(OCc3cccc(F)c3)n2C)n(C)c1=O,CHEMBL1068959,370.0,0.37,6.43,6.431798275933005,6.431798275933005,True,medium,B,CHEMBL1156881,Ki,uM,UO_0000065,0.37,370.0,6.43,-10.3,0.0,0.0,-10.3,0.0,0.0,-3.9,-9.4,-9.8,-10.06,-0.34,0.4999,6.627,-9.72,0.55,0.673,6.982,5.109964370727539,7.76310802113279,5.063667340639411,5.063667340639411,,,-0.53652024269104,0.476229727268219,-0.3818428516387939,0.7592958807945251,0.3082008957862854,0.1931636035442352
2V5Z,ligand_0136,CHEMBL602259,Cn1c(=O)c2c(nc(OCc3ccccc3)n2C)n(C)c1=O,CHEMBL1068959,430.0,0.43,6.37,6.366531544420413,6.366531544420413,True,medium,B,CHEMBL1156881,Ki,uM,UO_0000065,0.43,430.0,6.37,-9.9,0.0,0.0,-9.9,0.0,0.0,-4.0,-9.2,-9.6,-9.52,0.91,0.5932,6.554,-9.52,0.91,0.5932,6.554,4.442219734191895,36.122705115856085,4.861468397394309,4.861468397394309,,,-0.2763807773590088,0.5160752534866333,-0.381813108921051,0.7925105094909668,0.6869994401931763,0.2396400272846222
2V5Z,ligand_0137,CHEMBL361891,Cn1cccc1C(=O)C(N)c1ccccc1,CHEMBL828820,42000.0,42.0,4.38,4.376750709602099,4.376750709602099,False,low,B,CHEMBL1144454,Ki,uM,UO_0000065,42.0,42000.0,4.38,-7.5,0.0,0.0,-7.5,0.0,0.0,-6.1,-7.3,-7.3,-8.33,0.71,0.7026,6.525,-7.42,-0.12,0.782,6.589,3.7510931491851807,177.38089865726337,4.9085265468544605,4.9085265468544605,,,1.1373382806777954,0.5752007961273193,1.0036760568618774,0.758357048034668,1.4025752544403076,0.3920446038246155
2V5Z,ligand_0138,CHEMBL373323,Cn1cccc1C(=O)C(c1ccccc1)N1CCN(Cc2ccccc2)CC1,CHEMBL828820,10000.0,10.0,5.0,5.0,5.0,False,low,B,CHEMBL1144454,Ki,uM,UO_0000065,10.0,10000.0,5.0,-6.2,0.0,0.0,-6.2,0.0,0.0,-2.1,-5.1,-3.0,-6.24,1.35,0.5816,7.718,-4.8,2.94,0.5982,7.753,5.157215595245361,6.962807761433823,5.688613125532797,5.688613125532797,,,1.2739278078079224,0.2946778535842895,1.541036605834961,0.2954234182834625,2.144680976867676,0.2939322888851166
2V5Z,ligand_0139,CHEMBL365987,Cn1cccc1C(=O)CN1CCCCC1,CHEMBL828820,15000.0,15.0,4.82,4.823908740944319,4.823908740944319,False,low,B,CHEMBL1144454,Ki,uM,UO_0000065,15.0,15000.0,4.82,-6.5,0.0,0.0,-6.5,0.0,0.0,-5.7,-6.1,-5.7,-6.83,0.68,0.7175,6.1,-1.6,-0.42,0.7835,5.931,4.248208522796631,56.46657902440644,4.995416001408717,4.995416001408717,,,1.5260893106460571,0.551992654800415,2.2272324562072754,0.7002665400505066,0.8255289196968079,0.4037187993526459
2V5Z,ligand_0140,CHEMBL190268,Cn1cccc1C(=O)[C@H](c1ccccc1)N1CCSCC1,CHEMBL828820,100000.0,100.0,4.0,4.0,4.0,False,low,B,CHEMBL1144454,Ki,uM,UO_0000065,100.0,100000.0,4.0,-4.7,0.0,0.0,-4.7,0.0,0.0,-2.0,-3.0,-4.4,-6.22,7.57,0.6688,7.511,-1.41,6.67,0.7525,7.007,7.158378601074219,0.0694418686384078,4.9455192089367,4.9455192089367,,,0.2647092342376709,0.4018833637237549,-0.404660552740097,0.5010644197463989,1.735676646232605,0.3027023077011108
2V5Z,ligand_0141,CHEMBL188105,Cn1cccc1C(O)C(c1ccccc1)N1CCCCC1,CHEMBL828820,18415.0,18.415,5.04,4.734828276809068,4.734828276809068,False,low,B,CHEMBL1144454,Ki,uM,UO_0000065,18.415,18415.0,5.04,-6.7,0.0,0.0,-6.7,0.0,0.0,-4.3,-5.4,-4.6,-7.91,5.35,0.6426,7.29,-6.2,3.44,0.7344,7.628,5.207975387573242,6.194761811643449,4.7257575476699465,4.7257575476699465,,,1.5951381921768188,0.5107181668281555,1.883840084075928,0.6903713941574097,1.872170329093933,0.3310649693012237
2V5Z,ligand_0142,CHEMBL189117,Cn1cccc1C(O)CN1CCCCC1,CHEMBL828820,23900.0,23.9,4.62,4.621602099051862,4.621602099051862,False,low,B,CHEMBL1144454,Ki,uM,UO_0000065,23.9,23900.0,4.62,-6.9,0.0,0.0,-6.9,0.0,0.0,-5.9,-6.9,-6.5,-7.22,-0.17,0.7212,6.202,-4.75,-0.25,0.8143,6.792,4.48741340637207,32.55266835316206,4.370624379124639,4.370624379124639,,,1.7923263311386108,0.6397778987884521,1.566208839416504,0.6522494554519653,2.0008912086486816,0.627306342124939
2V5Z,ligand_0143,CHEMBL6049284,FC(F)(F)c1cccc(-c2ccc([C@H]3C[C@@H]3NC3CCOCC3)cn2)c1,CHEMBL5729821,5500.0,5500.0,5.26,5.259637310505756,5.259637310505756,False,low,B,CHEMBL5725200,Ki,nM,UO_0000065,5500.0,5500.0,5.26,-10.7,0.0,0.0,-10.7,0.0,0.0,-3.4,-7.1,-7.1,-10.61,3.05,0.6513,8.016,-10.57,2.1,0.7805,8.267,6.637088775634766,0.2306275706751759,7.039533155882022,7.039533155882022,,,-0.3721640110015869,0.7965784668922424,0.7527580261230469,0.8327069878578186,-0.2647967338562011,0.7604499459266663
2V5Z,ligand_0144,CHEMBL5284012,Fc1ccc(C2CC(c3ccc(Cl)cc3)=NN2C(=S)Nc2ccccc2)cc1,CHEMBL5265229,200.0,0.2,6.7,6.698970004336019,6.698970004336019,True,medium,B,CHEMBL5260848,Ki,uM,UO_0000065,0.2,200.0,6.7,-2.5,0.0,0.0,-2.5,0.0,0.0,7.3,-0.7,-0.7,-2.89,-0.3,0.6076,7.861,-0.85,-0.87,0.6578,7.831,5.382229328155518,4.147349849927554,6.0437361750951615,6.0437361750951615,,,0.1796720027923584,0.5210816860198975,0.6701852083206177,0.4750720858573913,1.1595520973205566,0.5670912265777588
2V5Z,ligand_0145,CHEMBL5268306,Fc1ccc(C2CC(c3ccccc3)=NN2C(=S)Nc2ccccc2)cc1,CHEMBL5265229,200.0,0.2,6.7,6.698970004336019,6.698970004336019,True,medium,B,CHEMBL5260848,Ki,uM,UO_0000065,0.2,200.0,6.7,-2.1,0.0,0.0,-2.1,0.0,0.0,4.0,3.3,0.8,-1.83,0.06,0.4121,7.046,-0.46,1.79,0.5381,7.033,5.607628345489502,2.468150593430176,5.967185306694776,5.967185306694776,,,0.4296908378601074,0.6793484687805176,0.9863029718399048,0.6975082159042358,1.1318250894546509,0.6611886620521545
2V5Z,ligand_0146,CHEMBL3759797,N#Cc1ccc(-c2cc(OCC3CCNCC3)cnc2-c2ccc(C(F)(F)F)cc2)cc1,CHEMBL3760808,9700.0,9.7,5.01,5.013228265733755,5.013228265733755,False,low,B,CHEMBL3758149,Ki,uM,UO_0000065,9.7,9700.0,5.01,-4.4,0.0,0.0,-4.4,0.0,0.0,2.9,2.7,2.7,-2.72,1.3,0.3354,7.515,-2.33,1.6,0.5641,8.325,7.003520965576172,0.0991925452859023,5.816134156415568,5.816134156415568,,,-0.3707537651062011,0.4199632406234741,0.6325463056564331,0.5661177039146423,0.2510826289653778,0.2738087773323059
2V5Z,ligand_0147,CHEMBL3758634,N#Cc1ccc(-c2cc(OCC3CCNCC3)cnc2-c2ccc(OC(F)(F)F)cc2)cc1,CHEMBL3760808,2600.0,2.6,5.58,5.585026652029182,5.585026652029182,False,low,B,CHEMBL3758149,Ki,uM,UO_0000065,2.6,2600.0,5.58,-3.9,0.0,0.0,-3.9,0.0,0.0,-0.5,-2.7,-2.7,-5.29,4.42,0.4192,7.912,-3.4,0.51,0.5202,8.514,6.680123805999756,0.2088700612050804,6.1532009569259465,6.1532009569259465,,,0.0344185829162597,0.3826518356800079,1.1959980726242063,0.4950142204761505,0.5510401129722595,0.2702894508838653
2V5Z,ligand_0148,CHEMBL3758211,N#Cc1ccc(-c2cc(OCC3CCNCC3)cnc2-c2ccccc2)cc1,CHEMBL3760808,10600.0,10.6,4.97,4.97469413473523,4.97469413473523,False,low,B,CHEMBL3758149,Ki,uM,UO_0000065,10.6,10600.0,4.97,-7.4,0.0,0.0,-7.4,0.0,0.0,1.7,-1.0,-1.0,-7.87,4.48,0.3759,7.414,-5.11,-0.29,0.61,8.406,7.219123840332031,0.0603776436223639,5.849066709173575,5.849066709173575,,,-0.3063406944274902,0.5601803660392761,0.2603870332241058,0.5201879143714905,0.3724366426467895,0.6001728177070618
2V5Z,ligand_0149,CHEMBL5174014,N#Cc1ccc(COc2ccc3c(c2)SCC(=O)N3)cc1,CHEMBL5152645,6.7,0.0067,8.17,8.173925197299173,8.173925197299173,True,high,B,CHEMBL5150027,Ki,uM,UO_0000065,0.0067,6.7,8.17,-10.2,0.0,0.0,-10.2,0.0,0.0,-7.0,-8.7,-8.7,-10.19,-0.29,0.5907,7.601,-10.18,-0.37,0.7938,7.441,6.110018253326416,0.7762144917742863,5.670246358052529,5.670246358052529,,,-0.7581300735473633,0.6884666681289673,-0.738540530204773,0.8421551585197449,0.1134763211011886,0.5347782373428345
2V5Z,ligand_0150,CHEMBL4113760,NC(=O)C1CCC(N[C@H]2C[C@@H]2c2ccc(-c3cccc(C(F)(F)F)c3)nc2)CC1,CHEMBL3887028,20000.0,20000.0,4.7,4.698970004336019,4.698970004336019,False,low,B,CHEMBL3886143,Ki,nM,UO_0000065,20000.0,20000.0,4.7,-11.1,0.0,0.0,-11.1,0.0,0.0,-7.0,-8.6,-7.0,-11.27,0.65,0.5009,8.245,-10.5,0.97,0.542,8.387,5.180966854095459,6.592242061501877,7.312688249334941,7.312688249334941,,,-0.8778042793273926,0.3188184201717376,-0.4634541571140289,0.4300624132156372,0.1884923875331878,0.2075744271278381
2V5Z,ligand_0151,CHEMBL4113760,NC(=O)C1CCC(N[C@H]2C[C@@H]2c2ccc(-c3cccc(C(F)(F)F)c3)nc2)CC1,CHEMBL5730713,20500.0,20500.0,4.69,4.688246138944246,4.688246138944246,False,low,B,CHEMBL5725390,Ki,nM,UO_0000065,20500.0,20500.0,4.69,-11.1,0.0,0.0,-11.1,0.0,0.0,-7.0,-8.6,-7.0,-11.27,0.65,0.5009,8.245,-10.5,0.97,0.542,8.387,5.180966854095459,6.592242061501877,7.303648649430516,7.303648649430516,,,-0.8778042793273926,0.3188184201717376,-0.4634541571140289,0.4300624132156372,0.1884923875331878,0.2075744271278381
2V5Z,ligand_0152,CHEMBL5846301,NC(=O)C1CCC(N[C@H]2C[C@@H]2c2ccc(OCc3cccc(C(F)(F)F)c3)nc2)CC1,CHEMBL5732981,20500.0,20500.0,4.69,4.688246138944246,4.688246138944246,False,low,B,CHEMBL5726605,Ki,nM,UO_0000065,20500.0,20500.0,4.69,-10.1,0.0,0.0,-10.1,0.0,0.0,-7.4,-7.4,-7.4,-10.13,1.31,0.283,7.719,-9.26,1.21,0.353,8.26,5.460807800292969,3.460925093179286,7.472533910472213,7.472533910472213,,,-0.6028923988342285,0.4092620611190796,0.0329654365777969,0.5166524052619934,0.3713512122631073,0.3018717467784881
2V5Z,ligand_0153,CHEMBL5571894,NC(=O)Cc1nc2cc(OCc3ccc(F)cc3)ccc2[nH]1,CHEMBL5552589,82.5,82.5,7.08,7.0835460514500745,7.0835460514500745,True,high,B,CHEMBL5550170,Ki,nM,UO_0000065,82.5,82.5,7.08,-10.2,0.0,0.0,-10.2,0.0,0.0,-6.9,-10.0,-10.0,-10.19,-0.58,0.7779,7.727,-10.19,-0.58,0.7779,7.727,6.000003337860107,0.999992314322609,5.939655951180336,5.939655951180336,,,-0.635136604309082,0.5273841619491577,-0.9477332234382628,0.691391110420227,0.5732117891311646,0.3633771538734436
2V5Z,ligand_0154,CHEMBL1818874,NC(=S)N/N=C/c1cccc(F)c1,CHEMBL4369247,120.0,0.12,6.92,6.920818753952375,6.920818753952375,True,medium,B,CHEMBL4368868,Ki,uM,UO_0000065,0.12,120.0,6.92,-7.4,0.0,0.0,-7.4,0.0,0.0,-6.9,-7.0,-7.0,-7.03,-0.15,0.8747,5.461,-7.03,-0.15,0.8747,5.461,5.082324981689453,8.27322847997638,3.903471551981102,3.903471551981102,,,0.2941381931304931,0.5721496343612671,0.8796970248222351,0.5491436719894409,-0.1977875530719757,0.5951555371284485
2V5Z,ligand_0155,CHEMBL1797642,NC1CC1c1c(F)c(F)c(F)c(F)c1F,CHEMBL5316821,8300.0,8.3,5.08,5.080921907623926,5.080921907623926,False,low,B,CHEMBL5316272,Ki,uM,UO_0000065,8.3,8300.0,5.08,-8.2,0.0,0.0,-8.2,0.0,0.0,-7.1,-8.2,-8.2,-8.26,0.19,0.4251,6.572,-6.36,0.36,0.6784,6.722,5.7789626121521,1.6635558575690297,5.281578368224497,5.281578368224497,,,0.2183363437652588,0.4323945045471191,0.9946749210357666,0.4506046772003174,-0.2236435413360595,0.4141843318939209
2V5Z,ligand_0156,CHEMBL1795980,NC1CC1c1cc(F)cc(F)c1OCc1ccccc1,CHEMBL1942531,17000.0,17.0,4.77,4.769551078621726,4.769551078621726,False,low,B,CHEMBL1938384,Ki,uM,UO_0000065,17.0,17000.0,4.77,-8.7,0.0,0.0,-8.7,0.0,0.0,-5.3,-8.4,-5.3,-8.92,0.06,0.5339,7.106,-8.24,-0.1,0.7506,6.896,5.703396320343018,1.9797195857243148,5.491354958987212,5.491354958987212,,,0.6094515323638916,0.5656522512435913,1.1026400327682495,0.6275339722633362,0.7489058375358582,0.5037705302238464
2V5Z,ligand_0157,CHEMBL1797643,NC1CC1c1cccc(F)c1OCc1ccccc1,CHEMBL5316821,42000.0,42.0,4.38,4.376750709602099,4.376750709602099,False,low,B,CHEMBL5316272,Ki,uM,UO_0000065,42.0,42000.0,4.38,-8.4,0.0,0.0,-8.4,0.0,0.0,-5.3,-5.3,-7.8,-9.21,0.38,0.548,6.378,-8.33,-0.1,0.807,6.972,6.221679210662842,0.6002342724446401,5.238319457101304,5.238319457101304,,,1.0254664421081543,0.5351829528808594,1.7371422052383425,0.530470073223114,0.7798503041267395,0.53989577293396
2V5Z,ligand_0158,CHEMBL4115421,NC1CCC(N[C@H]2C[C@@H]2c2ccc(-c3cccc(C(F)(F)F)c3)nc2)CC1,CHEMBL3887028,20000.0,20000.0,4.7,4.698970004336019,4.698970004336019,False,low,B,CHEMBL3886143,Ki,nM,UO_0000065,20000.0,20000.0,4.7,-10.6,0.0,0.0,-10.6,0.0,0.0,-8.5,-9.9,-9.9,-11.17,4.14,0.4355,8.033,-10.55,0.55,0.7829,8.248,6.538136959075928,0.2896430025698218,7.024991098261558,7.024991098261558,,,-0.2280371189117431,0.6043875813484192,0.2006018608808517,0.8003184795379639,0.6237010359764099,0.4084567129611969
2V5Z,ligand_0159,CHEMBL4115421,NC1CCC(N[C@H]2C[C@@H]2c2ccc(-c3cccc(C(F)(F)F)c3)nc2)CC1,CHEMBL5730713,20500.0,20500.0,4.69,4.688246138944246,4.688246138944246,False,low,B,CHEMBL5725390,Ki,nM,UO_0000065,20500.0,20500.0,4.69,-10.6,0.0,0.0,-10.6,0.0,0.0,-8.5,-9.9,-9.9,-11.17,4.14,0.4355,8.033,-10.55,0.55,0.7829,8.248,6.538136959075928,0.2896430025698218,7.31708715385789,7.31708715385789,,,-0.2280371189117431,0.6043875813484192,0.2006018608808517,0.8003184795379639,0.6237010359764099,0.4084567129611969
2V5Z,ligand_0160,CHEMBL279390,NCCNC(=O)c1ccc(Cl)cn1,CHEMBL4259682,6.0,0.006,8.22,8.221848749616356,8.221848749616356,True,high,B,CHEMBL4257534,Ki,uM,UO_0000065,0.006,6.0,8.22,-6.6,0.0,0.0,-6.6,0.0,0.0,-5.7,-5.8,-5.8,-6.78,-0.14,0.7051,7.265,-6.11,-0.17,0.8497,7.282,4.982440948486328,10.412596792588156,5.0985807399814345,5.0985807399814345,,,1.9609217643737795,0.1573995798826217,2.0005135536193848,0.1570275425910949,1.904853105545044,0.1577716171741485
2V5Z,ligand_0161,CHEMBL279390,NCCNC(=O)c1ccc(Cl)cn1,CHEMBL884737,84.0,0.084,7.08,7.075720713938118,7.075720713938118,True,high,B,CHEMBL1142839,Ki,uM,UO_0000065,0.084,84.0,7.08,-6.6,0.0,0.0,-6.6,0.0,0.0,-5.7,-5.8,-5.8,-6.78,-0.14,0.7051,7.265,-6.11,-0.17,0.8497,7.282,4.982440948486328,10.412596792588156,5.09081503694065,5.09081503694065,,,1.9609217643737795,0.1573995798826217,2.0005135536193848,0.1570275425910949,1.904853105545044,0.1577716171741485
2V5Z,ligand_0162,CHEMBL1089,NNCCc1ccccc1,CHEMBL4042120,124.0,0.124,6.91,6.906578314837764,6.906578314837764,True,medium,B,CHEMBL4041501,Ki,uM,UO_0000065,0.124,124.0,6.91,-6.4,0.0,0.0,-6.4,0.0,0.0,-5.7,-6.0,-6.0,-6.5,-0.07,0.7805,5.119,-6.35,-0.07,0.7951,4.801,6.2271647453308105,0.5927004468579358,4.156187101436358,4.156187101436358,,,1.1027770042419434,0.5143591165542603,0.6621567010879517,0.6968561410903931,0.9182837009429932,0.3318621218204498
2V5Z,ligand_0163,CHEMBL750,NS(=O)(=O)Cc1noc2ccccc12,CHEMBL1681206,3100.0,3.1,5.51,5.508638306165727,5.508638306165727,False,low,B,CHEMBL1671819,Ki,uM,UO_0000065,3.1,3100.0,5.51,-7.3,0.0,0.0,-7.3,0.0,0.0,-6.3,-6.6,-6.6,-7.18,2.28,0.7061,5.803,16.23,0.04,0.7301,4.735,7.530996799468994,0.0294444333277917,5.145360263631461,5.145360263631461,,,0.7877540588378906,0.5364373326301575,0.6841808557510376,0.6446750164031982,1.080627679824829,0.4281996786594391
2V5Z,ligand_0164,CHEMBL750,NS(=O)(=O)Cc1noc2ccccc12,CHEMBL5244511,30800.0,30.8,4.51,4.511449283499556,4.511449283499556,False,low,B,CHEMBL5244208,Ki,uM,UO_0000065,30.8,30800.0,4.51,-7.3,0.0,0.0,-7.3,0.0,0.0,-6.3,-6.6,-6.6,-7.18,2.28,0.7061,5.803,16.23,0.04,0.7301,4.735,7.530996799468994,0.0294444333277917,5.2385925534201805,5.2385925534201805,,,0.7877540588378906,0.5364373326301575,0.6841808557510376,0.6446750164031982,1.080627679824829,0.4281996786594391
2V5Z,ligand_0165,CHEMBL4107618,N[C@@H]1CCN(C2CCC(N[C@H]3C[C@@H]3c3ccccc3)CC2)C1,CHEMBL3887028,20000.0,20000.0,4.7,4.698970004336019,4.698970004336019,False,low,B,CHEMBL3886143,Ki,nM,UO_0000065,20000.0,20000.0,4.7,-8.6,0.0,0.0,-8.6,0.0,0.0,-3.8,-6.0,-8.5,-8.27,1.28,0.5311,7.529,-7.52,1.75,0.6997,8.16,6.767879009246826,0.1706557755276357,6.70662306285435,6.70662306285435,,,1.153356432914734,0.3945436477661133,1.625478744506836,0.4766245782375335,1.367922067642212,0.312462717294693
2V5Z,ligand_0166,CHEMBL4107618,N[C@@H]1CCN(C2CCC(N[C@H]3C[C@@H]3c3ccccc3)CC2)C1,CHEMBL5730713,20500.0,20500.0,4.69,4.688246138944246,4.688246138944246,False,low,B,CHEMBL5725390,Ki,nM,UO_0000065,20500.0,20500.0,4.69,-8.6,0.0,0.0,-8.6,0.0,0.0,-3.8,-6.0,-8.5,-8.27,1.28,0.5311,7.529,-7.52,1.75,0.6997,8.16,6.767879009246826,0.1706557755276357,6.646784812475739,6.646784812475739,,,1.153356432914734,0.3945436477661133,1.625478744506836,0.4766245782375335,1.367922067642212,0.312462717294693
2V5Z,ligand_0167,CHEMBL3546846,N[C@@H]1C[C@H]1c1ccc(NC(=O)c2ccccc2)cc1,CHEMBL5159710,3500.0,3.5,5.46,5.455931955649724,5.455931955649724,False,low,B,CHEMBL5154758,Ki,uM,UO_0000065,3.5,3500.0,5.46,-9.6,0.0,0.0,-9.6,0.0,0.0,0.0,-9.4,-9.4,-9.98,0.28,0.4455,6.416,-9.66,-0.12,0.7723,6.898,5.67805814743042,2.098658876620617,6.268110647437761,6.268110647437761,,,0.9171254634857178,0.7561603784561157,0.7422999739646912,0.8829089403152466,1.5430583953857422,0.6294118165969849
2V5Z,ligand_0168,CHEMBL1179,N[C@@H]1C[C@H]1c1ccccc1,CHEMBL1942531,16000.0,16.0,4.8,4.795880017344075,4.795880017344075,False,low,B,CHEMBL1938384,Ki,uM,UO_0000065,16.0,16000.0,4.8,-6.5,0.0,0.0,-6.5,0.0,0.0,-5.7,-6.5,-6.1,-6.31,0.07,0.766,5.483,-5.66,0.41,0.7857,5.003,6.272295951843262,0.5342002023065772,4.507496192325345,4.507496192325345,,,1.0818707942962646,0.526789665222168,0.9295727610588074,0.613839864730835,0.610717236995697,0.4397394061088562
2V5Z,ligand_0169,CHEMBL3989843,N[C@@H]1C[C@H]1c1ccccc1.N[C@H]1C[C@@H]1c1ccccc1,CHEMBL5316839,16000.0,16.0,4.8,4.795880017344075,4.795880017344075,False,low,B,CHEMBL5316272,Ki,uM,UO_0000065,16.0,16000.0,4.8,-6.5,0.0,0.0,-6.5,0.0,0.0,-5.8,-6.1,-6.1,-6.3,0.07,0.7625,5.481,-5.63,0.4,0.7789,5.0,5.242626190185547,5.719707366057638,,,,,,,,,,
2V5Z,ligand_0170,CHEMBL4878787,N[C@H]1CCN(C(=O)CNC2CC2c2cc(F)cc(F)c2OCc2ccccc2)C1,CHEMBL5316825,33000.0,33.0,4.48,4.481486060122113,4.481486060122113,False,low,B,CHEMBL5316272,Ki,uM,UO_0000065,33.0,33000.0,4.48,-9.4,0.0,0.0,-9.4,0.0,0.0,-3.4,-4.8,-4.8,-9.13,0.52,0.3709,7.917,-7.41,0.07,0.7584,7.621,5.504649639129639,3.128602304539441,6.39498735787253,6.39498735787253,,,0.809373140335083,0.2891656160354614,1.4519482851028442,0.2865375876426697,1.5107042789459229,0.2917936146259308
2V5Z,ligand_0171,CHEMBL5821193,N[C@H]1C[C@@H]1c1ccc(-c2cc(Cl)cc(Cl)c2)nc1,CHEMBL5730690,550.0,550.0,6.26,6.259637310505756,6.259637310505756,True,medium,B,CHEMBL5725378,Ki,nM,UO_0000065,550.0,550.0,6.26,-8.8,0.0,0.0,-8.8,0.0,0.0,-5.4,-8.8,-7.8,-9.08,-0.14,0.8073,7.137,-9.07,-0.2,0.8392,7.244,6.544844150543213,0.2852041557924712,7.195225672620963,7.195225672620963,,,0.0526180267333984,0.7967482209205627,1.001266598701477,0.8066073060035706,-0.1630347967147827,0.7868891358375549
2V5Z,ligand_0172,CHEMBL5875984,N[C@H]1C[C@@H]1c1ccc(-c2ccc(-c3ccccc3)cc2)cc1,CHEMBL5730690,550.0,550.0,6.26,6.259637310505756,6.259637310505756,True,medium,B,CHEMBL5725378,Ki,nM,UO_0000065,550.0,550.0,6.26,-11.0,0.0,0.0,-11.0,0.0,0.0,-8.1,-10.9,-10.7,-11.28,-0.29,0.8368,7.102,-11.28,-0.29,0.8368,7.102,6.252912521362305,0.5585826970468397,7.638974312375399,7.638974312375399,,,-1.350367546081543,0.8901557922363281,-1.2865015268325806,0.9823394417762756,-0.5914646983146667,0.7979721426963806
2V5Z,ligand_0173,CHEMBL5874496,N[C@H]1C[C@@H]1c1ccc(-c2ccc(C(F)(F)F)cc2)nc1,CHEMBL5730690,50.0,50.0,7.3,7.301029995663981,7.301029995663981,True,high,B,CHEMBL5725378,Ki,nM,UO_0000065,50.0,50.0,7.3,-9.6,0.0,0.0,-9.6,0.0,0.0,-0.5,-9.6,-9.6,-9.99,-0.14,0.8844,7.052,-9.97,-0.16,0.8849,7.055,5.653338432312012,2.221578008627864,6.792757966513861,6.792757966513861,,,0.9364839792251588,0.8190362453460693,1.2911361455917358,0.8778179287910461,1.2414289712905884,0.7602545022964478
2V5Z,ligand_0174,CHEMBL5763096,N[C@H]1C[C@@H]1c1ccc(-c2ccc(Cl)cc2)nc1,CHEMBL5730690,550.0,550.0,6.26,6.259637310505756,6.259637310505756,True,medium,B,CHEMBL5725378,Ki,nM,UO_0000065,550.0,550.0,6.26,-8.5,0.0,0.0,-8.5,0.0,0.0,-1.6,-8.5,-8.5,-8.88,-0.07,0.8838,7.149,-8.88,-0.07,0.8838,7.149,6.696353912353516,0.2012083907628786,6.647360692558741,6.647360692558741,,,0.5903186798095703,0.7649456262588501,0.9686237573623656,0.7896060347557068,0.6507083177566528,0.7402852773666382
2V5Z,ligand_0175,CHEMBL5845999,N[C@H]1C[C@@H]1c1ccc(-c2cccc(C(F)(F)F)c2)nc1,CHEMBL5730690,550.0,550.0,6.26,6.259637310505756,6.259637310505756,True,medium,B,CHEMBL5725378,Ki,nM,UO_0000065,550.0,550.0,6.26,-9.5,0.0,0.0,-9.5,0.0,0.0,-6.2,-9.3,-9.3,-9.77,-0.12,0.8887,7.246,-9.77,-0.12,0.8887,7.246,5.194784164428711,6.385807690655237,6.820560617012256,6.820560617012256,,,0.5523834228515625,0.7122600078582764,0.6722183227539062,0.7842239141464233,1.1183092594146729,0.6402960419654846
2V5Z,ligand_0176,CHEMBL5830019,N[C@H]1C[C@@H]1c1ccc(-c2cccc(Cl)c2)nc1,CHEMBL5730690,550.0,550.0,6.26,6.259637310505756,6.259637310505756,True,medium,B,CHEMBL5725378,Ki,nM,UO_0000065,550.0,550.0,6.26,-8.8,0.0,0.0,-8.8,0.0,0.0,-6.8,-8.6,-8.6,-8.97,-0.17,0.8227,6.905,-8.95,-0.03,0.8823,7.241,6.80596923828125,0.1563258366615494,6.843561227226989,6.843561227226989,,,0.209146499633789,0.7640970945358276,0.6694276332855225,0.7919929027557373,0.2135242223739624,0.7362013459205627
2V5Z,ligand_0177,CHEMBL5911906,N[C@H]1C[C@@H]1c1ccc(-c2cccc(O)c2)s1,CHEMBL5730690,550.0,550.0,6.26,6.259637310505756,6.259637310505756,True,medium,B,CHEMBL5725378,Ki,nM,UO_0000065,550.0,550.0,6.26,-8.2,0.0,0.0,-8.2,0.0,0.0,-7.2,-8.1,-8.1,-8.68,0.13,0.765,6.969,-8.67,0.17,0.8385,6.841,5.681965351104736,2.079862616145591,7.095505916766186,7.095505916766186,,,0.4729695320129394,0.7367680668830872,0.7067550420761108,0.748220682144165,0.5813013315200806,0.7253154516220093
2V5Z,ligand_0178,CHEMBL5915787,Nc1ncc(CN[C@H]2C[C@@H]2c2ccc(OCc3ccccc3)cc2)cn1,CHEMBL5730935,500.0,500.0,6.3,6.301029995663981,6.301029995663981,True,medium,B,CHEMBL5725507,Ki,nM,UO_0000065,500.0,500.0,6.3,-9.2,0.0,0.0,-9.2,0.0,0.0,-7.0,-9.2,-9.1,-9.75,1.18,0.7405,7.891,-9.41,1.41,0.7643,8.091,6.704181671142578,0.1976142820434314,7.04347023090837,7.04347023090837,,,-0.1607825756072998,0.6088601350784302,-0.1978964507579803,0.6438478231430054,0.9933900237083436,0.5738723874092102
2V5Z,ligand_0179,CHEMBL5915787,Nc1ncc(CN[C@H]2C[C@@H]2c2ccc(OCc3ccccc3)cc2)cn1,CHEMBL5733261,550.0,550.0,6.26,6.259637310505756,6.259637310505756,True,medium,B,CHEMBL5726750,Ki,nM,UO_0000065,550.0,550.0,6.26,-9.2,0.0,0.0,-9.2,0.0,0.0,-7.0,-9.2,-9.1,-9.75,1.18,0.7405,7.891,-9.41,1.41,0.7643,8.091,6.704181671142578,0.1976142820434314,7.017030642316967,7.017030642316967,,,-0.1607825756072998,0.6088601350784302,-0.1978964507579803,0.6438478231430054,0.9933900237083436,0.5738723874092102
2V5Z,ligand_0180,CHEMBL6051148,Nc1ncc(CN[C@H]2C[C@@H]2c2ccc(OCc3ccccc3)cc2)s1,CHEMBL5730935,21000.0,21000.0,4.68,4.6777807052660805,4.6777807052660805,False,low,B,CHEMBL5725507,Ki,nM,UO_0000065,21000.0,21000.0,4.68,-8.9,0.0,0.0,-8.9,0.0,0.0,-7.0,-8.3,-8.3,-9.84,1.23,0.8264,8.453,-9.51,0.88,0.8401,8.577,6.089522838592529,0.8137240676928734,6.747196838144155,6.747196838144155,,,-0.6549487113952637,0.7805606126785278,0.1713324338197708,0.8664687275886536,-0.2941538095474243,0.6946525573730469
2V5Z,ligand_0181,CHEMBL5939575,Nc1nnc(CN[C@H]2C[C@@H]2c2ccc(OCc3cc(F)cc(F)c3)cc2)o1,CHEMBL5730935,500.0,500.0,6.3,6.301029995663981,6.301029995663981,True,medium,B,CHEMBL5725507,Ki,nM,UO_0000065,500.0,500.0,6.3,-10.9,0.0,0.0,-10.9,0.0,0.0,-8.4,-10.9,-10.9,-11.1,0.23,0.8468,8.225,-11.1,0.23,0.8468,8.225,6.479061603546143,0.3318473825232154,6.675122643723837,6.675122643723837,,,-0.5904548168182373,0.4295167922973633,-0.3866960108280182,0.459837406873703,0.5278794765472412,0.3991961479187011
2V5Z,ligand_0182,CHEMBL5939575,Nc1nnc(CN[C@H]2C[C@@H]2c2ccc(OCc3cc(F)cc(F)c3)cc2)o1,CHEMBL5733261,550.0,550.0,6.26,6.259637310505756,6.259637310505756,True,medium,B,CHEMBL5726750,Ki,nM,UO_0000065,550.0,550.0,6.26,-10.9,0.0,0.0,-10.9,0.0,0.0,-8.4,-10.9,-10.9,-11.1,0.23,0.8468,8.225,-11.1,0.23,0.8468,8.225,6.479061603546143,0.3318473825232154,6.543773656448992,6.543773656448992,,,-0.5904548168182373,0.4295167922973633,-0.3866960108280182,0.459837406873703,0.5278794765472412,0.3991961479187011
2V5Z,ligand_0183,CHEMBL5891898,Nc1nnc(CN[C@H]2C[C@@H]2c2ccc(OCc3ccc(Cl)cc3)cc2)o1,CHEMBL5730935,500.0,500.0,6.3,6.301029995663981,6.301029995663981,True,medium,B,CHEMBL5725507,Ki,nM,UO_0000065,500.0,500.0,6.3,-10.6,0.0,0.0,-10.6,0.0,0.0,-7.7,-8.9,-8.9,-10.81,0.03,0.7531,8.247,-10.29,0.32,0.8247,8.13,5.880053043365479,1.318095740646305,6.520072390038045,6.520072390038045,,,-0.3749008178710937,0.4849634766578674,-0.2925365567207336,0.5906400680541992,0.8356438279151917,0.379286915063858
2V5Z,ligand_0184,CHEMBL5891898,Nc1nnc(CN[C@H]2C[C@@H]2c2ccc(OCc3ccc(Cl)cc3)cc2)o1,CHEMBL5733261,550.0,550.0,6.26,6.259637310505756,6.259637310505756,True,medium,B,CHEMBL5726750,Ki,nM,UO_0000065,550.0,550.0,6.26,-10.6,0.0,0.0,-10.6,0.0,0.0,-7.7,-8.9,-8.9,-10.81,0.03,0.7531,8.247,-10.29,0.32,0.8247,8.13,5.880053043365479,1.318095740646305,6.7914489185893645,6.7914489185893645,,,-0.3749008178710937,0.4849634766578674,-0.2925365567207336,0.5906400680541992,0.8356438279151917,0.379286915063858
2V5Z,ligand_0185,CHEMBL5884076,Nc1nnc(CN[C@H]2C[C@@H]2c2ccc(OCc3ccc(F)cc3)cc2)o1,CHEMBL5730935,500.0,500.0,6.3,6.301029995663981,6.301029995663981,True,medium,B,CHEMBL5725507,Ki,nM,UO_0000065,500.0,500.0,6.3,-10.7,0.0,0.0,-10.7,0.0,0.0,-6.5,-10.3,-10.3,-10.85,0.04,0.7669,8.194,-10.73,0.25,0.8214,8.064,5.631045818328857,2.338590502940617,6.400820495087354,6.400820495087354,,,0.0645885467529296,0.3669568002223968,0.8691971302032471,0.3418334126472473,0.427308976650238,0.3920801877975464
2V5Z,ligand_0186,CHEMBL5884076,Nc1nnc(CN[C@H]2C[C@@H]2c2ccc(OCc3ccc(F)cc3)cc2)o1,CHEMBL5733261,550.0,550.0,6.26,6.259637310505756,6.259637310505756,True,medium,B,CHEMBL5726750,Ki,nM,UO_0000065,550.0,550.0,6.26,-10.7,0.0,0.0,-10.7,0.0,0.0,-6.5,-10.3,-10.3,-10.85,0.04,0.7669,8.194,-10.73,0.25,0.8214,8.064,5.631045818328857,2.338590502940617,6.350544286469324,6.350544286469324,,,0.0645885467529296,0.3669568002223968,0.8691971302032471,0.3418334126472473,0.427308976650238,0.3920801877975464
2V5Z,ligand_0187,CHEMBL5741087,Nc1nnc(CN[C@H]2C[C@@H]2c2ccc(OCc3cccc(Cl)c3)cc2)o1,CHEMBL5730935,500.0,500.0,6.3,6.301029995663981,6.301029995663981,True,medium,B,CHEMBL5725507,Ki,nM,UO_0000065,500.0,500.0,6.3,-10.0,0.0,0.0,-10.0,0.0,0.0,-7.4,-9.9,-9.9,-10.86,0.2,0.6567,8.109,-10.7,0.19,0.8541,8.252,5.759774208068848,1.7387045552291462,6.932944262836176,6.932944262836176,,,-0.3865959644317627,0.5017542243003845,-0.2035158276557922,0.5840046405792236,0.7240293622016907,0.4195038080215454
2V5Z,ligand_0188,CHEMBL5741087,Nc1nnc(CN[C@H]2C[C@@H]2c2ccc(OCc3cccc(Cl)c3)cc2)o1,CHEMBL5733261,550.0,550.0,6.26,6.259637310505756,6.259637310505756,True,medium,B,CHEMBL5726750,Ki,nM,UO_0000065,550.0,550.0,6.26,-10.0,0.0,0.0,-10.0,0.0,0.0,-7.4,-9.9,-9.9,-10.86,0.2,0.6567,8.109,-10.7,0.19,0.8541,8.252,5.759774208068848,1.7387045552291462,6.673287424383298,6.673287424383298,,,-0.3865959644317627,0.5017542243003845,-0.2035158276557922,0.5840046405792236,0.7240293622016907,0.4195038080215454
2V5Z,ligand_0189,CHEMBL5977777,Nc1nnc(CN[C@H]2C[C@@H]2c2ccc(OCc3cccc(F)c3)cc2)o1,CHEMBL5730935,500.0,500.0,6.3,6.301029995663981,6.301029995663981,True,medium,B,CHEMBL5725507,Ki,nM,UO_0000065,500.0,500.0,6.3,-10.8,0.0,0.0,-10.8,0.0,0.0,-8.6,-9.8,-9.8,-10.98,0.17,0.7923,8.02,-10.96,0.21,0.8434,8.049,5.6786274909973145,2.095909417173793,6.640627567585836,6.640627567585836,,,-0.2396447658538818,0.446428120136261,-0.0508886948227882,0.5279251933097839,0.7596517205238342,0.3649310171604156
2V5Z,ligand_0190,CHEMBL5977777,Nc1nnc(CN[C@H]2C[C@@H]2c2ccc(OCc3cccc(F)c3)cc2)o1,CHEMBL5733261,550.0,550.0,6.26,6.259637310505756,6.259637310505756,True,medium,B,CHEMBL5726750,Ki,nM,UO_0000065,550.0,550.0,6.26,-10.8,0.0,0.0,-10.8,0.0,0.0,-8.6,-9.8,-9.8,-10.98,0.17,0.7923,8.02,-10.96,0.21,0.8434,8.049,5.6786274909973145,2.095909417173793,6.883297211756493,6.883297211756493,,,-0.2396447658538818,0.446428120136261,-0.0508886948227882,0.5279251933097839,0.7596517205238342,0.3649310171604156
2V5Z,ligand_0191,CHEMBL6014057,Nc1nnc(CN[C@H]2C[C@@H]2c2ccc(OCc3ccccc3)cc2)o1,CHEMBL5730935,500.0,500.0,6.3,6.301029995663981,6.301029995663981,True,medium,B,CHEMBL5725507,Ki,nM,UO_0000065,500.0,500.0,6.3,-9.8,0.0,0.0,-9.8,0.0,0.0,-5.9,-9.8,-9.8,-10.66,0.24,0.8213,7.965,-10.53,0.23,0.854,7.986,6.4438886642456055,0.3598415723351684,6.508851497934876,6.508851497934876,,,-0.1408498287200927,0.5335838198661804,0.4258807301521301,0.5846320390701294,0.3591645956039428,0.4825356304645538
2V5Z,ligand_0192,CHEMBL6014057,Nc1nnc(CN[C@H]2C[C@@H]2c2ccc(OCc3ccccc3)cc2)o1,CHEMBL5733261,550.0,550.0,6.26,6.259637310505756,6.259637310505756,True,medium,B,CHEMBL5726750,Ki,nM,UO_0000065,550.0,550.0,6.26,-9.8,0.0,0.0,-9.8,0.0,0.0,-5.9,-9.8,-9.8,-10.66,0.24,0.8213,7.965,-10.53,0.23,0.854,7.986,6.4438886642456055,0.3598415723351684,6.442704748657328,6.442704748657328,,,-0.1408498287200927,0.5335838198661804,0.4258807301521301,0.5846320390701294,0.3591645956039428,0.4825356304645538
2V5Z,ligand_0193,CHEMBL3193372,O=C(/C=C/C=C/c1ccccc1)c1ccco1,CHEMBL5231487,4.1,0.0041,8.39,8.387216143280265,8.387216143280265,True,high,B,CHEMBL5230117,Ki,uM,UO_0000065,0.0041,4.1,8.39,-8.9,0.0,0.0,-8.9,0.0,0.0,-6.4,-8.7,-8.7,-8.79,-0.01,0.5787,6.324,-4.54,-0.33,0.8779,5.754,4.337015628814697,46.024001077530585,5.390260146154641,5.390260146154641,,,0.9301483631134032,0.734366774559021,1.1153982877731323,0.8372073173522949,0.9907630085945128,0.6315261721611023
2V5Z,ligand_0194,CHEMBL3193372,O=C(/C=C/C=C/c1ccccc1)c1ccco1,CHEMBL5353251,4.0,0.004,8.4,8.397940008672037,8.397940008672037,True,high,B,CHEMBL5352403,Ki,uM,UO_0000065,0.004,4.0,8.4,-8.9,0.0,0.0,-8.9,0.0,0.0,-6.4,-8.7,-8.7,-8.79,-0.01,0.5787,6.324,-4.54,-0.33,0.8779,5.754,4.337015628814697,46.024001077530585,5.399693802692527,5.399693802692527,,,0.9301483631134032,0.734366774559021,1.1153982877731323,0.8372073173522949,0.9907630085945128,0.6315261721611023
2V5Z,ligand_0195,CHEMBL5268003,O=C(/C=C/c1ccc(Br)cc1)c1c[nH]c2ccccc12,CHEMBL5231487,10.0,0.01,8.0,8.0,8.0,True,high,B,CHEMBL5230117,Ki,uM,UO_0000065,0.01,10.0,8.0,-10.6,0.0,0.0,-10.6,0.0,0.0,-4.2,-10.4,-10.4,-10.67,0.08,0.5761,6.892,-10.17,0.11,0.7495,7.042,6.000823020935059,0.998106718785971,5.890606933980701,5.890606933980701,,,0.828279972076416,0.6703618764877319,1.165216088294983,0.7527545094490051,1.4726417064666748,0.587969183921814
2V5Z,ligand_0196,CHEMBL5276431,O=C(/C=C/c1ccc(Cl)cc1Cl)c1ccco1,CHEMBL5231489,850.0,0.85,6.07,6.070581074285707,6.070581074285707,True,medium,B,CHEMBL5230117,Ki,uM,UO_0000065,0.85,850.0,6.07,-8.5,0.0,0.0,-8.5,0.0,0.0,-7.0,-8.1,-8.1,-8.3,0.17,0.3819,6.086,-8.28,-0.06,0.7848,6.766,4.953006744384766,11.142772292670465,5.436263137084193,5.436263137084193,,,0.2051842212677002,0.754036545753479,0.3000937104225158,0.8978902697563171,0.7624260187149048,0.6101828217506409
2V5Z,ligand_0197,CHEMBL105350,O=C(/C=C/c1ccc(O)cc1)CC(=O)/C=C/c1ccc(O)cc1,CHEMBL5231700,800.0,0.8,6.1,6.096910013008056,6.096910013008056,True,medium,B,CHEMBL5230123,Ki,uM,UO_0000065,0.8,800.0,6.1,-9.7,0.0,0.0,-9.7,0.0,0.0,-7.1,-9.7,-9.7,-10.4,0.09,0.5301,7.186,-10.4,0.09,0.5301,7.186,5.817572593688965,1.5220446970565875,6.229425075660165,6.229425075660165,,,-0.0442702770233154,0.5999195575714111,-0.0305576510727405,0.6916394233703613,0.8370402455329895,0.5081997513771057
2V5Z,ligand_0198,CHEMBL4574981,O=C(/C=C/c1ccc([N+](=O)[O-])cc1)c1ccc(Cl)s1,CHEMBL4480497,2550.0,2.55,5.59,5.5934598195660445,5.5934598195660445,False,low,B,CHEMBL4480364,Ki,uM,UO_0000065,2.55,2550.0,5.59,-9.0,0.0,0.0,-9.0,0.0,0.0,-4.9,-8.3,-8.3,-8.64,-0.36,0.3825,6.115,-1.7,-0.33,0.5912,7.0,4.566100597381592,27.15810121929333,5.410173482401138,5.410173482401138,,,-0.4609994888305664,0.7231093049049377,0.4654313623905182,0.8067262172698975,-0.5070833563804626,0.639492392539978
2V5Z,ligand_0199,CHEMBL5276890,O=C(/C=C/c1csc2ccccc12)c1ccco1,CHEMBL5231487,72.0,0.072,7.14,7.142667503568731,7.142667503568731,True,high,B,CHEMBL5230117,Ki,uM,UO_0000065,0.072,72.0,7.14,-9.0,0.0,0.0,-9.0,0.0,0.0,-7.5,-8.7,-8.7,-9.0,-0.32,0.4563,5.935,-7.59,-0.33,0.7586,6.772,4.56769609451294,27.05851170491306,5.541028687253734,5.541028687253734,,,0.4397411346435547,0.7795729637145996,0.9447293281555176,0.8823376297950745,0.4634070098400116,0.6768083572387695
2V5Z,ligand_0200,CHEMBL3651586,O=C(CN[C@H]1C[C@@H]1c1ccc(OCc2ccccc2)cc1)NC1CC1,CHEMBL3707811,1250.0,1250.0,5.9,5.903089986991944,5.903089986991944,False,low,B,CHEMBL3639147,Ki,nM,UO_0000065,1250.0,1250.0,5.9,-10.1,0.0,0.0,-10.1,0.0,0.0,-7.7,-8.8,-8.8,-10.05,0.2,0.8196,7.936,-10.05,0.2,0.8196,7.936,6.583315849304199,0.2610262298720283,7.290425971014343,7.290425971014343,,,-1.1002655029296875,0.8597508668899536,-0.4871485233306885,0.9100541472434998,-0.6059662699699402,0.8094475865364075
2V5Z,ligand_0201,CHEMBL3651583,O=C(CN[C@H]1C[C@@H]1c1ccccc1)N1CCN(Cc2ccccc2)CC1,CHEMBL3707811,7000.0,7000.0,5.16,5.154901959985743,5.154901959985743,False,low,B,CHEMBL3639147,Ki,nM,UO_0000065,7000.0,7000.0,5.16,-9.7,0.0,0.0,-9.7,0.0,0.0,-5.9,-9.7,-9.7,-9.77,0.47,0.4948,7.35,-8.47,1.4,0.676,7.616,6.97935152053833,0.1048693266469104,6.828940150499394,6.828940150499394,,,0.6742615699768066,0.414646714925766,1.4837921857833862,0.4868082702159881,0.912809193134308,0.3424851596355438
2V5Z,ligand_0202,CHEMBL3651584,O=C(CN[C@H]1C[C@@H]1c1ccccc1)N1CCN(c2ccccc2)CC1,CHEMBL3707811,1900.0,1900.0,5.72,5.721246399047171,5.721246399047171,False,low,B,CHEMBL3639147,Ki,nM,UO_0000065,1900.0,1900.0,5.72,-9.5,0.0,0.0,-9.5,0.0,0.0,-1.1,-9.3,-9.3,-9.48,-0.07,0.4852,7.29,-8.25,0.76,0.5797,7.805,6.655592441558838,0.2210077781106393,6.94756974202053,6.94756974202053,,,0.4683828353881836,0.5681252479553223,0.8664757609367371,0.7410659790039062,1.058456301689148,0.3951844573020935
2V5Z,ligand_0203,CHEMBL3651561,O=C(CN[C@H]1C[C@@H]1c1ccccc1)NC1CC1,CHEMBL3707811,76000.0,76000.0,4.12,4.119186407719209,4.119186407719209,False,low,B,CHEMBL3639147,Ki,nM,UO_0000065,76000.0,76000.0,4.12,-8.3,0.0,0.0,-8.3,0.0,0.0,-4.7,-8.1,-8.1,-8.66,1.39,0.7701,7.101,-8.66,1.39,0.7701,7.101,6.902040481567383,0.1253024372272229,6.088755468452907,6.088755468452907,,,1.3276407718658447,0.4315701723098755,1.293296456336975,0.5925136804580688,1.5972342491149902,0.2706266641616821
2V5Z,ligand_0204,CHEMBL86304,O=C(NCCN1CCOCC1)c1ccc(Cl)cc1,CHEMBL3784058,2240.0,2.24,5.65,5.649751981665837,5.649751981665837,False,low,B,CHEMBL3779800,Ki,uM,UO_0000065,2.24,2240.0,5.65,-8.2,0.0,0.0,-8.2,0.0,0.0,-4.4,-7.8,-7.8,-8.14,-0.23,0.7158,6.905,-7.82,-0.13,0.8119,6.76,4.653614044189453,22.20168598502436,4.690339317409629,4.690339317409629,,,1.6331757307052612,0.5570844411849976,2.0393528938293457,0.7415732145309448,1.7284523248672483,0.3725956380367279
2V5Z,ligand_0205,CHEMBL86304,O=C(NCCN1CCOCC1)c1ccc(Cl)cc1,CHEMBL4259682,4220.0,4.22,5.38,5.374687549038326,5.374687549038326,False,low,B,CHEMBL4257534,Ki,uM,UO_0000065,4.22,4220.0,5.38,-8.2,0.0,0.0,-8.2,0.0,0.0,-4.4,-7.8,-7.8,-8.14,-0.23,0.7158,6.905,-7.82,-0.13,0.8119,6.76,4.653614044189453,22.20168598502436,4.65341419993899,4.65341419993899,,,1.6331757307052612,0.5570844411849976,2.0393528938293457,0.7415732145309448,1.7284523248672483,0.3725956380367279
2V5Z,ligand_0206,CHEMBL86304,O=C(NCCN1CCOCC1)c1ccc(Cl)cc1,CHEMBL828820,100000.0,100.0,4.0,4.0,4.0,False,low,B,CHEMBL1144454,Ki,uM,UO_0000065,100.0,100000.0,4.0,-8.2,0.0,0.0,-8.2,0.0,0.0,-4.4,-7.8,-7.8,-8.14,-0.23,0.7158,6.905,-7.82,-0.13,0.8119,6.76,4.653614044189453,22.20168598502436,4.647473577680905,4.647473577680905,,,1.6331757307052612,0.5570844411849976,2.0393528938293457,0.7415732145309448,1.7284523248672483,0.3725956380367279
2V5Z,ligand_0207,CHEMBL5274547,O=C1/C(=C/c2c3ccccc3cc3ccccc23)Oc2ccccc21,CHEMBL5237824,200.0,0.2,6.7,6.698970004336019,6.698970004336019,True,medium,B,CHEMBL5236572,Ki,uM,UO_0000065,0.2,200.0,6.7,-10.1,0.0,0.0,-10.1,0.0,0.0,-6.5,-10.1,-10.1,-9.59,4.98,0.5182,6.57,-9.48,5.01,0.5213,6.593,4.8055739402771,15.646819035380792,5.973780859117169,5.973780859117169,,,0.6318972110748291,0.6305049657821655,1.518651008605957,0.7212181687355042,0.6970071196556091,0.5397917032241821
2V5Z,ligand_0208,CHEMBL426110,O=C1/C(=C/c2ccc(O)cc2)Oc2cc(O)ccc21,CHEMBL4187837,510.0,0.51,6.29,6.292429823902063,6.292429823902063,True,medium,B,CHEMBL4184231,Ki,uM,UO_0000065,0.51,510.0,6.29,-10.0,0.0,0.0,-10.0,0.0,0.0,-3.4,-9.3,-9.3,-10.55,0.06,0.4739,6.674,4.46,0.09,0.6146,6.343,5.549515247344971,2.821530522185789,5.737877137180767,5.737877137180767,,,0.3168506622314453,0.759377121925354,0.8595376014709473,0.8576119542121887,0.3106772303581238,0.6611422300338745
2V5Z,ligand_0209,CHEMBL3288298,O=C1CCCc2cc(OCc3cccc(I)c3)ccc21,CHEMBL3293144,7.1,0.0071,8.15,8.148741651280925,8.148741651280925,True,high,B,CHEMBL3286387,Ki,uM,UO_0000065,0.0071,7.1,8.15,-10.5,0.0,0.0,-10.5,0.0,0.0,-8.4,-9.4,-10.2,-10.54,-0.38,0.8372,7.468,-9.66,-0.39,0.84,7.279,7.658834457397461,0.0219364093913063,5.91661971809024,5.91661971809024,,,-1.0557098388671875,0.7653942108154297,-0.2315642386674881,0.7651336193084717,-0.4874107837677002,0.7656547427177429
2V5Z,ligand_0210,CHEMBL2430707,O=C1CCc2ccc(OCc3cccc(Br)c3)cc2N1,CHEMBL2433702,2.7,0.0027,8.57,8.568636235841012,8.568636235841012,True,high,B,CHEMBL2429846,Ki,uM,UO_0000065,0.0027,2.7,8.57,-10.8,0.0,0.0,-10.8,0.0,0.0,-8.7,-10.0,-10.0,-10.84,-0.41,0.8059,7.514,-10.84,-0.41,0.8059,7.514,4.59763765335083,25.255870768278943,5.444749079305246,5.444749079305246,,,-1.429704189300537,0.7401994466781616,-0.6783454418182373,0.7539374232292175,-1.0275471210479736,0.7264615297317505
2V5Z,ligand_0211,CHEMBL598394,O=C1CSC(c2ccc(OCc3ccccc3)cc2)CN1,CHEMBL1071678,48.0,0.048,7.32,7.318758762624412,7.318758762624412,True,high,B,CHEMBL1157540,Ki,uM,UO_0000065,0.048,48.0,7.32,-9.3,0.0,0.0,-9.3,0.0,0.0,-5.6,-9.2,-9.2,-9.3,-0.45,0.7765,7.426,-9.3,-0.45,0.7765,7.426,5.481633186340332,3.298882246240126,6.222648629246812,6.222648629246812,,,-0.5320734977722168,0.7752962708473206,-0.8154205083847046,0.899648129940033,0.6137415170669556,0.6509444117546082
2V5Z,ligand_0212,CHEMBL326294,O=C1Nc2ccccc2C1=O,CHEMBL1817454,33.0,33.0,7.48,7.481486060122112,7.481486060122112,True,high,B,CHEMBL1811872,Ki,nM,UO_0000065,33.0,33.0,7.48,-7.1,0.0,0.0,-7.1,0.0,0.0,-6.4,-6.5,-6.9,-6.72,0.0,0.5348,4.13,-6.52,0.0,0.7493,4.519,4.416414737701416,38.334099193398494,4.833622615921546,4.833622615921546,,,1.1729071140289309,0.6483577489852905,0.8580653071403503,0.8000733852386475,1.0619059801101685,0.4966420531272888
2V5Z,ligand_0213,CHEMBL326294,O=C1Nc2ccccc2C1=O,CHEMBL3862220,5200.0,5.2,5.28,5.2839966563652006,5.2839966563652006,False,low,B,CHEMBL3861946,Ki,uM,UO_0000065,5.2,5200.0,5.28,-7.1,0.0,0.0,-7.1,0.0,0.0,-6.4,-6.5,-6.9,-6.72,0.0,0.5348,4.13,-6.52,0.0,0.7493,4.519,4.416414737701416,38.334099193398494,4.833281825410428,4.833281825410428,,,1.1729071140289309,0.6483577489852905,0.8580653071403503,0.8000733852386475,1.0619059801101685,0.4966420531272888
2V5Z,ligand_0214,CHEMBL326294,O=C1Nc2ccccc2C1=O,CHEMBL884737,3000.0,3.0,5.52,5.522878745280337,5.522878745280337,False,low,B,CHEMBL1142839,Ki,uM,UO_0000065,3.0,3000.0,5.52,-7.1,0.0,0.0,-7.1,0.0,0.0,-6.4,-6.5,-6.9,-6.72,0.0,0.5348,4.13,-6.52,0.0,0.7493,4.519,4.416414737701416,38.334099193398494,4.838799114529117,4.838799114529117,,,1.1729071140289309,0.6483577489852905,0.8580653071403503,0.8000733852386475,1.0619059801101685,0.4966420531272888
2V5Z,ligand_0215,CHEMBL2391742,O=C1OCc2ccc(OCc3ccc(C(F)(F)F)cc3)cc21,CHEMBL2394149,0.46,0.00046,9.34,9.337242168318426,9.337242168318426,True,high,B,CHEMBL2390879,Ki,uM,UO_0000065,0.00046,0.46,9.34,-10.8,0.0,0.0,-10.8,0.0,0.0,-4.7,-10.2,-10.2,-10.82,-0.5,0.7718,6.639,-10.79,-0.54,0.7908,6.65,4.83760929107666,14.534185838830624,4.871127450810756,4.871127450810756,,,-1.2876362800598145,0.8144840002059937,-0.4500487446784973,0.8406291604042053,-1.1132725477218628,0.7883388996124268
2V5Z,ligand_0216,CHEMBL2391742,O=C1OCc2ccc(OCc3ccc(C(F)(F)F)cc3)cc21,CHEMBL2394150,0.6,0.0006,9.22,9.221848749616356,9.221848749616356,True,high,B,CHEMBL2390879,Ki,uM,UO_0000065,0.0006,0.6,9.22,-10.8,0.0,0.0,-10.8,0.0,0.0,-4.7,-10.2,-10.2,-10.82,-0.5,0.7718,6.639,-10.79,-0.54,0.7908,6.65,4.83760929107666,14.534185838830624,4.911530443266046,4.911530443266046,,,-1.2876362800598145,0.8144840002059937,-0.4500487446784973,0.8406291604042053,-1.1132725477218628,0.7883388996124268
2V5Z,ligand_0217,CHEMBL2391742,O=C1OCc2ccc(OCc3ccc(C(F)(F)F)cc3)cc21,CHEMBL2394301,0.7,0.0007,9.15,9.154901959985743,9.154901959985743,True,high,B,CHEMBL2390879,Ki,uM,UO_0000065,0.0007,0.7,9.15,-10.8,0.0,0.0,-10.8,0.0,0.0,-4.7,-10.2,-10.2,-10.82,-0.5,0.7718,6.639,-10.79,-0.54,0.7908,6.65,4.83760929107666,14.534185838830624,4.876787842229711,4.876787842229711,,,-1.2876362800598145,0.8144840002059937,-0.4500487446784973,0.8406291604042053,-1.1132725477218628,0.7883388996124268
2V5Z,ligand_0218,CHEMBL5286976,O=C1Oc2ccccc2C(=O)/C1=C/NCc1ccccc1,CHEMBL5231683,94000.0,94.0,4.03,4.026872146400302,4.026872146400302,False,low,B,CHEMBL5230123,Ki,uM,UO_0000065,94.0,94000.0,4.03,-10.8,0.0,0.0,-10.8,0.0,0.0,-4.9,-10.1,-10.6,-10.17,0.3,0.4489,6.557,-7.38,0.55,0.6415,6.746,5.790523052215576,1.6198580100639604,5.568209172117368,5.568209172117368,,,0.7329540252685547,0.5473511815071106,1.0031570196151731,0.6489132046699524,1.1292595863342283,0.4457891881465912
2V5Z,ligand_0219,CHEMBL1760713,O=[N+]([O-])c1ccc(C2CC(c3c4ccccc4cc4ccccc34)=NN2)cc1,CHEMBL1764623,1.15,1.15,8.94,8.939302159646388,8.939302159646388,True,high,B,CHEMBL1759975,Ki,nM,UO_0000065,1.15,1.15,8.94,-11.8,0.0,0.0,-11.8,0.0,0.0,-4.7,-11.5,-7.4,-11.89,0.63,0.3461,7.111,-4.86,1.25,0.5705,7.93,5.71055793762207,1.947341245013116,5.843729630120084,5.843729630120084,,,-0.3866338729858398,0.5571638345718384,-0.1708704829216003,0.6632567048072815,0.671623945236206,0.4510709941387176
2V5Z,ligand_0220,CHEMBL1760721,O=[N+]([O-])c1cccc(C2CC(c3c4ccccc4cc4ccccc34)=NN2)c1,CHEMBL1764623,0.31,0.31,9.51,9.508638306165727,9.508638306165727,True,high,B,CHEMBL1759975,Ki,nM,UO_0000065,0.31,0.31,9.51,-10.6,0.0,0.0,-10.6,0.0,0.0,-3.5,-9.5,-8.2,-10.58,0.22,0.3867,7.197,-7.89,1.15,0.4828,7.75,5.53233528137207,2.9353826208307128,5.825164336838292,5.825164336838292,,,-0.3274974822998047,0.6189119219779968,0.1841906011104583,0.6985569000244141,0.4308074712753296,0.5392669439315796
2V5Z,ligand_0221,CHEMBL4286754,O=c1[nH]c(SCc2cccc(I)c2)nc2ccccc12,CHEMBL4276118,68.0,0.068,7.17,7.167491087293763,7.167491087293763,True,high,B,CHEMBL4270656,Ki,uM,UO_0000065,0.068,68.0,7.17,-10.2,0.0,0.0,-10.2,0.0,0.0,-8.2,-9.6,-9.6,-10.22,-0.24,0.6853,7.305,3.55,-0.23,0.7161,6.218,6.127073764801025,0.7463219850555893,5.518028375667072,5.518028375667072,,,0.0359137058258056,0.4376576840877533,0.2529681026935577,0.3845991194248199,1.2528740167617798,0.4907162487506866
2V5Z,ligand_0222,CHEMBL5218579,O=c1[nH]c2ccc(OCc3ccccc3)cc2c(=O)o1,CHEMBL5217008,4.3,0.0043,8.37,8.366531544420413,8.366531544420413,True,high,B,CHEMBL5214951,Ki,uM,UO_0000065,0.0043,4.3,8.37,-10.0,0.0,0.0,-10.0,0.0,0.0,-4.9,-9.9,-9.5,-9.99,-0.39,0.3576,6.444,-9.88,-0.39,0.6437,6.822,6.772551536560059,0.1688295502105,4.677369115020006,4.677369115020006,,,-0.7745065689086914,0.7556229829788208,-0.8053702116012573,0.8939391374588013,-0.0238408185541629,0.6173068881034851
2V5Z,ligand_0223,CHEMBL1241163,O=c1c(/C=C/c2ccccc2)coc2ccccc12,CHEMBL4813509,18.0,18.0,7.75,7.7447274948966935,7.7447274948966935,True,high,B,CHEMBL4811301,Ki,nM,UO_0000065,18.0,18.0,7.75,-10.6,0.0,0.0,-10.6,0.0,0.0,-1.1,-9.9,-9.9,-9.98,0.06,0.4716,6.302,-8.72,-0.32,0.5508,6.525,4.305682182312012,49.46725570625018,5.236035537464321,5.236035537464321,,,0.7418699264526367,0.7743363380432129,1.220471978187561,0.9044179916381836,0.7110385298728943,0.6442546844482422
2V5Z,ligand_0224,CHEMBL3764447,O=c1oc2cc(OCc3ccc(Cl)cc3)ccc2s1,CHEMBL3767908,3.9,0.0039,8.41,8.4089353929735,8.4089353929735,True,high,B,CHEMBL3763010,Ki,uM,UO_0000065,0.0039,3.9,8.41,-9.7,0.0,0.0,-9.7,0.0,0.0,-6.7,-9.5,-9.5,-9.68,-0.36,0.6876,6.672,-9.36,-0.3,0.7612,7.012,6.949028491973877,0.1124531196459197,4.516135330662887,4.516135330662887,,,-0.9968605041503906,0.735779881477356,-0.6912168264389038,0.8470014929771423,-0.398939847946167,0.6245583295822144
2V5Z,ligand_0225,CHEMBL3764447,O=c1oc2cc(OCc3ccc(Cl)cc3)ccc2s1,CHEMBL3767910,3.5,0.0035,8.46,8.455931955649724,8.455931955649724,True,high,B,CHEMBL3763010,Ki,uM,UO_0000065,0.0035,3.5,8.46,-9.7,0.0,0.0,-9.7,0.0,0.0,-6.7,-9.5,-9.5,-9.68,-0.36,0.6876,6.672,-9.36,-0.3,0.7612,7.012,6.949028491973877,0.1124531196459197,4.58531907495286,4.58531907495286,,,-0.9968605041503906,0.735779881477356,-0.6912168264389038,0.8470014929771423,-0.398939847946167,0.6245583295822144
2V5Z,ligand_0226,CHEMBL4111997,OC1CCC(N[C@H]2C[C@@H]2c2ccc(-c3cccc(C(F)(F)F)c3)nc2)CC1,CHEMBL3887028,20000.0,20000.0,4.7,4.698970004336019,4.698970004336019,False,low,B,CHEMBL3886143,Ki,nM,UO_0000065,20000.0,20000.0,4.7,-11.5,0.0,0.0,-11.5,0.0,0.0,-4.4,-5.8,-5.8,-11.0,0.4,0.4137,7.936,-10.37,1.06,0.692,8.168,6.588195323944092,0.2581099080233044,7.317004672579576,7.317004672579576,,,-1.227698802947998,0.8194653987884521,-0.5221633911132812,0.8518462777137756,-0.5733874440193176,0.7870845198631287
2V5Z,ligand_0227,CHEMBL4111997,OC1CCC(N[C@H]2C[C@@H]2c2ccc(-c3cccc(C(F)(F)F)c3)nc2)CC1,CHEMBL5730713,20500.0,20500.0,4.69,4.688246138944246,4.688246138944246,False,low,B,CHEMBL5725390,Ki,nM,UO_0000065,20500.0,20500.0,4.69,-11.5,0.0,0.0,-11.5,0.0,0.0,-4.4,-5.8,-5.8,-11.0,0.4,0.4137,7.936,-10.37,1.06,0.692,8.168,6.588195323944092,0.2581099080233044,7.213456704989997,7.213456704989997,,,-1.227698802947998,0.8194653987884521,-0.5221633911132812,0.8518462777137756,-0.5733874440193176,0.7870845198631287
2V5Z,ligand_0228,CHEMBL5951670,OC1CCC(N[C@H]2C[C@@H]2c2ccc(OCc3cccc(C(F)(F)F)c3)nc2)CC1,CHEMBL5732981,20500.0,20500.0,4.69,4.688246138944246,4.688246138944246,False,low,B,CHEMBL5726605,Ki,nM,UO_0000065,20500.0,20500.0,4.69,-10.6,0.0,0.0,-10.6,0.0,0.0,-7.8,-10.5,-10.5,-10.78,-0.32,0.6999,8.245,-10.78,-0.32,0.6999,8.245,6.686060428619385,0.2060343212970416,7.445072292094435,7.445072292094435,,,-1.140737771987915,0.7227747440338135,0.0140413641929626,0.6711863279342651,-0.7861741781234741,0.7743631601333618
2V5Z,ligand_0229,CHEMBL1760714,Oc1ccc(C2CC(c3c4ccccc4cc4ccccc34)=NN2)cc1,CHEMBL1764623,7.51,7.51,8.12,8.124360062995832,8.124360062995832,True,high,B,CHEMBL1759975,Ki,nM,UO_0000065,7.51,7.51,8.12,-11.4,0.0,0.0,-11.4,0.0,0.0,-3.5,-11.0,-7.3,-7.32,1.29,0.6845,7.749,-2.42,0.37,0.7269,7.389,4.977231502532959,10.538250007156575,6.083327548004391,6.083327548004391,,,0.4453837871551513,0.6022372841835022,0.8680509924888611,0.7198478579521179,1.0619046688079834,0.4846267402172088
2V5Z,ligand_0230,CHEMBL3651591,[C-]#[N+]c1ccc(COc2ccc([C@H]3C[C@@H]3NCC(=O)N3CCN(C)CC3)cc2)cc1,CHEMBL3707811,4600.0,4600.0,5.34,5.337242168318426,5.337242168318426,False,low,B,CHEMBL3639147,Ki,nM,UO_0000065,4600.0,4600.0,5.34,-8.7,0.0,0.0,-8.7,0.0,0.0,-4.4,-7.1,-7.1,-8.65,2.51,0.5095,8.059,-1.6,0.94,0.7764,8.96,7.965505599975586,0.0108266575469,6.921299298563314,6.921299298563314,,,-0.8651149272918701,0.4843559861183166,-0.0979058742523193,0.6127459406852722,-0.1686739325523376,0.3559660017490387
2V5Z,ligand_0231,CHEMBL1760717,c1ccc(C2CC(c3c4ccccc4cc4ccccc34)=NN2)cc1,CHEMBL1764623,4.21,4.21,8.38,8.375717904164333,8.375717904164333,True,high,B,CHEMBL1759975,Ki,nM,UO_0000065,4.21,4.21,8.38,-11.5,0.0,0.0,-11.5,0.0,0.0,-5.5,-11.2,-10.4,-11.57,0.91,0.4523,6.919,-2.36,0.32,0.7412,7.17,5.02101993560791,9.527524284120233,5.554422325700907,5.554422325700907,,,0.829639196395874,0.5618622303009033,1.3353160619735718,0.6631906032562256,1.2371647357940674,0.4605338871479034
2V5Z,ligand_0232,CHEMBL1760720,c1ccc(C2CC(c3c4ccccc4cc4ccccc34)=NN2)nc1,CHEMBL1764623,5.75,5.75,8.24,8.24033215531037,8.24033215531037,True,high,B,CHEMBL1759975,Ki,nM,UO_0000065,5.75,5.75,8.24,-10.2,0.0,0.0,-10.2,0.0,0.0,-2.2,-9.3,-9.3,-10.2,0.11,0.5756,7.176,15.49,0.07,0.7289,7.598,5.3684282302856445,4.281261641041734,5.838740794137116,5.838740794137116,,,0.5108280181884766,0.5717460513114929,0.8986862897872925,0.673796534538269,1.0705386400222778,0.4696955382823944
2V5Z,ligand_0233,CHEMBL5940651,c1ccc(C2C[C@@H]2NC2CCc3ccccc32)cc1,CHEMBL5732600,20500.0,20500.0,4.69,4.688246138944246,4.688246138944246,False,low,B,CHEMBL5726393,Ki,nM,UO_0000065,20500.0,20500.0,4.69,-9.4,0.0,0.0,-9.4,0.0,0.0,-6.0,-9.2,-9.2,-9.24,0.53,0.6905,6.478,-9.24,0.53,0.6905,6.478,5.336497783660889,4.6078912023371945,5.493059070164099,5.493059070164099,,,1.2929500341415403,0.5993358492851257,1.6883102655410769,0.7186930775642395,1.2698309421539309,0.4799785912036896
2V5Z,ligand_0234,CHEMBL5943869,c1ccc(C2C[C@@H]2NCCC2CCCCC2)cc1,CHEMBL5732600,20500.0,20500.0,4.69,4.688246138944246,4.688246138944246,False,low,B,CHEMBL5726393,Ki,nM,UO_0000065,20500.0,20500.0,4.69,-9.8,0.0,0.0,-9.8,0.0,0.0,-7.3,-9.7,-9.7,-9.08,0.01,0.5958,6.633,-4.16,0.53,0.8776,5.921,5.116173267364502,7.652912232289728,5.826685137488083,5.826685137488083,,,0.2662210464477539,0.7486206293106079,0.515392005443573,0.858986496925354,0.3650334477424621,0.6382548213005066
2V5Z,ligand_0235,CHEMBL5804674,c1ccc(C2C[C@@H]2NCCC2CCCCCC2)cc1,CHEMBL5732600,20500.0,20500.0,4.69,4.688246138944246,4.688246138944246,False,low,B,CHEMBL5726393,Ki,nM,UO_0000065,20500.0,20500.0,4.69,,,,,,,,,,,,,,,,,,5.201044082641602,6.294422886833931,6.509914296805666,6.509914296805666,,,-0.4990582466125488,0.7764570713043213,-0.2332280874252319,0.8433163166046143,-0.2705809473991394,0.7095978856086731
2V5Z,ligand_0236,CHEMBL5848210,c1ccc(C2C[C@@H]2NCCCC2CCCCC2)cc1,CHEMBL5732600,20500.0,20500.0,4.69,4.688246138944246,4.688246138944246,False,low,B,CHEMBL5726393,Ki,nM,UO_0000065,20500.0,20500.0,4.69,-9.9,0.0,0.0,-9.9,0.0,0.0,-5.9,-9.8,-9.8,-9.51,0.06,0.3978,6.147,-8.76,0.04,0.6163,6.34,5.5348663330078125,2.918325076785146,6.024787764362016,6.024787764362016,,,0.5804328918457031,0.7126537561416626,0.7398943305015564,0.7921668291091919,0.8417472839355469,0.6331407427787781
2V5Z,ligand_0237,CHEMBL597373,c1ccc(COc2ccc(C3CNCCS3)cc2)cc1,CHEMBL1071678,38.0,0.038,7.42,7.42021640338319,7.42021640338319,True,high,B,CHEMBL1157540,Ki,uM,UO_0000065,0.038,38.0,7.42,-9.7,0.0,0.0,-9.7,0.0,0.0,-4.2,-9.6,-9.6,-9.56,-0.43,0.8706,7.444,-9.2,-0.44,0.9007,7.461,5.382239818572998,4.147249671574577,6.023644144199793,6.023644144199793,,,-0.387263536453247,0.8201361894607544,-0.4638821482658386,0.9406111240386964,0.4326506853103637,0.6996611952781677
2V5Z,ligand_0238,CHEMBL5881731,c1ccc(COc2ccc([C@@H]3C[C@H]3NC3CCNCC3)cc2)cc1,CHEMBL5729821,5500.0,5500.0,5.26,5.259637310505756,5.259637310505756,False,low,B,CHEMBL5725200,Ki,nM,UO_0000065,5500.0,5500.0,5.26,-10.1,0.0,0.0,-10.1,0.0,0.0,-4.7,-6.8,-6.8,-10.3,0.24,0.7141,7.542,-9.62,0.19,0.8045,7.844,6.377851486206055,0.4189368026205667,6.463756884901215,6.463756884901215,,,0.1454572677612304,0.718762218952179,0.5661846995353699,0.7579160928726196,0.6461125612258911,0.6796083450317383
2V5Z,ligand_0239,CHEMBL5768411,c1ccc(COc2ccc([C@H]3C[C@@H]3NC3CCNCC3)cc2)cc1,CHEMBL5733762,5500.0,5500.0,5.26,5.259637310505756,5.259637310505756,False,low,B,CHEMBL5726958,Ki,nM,UO_0000065,5500.0,5500.0,5.26,-10.2,0.0,0.0,-10.2,0.0,0.0,-0.8,-9.9,-9.9,-10.1,-0.67,0.7251,7.658,-9.79,0.26,0.8366,7.946,6.480520248413086,0.3307346916266784,6.392934097241382,6.392934097241382,,,0.1630463600158691,0.7273849844932556,0.5544939637184143,0.7697899341583252,0.6917831897735596,0.684980034828186
2V5Z,ligand_0240,CHEMBL402456,c1ccc(NCc2ccccn2)cc1,CHEMBL3225243,97000.0,97.0,4.01,4.013228265733755,4.013228265733755,False,low,B,CHEMBL3217687,Ki,uM,UO_0000065,97.0,97000.0,4.01,-7.7,0.0,0.0,-7.7,0.0,0.0,-6.7,-7.1,-7.1,-7.61,-0.21,0.6559,5.491,-7.04,-0.28,0.8091,5.501,3.735428333282471,183.8957391213376,3.629367511966042,3.629367511966042,,,1.3626371622085571,0.7474130392074585,1.02782142162323,0.8799583911895752,1.5624372959136963,0.6148676872253418
2V5Z,ligand_0241,CHEMBL3759239,c1ccc([C@H]2C[C@@H]2NCC2CCNCC2)cc1,CHEMBL5729821,55000.0,55000.0,4.26,4.259637310505756,4.259637310505756,False,low,B,CHEMBL5725200,Ki,nM,UO_0000065,55000.0,55000.0,4.26,-8.5,0.0,0.0,-8.5,0.0,0.0,-5.7,-8.1,-8.1,-8.53,-0.35,0.6425,6.911,6.98,-0.1,0.759,6.873,5.032481670379639,9.279366533411364,5.5023323162806825,5.5023323162806825,,,1.0043208599090576,0.6863811612129211,1.1727023124694824,0.8080205321311951,1.0606091022491455,0.5647417902946472
2V5Z,ligand_0242,CHEMBL5947838,c1ccc([C@H]2C[C@@H]2NCCC2CCNCC2)cc1,CHEMBL5729821,55000.0,55000.0,4.26,4.259637310505756,4.259637310505756,False,low,B,CHEMBL5725200,Ki,nM,UO_0000065,55000.0,55000.0,4.26,-9.1,0.0,0.0,-9.1,0.0,0.0,-6.7,-6.7,-8.2,-8.84,-0.21,0.5669,6.611,-8.1,-0.26,0.7062,6.385,5.156499862670898,6.974292174171463,5.71734511323178,5.71734511323178,,,1.233250856399536,0.6761627197265625,1.7283523082733154,0.8566099405288696,1.0441526174545288,0.4957155287265777
2V5Z,ligand_0243,CHEMBL5909249,c1ccc([C@H]2C[C@@H]2NCCC2CCOCC2)cc1,CHEMBL5729821,55000.0,55000.0,4.26,4.259637310505756,4.259637310505756,False,low,B,CHEMBL5725200,Ki,nM,UO_0000065,55000.0,55000.0,4.26,-8.9,0.0,0.0,-8.9,0.0,0.0,-7.2,-8.9,-8.9,-8.59,-0.18,0.4793,6.504,-8.56,0.21,0.5541,6.52,5.213995933532715,6.10947745418938,5.23662296703105,5.23662296703105,,,0.7557439804077148,0.6359119415283203,0.989354133605957,0.7485089302062988,0.8763810992240906,0.523314893245697
2V5Z,ligand_0244,CHEMBL275224,c1ccc2c(c1)[nH]c1cnccc12,CHEMBL1930784,1200.0,1.2,5.92,5.920818753952375,5.920818753952375,False,low,B,CHEMBL1926587,Ki,uM,UO_0000065,1.2,1200.0,5.92,-8.2,0.0,0.0,-8.2,0.0,0.0,-7.4,-7.6,-7.6,-8.16,0.0,0.4571,5.375,-7.82,0.0,0.9123,6.228,4.14888858795166,70.97598233590442,4.613428020018307,4.613428020018307,,,0.1315007209777832,0.6862950921058655,-0.0228428095579147,0.7654504776000977,0.1281397938728332,0.6071397066116333
2V5Z,ligand_0245,CHEMBL404505,c1ccc2oc(C3=NCCN3)cc2c1,CHEMBL1033166,26000.0,26.0,4.58,4.585026652029182,4.585026652029182,False,low,B,CHEMBL1154534,Ki,uM,UO_0000065,26.0,26000.0,4.58,-7.8,0.0,0.0,-7.8,0.0,0.0,-7.0,-7.4,-7.4,-7.8,-0.12,0.8022,6.258,-7.8,-0.12,0.8022,6.258,7.206698894500732,0.0621299645049394,5.749463289997163,5.749463289997163,,,1.6128956079483032,0.6048851013183594,2.2667336463928223,0.7161042094230652,0.8444350361824036,0.4936659634113312
2V5Z,ligand_0246,CHEMBL404505,c1ccc2oc(C3=NCCN3)cc2c1,CHEMBL4147091,8300.0,8.3,5.08,5.080921907623926,5.080921907623926,False,low,B,CHEMBL4145484,Ki,uM,UO_0000065,8.3,8300.0,5.08,-7.8,0.0,0.0,-7.8,0.0,0.0,-7.0,-7.4,-7.4,-7.8,-0.12,0.8022,6.258,-7.8,-0.12,0.8022,6.258,7.206698894500732,0.0621299645049394,5.745641603515561,5.745641603515561,,,1.6128956079483032,0.6048851013183594,2.2667336463928223,0.7161042094230652,0.8444350361824036,0.4936659634113312
