action_type;activity_comment;activity_id;activity_properties;assay_chembl_id;assay_description;assay_type;assay_variant_accession;assay_variant_mutation;bao_endpoint;bao_format;bao_label;canonical_smiles;data_validity_comment;data_validity_description;document_chembl_id;document_journal;document_year;ligand_efficiency;molecule_chembl_id;molecule_pref_name;parent_molecule_chembl_id;pchembl_value;potential_duplicate;qudt_units;record_id;relation;src_id;standard_flag;standard_relation;standard_text_value;standard_type;standard_units;standard_upper_value;standard_value;target_chembl_id;target_organism;target_pref_name;target_tax_id;text_value;toid;type;units;uo_units;upper_value;value;is_mutant
;;79605;[];CHEMBL664583;Inhibition of human placental aromatase Cytochrome P450 19A1;B;;;BAO_0000192;BAO_0000019;assay format;C[C@]12CC[C@H]3[C@@H](CCC4=CC(=O)CC[C@@]43C)[C@@H]1CC[C@@H]2O;;;CHEMBL1122309;J Med Chem;1983;{'bei': '21.57', 'le': '0.40', 'lle': '2.34', 'sei': '16.68'};CHEMBL386630;TESTOSTERONE;CHEMBL386630;6.22;0;http://www.openphacts.org/units/Nanomolar;294787;=;1;1;=;;Ki;nM;;600.0;CHEMBL1978;Homo sapiens;Aromatase;9606;;;Ki;uM;UO_0000065;;0.6;False
;;160554;[];CHEMBL666405;Inhibitory constant (Ki) for Cytochrome P450 19A1;B;;;BAO_0000192;BAO_0000357;single protein format;CCC1(c2ccc(N)cc2)CCC(=O)NC1=O;;;CHEMBL1123108;J Med Chem;1985;{'bei': '26.79', 'le': '0.50', 'lle': '4.87', 'sei': '8.62'};CHEMBL488;AMINOGLUTETHIMIDE;CHEMBL488;6.22;0;http://www.openphacts.org/units/Nanomolar;108915;=;1;1;=;;Ki;nM;;600.0;CHEMBL1978;Homo sapiens;Aromatase;9606;;;Ki app;uM;UO_0000065;;0.6;False
;;171632;[];CHEMBL666405;Inhibitory constant (Ki) for Cytochrome P450 19A1;B;;;BAO_0000192;BAO_0000357;single protein format;CCC1(c2ccncc2)CCC(=O)NC1=O;;;CHEMBL1123108;J Med Chem;1985;{'bei': '27.30', 'le': '0.51', 'lle': '4.79', 'sei': '10.09'};CHEMBL289116;ROGLETIMIDE;CHEMBL289116;5.96;0;http://www.openphacts.org/units/Nanomolar;108911;=;1;1;=;;Ki;nM;;1100.0;CHEMBL1978;Homo sapiens;Aromatase;9606;;;Ki app;uM;UO_0000065;;1.1;False
;;186033;[];CHEMBL660323;Apparent inhibition constant for aromatase inhibition, was obtained by Dixon plot;B;;;BAO_0000192;BAO_0000357;single protein format;C[C@]12CC[C@H]3[C@@H](CC=C4[C@H](O)CCC[C@@]43CO)[C@@H]1CCC2=O;;;CHEMBL1134295;J Med Chem;2001;{'bei': '20.03', 'le': '0.38', 'lle': '3.25', 'sei': '10.60'};CHEMBL1630273;;CHEMBL1630273;6.10;0;http://www.openphacts.org/units/Nanomolar;260391;=;1;1;=;;Ki;nM;;800.0;CHEMBL1978;Homo sapiens;Aromatase;9606;;;Ki app;nM;UO_0000065;;800.0;False
;;186035;[];CHEMBL660323;Apparent inhibition constant for aromatase inhibition, was obtained by Dixon plot;B;;;BAO_0000192;BAO_0000357;single protein format;C[C@]12CCCC=C1[C@H](O)C[C@@H]1[C@@H]2CC[C@]2(C)C(=O)CC[C@@H]12;;;CHEMBL1134295;J Med Chem;2001;{'bei': '28.51', 'le': '0.53', 'lle': '4.34', 'sei': '22.04'};CHEMBL1630261;;CHEMBL1630261;8.22;0;http://www.openphacts.org/units/Nanomolar;260403;=;1;1;=;;Ki;nM;;6.0;CHEMBL1978;Homo sapiens;Aromatase;9606;;;Ki app;nM;UO_0000065;;6.0;False
;;188468;[];CHEMBL660323;Apparent inhibition constant for aromatase inhibition, was obtained by Dixon plot;B;;;BAO_0000192;BAO_0000357;single protein format;C[C@]12CC[C@H]3[C@@H](CCC4=CCCC[C@@]43CO)[C@@H]1CCC2=O;;;CHEMBL1134295;J Med Chem;2001;{'bei': '28.56', 'le': '0.54', 'lle': '4.36', 'sei': '22.08'};CHEMBL1629805;;CHEMBL1629805;8.24;0;http://www.openphacts.org/units/Nanomolar;260400;=;1;1;=;;Ki;nM;;5.8;CHEMBL1978;Homo sapiens;Aromatase;9606;;;Ki app;nM;UO_0000065;;5.8;False
;;194007;[];CHEMBL662247;Inhibition of human placental cytochrome P450 19A1 with testosterone;B;;;BAO_0000192;BAO_0000019;assay format;CCC1(c2ccncc2)CCC(=O)NC1=O;;;CHEMBL1123885;J Med Chem;1987;{'bei': '27.30', 'le': '0.51', 'lle': '4.79', 'sei': '10.09'};CHEMBL289116;ROGLETIMIDE;CHEMBL289116;5.96;1;http://www.openphacts.org/units/Nanomolar;62501;=;1;1;=;;Ki;nM;;1100.0;CHEMBL1978;Homo sapiens;Aromatase;9606;;;Ki;uM;UO_0000065;;1.1;False
;;194008;[];CHEMBL662248;Inhibition of human placental cytochrome P450 19A1 with androstenedione;B;;;BAO_0000192;BAO_0000019;assay format;CCC1(c2ccncc2)CCC(=O)NC1=O;;;CHEMBL1123885;J Med Chem;1987;{'bei': '22.24', 'le': '0.41', 'lle': '3.68', 'sei': '8.22'};CHEMBL289116;ROGLETIMIDE;CHEMBL289116;4.85;0;http://www.openphacts.org/units/Nanomolar;62501;=;1;1;=;;Ki;nM;;14000.0;CHEMBL1978;Homo sapiens;Aromatase;9606;;;Ki;uM;UO_0000065;;14.0;False
;;195131;[];CHEMBL661157;Inhibition of human placental cytochrome P450 19A1 with testosterone;B;;;BAO_0000192;BAO_0000019;assay format;CCC1(c2ccc(N)cc2)CCC(=O)NC1=O;;;CHEMBL1123885;J Med Chem;1987;{'bei': '26.79', 'le': '0.50', 'lle': '4.87', 'sei': '8.62'};CHEMBL488;AMINOGLUTETHIMIDE;CHEMBL488;6.22;1;http://www.openphacts.org/units/Nanomolar;62513;=;1;1;=;;Ki;nM;;600.0;CHEMBL1978;Homo sapiens;Aromatase;9606;;;Ki;uM;UO_0000065;;0.6;False
;;195132;[];CHEMBL660320;Inhibition of human placental cytochrome P450 19A1 with androstenedione;B;;;BAO_0000192;BAO_0000019;assay format;CCC1(c2ccc(N)cc2)CCC(=O)NC1=O;;;CHEMBL1123885;J Med Chem;1987;{'bei': '24.73', 'le': '0.46', 'lle': '4.39', 'sei': '7.96'};CHEMBL488;AMINOGLUTETHIMIDE;CHEMBL488;5.75;0;http://www.openphacts.org/units/Nanomolar;62513;=;1;1;=;;Ki;nM;;1800.0;CHEMBL1978;Homo sapiens;Aromatase;9606;;;Ki;uM;UO_0000065;;1.8;False
;;197807;[];CHEMBL660323;Apparent inhibition constant for aromatase inhibition, was obtained by Dixon plot;B;;;BAO_0000192;BAO_0000357;single protein format;CC(=O)O[C@H]1CCC[C@@]2(C)C1=CC[C@@H]1[C@@H]2CC[C@]2(C)C(=O)CC[C@@H]12;;;CHEMBL1134295;J Med Chem;2001;{'bei': '21.32', 'le': '0.40', 'lle': '2.60', 'sei': '16.25'};CHEMBL2112739;;CHEMBL2112739;7.05;0;http://www.openphacts.org/units/Nanomolar;260406;=;1;1;=;;Ki;nM;;90.0;CHEMBL1978;Homo sapiens;Aromatase;9606;;;Ki app;nM;UO_0000065;;90.0;False
;;200309;[];CHEMBL660323;Apparent inhibition constant for aromatase inhibition, was obtained by Dixon plot;B;;;BAO_0000192;BAO_0000357;single protein format;C[C@]12CC[C@H]3[C@@H](CC=C4[C@@H](O)CCC[C@@]43CO)[C@@H]1CCC2=O;;;CHEMBL1134295;J Med Chem;2001;{'bei': '27.82', 'le': '0.53', 'lle': '5.62', 'sei': '14.72'};CHEMBL1630274;;CHEMBL1630274;8.47;0;http://www.openphacts.org/units/Nanomolar;260395;=;1;1;=;;Ki;nM;;3.4;CHEMBL1978;Homo sapiens;Aromatase;9606;;;Ki app;nM;UO_0000065;;3.4;False
;;200311;[];CHEMBL660323;Apparent inhibition constant for aromatase inhibition, was obtained by Dixon plot;B;;;BAO_0000192;BAO_0000357;single protein format;C[C@]12CCCC=C1CC[C@@H]1[C@@H]2CC[C@]2(C)C(=O)CC[C@@H]12;;;CHEMBL1134295;J Med Chem;2001;{'bei': '29.98', 'le': '0.56', 'lle': '3.26', 'sei': '47.85'};CHEMBL1629804;;CHEMBL1629804;8.17;1;http://www.openphacts.org/units/Nanomolar;260401;=;1;1;=;;Ki;nM;;6.8;CHEMBL1978;Homo sapiens;Aromatase;9606;;;Ki app;nM;UO_0000065;;6.8;False
;;201153;[];CHEMBL662249;Inhibition of human placental cytochrome P450 19A1 with testosterone;B;;;BAO_0000192;BAO_0000019;assay format;CCCCCCCCN1C(=O)CCC(CC)(c2ccncc2)C1=O;;;CHEMBL1123885;J Med Chem;1987;{'bei': '20.94', 'le': '0.39', 'lle': '2.68', 'sei': '13.77'};CHEMBL39661;;CHEMBL39661;6.92;0;http://www.openphacts.org/units/Nanomolar;62516;=;1;1;=;;Ki;nM;;120.0;CHEMBL1978;Homo sapiens;Aromatase;9606;;;Ki;uM;UO_0000065;;0.12;False
;;201154;[];CHEMBL662248;Inhibition of human placental cytochrome P450 19A1 with androstenedione;B;;;BAO_0000192;BAO_0000019;assay format;CCCCCCCCN1C(=O)CCC(CC)(c2ccncc2)C1=O;;;CHEMBL1123885;J Med Chem;1987;{'bei': '19.12', 'le': '0.36', 'lle': '2.08', 'sei': '12.57'};CHEMBL39661;;CHEMBL39661;6.32;0;http://www.openphacts.org/units/Nanomolar;62516;=;1;1;=;;Ki;nM;;480.0;CHEMBL1978;Homo sapiens;Aromatase;9606;;;Ki;uM;UO_0000065;;0.48;False
;;202751;[];CHEMBL660323;Apparent inhibition constant for aromatase inhibition, was obtained by Dixon plot;B;;;BAO_0000192;BAO_0000357;single protein format;C[C@]12CCC[C@@H](O)C1=CC[C@@H]1[C@@H]2CC[C@]2(C)C(=O)CC[C@@H]12;;;CHEMBL1134295;J Med Chem;2001;{'bei': '25.09', 'le': '0.47', 'lle': '3.36', 'sei': '19.40'};CHEMBL3349856;;CHEMBL3349856;7.24;0;http://www.openphacts.org/units/Nanomolar;260390;=;1;1;=;;Ki;nM;;58.0;CHEMBL1978;Homo sapiens;Aromatase;9606;;;Ki app;nM;UO_0000065;;58.0;False
;;203936;[];CHEMBL660323;Apparent inhibition constant for aromatase inhibition, was obtained by Dixon plot;B;;;BAO_0000192;BAO_0000357;single protein format;C[C@]12CC[C@H]3[C@@H](C[C@@H](O)C4=CCCC[C@@]43CO)[C@@H]1CCC2=O;;;CHEMBL1134295;J Med Chem;2001;{'bei': '22.86', 'le': '0.43', 'lle': '4.11', 'sei': '12.10'};CHEMBL1630267;;CHEMBL1630267;6.96;0;http://www.openphacts.org/units/Nanomolar;260402;=;1;1;=;;Ki;nM;;110.0;CHEMBL1978;Homo sapiens;Aromatase;9606;;;Ki app;nM;UO_0000065;;110.0;False
;;205145;[];CHEMBL660323;Apparent inhibition constant for aromatase inhibition, was obtained by Dixon plot;B;;;BAO_0000192;BAO_0000357;single protein format;C[C@]12CCC[C@H](O)C1=CC[C@@H]1[C@@H]2CC[C@]2(C)C(=O)CC[C@@H]12;;;CHEMBL1134295;J Med Chem;2001;{'bei': '26.36', 'le': '0.49', 'lle': '3.72', 'sei': '20.38'};CHEMBL3349864;;CHEMBL3349864;7.60;0;http://www.openphacts.org/units/Nanomolar;260394;=;1;1;=;;Ki;nM;;25.0;CHEMBL1978;Homo sapiens;Aromatase;9606;;;Ki app;nM;UO_0000065;;25.0;False
;;205147;[];CHEMBL660323;Apparent inhibition constant for aromatase inhibition, was obtained by Dixon plot;B;;;BAO_0000192;BAO_0000357;single protein format;C[C@]12CCCC=C1[C@@H](O)C[C@@H]1[C@@H]2CC[C@]2(C)C(=O)CC[C@@H]12;;;CHEMBL1134295;J Med Chem;2001;{'bei': '26.62', 'le': '0.50', 'lle': '3.80', 'sei': '20.58'};CHEMBL1629806;;CHEMBL1629806;7.68;0;http://www.openphacts.org/units/Nanomolar;260404;=;1;1;=;;Ki;nM;;21.0;CHEMBL1978;Homo sapiens;Aromatase;9606;;;Ki app;nM;UO_0000065;;21.0;False
;;214543;[];CHEMBL660323;Apparent inhibition constant for aromatase inhibition, was obtained by Dixon plot;B;;;BAO_0000192;BAO_0000357;single protein format;C[C@]12CC[C@H]3[C@@H](C[C@H](O)C4=CCCC[C@@]43CO)[C@@H]1CCC2=O;;;CHEMBL1134295;J Med Chem;2001;{'bei': '21.69', 'le': '0.41', 'lle': '3.75', 'sei': '11.48'};CHEMBL1630266;;CHEMBL1630266;6.60;0;http://www.openphacts.org/units/Nanomolar;260397;=;1;1;=;;Ki;nM;;250.0;CHEMBL1978;Homo sapiens;Aromatase;9606;;;Ki app;nM;UO_0000065;;250.0;False
;;216916;[];CHEMBL660323;Apparent inhibition constant for aromatase inhibition, was obtained by Dixon plot;B;;;BAO_0000192;BAO_0000357;single protein format;CC(=O)O[C@@H]1CCC[C@@]2(C)C1=CC[C@@H]1[C@@H]2CC[C@]2(C)C(=O)CC[C@@H]12;;;CHEMBL1134295;J Med Chem;2001;{'bei': '21.85', 'le': '0.41', 'lle': '2.77', 'sei': '16.65'};CHEMBL2111917;;CHEMBL2111917;7.22;0;http://www.openphacts.org/units/Nanomolar;260393;=;1;1;=;;Ki;nM;;60.0;CHEMBL1978;Homo sapiens;Aromatase;9606;;;Ki app;nM;UO_0000065;;60.0;False
;;219384;[];CHEMBL660323;Apparent inhibition constant for aromatase inhibition, was obtained by Dixon plot;B;;;BAO_0000192;BAO_0000357;single protein format;C[C@]12CC[C@H]3[C@@H](CC=C4CCCC[C@@]43CO)[C@@H]1CCC2=O;;;CHEMBL1134295;J Med Chem;2001;{'bei': '20.80', 'le': '0.39', 'lle': '2.12', 'sei': '16.09'};CHEMBL1630911;;CHEMBL1630911;6.00;1;http://www.openphacts.org/units/Nanomolar;260398;=;1;1;=;;Ki;nM;;1000.0;CHEMBL1978;Homo sapiens;Aromatase;9606;;;Ki app;nM;UO_0000065;;1000.0;False
;;220554;[];CHEMBL660323;Apparent inhibition constant for aromatase inhibition, was obtained by Dixon plot;B;;;BAO_0000192;BAO_0000357;single protein format;C[C@]12CCCCC1=CC[C@@H]1[C@@H]2CC[C@]2(C)C(=O)CC[C@@H]12;;;CHEMBL1134295;J Med Chem;2001;{'bei': '25.40', 'le': '0.47', 'lle': '2.01', 'sei': '40.54'};CHEMBL2311169;;CHEMBL2311169;6.92;1;http://www.openphacts.org/units/Nanomolar;260399;=;1;1;=;;Ki;nM;;120.0;CHEMBL1978;Homo sapiens;Aromatase;9606;;;Ki app;nM;UO_0000065;;120.0;False
;;221320;[];CHEMBL662249;Inhibition of human placental cytochrome P450 19A1 with testosterone;B;;;BAO_0000192;BAO_0000019;assay format;CCCCCCCCC1(c2ccncc2)CCC(=O)NC1=O;;;CHEMBL1123885;J Med Chem;1987;{'bei': '23.30', 'le': '0.44', 'lle': '3.54', 'sei': '11.93'};CHEMBL38472;;CHEMBL38472;7.05;0;http://www.openphacts.org/units/Nanomolar;62520;=;1;1;=;;Ki;nM;;90.0;CHEMBL1978;Homo sapiens;Aromatase;9606;;;Ki;uM;UO_0000065;;0.09;False
;;221321;[];CHEMBL662248;Inhibition of human placental cytochrome P450 19A1 with androstenedione;B;;;BAO_0000192;BAO_0000019;assay format;CCCCCCCCC1(c2ccncc2)CCC(=O)NC1=O;;;CHEMBL1123885;J Med Chem;1987;{'bei': '22.15', 'le': '0.42', 'lle': '3.19', 'sei': '11.34'};CHEMBL38472;;CHEMBL38472;6.70;0;http://www.openphacts.org/units/Nanomolar;62520;=;1;1;=;;Ki;nM;;200.0;CHEMBL1978;Homo sapiens;Aromatase;9606;;;Ki;uM;UO_0000065;;0.2;False
;;230830;[];CHEMBL662244;Apparent binding affinity for human placental Cytochrome P450 19A1;B;;;BAO_0000192;BAO_0000019;assay format;CC12CCC3C(C1CCC2=O)[C@H](Cc1ccccc1)CC1=CC(=O)CCC13C;;;CHEMBL1128481;J Med Chem;1995;{'bei': '20.51', 'le': '0.38', 'lle': '2.16', 'sei': '22.62'};CHEMBL98463;;CHEMBL98463;7.72;0;http://www.openphacts.org/units/Nanomolar;178870;=;1;1;=;;Ki;nM;;18.9;CHEMBL1978;Homo sapiens;Aromatase;9606;;;Ki;nM;UO_0000065;;18.9;False
;;235957;[];CHEMBL662244;Apparent binding affinity for human placental Cytochrome P450 19A1;B;;;BAO_0000192;BAO_0000019;assay format;CC12CCC3C(C1CCC2=O)[C@H](CCc1ccccc1)CC1=CC(=O)CCC13C;;;CHEMBL1128481;J Med Chem;1995;{'bei': '20.18', 'le': '0.37', 'lle': '1.93', 'sei': '23.09'};CHEMBL99204;;CHEMBL99204;7.88;0;http://www.openphacts.org/units/Nanomolar;178874;=;1;1;=;;Ki;nM;;13.1;CHEMBL1978;Homo sapiens;Aromatase;9606;;;Ki;nM;UO_0000065;;13.1;False
;;238454;[];CHEMBL662244;Apparent binding affinity for human placental Cytochrome P450 19A1;B;;;BAO_0000192;BAO_0000019;assay format;C[C@]12CCC(=O)C=C1C[C@@H](CCCc1ccccc1)[C@@H]1[C@@H]2CC[C@]2(C)C(=O)CC[C@@H]12;;;CHEMBL1128481;J Med Chem;1995;{'bei': '19.24', 'le': '0.35', 'lle': '1.44', 'sei': '22.80'};CHEMBL3349657;;CHEMBL3349657;7.78;0;http://www.openphacts.org/units/Nanomolar;178875;=;1;1;=;;Ki;nM;;16.5;CHEMBL1978;Homo sapiens;Aromatase;9606;;;Ki;nM;UO_0000065;;16.5;False
;;246739;[];CHEMBL662244;Apparent binding affinity for human placental Cytochrome P450 19A1;B;;;BAO_0000192;BAO_0000019;assay format;C[C@]12CCC(=O)C=C1C[C@H](CCc1ccccc1)[C@@H]1[C@@H]2CC[C@]2(C)C(=O)CC[C@@H]12;;;CHEMBL1128481;J Med Chem;1995;{'bei': '18.94', 'le': '0.35', 'lle': '1.45', 'sei': '21.66'};CHEMBL3349655;;CHEMBL3349655;7.40;0;http://www.openphacts.org/units/Nanomolar;178871;=;1;1;=;;Ki;nM;;40.2;CHEMBL1978;Homo sapiens;Aromatase;9606;;;Ki;nM;UO_0000065;;40.2;False
;;249429;[];CHEMBL662244;Apparent binding affinity for human placental Cytochrome P450 19A1;B;;;BAO_0000192;BAO_0000019;assay format;C[C@]12CC[C@H]3[C@@H]([C@H](Cc4ccccc4)CC4=CC(=O)CC[C@@]43C)[C@@H]1CC[C@@H]2O;;;CHEMBL1128481;J Med Chem;1995;{'bei': '19.56', 'le': '0.36', 'lle': '2.05', 'sei': '19.85'};CHEMBL3349658;;CHEMBL3349658;7.40;0;http://www.openphacts.org/units/Nanomolar;178876;=;1;1;=;;Ki;nM;;39.5;CHEMBL1978;Homo sapiens;Aromatase;9606;;;Ki;nM;UO_0000065;;39.5;False
;;249434;[];CHEMBL662244;Apparent binding affinity for human placental Cytochrome P450 19A1;B;;;BAO_0000192;BAO_0000019;assay format;C[C@]12CCC(=O)C=C1C[C@H](Cc1ccccc1)[C@@H]1[C@@H]2CC[C@]2(C)C(=O)CC[C@@H]12;;;CHEMBL1128481;J Med Chem;1995;{'bei': '19.52', 'le': '0.36', 'lle': '1.79', 'sei': '21.53'};CHEMBL3349656;;CHEMBL3349656;7.35;0;http://www.openphacts.org/units/Nanomolar;178873;=;1;1;=;;Ki;nM;;44.5;CHEMBL1978;Homo sapiens;Aromatase;9606;;;Ki;nM;UO_0000065;;44.5;False
;;254905;[];CHEMBL662244;Apparent binding affinity for human placental Cytochrome P450 19A1;B;;;BAO_0000192;BAO_0000019;assay format;C[C@]12CC[C@H]3[C@@H]([C@H](CCc4ccccc4)CC4=CC(=O)CC[C@@]43C)[C@@H]1CC[C@@H]2O;;;CHEMBL1128481;J Med Chem;1995;{'bei': '18.96', 'le': '0.35', 'lle': '1.70', 'sei': '19.96'};CHEMBL3349659;;CHEMBL3349659;7.44;0;http://www.openphacts.org/units/Nanomolar;178877;=;1;1;=;;Ki;nM;;36.0;CHEMBL1978;Homo sapiens;Aromatase;9606;;;Ki;nM;UO_0000065;;36.0;False
;;260254;[];CHEMBL662244;Apparent binding affinity for human placental Cytochrome P450 19A1;B;;;BAO_0000192;BAO_0000019;assay format;C[C@]12CCC(=O)C=C1C[C@@H](Sc1ccc(N)cc1)[C@@H]1[C@@H]2CC[C@]2(C)C(=O)CC[C@@H]12;;;CHEMBL1128481;J Med Chem;1995;{'bei': '18.91', 'le': '0.36', 'lle': '2.30', 'sei': '12.87'};CHEMBL3245357;;CHEMBL3245357;7.75;1;http://www.openphacts.org/units/Nanomolar;178872;=;1;1;=;;Ki;nM;;18.0;CHEMBL1978;Homo sapiens;Aromatase;9606;;;Ki;nM;UO_0000065;;18.0;False
;;266449;[];CHEMBL649362;Inhibition of aromatase cytochrome P450 19A1;B;;;BAO_0000192;BAO_0000357;single protein format;C[C@]12C=CC(=O)C=C1C[C@@H](Sc1ccc(N)cc1)[C@@H]1[C@@H]2CC[C@]2(C)C(=O)CC[C@@H]12;;;CHEMBL1149926;Bioorg Med Chem Lett;1995;{'bei': '19.63', 'le': '0.38', 'lle': '2.78', 'sei': '13.30'};CHEMBL3349548;;CHEMBL3349548;8.00;0;http://www.openphacts.org/units/Nanomolar;150772;=;1;1;=;;Ki;nM;;10.0;CHEMBL1978;Homo sapiens;Aromatase;9606;;;Ki;nM;UO_0000065;;10.0;False
;;267120;[];CHEMBL664413;In vitro inhibition of Cytochrome P450 19A1;B;;;BAO_0000192;BAO_0000357;single protein format;C#CC[C@]12CCC(=O)C=C1CC[C@@H]1[C@@H]2CC[C@]2(C)C(=O)CC[C@@H]12;;;CHEMBL1124665;J Med Chem;1989;{'bei': '27.05', 'le': '0.50', 'lle': '4.31', 'sei': '24.60'};CHEMBL2105261;PLOMESTANE;CHEMBL2105261;8.40;0;http://www.openphacts.org/units/Nanomolar;127321;=;1;1;=;;Ki;nM;;4.0;CHEMBL1978;Homo sapiens;Aromatase;9606;;;Ki;nM;UO_0000065;;4.0;False
;;272315;[];CHEMBL663783;Inhibition of binding to human Placental Cytochrome P450 19A1;B;;;BAO_0000192;BAO_0000357;single protein format;C[C@]12CCC3C(CCC4=CC(=O)CC[C@@]43C(O)CBr)C1CCC2=O;;;CHEMBL1125704;J Med Chem;1991;{'bei': '15.04', 'le': '0.34', 'lle': '2.13', 'sei': '10.94'};CHEMBL298172;;CHEMBL298172;5.95;0;http://www.openphacts.org/units/Nanomolar;81823;=;1;1;=;;Ki;nM;;1130.0;CHEMBL1978;Homo sapiens;Aromatase;9606;;;Ki;uM;UO_0000065;;1.13;False
;;273429;[];CHEMBL664413;In vitro inhibition of Cytochrome P450 19A1;B;;;BAO_0000192;BAO_0000357;single protein format;C[C@]12C=CC(=O)C=C1CC[C@@H]1[C@@H]2CC[C@]2(C)OC(=O)CC[C@@H]12;;;CHEMBL1124665;J Med Chem;1989;{'bei': '14.83', 'le': '0.28', 'lle': '0.87', 'sei': '10.27'};CHEMBL1571;TESTOLACTONE;CHEMBL1571;4.46;0;http://www.openphacts.org/units/Nanomolar;127319;=;1;1;=;;Ki;nM;;35000.0;CHEMBL1978;Homo sapiens;Aromatase;9606;;;Ki;uM;UO_0000065;;35.0;False
;;273534;[];CHEMBL663783;Inhibition of binding to human Placental Cytochrome P450 19A1;B;;;BAO_0000192;BAO_0000357;single protein format;C[C@]12CCC3C(CCC4=CC(=O)CC[C@@]43C(O)CCl)C1CCC2=O;;;CHEMBL1125704;J Med Chem;1991;{'bei': '20.52', 'le': '0.41', 'lle': '3.53', 'sei': '13.24'};CHEMBL48160;;CHEMBL48160;7.20;0;http://www.openphacts.org/units/Nanomolar;81821;=;1;1;=;;Ki;nM;;63.0;CHEMBL1978;Homo sapiens;Aromatase;9606;;;Ki;uM;UO_0000065;;0.063;False
;;273662;[];CHEMBL660322;Binding affinity for human placental microsome Cytochrome P450 19A1 by nonlinear regression analysis;B;;;BAO_0000192;BAO_0000019;assay format;C#CC[C@H]1CC2C(CCC3(C)C(=O)CCC23)C2CCC(=O)C=C21;;;CHEMBL1130177;J Med Chem;1997;{'bei': '23.13', 'le': '0.43', 'lle': '3.23', 'sei': '21.04'};CHEMBL113739;;CHEMBL113739;7.18;0;http://www.openphacts.org/units/Nanomolar;208886;=;1;1;=;;Ki;nM;;65.8;CHEMBL1978;Homo sapiens;Aromatase;9606;;;Ki app;nM;UO_0000065;;65.8;False
;;276047;[];CHEMBL663783;Inhibition of binding to human Placental Cytochrome P450 19A1;B;;;BAO_0000192;BAO_0000357;single protein format;C[C@]12CCC3C(CCC4=CC(=O)[C@H]5CC[C@]43C5)C1CCC2=O;;;CHEMBL1125704;J Med Chem;1991;{'bei': '23.98', 'le': '0.44', 'lle': '3.06', 'sei': '20.96'};CHEMBL300921;;CHEMBL300921;7.16;0;http://www.openphacts.org/units/Nanomolar;81822;=;1;1;=;;Ki;nM;;70.0;CHEMBL1978;Homo sapiens;Aromatase;9606;;;Ki;uM;UO_0000065;;0.07;False
;;276048;[];CHEMBL663783;Inhibition of binding to human Placental Cytochrome P450 19A1;B;;;BAO_0000192;BAO_0000357;single protein format;C[C@]12CCC3C(CCC4=CC(=O)CC[C@@]43C(O)CBr)C1CCC2=O;;;CHEMBL1125704;J Med Chem;1991;{'bei': '19.14', 'le': '0.43', 'lle': '3.75', 'sei': '13.92'};CHEMBL298172;;CHEMBL298172;7.57;0;http://www.openphacts.org/units/Nanomolar;81818;=;1;1;=;;Ki;nM;;27.0;CHEMBL1978;Homo sapiens;Aromatase;9606;;;Ki;uM;UO_0000065;;0.027;False
;;276094;[];CHEMBL660322;Binding affinity for human placental microsome Cytochrome P450 19A1 by nonlinear regression analysis;B;;;BAO_0000192;BAO_0000019;assay format;C#CC[C@H]1CC2C3CCC(=O)C3(C)CCC2C2(C)CCC(=O)C=C12;;;CHEMBL1130177;J Med Chem;1997;{'bei': '22.91', 'le': '0.42', 'lle': '3.09', 'sei': '21.77'};CHEMBL113121;;CHEMBL113121;7.43;0;http://www.openphacts.org/units/Nanomolar;208884;=;1;1;=;;Ki;nM;;37.0;CHEMBL1978;Homo sapiens;Aromatase;9606;;;Ki app;nM;UO_0000065;;37.0;False
;;278545;[];CHEMBL663783;Inhibition of binding to human Placental Cytochrome P450 19A1;B;;;BAO_0000192;BAO_0000357;single protein format;C[C@]12CCC3C(CCC4=CC(=O)[C@H]5C[C@@H](O)[C@]43C5)C1CCC2=O;;;CHEMBL1125704;J Med Chem;1991;{'bei': '19.28', 'le': '0.36', 'lle': '3.00', 'sei': '11.15'};CHEMBL297073;;CHEMBL297073;6.06;0;http://www.openphacts.org/units/Nanomolar;81817;=;1;1;=;;Ki;nM;;870.0;CHEMBL1978;Homo sapiens;Aromatase;9606;;;Ki;uM;UO_0000065;;0.87;False
;;278926;[];CHEMBL649362;Inhibition of aromatase cytochrome P450 19A1;B;;;BAO_0000192;BAO_0000357;single protein format;C[C@]12CCC(=O)C=C1C[C@@H](CCc1ccccc1)[C@@H]1[C@@H]2CC[C@]2(C)C(=O)CC[C@@H]12;;;CHEMBL1149926;Bioorg Med Chem Lett;1995;{'bei': '19.93', 'le': '0.37', 'lle': '1.83', 'sei': '22.80'};CHEMBL3349549;;CHEMBL3349549;7.78;0;http://www.openphacts.org/units/Nanomolar;150774;=;1;1;=;;Ki;nM;;16.5;CHEMBL1978;Homo sapiens;Aromatase;9606;;;Ki;nM;UO_0000065;;16.5;False
;;280089;[];CHEMBL649362;Inhibition of aromatase cytochrome P450 19A1;B;;;BAO_0000192;BAO_0000357;single protein format;C[C@]12CCC(=O)C=C1C[C@@H](Sc1ccc(N)cc1)[C@@H]1[C@@H]2CC[C@]2(C)C(=O)CC[C@@H]12;;;CHEMBL1149926;Bioorg Med Chem Lett;1995;{'bei': '18.91', 'le': '0.36', 'lle': '2.30', 'sei': '12.87'};CHEMBL3245357;;CHEMBL3245357;7.75;1;http://www.openphacts.org/units/Nanomolar;150771;=;1;1;=;;Ki;nM;;18.0;CHEMBL1978;Homo sapiens;Aromatase;9606;;;Ki;nM;UO_0000065;;18.0;False
;;281040;[];CHEMBL660322;Binding affinity for human placental microsome Cytochrome P450 19A1 by nonlinear regression analysis;B;;;BAO_0000192;BAO_0000019;assay format;C#CC[C@@H]1CC2C3CCC(=O)C3(C)CCC2C2(C)CCC(=O)C=C12;;;CHEMBL1130177;J Med Chem;1997;{'bei': '24.66', 'le': '0.46', 'lle': '3.66', 'sei': '23.43'};CHEMBL113082;;CHEMBL113082;8.00;0;http://www.openphacts.org/units/Nanomolar;208882;=;1;1;=;;Ki;nM;;10.0;CHEMBL1978;Homo sapiens;Aromatase;9606;;;Ki app;nM;UO_0000065;;10.0;False
;;283149;[];CHEMBL663783;Inhibition of binding to human Placental Cytochrome P450 19A1;B;;;BAO_0000192;BAO_0000357;single protein format;C[C@]12CCC3C(CCC4=CC(=O)CC[C@@]43C(O)CI)C1CCC2=O;;;CHEMBL1125704;J Med Chem;1991;{'bei': '17.99', 'le': '0.45', 'lle': '4.10', 'sei': '14.64'};CHEMBL48460;;CHEMBL48460;7.96;0;http://www.openphacts.org/units/Nanomolar;81820;=;1;1;=;;Ki;nM;;11.0;CHEMBL1978;Homo sapiens;Aromatase;9606;;;Ki;uM;UO_0000065;;0.011;False
;;284845;[];CHEMBL649362;Inhibition of aromatase cytochrome P450 19A1;B;;;BAO_0000192;BAO_0000357;single protein format;C[C@]12CCC(=O)C=C1C[C@@H](Cc1ccccc1)[C@@H]1[C@@H]2CC[C@]2(C)C(=O)CC[C@@H]12;;;CHEMBL1149926;Bioorg Med Chem Lett;1995;{'bei': '20.93', 'le': '0.38', 'lle': '2.32', 'sei': '23.09'};CHEMBL3349550;;CHEMBL3349550;7.88;0;http://www.openphacts.org/units/Nanomolar;150773;=;1;1;=;;Ki;nM;;13.1;CHEMBL1978;Homo sapiens;Aromatase;9606;;;Ki;nM;UO_0000065;;13.1;False
;;285615;[];CHEMBL663783;Inhibition of binding to human Placental Cytochrome P450 19A1;B;;;BAO_0000192;BAO_0000357;single protein format;C[C@]12CCC3C(CCC4=CC(=O)CC[C@@]43C(=O)CBr)C1CCC2=O;;;CHEMBL1125704;J Med Chem;1991;{'bei': '17.09', 'le': '0.38', 'lle': '2.69', 'sei': '13.12'};CHEMBL416282;;CHEMBL416282;6.72;0;http://www.openphacts.org/units/Nanomolar;81819;=;1;1;=;;Ki;nM;;190.0;CHEMBL1978;Homo sapiens;Aromatase;9606;;;Ki;uM;UO_0000065;;0.19;False
;;289324;[];CHEMBL660322;Binding affinity for human placental microsome Cytochrome P450 19A1 by nonlinear regression analysis;B;;;BAO_0000192;BAO_0000019;assay format;C#CC[C@]12CCC(=O)C=C1CC[C@@H]1[C@@H]2CC[C@]2(C)C(=O)CC[C@@H]12;;;CHEMBL1130177;J Med Chem;1997;{'bei': '25.18', 'le': '0.46', 'lle': '3.73', 'sei': '22.90'};CHEMBL2105261;PLOMESTANE;CHEMBL2105261;7.82;0;http://www.openphacts.org/units/Nanomolar;208885;=;1;1;=;;Ki;nM;;15.2;CHEMBL1978;Homo sapiens;Aromatase;9606;;;Ki app;nM;UO_0000065;;15.2;False
;;291447;[];CHEMBL664413;In vitro inhibition of Cytochrome P450 19A1;B;;;BAO_0000192;BAO_0000357;single protein format;CC12CCC3C(CCC4=C(O)C(=O)CCC43C)C1CCCC2=O;;;CHEMBL1124665;J Med Chem;1989;{'bei': '25.25', 'le': '0.47', 'lle': '3.63', 'sei': '14.70'};CHEMBL304515;;CHEMBL304515;7.99;0;http://www.openphacts.org/units/Nanomolar;127320;=;1;1;=;;Ki;nM;;10.2;CHEMBL1978;Homo sapiens;Aromatase;9606;;;Ki;nM;UO_0000065;;10.2;False
;;295455;[];CHEMBL663783;Inhibition of binding to human Placental Cytochrome P450 19A1;B;;;BAO_0000192;BAO_0000357;single protein format;C[C@]12CCC3C(CCC4=CC(=O)[C@H]5C[C@H](O)[C@]43C5)C1CCC2=O;;;CHEMBL1125704;J Med Chem;1991;{'bei': '19.19', 'le': '0.36', 'lle': '2.97', 'sei': '11.10'};CHEMBL296617;;CHEMBL296617;6.03;0;http://www.openphacts.org/units/Nanomolar;81816;=;1;1;=;;Ki;nM;;926.0;CHEMBL1978;Homo sapiens;Aromatase;9606;;;Ki;uM;UO_0000065;;0.926;False
;;299357;[];CHEMBL660322;Binding affinity for human placental microsome Cytochrome P450 19A1 by nonlinear regression analysis;B;;;BAO_0000192;BAO_0000019;assay format;C#CC[C@@H]1CC2C(CCC3(C)C(=O)CCC23)C2CCC(=O)C=C21;;;CHEMBL1130177;J Med Chem;1997;{'bei': '23.59', 'le': '0.43', 'lle': '3.37', 'sei': '21.45'};CHEMBL109211;;CHEMBL109211;7.32;0;http://www.openphacts.org/units/Nanomolar;208883;=;1;1;=;;Ki;nM;;47.6;CHEMBL1978;Homo sapiens;Aromatase;9606;;;Ki app;nM;UO_0000065;;47.6;False
;;433668;[];CHEMBL664584;Inhibition of human placental Cytochrome P450 19A1;B;;;BAO_0000192;BAO_0000019;assay format;C[C@]12CCC3C(CCC4=CC(=O)CC[C@]43C3CO3)C1CCC2=O;;;CHEMBL1125662;J Med Chem;1991;{'bei': '25.94', 'le': '0.48', 'lle': '4.68', 'sei': '17.47'};CHEMBL26093;;CHEMBL26093;8.15;1;http://www.openphacts.org/units/Nanomolar;39832;=;1;1;=;;Ki;nM;;7.0;CHEMBL1978;Homo sapiens;Aromatase;9606;;;Ki;nM;UO_0000065;;7.0;False
;;440132;[];CHEMBL664584;Inhibition of human placental Cytochrome P450 19A1;B;;;BAO_0000192;BAO_0000019;assay format;C[C@]12CC[C@H]3[C@@H](CCC4=CC(=O)CC[C@@]43C[C@H]3CO3)[C@@H]1CCC2=O;;;CHEMBL1125662;J Med Chem;1991;{'bei': '21.51', 'le': '0.40', 'lle': '3.21', 'sei': '15.14'};CHEMBL2113269;;CHEMBL2113269;7.07;0;http://www.openphacts.org/units/Nanomolar;39827;=;1;1;=;;Ki;nM;;86.0;CHEMBL1978;Homo sapiens;Aromatase;9606;;;Ki;nM;UO_0000065;;86.0;False
;;440133;[];CHEMBL664584;Inhibition of human placental Cytochrome P450 19A1;B;;;BAO_0000192;BAO_0000019;assay format;C[C@]12CCC3C(CCC4=CC(=O)CC[C@]43C3CS3)C1CCC2=O;;;CHEMBL1125662;J Med Chem;1991;{'bei': '27.23', 'le': '0.53', 'lle': '4.82', 'sei': '26.36'};CHEMBL281433;;CHEMBL281433;9.00;1;http://www.openphacts.org/units/Nanomolar;39831;=;1;1;=;;Ki;nM;;1.0;CHEMBL1978;Homo sapiens;Aromatase;9606;;;Ki;nM;UO_0000065;;1.0;False
;;445588;[];CHEMBL664584;Inhibition of human placental Cytochrome P450 19A1;B;;;BAO_0000192;BAO_0000019;assay format;C[C@]12CC[C@H]3[C@@H](CCC4=CC(=O)CC[C@@]43C[C@@H]3CO3)[C@@H]1CCC2=O;;;CHEMBL1125662;J Med Chem;1991;{'bei': '18.64', 'le': '0.35', 'lle': '2.26', 'sei': '13.12'};CHEMBL2113268;;CHEMBL2113268;6.12;0;http://www.openphacts.org/units/Nanomolar;39826;=;1;1;=;;Ki;nM;;753.0;CHEMBL1978;Homo sapiens;Aromatase;9606;;;Ki;nM;UO_0000065;;753.0;False
;;446486;[];CHEMBL664420;Binding affinity for Cytochrome P450 19A1;B;;;BAO_0000192;BAO_0000357;single protein format;Nc1ccc(SC[C@H]2CO[C@@](CCc3ccc(Cl)cc3)(Cn3ccnc3)O2)cc1;;;CHEMBL1127068;J Med Chem;1993;{'bei': '18.34', 'le': '0.37', 'lle': '3.23', 'sei': '12.66'};CHEMBL305220;;CHEMBL305220;7.89;0;http://www.openphacts.org/units/Nanomolar;127177;=;1;1;=;;Ki;nM;;13.0;CHEMBL1978;Homo sapiens;Aromatase;9606;;;Ki;nM;UO_0000065;;13.0;False
;;458765;[];CHEMBL664584;Inhibition of human placental Cytochrome P450 19A1;B;;;BAO_0000192;BAO_0000019;assay format;C[C@]12CC[C@H]3[C@@H](CCC4=CC(=O)CC[C@@]43C[C@@H]3CS3)[C@@H]1CCC2=O;;;CHEMBL1125662;J Med Chem;1991;{'bei': '19.41', 'le': '0.38', 'lle': '2.12', 'sei': '19.58'};CHEMBL2113276;;CHEMBL2113276;6.69;0;http://www.openphacts.org/units/Nanomolar;39833;=;1;1;=;;Ki;nM;;206.0;CHEMBL1978;Homo sapiens;Aromatase;9606;;;Ki;nM;UO_0000065;;206.0;False
;;459469;[];CHEMBL664420;Binding affinity for Cytochrome P450 19A1;B;;;BAO_0000192;BAO_0000357;single protein format;Nc1ccc(SC[C@@H]2CO[C@](CCc3ccc(Cl)cc3)(Cn3ccnc3)O2)cc1;;;CHEMBL1127068;J Med Chem;1993;{'bei': '18.88', 'le': '0.38', 'lle': '3.46', 'sei': '13.03'};CHEMBL70611;AZALANSTAT;CHEMBL70611;8.12;0;http://www.openphacts.org/units/Nanomolar;127176;=;1;1;=;;Ki;nM;;7.6;CHEMBL1978;Homo sapiens;Aromatase;9606;;;Ki;nM;UO_0000065;;7.6;False
;;463799;[];CHEMBL664584;Inhibition of human placental Cytochrome P450 19A1;B;;;BAO_0000192;BAO_0000019;assay format;C[C@]12CCC3C(CCC4=CC(=O)CC[C@@]43C3CS3)C1CCC2=O;;;CHEMBL1125662;J Med Chem;1991;{'bei': '21.56', 'le': '0.42', 'lle': '2.94', 'sei': '20.87'};CHEMBL282580;;CHEMBL282580;7.12;1;http://www.openphacts.org/units/Nanomolar;39830;=;1;1;=;;Ki;nM;;75.0;CHEMBL1978;Homo sapiens;Aromatase;9606;;;Ki;nM;UO_0000065;;75.0;False
;;464995;[];CHEMBL664584;Inhibition of human placental Cytochrome P450 19A1;B;;;BAO_0000192;BAO_0000019;assay format;C[C@]12CC[C@H]3[C@@H](CCC4=CC(=O)CC[C@@]43C[C@H]3CS3)[C@@H]1CCC2=O;;;CHEMBL1125662;J Med Chem;1991;{'bei': '22.23', 'le': '0.44', 'lle': '3.09', 'sei': '22.43'};CHEMBL2113272;;CHEMBL2113272;7.66;0;http://www.openphacts.org/units/Nanomolar;39828;=;1;1;=;;Ki;nM;;22.0;CHEMBL1978;Homo sapiens;Aromatase;9606;;;Ki;nM;UO_0000065;;22.0;False
;;464996;[];CHEMBL664584;Inhibition of human placental Cytochrome P450 19A1;B;;;BAO_0000192;BAO_0000019;assay format;C[C@]12CCC3C(CCC4=CC(=O)CC[C@@]43C3CO3)C1CCC2=O;;;CHEMBL1125662;J Med Chem;1991;{'bei': '22.66', 'le': '0.42', 'lle': '3.65', 'sei': '15.27'};CHEMBL28806;;CHEMBL28806;7.12;1;http://www.openphacts.org/units/Nanomolar;39829;=;1;1;=;;Ki;nM;;75.0;CHEMBL1978;Homo sapiens;Aromatase;9606;;;Ki;nM;UO_0000065;;75.0;False
;;481944;[];CHEMBL664889;Binding affinity for human placental microsome cytochrome P450 19A1 with 1 uM [1-beta-3H]-androstenedione;B;;;BAO_0000192;BAO_0000019;assay format;CC(=O)OCC12CCCC=C1CCC1C3CCC(=O)C3(C)CCC12;;;CHEMBL1125884;J Med Chem;1991;{'bei': '19.79', 'le': '0.37', 'lle': '2.09', 'sei': '15.08'};CHEMBL309656;;CHEMBL309656;6.54;0;http://www.openphacts.org/units/Nanomolar;150139;=;1;1;=;;Ki;nM;;289.0;CHEMBL1978;Homo sapiens;Aromatase;9606;;;Ki;nM;UO_0000065;;289.0;False
;;481946;[];CHEMBL664889;Binding affinity for human placental microsome cytochrome P450 19A1 with 1 uM [1-beta-3H]-androstenedione;B;;;BAO_0000192;BAO_0000019;assay format;CC12CCC3C(CCC4=CCCCC43C(F)F)C1CCC2=O;;;CHEMBL1125884;J Med Chem;1991;{'bei': '20.60', 'le': '0.39', 'lle': '1.20', 'sei': '37.22'};CHEMBL83835;;CHEMBL83835;6.35;0;http://www.openphacts.org/units/Nanomolar;150135;=;1;1;=;;Ki;nM;;443.0;CHEMBL1978;Homo sapiens;Aromatase;9606;;;Ki;nM;UO_0000065;;443.0;False
;;483154;[];CHEMBL664889;Binding affinity for human placental microsome cytochrome P450 19A1 with 1 uM [1-beta-3H]-androstenedione;B;;;BAO_0000192;BAO_0000019;assay format;C[C@]12CC[C@H]3[C@@H](CCC4=CCCC[C@@]43CO)[C@@H]1CCC2=O;;;CHEMBL1125884;J Med Chem;1991;{'bei': '27.34', 'le': '0.51', 'lle': '4.01', 'sei': '21.14'};CHEMBL1629805;;CHEMBL1629805;7.89;0;http://www.openphacts.org/units/Nanomolar;150130;=;1;1;=;;Ki;nM;;13.0;CHEMBL1978;Homo sapiens;Aromatase;9606;;;Ki;nM;UO_0000065;;13.0;False
;;488997;[];CHEMBL664889;Binding affinity for human placental microsome cytochrome P450 19A1 with 1 uM [1-beta-3H]-androstenedione;B;;;BAO_0000192;BAO_0000019;assay format;CC12CCC3C(CCC4=CCCCC43C)C1C[C@H](Br)C2=O;;;CHEMBL1125884;J Med Chem;1991;{'bei': '18.05', 'le': '0.41', 'lle': '1.06', 'sei': '37.15'};CHEMBL81134;;CHEMBL81134;6.34;0;http://www.openphacts.org/units/Nanomolar;150127;=;1;1;=;;Ki;nM;;455.0;CHEMBL1978;Homo sapiens;Aromatase;9606;;;Ki;nM;UO_0000065;;455.0;False
;;493808;[];CHEMBL664889;Binding affinity for human placental microsome cytochrome P450 19A1 with 1 uM [1-beta-3H]-androstenedione;B;;;BAO_0000192;BAO_0000019;assay format;C#CC(O)C12CCCC=C1CCC1C3CCC(=O)C3(C)CCC12;;;CHEMBL1125884;J Med Chem;1991;{'bei': '16.36', 'le': '0.30', 'lle': '1.23', 'sei': '13.70'};CHEMBL82981;;CHEMBL82981;5.11;0;http://www.openphacts.org/units/Nanomolar;150126;=;1;1;=;;Ki;nM;;7750.0;CHEMBL1978;Homo sapiens;Aromatase;9606;;;Ki;nM;UO_0000065;;7750.0;False
;;494936;[];CHEMBL664889;Binding affinity for human placental microsome cytochrome P450 19A1 with 1 uM [1-beta-3H]-androstenedione;B;;;BAO_0000192;BAO_0000019;assay format;C[C@]12CCCC=C1CC[C@@H]1[C@@H]2CC[C@]2(C)C(=O)CC[C@@H]12;;;CHEMBL1125884;J Med Chem;1991;{'bei': '27.28', 'le': '0.51', 'lle': '2.52', 'sei': '43.54'};CHEMBL1629804;;CHEMBL1629804;7.43;1;http://www.openphacts.org/units/Nanomolar;150131;=;1;1;=;;Ki;nM;;37.0;CHEMBL1978;Homo sapiens;Aromatase;9606;;;Ki;nM;UO_0000065;;37.0;False
;;502066;[];CHEMBL664889;Binding affinity for human placental microsome cytochrome P450 19A1 with 1 uM [1-beta-3H]-androstenedione;B;;;BAO_0000192;BAO_0000019;assay format;CC12CCC3C(CCC4=CCCCC43CO)C1CCC2O;;;CHEMBL1125884;J Med Chem;1991;{'bei': '23.31', 'le': '0.44', 'lle': '3.10', 'sei': '16.73'};CHEMBL440691;;CHEMBL440691;6.77;0;http://www.openphacts.org/units/Nanomolar;150137;=;1;1;=;;Ki;nM;;170.0;CHEMBL1978;Homo sapiens;Aromatase;9606;;;Ki;nM;UO_0000065;;170.0;False
;;503317;[];CHEMBL664889;Binding affinity for human placental microsome cytochrome P450 19A1 with 1 uM [1-beta-3H]-androstenedione;B;;;BAO_0000192;BAO_0000019;assay format;CC12CCC3C(CCC4=CCCCC43C)C1C[C@@H](Br)C2=O;;;CHEMBL1125884;J Med Chem;1991;{'bei': '18.91', 'le': '0.43', 'lle': '1.36', 'sei': '38.91'};CHEMBL83422;;CHEMBL83422;6.64;0;http://www.openphacts.org/units/Nanomolar;150136;=;1;1;=;;Ki;nM;;228.0;CHEMBL1978;Homo sapiens;Aromatase;9606;;;Ki;nM;UO_0000065;;228.0;False
;;504446;[];CHEMBL664889;Binding affinity for human placental microsome cytochrome P450 19A1 with 1 uM [1-beta-3H]-androstenedione;B;;;BAO_0000192;BAO_0000019;assay format;CC12CCCC=C1CCC1C2CCC2(C)C(O)CCC12;;;CHEMBL1125884;J Med Chem;1991;{'bei': '22.16', 'le': '0.42', 'lle': '1.38', 'sei': '30.06'};CHEMBL439950;;CHEMBL439950;6.08;0;http://www.openphacts.org/units/Nanomolar;150132;=;1;1;=;;Ki;nM;;830.0;CHEMBL1978;Homo sapiens;Aromatase;9606;;;Ki;nM;UO_0000065;;830.0;False
;;553821;[];CHEMBL666403;Apparent inhibition constant (Ki) against Cytochrome P450 19A1;B;;;BAO_0000192;BAO_0000357;single protein format;C[C@]12CCCC=C1CC[C@@H]1[C@@H]2CC[C@]2(C)C(=O)CC[C@@H]12;;;CHEMBL1129695;J Med Chem;1996;{'bei': '29.98', 'le': '0.56', 'lle': '3.26', 'sei': '47.85'};CHEMBL1629804;;CHEMBL1629804;8.17;0;http://www.openphacts.org/units/Nanomolar;128605;=;1;1;=;;Ki;nM;;6.8;CHEMBL1978;Homo sapiens;Aromatase;9606;;;Ki app;nM;UO_0000065;;6.8;False
;;553823;[];CHEMBL666403;Apparent inhibition constant (Ki) against Cytochrome P450 19A1;B;;;BAO_0000192;BAO_0000357;single protein format;CCCCC[C@H]1CC2C(CCC3(C)C(O)CCC23)C2(C)CCCC=C12;;;CHEMBL1129695;J Med Chem;1996;{'bei': '21.35', 'le': '0.40', 'lle': '0.85', 'sei': '36.36'};CHEMBL307006;;CHEMBL307006;7.36;0;http://www.openphacts.org/units/Nanomolar;128618;=;1;1;=;;Ki;nM;;44.0;CHEMBL1978;Homo sapiens;Aromatase;9606;;;Ki app;nM;UO_0000065;;44.0;False
;;553826;[];CHEMBL666403;Apparent inhibition constant (Ki) against Cytochrome P450 19A1;B;;;BAO_0000192;BAO_0000357;single protein format;C[C@@H]1CC2C(CCC3(C)C(O)CCC23)C2(C)CCCC=C12;;;CHEMBL1129695;J Med Chem;1996;{'bei': '34.16', 'le': '0.64', 'lle': '4.90', 'sei': '48.71'};CHEMBL73367;;CHEMBL73367;9.85;0;http://www.openphacts.org/units/Nanomolar;128616;=;1;1;=;;Ki;nM;;0.14;CHEMBL1978;Homo sapiens;Aromatase;9606;;;Ki app;nM;UO_0000065;;0.14;False
;;555062;[];CHEMBL666403;Apparent inhibition constant (Ki) against Cytochrome P450 19A1;B;;;BAO_0000192;BAO_0000357;single protein format;CCCCC[C@H]1CC2C3CCC(=O)C3(C)CCC2C2(C)CCCC=C12;;;CHEMBL1129695;J Med Chem;1996;{'bei': '18.68', 'le': '0.35', 'lle': '-0.31', 'sei': '37.48'};CHEMBL305630;;CHEMBL305630;6.40;0;http://www.openphacts.org/units/Nanomolar;128622;=;1;1;=;;Ki;nM;;400.0;CHEMBL1978;Homo sapiens;Aromatase;9606;;;Ki app;nM;UO_0000065;;400.0;False
;;555065;[];CHEMBL666403;Apparent inhibition constant (Ki) against Cytochrome P450 19A1;B;;;BAO_0000192;BAO_0000357;single protein format;CCC[C@@H]1CC2C3CCC(=O)C3(C)CCC2C2(C)CCCC=C12;;;CHEMBL1129695;J Med Chem;1996;{'bei': '23.19', 'le': '0.43', 'lle': '1.36', 'sei': '42.72'};CHEMBL70317;;CHEMBL70317;7.29;0;http://www.openphacts.org/units/Nanomolar;128620;=;1;1;=;;Ki;nM;;51.0;CHEMBL1978;Homo sapiens;Aromatase;9606;;;Ki app;nM;UO_0000065;;51.0;False
;;556177;[];CHEMBL666403;Apparent inhibition constant (Ki) against Cytochrome P450 19A1;B;;;BAO_0000192;BAO_0000357;single protein format;CC[C@@H]1CC2C3CCC(=O)C3(C)CCC2C2(C)CCCC=C12;;;CHEMBL1129695;J Med Chem;1996;{'bei': '24.52', 'le': '0.46', 'lle': '1.83', 'sei': '43.15'};CHEMBL307690;;CHEMBL307690;7.37;0;http://www.openphacts.org/units/Nanomolar;128599;=;1;1;=;;Ki;nM;;43.0;CHEMBL1978;Homo sapiens;Aromatase;9606;;;Ki app;nM;UO_0000065;;43.0;False
;;557473;[];CHEMBL666403;Apparent inhibition constant (Ki) against Cytochrome P450 19A1;B;;;BAO_0000192;BAO_0000357;single protein format;CC12CCCC=C1CCC1C2CCC2(C)C1CC[C@@H]2O;;;CHEMBL1129695;J Med Chem;1996;{'bei': '37.70', 'le': '0.71', 'lle': '5.65', 'sei': '51.15'};CHEMBL73279;;CHEMBL73279;10.35;0;http://www.openphacts.org/units/Nanomolar;128611;=;1;1;=;;Ki;nM;;0.045;CHEMBL1978;Homo sapiens;Aromatase;9606;;;Ki app;nM;UO_0000065;;0.045;False
;;562020;[];CHEMBL666403;Apparent inhibition constant (Ki) against Cytochrome P450 19A1;B;;;BAO_0000192;BAO_0000357;single protein format;CCC[C@H]1CC2C(CCC3(C)C(O)CCC23)C2(C)CCCC=C12;;;CHEMBL1129695;J Med Chem;1996;{'bei': '26.97', 'le': '0.51', 'lle': '2.81', 'sei': '42.20'};CHEMBL69891;;CHEMBL69891;8.54;0;http://www.openphacts.org/units/Nanomolar;128602;=;1;1;=;;Ki;nM;;2.9;CHEMBL1978;Homo sapiens;Aromatase;9606;;;Ki app;nM;UO_0000065;;2.9;False
;;563260;[];CHEMBL666403;Apparent inhibition constant (Ki) against Cytochrome P450 19A1;B;;;BAO_0000192;BAO_0000357;single protein format;CC12CCC3C(C[C@H](O)C4=CCCCC43C)C1CCC2=O;;;CHEMBL1129695;J Med Chem;1996;{'bei': '26.62', 'le': '0.50', 'lle': '3.80', 'sei': '20.58'};CHEMBL307643;;CHEMBL307643;7.68;0;http://www.openphacts.org/units/Nanomolar;128601;=;1;1;=;;Ki;nM;;21.0;CHEMBL1978;Homo sapiens;Aromatase;9606;;;Ki app;nM;UO_0000065;;21.0;False
;;565579;[];CHEMBL666403;Apparent inhibition constant (Ki) against Cytochrome P450 19A1;B;;;BAO_0000192;BAO_0000357;single protein format;C[C@H]1CC2C3CCC(=O)C3(C)CCC2C2(C)CCCC=C12;;;CHEMBL1129695;J Med Chem;1996;{'bei': '29.70', 'le': '0.55', 'lle': '3.36', 'sei': '49.85'};CHEMBL310735;;CHEMBL310735;8.51;0;http://www.openphacts.org/units/Nanomolar;128595;=;1;1;=;;Ki;nM;;3.1;CHEMBL1978;Homo sapiens;Aromatase;9606;;;Ki app;nM;UO_0000065;;3.1;False
;;569330;[];CHEMBL666403;Apparent inhibition constant (Ki) against Cytochrome P450 19A1;B;;;BAO_0000192;BAO_0000357;single protein format;CO[C@@H]1CC2C3CCC(=O)C3(C)CCC2C2(C)CCCC=C12;;;CHEMBL1129695;J Med Chem;1996;{'bei': '26.19', 'le': '0.49', 'lle': '3.39', 'sei': '30.12'};CHEMBL308537;;CHEMBL308537;7.92;0;http://www.openphacts.org/units/Nanomolar;128606;=;1;1;=;;Ki;nM;;12.0;CHEMBL1978;Homo sapiens;Aromatase;9606;;;Ki app;nM;UO_0000065;;12.0;False
;;571886;[];CHEMBL666403;Apparent inhibition constant (Ki) against Cytochrome P450 19A1;B;;;BAO_0000192;BAO_0000357;single protein format;CO[C@H]1CC2C3CCC(=O)C3(C)CCC2C2(C)CCCC=C12;;;CHEMBL1129695;J Med Chem;1996;{'bei': '26.19', 'le': '0.49', 'lle': '3.39', 'sei': '30.12'};CHEMBL307581;;CHEMBL307581;7.92;0;http://www.openphacts.org/units/Nanomolar;128609;=;1;1;=;;Ki;nM;;12.0;CHEMBL1978;Homo sapiens;Aromatase;9606;;;Ki app;nM;UO_0000065;;12.0;False
;;571889;[];CHEMBL666403;Apparent inhibition constant (Ki) against Cytochrome P450 19A1;B;;;BAO_0000192;BAO_0000357;single protein format;C[C@H]1CC2C(CCC3(C)C(O)CCC23)C2(C)CCCC=C12;;;CHEMBL1129695;J Med Chem;1996;{'bei': '32.65', 'le': '0.61', 'lle': '4.47', 'sei': '46.57'};CHEMBL70959;;CHEMBL70959;9.42;0;http://www.openphacts.org/units/Nanomolar;128604;=;1;1;=;;Ki;nM;;0.38;CHEMBL1978;Homo sapiens;Aromatase;9606;;;Ki app;nM;UO_0000065;;0.38;False
;;573154;[];CHEMBL666403;Apparent inhibition constant (Ki) against Cytochrome P450 19A1;B;;;BAO_0000192;BAO_0000357;single protein format;C[C@@H]1CC2C3CCC(=O)C3(C)CCC2C2(C)CCCC=C12;;;CHEMBL1129695;J Med Chem;1996;{'bei': '28.89', 'le': '0.54', 'lle': '3.13', 'sei': '48.48'};CHEMBL305205;;CHEMBL305205;8.28;0;http://www.openphacts.org/units/Nanomolar;128621;=;1;1;=;;Ki;nM;;5.3;CHEMBL1978;Homo sapiens;Aromatase;9606;;;Ki app;nM;UO_0000065;;5.3;False
;;573156;[];CHEMBL666403;Apparent inhibition constant (Ki) against Cytochrome P450 19A1;B;;;BAO_0000192;BAO_0000357;single protein format;CCC[C@@H]1CC2C(CCC3(C)C(O)CCC23)C2(C)CCCC=C12;;;CHEMBL1129695;J Med Chem;1996;{'bei': '26.09', 'le': '0.49', 'lle': '2.53', 'sei': '40.83'};CHEMBL73071;;CHEMBL73071;8.26;0;http://www.openphacts.org/units/Nanomolar;128614;=;1;1;=;;Ki;nM;;5.5;CHEMBL1978;Homo sapiens;Aromatase;9606;;;Ki app;nM;UO_0000065;;5.5;False
;;574280;[];CHEMBL666403;Apparent inhibition constant (Ki) against Cytochrome P450 19A1;B;;;BAO_0000192;BAO_0000357;single protein format;CCCCC[C@@H]1CC2C3CCC(=O)C3(C)CCC2C2(C)CCCC=C12;;;CHEMBL1129695;J Med Chem;1996;{'bei': '17.28', 'le': '0.32', 'lle': '-0.79', 'sei': '34.69'};CHEMBL72415;;CHEMBL72415;5.92;0;http://www.openphacts.org/units/Nanomolar;128600;=;1;1;=;;Ki;nM;;1200.0;CHEMBL1978;Homo sapiens;Aromatase;9606;;;Ki app;nM;UO_0000065;;1200.0;False
;;579201;[];CHEMBL666403;Apparent inhibition constant (Ki) against Cytochrome P450 19A1;B;;;BAO_0000192;BAO_0000357;single protein format;CCCCCCCC[C@H]1CC2C3CCC(=O)C3(C)CCC2C2(C)CCCC=C12;;;CHEMBL1129695;J Med Chem;1996;{'bei': '14.01', 'le': '0.26', 'lle': '-2.50', 'sei': '31.56'};CHEMBL74295;;CHEMBL74295;5.39;0;http://www.openphacts.org/units/Nanomolar;128598;=;1;1;=;;Ki;nM;;4100.0;CHEMBL1978;Homo sapiens;Aromatase;9606;;;Ki app;nM;UO_0000065;;4100.0;False
;;581535;[];CHEMBL666403;Apparent inhibition constant (Ki) against Cytochrome P450 19A1;B;;;BAO_0000192;BAO_0000357;single protein format;CC[C@H]1CC2C3CCC(=O)C3(C)CCC2C2(C)CCCC=C12;;;CHEMBL1129695;J Med Chem;1996;{'bei': '24.52', 'le': '0.46', 'lle': '1.83', 'sei': '43.15'};CHEMBL70436;;CHEMBL70436;7.37;0;http://www.openphacts.org/units/Nanomolar;128596;=;1;1;=;;Ki;nM;;43.0;CHEMBL1978;Homo sapiens;Aromatase;9606;;;Ki app;nM;UO_0000065;;43.0;False
;;581538;[];CHEMBL666403;Apparent inhibition constant (Ki) against Cytochrome P450 19A1;B;;;BAO_0000192;BAO_0000357;single protein format;CCCCCCCC[C@@H]1CC2C3CCC(=O)C3(C)CCC2C2(C)CCCC=C12;;;CHEMBL1129695;J Med Chem;1996;{'bei': '14.52', 'le': '0.27', 'lle': '-2.30', 'sei': '32.72'};CHEMBL72538;;CHEMBL72538;5.58;0;http://www.openphacts.org/units/Nanomolar;128619;=;1;1;=;;Ki;nM;;2600.0;CHEMBL1978;Homo sapiens;Aromatase;9606;;;Ki app;nM;UO_0000065;;2600.0;False
;;581540;[];CHEMBL666403;Apparent inhibition constant (Ki) against Cytochrome P450 19A1;B;;;BAO_0000192;BAO_0000357;single protein format;CC[C@@H]1CC2C(CCC3(C)C(O)CCC23)C2(C)CCCC=C12;;;CHEMBL1129695;J Med Chem;1996;{'bei': '31.30', 'le': '0.59', 'lle': '4.13', 'sei': '46.80'};CHEMBL306022;;CHEMBL306022;9.47;0;http://www.openphacts.org/units/Nanomolar;128615;=;1;1;=;;Ki;nM;;0.34;CHEMBL1978;Homo sapiens;Aromatase;9606;;;Ki app;nM;UO_0000065;;0.34;False
;;582729;[];CHEMBL666403;Apparent inhibition constant (Ki) against Cytochrome P450 19A1;B;;;BAO_0000192;BAO_0000357;single protein format;CC(=O)O[C@H]1CC2C3CCC(=O)C3(C)CCC2C2(C)CCCC=C12;;;CHEMBL1129695;J Med Chem;1996;{'bei': '23.44', 'le': '0.44', 'lle': '3.29', 'sei': '17.86'};CHEMBL72228;;CHEMBL72228;7.75;0;http://www.openphacts.org/units/Nanomolar;128610;=;1;1;=;;Ki;nM;;18.0;CHEMBL1978;Homo sapiens;Aromatase;9606;;;Ki app;nM;UO_0000065;;18.0;False
;;584021;[];CHEMBL666403;Apparent inhibition constant (Ki) against Cytochrome P450 19A1;B;;;BAO_0000192;BAO_0000357;single protein format;CC12CCC3C(C[C@@H](O)C4=CCCCC43C)C1CCC2=O;;;CHEMBL1129695;J Med Chem;1996;{'bei': '28.51', 'le': '0.53', 'lle': '4.34', 'sei': '22.04'};CHEMBL73993;;CHEMBL73993;8.22;0;http://www.openphacts.org/units/Nanomolar;128608;=;1;1;=;;Ki;nM;;6.0;CHEMBL1978;Homo sapiens;Aromatase;9606;;;Ki app;nM;UO_0000065;;6.0;False
;;584023;[];CHEMBL666403;Apparent inhibition constant (Ki) against Cytochrome P450 19A1;B;;;BAO_0000192;BAO_0000357;single protein format;CC(=O)O[C@@H]1CC2C3CCC(=O)C3(C)CCC2C2(C)CCCC=C12;;;CHEMBL1129695;J Med Chem;1996;{'bei': '23.06', 'le': '0.43', 'lle': '3.17', 'sei': '17.57'};CHEMBL304770;;CHEMBL304770;7.62;0;http://www.openphacts.org/units/Nanomolar;128607;=;1;1;=;;Ki;nM;;24.0;CHEMBL1978;Homo sapiens;Aromatase;9606;;;Ki app;nM;UO_0000065;;24.0;False
;;584025;[];CHEMBL666403;Apparent inhibition constant (Ki) against Cytochrome P450 19A1;B;;;BAO_0000192;BAO_0000357;single protein format;CCCCC[C@@H]1CC2C(CCC3(C)C(O)CCC23)C2(C)CCCC=C12;;;CHEMBL1129695;J Med Chem;1996;{'bei': '20.31', 'le': '0.38', 'lle': '0.49', 'sei': '34.60'};CHEMBL73219;;CHEMBL73219;7.00;0;http://www.openphacts.org/units/Nanomolar;128613;=;1;1;=;;Ki;nM;;100.0;CHEMBL1978;Homo sapiens;Aromatase;9606;;;Ki app;nM;UO_0000065;;100.0;False
;;589119;[];CHEMBL666403;Apparent inhibition constant (Ki) against Cytochrome P450 19A1;B;;;BAO_0000192;BAO_0000357;single protein format;CC[C@H]1CC2C(CCC3(C)C(O)CCC23)C2(C)CCCC=C12;;;CHEMBL1129695;J Med Chem;1996;{'bei': '32.21', 'le': '0.60', 'lle': '4.40', 'sei': '48.17'};CHEMBL74339;;CHEMBL74339;9.74;0;http://www.openphacts.org/units/Nanomolar;128603;=;1;1;=;;Ki;nM;;0.18;CHEMBL1978;Homo sapiens;Aromatase;9606;;;Ki app;nM;UO_0000065;;0.18;False
;;591691;[];CHEMBL666403;Apparent inhibition constant (Ki) against Cytochrome P450 19A1;B;;;BAO_0000192;BAO_0000357;single protein format;CCC[C@H]1CC2C3CCC(=O)C3(C)CCC2C2(C)CCCC=C12;;;CHEMBL1129695;J Med Chem;1996;{'bei': '23.92', 'le': '0.45', 'lle': '1.59', 'sei': '44.07'};CHEMBL304305;;CHEMBL304305;7.52;0;http://www.openphacts.org/units/Nanomolar;128597;=;1;1;=;;Ki;nM;;30.0;CHEMBL1978;Homo sapiens;Aromatase;9606;;;Ki app;nM;UO_0000065;;30.0;False
;;593348;[];CHEMBL661762;Binding affinity was measured on Cytochrome P450 19A1;B;;;BAO_0000192;BAO_0000357;single protein format;O=c1cc(-c2ccccc2)oc2c1ccc1ccccc12;;;CHEMBL1124997;J Med Chem;1990;{'bei': '28.27', 'le': '0.50', 'lle': '3.09', 'sei': '25.48'};CHEMBL283196;ALPHA-NAPHTHOFLAVONE;CHEMBL283196;7.70;0;http://www.openphacts.org/units/Nanomolar;185848;=;1;1;=;;Ki;nM;;20.0;CHEMBL1978;Homo sapiens;Aromatase;9606;;;Ki;nM;UO_0000065;;20.0;False
;;595812;[];CHEMBL661762;Binding affinity was measured on Cytochrome P450 19A1;B;;;BAO_0000192;BAO_0000357;single protein format;CSC[C@]12CCC(=O)C=C1CCC1C2CC[C@]2(C)C(=O)CCC12;;;CHEMBL1124997;J Med Chem;1990;{'bei': '27.07', 'le': '0.53', 'lle': '4.57', 'sei': '26.36'};CHEMBL101540;;CHEMBL101540;9.00;0;http://www.openphacts.org/units/Nanomolar;185857;=;1;1;=;;Ki;nM;;1.0;CHEMBL1978;Homo sapiens;Aromatase;9606;;;Ki;nM;UO_0000065;;1.0;False
;;595813;[];CHEMBL661762;Binding affinity was measured on Cytochrome P450 19A1;B;;;BAO_0000192;BAO_0000357;single protein format;CCC1(c2ccc(N)cc2)CCC(=O)NC1=O;;;CHEMBL1124997;J Med Chem;1990;{'bei': '26.79', 'le': '0.50', 'lle': '4.87', 'sei': '8.62'};CHEMBL488;AMINOGLUTETHIMIDE;CHEMBL488;6.22;1;http://www.openphacts.org/units/Nanomolar;185843;=;1;1;=;;Ki;nM;;600.0;CHEMBL1978;Homo sapiens;Aromatase;9606;;;Ki;nM;UO_0000065;;600.0;False
;;597201;[];CHEMBL661762;Binding affinity was measured on Cytochrome P450 19A1;B;;;BAO_0000192;BAO_0000357;single protein format;C[C@]12C=CC(=O)C=C1CC[C@@H]1[C@@H]2CC[C@]2(C)C(=O)CC[C@@H]12;;;CHEMBL1124997;J Med Chem;1990;{'bei': '22.84', 'le': '0.42', 'lle': '2.63', 'sei': '19.02'};CHEMBL1078534;ANDROSTENEDONE;CHEMBL1078534;6.50;0;http://www.openphacts.org/units/Nanomolar;185850;=;1;1;=;;Ki;nM;;320.0;CHEMBL1978;Homo sapiens;Aromatase;9606;;;Ki;nM;UO_0000065;;320.0;False
;;602108;[];CHEMBL661762;Binding affinity was measured on Cytochrome P450 19A1;B;;;BAO_0000192;BAO_0000357;single protein format;CCC[C@]12CCC(=O)C=C1CCC1C2CC[C@]2(C)C(=O)CCC12;;;CHEMBL1124997;J Med Chem;1990;{'bei': '17.56', 'le': '0.33', 'lle': '0.65', 'sei': '16.18'};CHEMBL101595;;CHEMBL101595;5.52;0;http://www.openphacts.org/units/Nanomolar;185836;=;1;1;=;;Ki;nM;;3000.0;CHEMBL1978;Homo sapiens;Aromatase;9606;;;Ki;nM;UO_0000065;;3000.0;False
;;602109;[];CHEMBL661762;Binding affinity was measured on Cytochrome P450 19A1;B;;;BAO_0000192;BAO_0000357;single protein format;C/C=C/[C@]12CCC(=O)C=C1CCC1C2CC[C@]2(C)C(=O)CCC12;;;CHEMBL1124997;J Med Chem;1990;{'bei': '23.21', 'le': '0.43', 'lle': '2.61', 'sei': '21.24'};CHEMBL99706;;CHEMBL99706;7.25;0;http://www.openphacts.org/units/Nanomolar;185864;=;1;1;=;;Ki;nM;;56.0;CHEMBL1978;Homo sapiens;Aromatase;9606;;;Ki;nM;UO_0000065;;56.0;False
;;603363;[];CHEMBL661762;Binding affinity was measured on Cytochrome P450 19A1;B;;;BAO_0000192;BAO_0000357;single protein format;C[C@]12CCC(=O)C=C1C[C@@H](Sc1ccc(I)cc1)C1C2CC[C@]2(C)C(=O)CCC12;;;CHEMBL1124997;J Med Chem;1990;{'bei': '15.22', 'le': '0.37', 'lle': '1.46', 'sei': '23.20'};CHEMBL319961;;CHEMBL319961;7.92;0;http://www.openphacts.org/units/Nanomolar;185835;=;1;1;=;;Ki;nM;;12.0;CHEMBL1978;Homo sapiens;Aromatase;9606;;;Ki;nM;UO_0000065;;12.0;False
;;605898;[];CHEMBL661762;Binding affinity was measured on Cytochrome P450 19A1;B;;;BAO_0000192;BAO_0000357;single protein format;C[C@]12CCC(=O)C=C1[C@H](Br)CC1C2CC[C@@]2(C)C1CC[C@@H]2OC(=O)CBr;;;CHEMBL1124997;J Med Chem;1990;{'bei': '9.43', 'le': '0.24', 'lle': '-0.60', 'sei': '10.61'};CHEMBL101893;;CHEMBL101893;4.60;0;http://www.openphacts.org/units/Nanomolar;185861;=;1;1;=;;Ki;nM;;25000.0;CHEMBL1978;Homo sapiens;Aromatase;9606;;;Ki;uM;UO_0000065;;25.0;False
;;607054;[];CHEMBL661762;Binding affinity was measured on Cytochrome P450 19A1;B;;;BAO_0000192;BAO_0000357;single protein format;C[C@]12CCC3C(CCC4=CC(=O)CC[C@]43C3CO3)C1CCC2=O;;;CHEMBL1124997;J Med Chem;1990;{'bei': '25.94', 'le': '0.48', 'lle': '4.68', 'sei': '17.47'};CHEMBL26093;;CHEMBL26093;8.15;0;http://www.openphacts.org/units/Nanomolar;185855;=;1;1;=;;Ki;nM;;7.0;CHEMBL1978;Homo sapiens;Aromatase;9606;;;Ki;nM;UO_0000065;;7.0;False
;;608340;[];CHEMBL661762;Binding affinity was measured on Cytochrome P450 19A1;B;;;BAO_0000192;BAO_0000357;single protein format;CC1(C)C[C@@]2(C)C(=CC1=O)CCC1C2CC[C@]2(C)C(=O)CCC12;;;CHEMBL1124997;J Med Chem;1990;{'bei': '27.47', 'le': '0.51', 'lle': '3.92', 'sei': '25.30'};CHEMBL421018;;CHEMBL421018;8.64;0;http://www.openphacts.org/units/Nanomolar;185831;=;1;1;=;;Ki;nM;;2.3;CHEMBL1978;Homo sapiens;Aromatase;9606;;;Ki;nM;UO_0000065;;2.3;False
;;611889;[];CHEMBL661762;Binding affinity was measured on Cytochrome P450 19A1;B;;;BAO_0000192;BAO_0000357;single protein format;C[C@]12CCCC=C1CC[C@@H]1[C@@H]2CC[C@]2(C)C(=O)CC[C@@H]12;;;CHEMBL1124997;J Med Chem;1990;{'bei': '27.28', 'le': '0.51', 'lle': '2.52', 'sei': '43.54'};CHEMBL1629804;;CHEMBL1629804;7.43;0;http://www.openphacts.org/units/Nanomolar;185837;=;1;1;=;;Ki;nM;;37.0;CHEMBL1978;Homo sapiens;Aromatase;9606;;;Ki;nM;UO_0000065;;37.0;False
;;611890;[];CHEMBL661762;Binding affinity was measured on Cytochrome P450 19A1;B;;;BAO_0000192;BAO_0000357;single protein format;C[C@]12C=CC(=O)C=C1CC[C@@H]1[C@@H]2CC[C@]2(C)C(=O)OC[C@@H]12;;;CHEMBL1124997;J Med Chem;1990;{'bei': '22.38', 'le': '0.42', 'lle': '3.35', 'sei': '14.78'};CHEMBL3085491;;CHEMBL3085491;6.41;1;http://www.openphacts.org/units/Nanomolar;185862;=;1;1;=;;Ki;nM;;390.0;CHEMBL1978;Homo sapiens;Aromatase;9606;;;Ki;nM;UO_0000065;;390.0;False
;;611892;[];CHEMBL661762;Binding affinity was measured on Cytochrome P450 19A1;B;;;BAO_0000192;BAO_0000357;single protein format;O=c1cc(-c2ccccc2)oc2c1ccc1ccc(O)cc12;;;CHEMBL1124997;J Med Chem;1990;{'bei': '28.79', 'le': '0.52', 'lle': '3.98', 'sei': '16.46'};CHEMBL329500;;CHEMBL329500;8.30;0;http://www.openphacts.org/units/Nanomolar;185847;=;1;1;=;;Ki;nM;;5.0;CHEMBL1978;Homo sapiens;Aromatase;9606;;;Ki;nM;UO_0000065;;5.0;False
;;613182;[];CHEMBL661762;Binding affinity was measured on Cytochrome P450 19A1;B;;;BAO_0000192;BAO_0000357;single protein format;C[C@]12CCC(=O)C(O)=C1CC[C@@H]1[C@@H]2CC[C@]2(C)C(=O)CC[C@@H]12;;;CHEMBL1124997;J Med Chem;1990;{'bei': '24.14', 'le': '0.45', 'lle': '3.33', 'sei': '13.43'};CHEMBL132530;FORMESTANE;CHEMBL132530;7.30;0;http://www.openphacts.org/units/Nanomolar;185852;=;1;1;=;;Ki;nM;;50.0;CHEMBL1978;Homo sapiens;Aromatase;9606;;;Ki;nM;UO_0000065;;50.0;False
;;622174;[];CHEMBL661762;Binding affinity was measured on Cytochrome P450 19A1;B;;;BAO_0000192;BAO_0000357;single protein format;C[C@]12CCC(=O)C=C1C[C@@H](Sc1ccc(NC(=O)CBr)cc1)C1C2CC[C@]2(C)C(=O)CCC12;;;CHEMBL1124997;J Med Chem;1990;{'bei': '8.45', 'le': '0.19', 'lle': '-1.71', 'sei': '7.09'};CHEMBL100615;;CHEMBL100615;4.48;0;http://www.openphacts.org/units/Nanomolar;185860;=;1;1;=;;Ki;nM;;33000.0;CHEMBL1978;Homo sapiens;Aromatase;9606;;;Ki;uM;UO_0000065;;33.0;False
;;622176;[];CHEMBL661762;Binding affinity was measured on Cytochrome P450 19A1;B;;;BAO_0000192;BAO_0000357;single protein format;C[C@]12CCC3C(CCC4=CC(=O)CC[C@@]43C3CS3)C1CCC2=O;;;CHEMBL1124997;J Med Chem;1990;{'bei': '21.56', 'le': '0.42', 'lle': '2.94', 'sei': '20.87'};CHEMBL282580;;CHEMBL282580;7.12;0;http://www.openphacts.org/units/Nanomolar;185841;=;1;1;=;;Ki;nM;;75.0;CHEMBL1978;Homo sapiens;Aromatase;9606;;;Ki;nM;UO_0000065;;75.0;False
;;623443;[];CHEMBL661762;Binding affinity was measured on Cytochrome P450 19A1;B;;;BAO_0000192;BAO_0000357;single protein format;C=C1C=C2CCC3C(CC[C@]4(C)C(=O)CCC34)[C@@]2(C)CC1;;;CHEMBL1124997;J Med Chem;1990;{'bei': '29.28', 'le': '0.54', 'lle': '3.26', 'sei': '48.79'};CHEMBL98105;;CHEMBL98105;8.33;0;http://www.openphacts.org/units/Nanomolar;185834;=;1;1;=;;Ki;nM;;4.7;CHEMBL1978;Homo sapiens;Aromatase;9606;;;Ki;nM;UO_0000065;;4.7;False
;;624633;[];CHEMBL661762;Binding affinity was measured on Cytochrome P450 19A1;B;;;BAO_0000192;BAO_0000357;single protein format;C[C@]12C=CC(=O)C=C1CCC1C2CC[C@]2(C)OC(=O)CCC12;;;CHEMBL1124997;J Med Chem;1990;{'bei': '14.83', 'le': '0.28', 'lle': '0.87', 'sei': '10.27'};CHEMBL99370;;CHEMBL99370;4.46;0;http://www.openphacts.org/units/Nanomolar;185851;=;1;1;=;;Ki;nM;;35000.0;CHEMBL1978;Homo sapiens;Aromatase;9606;;;Ki;uM;UO_0000065;;35.0;False
;;624635;[];CHEMBL661762;Binding affinity was measured on Cytochrome P450 19A1;B;;;BAO_0000192;BAO_0000357;single protein format;C[C@]12CCC3C(CCC4=CC(=O)CC[C@@]43C3CO3)C1CCC2=O;;;CHEMBL1124997;J Med Chem;1990;{'bei': '22.66', 'le': '0.42', 'lle': '3.65', 'sei': '15.27'};CHEMBL28806;;CHEMBL28806;7.12;0;http://www.openphacts.org/units/Nanomolar;185840;=;1;1;=;;Ki;nM;;75.0;CHEMBL1978;Homo sapiens;Aromatase;9606;;;Ki;nM;UO_0000065;;75.0;False
;;626104;[];CHEMBL661762;Binding affinity was measured on Cytochrome P450 19A1;B;;;BAO_0000192;BAO_0000357;single protein format;C[C@]12CCC3C(CCC4=CC(=O)CC[C@]43C3CS3)C1CCC2=O;;;CHEMBL1124997;J Med Chem;1990;{'bei': '27.23', 'le': '0.53', 'lle': '4.82', 'sei': '26.36'};CHEMBL281433;;CHEMBL281433;9.00;0;http://www.openphacts.org/units/Nanomolar;185856;=;1;1;=;;Ki;nM;;1.0;CHEMBL1978;Homo sapiens;Aromatase;9606;;;Ki;nM;UO_0000065;;1.0;False
;;626105;[];CHEMBL661762;Binding affinity was measured on Cytochrome P450 19A1;B;;;BAO_0000192;BAO_0000357;single protein format;C[C@@]12CCCC1C1CCC3=CC(=O)C=C[C@]3(C)C1CC2;;;CHEMBL1124997;J Med Chem;1990;{'bei': '22.03', 'le': '0.41', 'lle': '1.28', 'sei': '34.91'};CHEMBL101947;;CHEMBL101947;5.96;0;http://www.openphacts.org/units/Nanomolar;185863;=;1;1;=;;Ki;nM;;1100.0;CHEMBL1978;Homo sapiens;Aromatase;9606;;;Ki;uM;UO_0000065;;1.1;False
;;627124;[];CHEMBL661762;Binding affinity was measured on Cytochrome P450 19A1;B;;;BAO_0000192;BAO_0000357;single protein format;C=C[C@]12CCC(=O)C=C1CCC1C2CC[C@]2(C)C(=O)CCC12;;;CHEMBL1124997;J Med Chem;1990;{'bei': '28.56', 'le': '0.53', 'lle': '4.27', 'sei': '24.96'};CHEMBL98685;;CHEMBL98685;8.52;0;http://www.openphacts.org/units/Nanomolar;185832;=;1;1;=;;Ki;nM;;3.0;CHEMBL1978;Homo sapiens;Aromatase;9606;;;Ki;nM;UO_0000065;;3.0;False
;;628450;[];CHEMBL661762;Binding affinity was measured on Cytochrome P450 19A1;B;;;BAO_0000192;BAO_0000357;single protein format;CC[C@]12CCC(=O)C=C1CCC1C2CC[C@]2(C)C(=O)CCC12;;;CHEMBL1124997;J Med Chem;1990;{'bei': '26.78', 'le': '0.50', 'lle': '3.57', 'sei': '23.57'};CHEMBL319108;;CHEMBL319108;8.05;0;http://www.openphacts.org/units/Nanomolar;185833;=;1;1;=;;Ki;nM;;9.0;CHEMBL1978;Homo sapiens;Aromatase;9606;;;Ki;nM;UO_0000065;;9.0;False
;;629842;[];CHEMBL661762;Binding affinity was measured on Cytochrome P450 19A1;B;;;BAO_0000192;BAO_0000357;single protein format;C[C@]12CCC3C(CCC4=CC(=O)CC[C@@]43C(F)F)C1CCC2=O;;;CHEMBL1124997;J Med Chem;1990;{'bei': '27.92', 'le': '0.53', 'lle': '4.67', 'sei': '26.36'};CHEMBL98998;;CHEMBL98998;9.00;0;http://www.openphacts.org/units/Nanomolar;185854;=;1;1;=;;Ki;nM;;1.0;CHEMBL1978;Homo sapiens;Aromatase;9606;;;Ki;nM;UO_0000065;;1.0;False
;;629847;[];CHEMBL661762;Binding affinity was measured on Cytochrome P450 19A1;B;;;BAO_0000192;BAO_0000357;single protein format;C[C@]12C=CC(=O)C=C1C=C[C@@H]1[C@@H]2CC[C@]2(C)C(=O)CC[C@@H]12;;;CHEMBL1124997;J Med Chem;1990;{'bei': '23.89', 'le': '0.44', 'lle': '3.10', 'sei': '19.76'};CHEMBL2311178;;CHEMBL2311178;6.75;0;http://www.openphacts.org/units/Nanomolar;185846;=;1;1;=;;Ki;nM;;180.0;CHEMBL1978;Homo sapiens;Aromatase;9606;;;Ki;nM;UO_0000065;;180.0;False
;;629931;[];CHEMBL661762;Binding affinity was measured on Cytochrome P450 19A1;B;;;BAO_0000192;BAO_0000357;single protein format;N#Cc1ccc(C2CCCc3cncn32)cc1;;;CHEMBL1124997;J Med Chem;1990;{'bei': '39.52', 'le': '0.71', 'lle': '6.14', 'sei': '21.21'};CHEMBL9298;FADROZOLE;CHEMBL9298;8.82;0;http://www.openphacts.org/units/Nanomolar;185829;=;1;1;=;;Ki;nM;;1.5;CHEMBL1978;Homo sapiens;Aromatase;9606;;;Ki;nM;UO_0000065;;1.5;False
;;631036;[];CHEMBL661762;Binding affinity was measured on Cytochrome P450 19A1;B;;;BAO_0000192;BAO_0000357;single protein format;C[C@]12CCC(=O)C(N)=C1CCC1C2CC[C@]2(C)C(=O)CCC12;;;CHEMBL1124997;J Med Chem;1990;{'bei': '24.66', 'le': '0.46', 'lle': '4.06', 'sei': '12.35'};CHEMBL101323;;CHEMBL101323;7.43;0;http://www.openphacts.org/units/Nanomolar;185844;=;1;1;=;;Ki;nM;;37.0;CHEMBL1978;Homo sapiens;Aromatase;9606;;;Ki;nM;UO_0000065;;37.0;False
;;718792;[];CHEMBL664414;In vitro inhibition of human placental cytochrome P450 19A1;B;;;BAO_0000192;BAO_0000019;assay format;CC12CCC3C(C(CCc4ccccc4)=CC4=CC(=O)CCC43C)C1CCC2=O;;;CHEMBL1124919;J Med Chem;1990;{'bei': '17.40', 'le': '0.32', 'lle': '0.89', 'sei': '19.80'};CHEMBL269590;;CHEMBL269590;6.76;0;http://www.openphacts.org/units/Nanomolar;5567;=;1;1;=;;Ki;nM;;174.0;CHEMBL1978;Homo sapiens;Aromatase;9606;;;Ki;nM;UO_0000065;;174.0;False
;;726772;[];CHEMBL664414;In vitro inhibition of human placental cytochrome P450 19A1;B;;;BAO_0000192;BAO_0000019;assay format;CC12CCC3C(C(Cc4ccccc4)=CC4=CC(=O)CCC43C)C1CCC2=O;;;CHEMBL1124919;J Med Chem;1990;{'bei': '19.26', 'le': '0.35', 'lle': '1.73', 'sei': '21.13'};CHEMBL267433;;CHEMBL267433;7.21;0;http://www.openphacts.org/units/Nanomolar;5568;=;1;1;=;;Ki;nM;;61.0;CHEMBL1978;Homo sapiens;Aromatase;9606;;;Ki;nM;UO_0000065;;61.0;False
;;731522;[];CHEMBL664414;In vitro inhibition of human placental cytochrome P450 19A1;B;;;BAO_0000192;BAO_0000019;assay format;CC12CCC3C(C(c4ccccc4)=CC4=CC(=O)CCC43C)C1CCC2=O;;;CHEMBL1124919;J Med Chem;1990;{'bei': '16.22', 'le': '0.30', 'lle': '0.46', 'sei': '17.13'};CHEMBL266788;;CHEMBL266788;5.85;0;http://www.openphacts.org/units/Nanomolar;5564;=;1;1;=;;Ki;nM;;1424.0;CHEMBL1978;Homo sapiens;Aromatase;9606;;;Ki;nM;UO_0000065;;1424.0;False
;;748252;[];CHEMBL664414;In vitro inhibition of human placental cytochrome P450 19A1;B;;;BAO_0000192;BAO_0000019;assay format;CC12CCC3C(C(CCc4ccc([N+](=O)[O-])cc4)=CC4=CC(=O)CCC43C)C1CCC2=O;;;CHEMBL1124919;J Med Chem;1990;{'bei': '16.20', 'le': '0.30', 'lle': '1.25', 'sei': '9.09'};CHEMBL429788;;CHEMBL429788;7.02;0;http://www.openphacts.org/units/Nanomolar;5569;=;1;1;=;;Ki;nM;;95.0;CHEMBL1978;Homo sapiens;Aromatase;9606;;;Ki;nM;UO_0000065;;95.0;False
;;750683;[];CHEMBL664414;In vitro inhibition of human placental cytochrome P450 19A1;B;;;BAO_0000192;BAO_0000019;assay format;CC12CCC3C(C(Cc4ccc([N+](=O)[O-])cc4)=CC4=CC(=O)CCC43C)C1CCC2=O;;;CHEMBL1124919;J Med Chem;1990;{'bei': '16.75', 'le': '0.31', 'lle': '1.65', 'sei': '9.09'};CHEMBL9400;;CHEMBL9400;7.03;0;http://www.openphacts.org/units/Nanomolar;5565;=;1;1;=;;Ki;nM;;94.0;CHEMBL1978;Homo sapiens;Aromatase;9606;;;Ki;nM;UO_0000065;;94.0;False
;;790023;[];CHEMBL666399;Evaluated for its competitive inhibitory activity against Cytochrome P450 19A1 with the use of human placental microsomal preparation;B;;;BAO_0000192;BAO_0000019;assay format;CC(=O)SC1=C2CCC3C4CCC(=O)C4(C)CCC3C2(C)CCC1=O;;;CHEMBL1123161;J Med Chem;1986;{'bei': '19.80', 'le': '0.39', 'lle': '2.45', 'sei': '13.94'};CHEMBL152237;;CHEMBL152237;7.14;0;http://www.openphacts.org/units/Nanomolar;302868;=;1;1;=;;Ki;nM;;73.0;CHEMBL1978;Homo sapiens;Aromatase;9606;;;Ki app;uM;UO_0000065;;0.073;False
;;799549;[];CHEMBL666399;Evaluated for its competitive inhibitory activity against Cytochrome P450 19A1 with the use of human placental microsomal preparation;B;;;BAO_0000192;BAO_0000019;assay format;CC12CCC3C(CCC4=C(Sc5ccccc5)C(=O)CCC43C)C1CCC2=O;;;CHEMBL1123161;J Med Chem;1986;{'bei': '18.86', 'le': '0.36', 'lle': '1.23', 'sei': '21.80'};CHEMBL336387;;CHEMBL336387;7.44;0;http://www.openphacts.org/units/Nanomolar;302871;=;1;1;=;;Ki;nM;;36.0;CHEMBL1978;Homo sapiens;Aromatase;9606;;;Ki app;uM;UO_0000065;;0.036;False
;;800678;[];CHEMBL666399;Evaluated for its competitive inhibitory activity against Cytochrome P450 19A1 with the use of human placental microsomal preparation;B;;;BAO_0000192;BAO_0000019;assay format;CSC1=C2CCC3C4CCC(=O)C4(C)CCC3C2(C)CCC1=O;;;CHEMBL1123161;J Med Chem;1986;{'bei': '21.74', 'le': '0.43', 'lle': '2.45', 'sei': '21.18'};CHEMBL346952;;CHEMBL346952;7.23;0;http://www.openphacts.org/units/Nanomolar;302874;=;1;1;=;;Ki;nM;;59.0;CHEMBL1978;Homo sapiens;Aromatase;9606;;;Ki app;uM;UO_0000065;;0.059;False
;;804357;[];CHEMBL666399;Evaluated for its competitive inhibitory activity against Cytochrome P450 19A1 with the use of human placental microsomal preparation;B;;;BAO_0000192;BAO_0000019;assay format;CC12CCC3C(CCC4=C(Sc5ccc(N)cc5)C(=O)CCC43C)C1CCC2=O;;;CHEMBL1123161;J Med Chem;1986;{'bei': '18.91', 'le': '0.36', 'lle': '1.95', 'sei': '12.87'};CHEMBL346234;;CHEMBL346234;7.75;0;http://www.openphacts.org/units/Nanomolar;302884;=;1;1;=;;Ki;nM;;18.0;CHEMBL1978;Homo sapiens;Aromatase;9606;;;Ki app;uM;UO_0000065;;0.018;False
;;805700;[];CHEMBL666399;Evaluated for its competitive inhibitory activity against Cytochrome P450 19A1 with the use of human placental microsomal preparation;B;;;BAO_0000192;BAO_0000019;assay format;C[C@]12CCC(=O)C(O)=C1CC[C@@H]1[C@@H]2CC[C@]2(C)C(=O)CC[C@@H]12;;;CHEMBL1123161;J Med Chem;1986;{'bei': '24.03', 'le': '0.45', 'lle': '3.30', 'sei': '13.37'};CHEMBL132530;FORMESTANE;CHEMBL132530;7.27;0;http://www.openphacts.org/units/Nanomolar;302876;=;1;1;=;;Ki;nM;;54.0;CHEMBL1978;Homo sapiens;Aromatase;9606;;;Ki app;uM;UO_0000065;;0.054;False
;;814626;[];CHEMBL666399;Evaluated for its competitive inhibitory activity against Cytochrome P450 19A1 with the use of human placental microsomal preparation;B;;;BAO_0000192;BAO_0000019;assay format;CCCSC1=C2CCC3C4CCC(=O)C4(C)CCC3C2(C)CCC1=O;;;CHEMBL1123161;J Med Chem;1986;{'bei': '19.93', 'le': '0.39', 'lle': '1.63', 'sei': '21.05'};CHEMBL154918;;CHEMBL154918;7.19;0;http://www.openphacts.org/units/Nanomolar;302869;=;1;1;=;;Ki;nM;;65.0;CHEMBL1978;Homo sapiens;Aromatase;9606;;;Ki app;uM;UO_0000065;;0.065;False
;;826513;[];CHEMBL666399;Evaluated for its competitive inhibitory activity against Cytochrome P450 19A1 with the use of human placental microsomal preparation;B;;;BAO_0000192;BAO_0000019;assay format;CCSC1=C2CCC3C4CCC(=O)C4(C)CCC3C2(C)CCC1=O;;;CHEMBL1123161;J Med Chem;1986;{'bei': '21.32', 'le': '0.42', 'lle': '2.22', 'sei': '21.64'};CHEMBL154104;;CHEMBL154104;7.39;0;http://www.openphacts.org/units/Nanomolar;302883;=;1;1;=;;Ki;nM;;41.0;CHEMBL1978;Homo sapiens;Aromatase;9606;;;Ki app;uM;UO_0000065;;0.041;False
;;829689;[];CHEMBL763995;Binding affinity(KI) for formation of reversible enzyme-ligand complex with human placental aromatase (PL2);B;;;BAO_0000192;BAO_0000019;assay format;C[C@]12CCC3C(CCC4=CC(=O)CC[C@@]43S)C1CC[C@@H]2O;;;CHEMBL1124325;J Med Chem;1989;{'bei': '22.84', 'le': '0.46', 'lle': '3.46', 'sei': '18.77'};CHEMBL67456;;CHEMBL67456;7.00;0;http://www.openphacts.org/units/Nanomolar;117025;=;1;1;=;;Ki;nM;;100.0;CHEMBL1978;Homo sapiens;Aromatase;9606;;;Ki;nM;UO_0000065;;100.0;False
;;833148;[];CHEMBL763994;Binding affinity for formation of reversible enzyme-ligand complexes with human placental aromatase (PL2);B;;;BAO_0000192;BAO_0000019;assay format;C[C@]12CCC3C(CCC4=CC(=O)CC[C@@]43CS)C1CCC2=O;;;CHEMBL1124325;J Med Chem;1989;{'bei': '23.01', 'le': '0.45', 'lle': '3.33', 'sei': '21.46'};CHEMBL445362;;CHEMBL445362;7.33;0;http://www.openphacts.org/units/Nanomolar;117026;=;1;1;=;;Ki;nM;;47.0;CHEMBL1978;Homo sapiens;Aromatase;9606;;;Ki;nM;UO_0000065;;47.0;False
;;834335;[];CHEMBL763995;Binding affinity(KI) for formation of reversible enzyme-ligand complex with human placental aromatase (PL2);B;;;BAO_0000192;BAO_0000019;assay format;C#CC[C@]12CCC(=O)C=C1CC[C@@H]1[C@@H]2CC[C@]2(C)C(=O)CC[C@@H]12;;;CHEMBL1124325;J Med Chem;1989;{'bei': '26.44', 'le': '0.49', 'lle': '4.12', 'sei': '24.04'};CHEMBL2105261;PLOMESTANE;CHEMBL2105261;8.21;0;http://www.openphacts.org/units/Nanomolar;117028;=;1;1;=;;Ki;nM;;6.2;CHEMBL1978;Homo sapiens;Aromatase;9606;;;Ki;nM;UO_0000065;;6.2;False
;;834341;[];CHEMBL763995;Binding affinity(KI) for formation of reversible enzyme-ligand complex with human placental aromatase (PL2);B;;;BAO_0000192;BAO_0000019;assay format;C[C@]12CCC(=O)C(O)=C1CC[C@@H]1[C@@H]2CC[C@]2(C)C(=O)CC[C@@H]12;;;CHEMBL1124325;J Med Chem;1989;{'bei': '20.72', 'le': '0.39', 'lle': '2.30', 'sei': '11.52'};CHEMBL132530;FORMESTANE;CHEMBL132530;6.27;0;http://www.openphacts.org/units/Nanomolar;117037;=;1;1;=;;Ki;nM;;542.0;CHEMBL1978;Homo sapiens;Aromatase;9606;;;Ki;nM;UO_0000065;;542.0;False
;;853270;[];CHEMBL763995;Binding affinity(KI) for formation of reversible enzyme-ligand complex with human placental aromatase (PL2);B;;;BAO_0000192;BAO_0000019;assay format;C[C@]12C[C@@H](S)C(=O)C=C1CCC1C2CC[C@]2(C)C(=O)CCC12;;;CHEMBL1124325;J Med Chem;1989;{'bei': '17.30', 'le': '0.34', 'lle': '1.51', 'sei': '16.14'};CHEMBL66775;;CHEMBL66775;5.51;0;http://www.openphacts.org/units/Nanomolar;117038;=;1;1;=;;Ki;nM;;3100.0;CHEMBL1978;Homo sapiens;Aromatase;9606;;;Ki;nM;UO_0000065;;3100.0;False
;;856658;[];CHEMBL763995;Binding affinity(KI) for formation of reversible enzyme-ligand complex with human placental aromatase (PL2);B;;;BAO_0000192;BAO_0000019;assay format;C[C@]12CCC3C(CCC4=CC(=O)CC[C@@]43S)C1CCC2=O;;;CHEMBL1124325;J Med Chem;1989;{'bei': '24.81', 'le': '0.49', 'lle': '3.80', 'sei': '22.12'};CHEMBL67441;;CHEMBL67441;7.55;0;http://www.openphacts.org/units/Nanomolar;117027;=;1;1;=;;Ki;nM;;28.0;CHEMBL1978;Homo sapiens;Aromatase;9606;;;Ki;nM;UO_0000065;;28.0;False
;;877668;[];CHEMBL662252;Apparent inhibition constant (Ki) for cytochrome P450 19A1 with androstenedione;B;;;BAO_0000192;BAO_0000357;single protein format;CCCN1C(=O)C2CC2(c2ccc(N)cc2)C1=O;;;CHEMBL1124116;J Med Chem;1988;{'bei': '29.89', 'le': '0.55', 'lle': '5.99', 'sei': '11.52'};CHEMBL174407;;CHEMBL174407;7.30;0;http://www.openphacts.org/units/Nanomolar;347373;=;1;1;=;;Ki;nM;;50.0;CHEMBL1978;Homo sapiens;Aromatase;9606;;;Ki app;uM;UO_0000065;;0.05;False
;;880239;[];CHEMBL662252;Apparent inhibition constant (Ki) for cytochrome P450 19A1 with androstenedione;B;;;BAO_0000192;BAO_0000357;single protein format;CCCCCN1C(=O)C2CC2(c2ccc(N)cc2)C1=O;;;CHEMBL1124116;J Med Chem;1988;{'bei': '28.27', 'le': '0.53', 'lle': '5.61', 'sei': '12.14'};CHEMBL26651;;CHEMBL26651;7.70;0;http://www.openphacts.org/units/Nanomolar;347374;=;1;1;=;;Ki;nM;;20.0;CHEMBL1978;Homo sapiens;Aromatase;9606;;;Ki app;uM;UO_0000065;;0.02;False
;;881500;[];CHEMBL662252;Apparent inhibition constant (Ki) for cytochrome P450 19A1 with androstenedione;B;;;BAO_0000192;BAO_0000357;single protein format;Nc1ccc(C23CC2C(=O)NC3=O)cc1;;;CHEMBL1124116;J Med Chem;1988;{'bei': '29.28', 'le': '0.54', 'lle': '5.74', 'sei': '8.20'};CHEMBL287574;;CHEMBL287574;5.92;0;http://www.openphacts.org/units/Nanomolar;347371;=;1;1;=;;Ki;nM;;1200.0;CHEMBL1978;Homo sapiens;Aromatase;9606;;;Ki app;uM;UO_0000065;;1.2;False
;;892502;[];CHEMBL662252;Apparent inhibition constant (Ki) for cytochrome P450 19A1 with androstenedione;B;;;BAO_0000192;BAO_0000357;single protein format;CCCCN1C(=O)C2CC2(c2ccc(N)cc2)C1=O;;;CHEMBL1124116;J Med Chem;1988;{'bei': '34.16', 'le': '0.63', 'lle': '7.12', 'sei': '13.92'};CHEMBL174909;;CHEMBL174909;8.82;0;http://www.openphacts.org/units/Nanomolar;347381;=;1;1;=;;Ki;nM;;1.5;CHEMBL1978;Homo sapiens;Aromatase;9606;;;Ki app;uM;UO_0000065;;0.0015;False
;;895828;[];CHEMBL857512;Apparent inhibition constant (Ki) for cytochrome P450 19A1;B;;;BAO_0000192;BAO_0000357;single protein format;CCC1(c2ccc(N)cc2)CCC(=O)NC1=O;;;CHEMBL1124116;J Med Chem;1988;{'bei': '24.73', 'le': '0.46', 'lle': '4.39', 'sei': '7.96'};CHEMBL488;AMINOGLUTETHIMIDE;CHEMBL488;5.75;1;http://www.openphacts.org/units/Nanomolar;347370;=;1;1;=;;Ki;nM;;1800.0;CHEMBL1978;Homo sapiens;Aromatase;9606;;;Ki app;uM;UO_0000065;;1.8;False
;;908811;[];CHEMBL666404;Apparent inhibition constant (Ki) Cytochrome P450 19A1;B;;;BAO_0000192;BAO_0000357;single protein format;CCCCCCC[C@@H]1CC2C(CCC3(C)C(=O)CCC23)C2(C)C=CC(=O)C=C12;;;CHEMBL1129505;J Med Chem;1996;{'bei': '21.19', 'le': '0.40', 'lle': '1.66', 'sei': '23.75'};CHEMBL268918;;CHEMBL268918;8.11;0;http://www.openphacts.org/units/Nanomolar;4060;=;1;1;=;;Ki;nM;;7.8;CHEMBL1978;Homo sapiens;Aromatase;9606;;;Ki app;nM;UO_0000065;;7.8;False
;;909166;[];CHEMBL664585;Inactivation rate (Ki) of human placental Cytochrome P450 19A1;B;;;BAO_0000192;BAO_0000019;assay format;CC1(C=O)CCC2C(CCC3=CC(=O)C=CC32C)C1;;;CHEMBL1124424;J Med Chem;1989;{'bei': '20.90', 'le': '0.39', 'lle': '1.93', 'sei': '15.82'};CHEMBL158600;;CHEMBL158600;5.40;0;http://www.openphacts.org/units/Nanomolar;311200;=;1;1;=;;Ki;nM;;3980.0;CHEMBL1978;Homo sapiens;Aromatase;9606;;;Ki;uM;UO_0000065;;3.98;False
;;911505;[];CHEMBL666404;Apparent inhibition constant (Ki) Cytochrome P450 19A1;B;;;BAO_0000192;BAO_0000357;single protein format;CCCCCCC[C@H]1CC2C(CCC3(C)C(=O)CCC23)C2(C)C=CC(=O)C=C12;;;CHEMBL1129505;J Med Chem;1996;{'bei': '20.12', 'le': '0.38', 'lle': '1.25', 'sei': '22.55'};CHEMBL268209;;CHEMBL268209;7.70;0;http://www.openphacts.org/units/Nanomolar;4067;=;1;1;=;;Ki;nM;;20.0;CHEMBL1978;Homo sapiens;Aromatase;9606;;;Ki app;nM;UO_0000065;;20.0;False
;;912848;[];CHEMBL666404;Apparent inhibition constant (Ki) Cytochrome P450 19A1;B;;;BAO_0000192;BAO_0000357;single protein format;CCC[C@H]1CC2C(CCC3(C)C(=O)CCC23)C2(C)C=CC(=O)C=C12;;;CHEMBL1129505;J Med Chem;1996;{'bei': '23.45', 'le': '0.44', 'lle': '2.77', 'sei': '22.43'};CHEMBL8333;;CHEMBL8333;7.66;0;http://www.openphacts.org/units/Nanomolar;4069;=;1;1;=;;Ki;nM;;22.0;CHEMBL1978;Homo sapiens;Aromatase;9606;;;Ki app;nM;UO_0000065;;22.0;False
;;912849;[];CHEMBL664893;Catalytic rate constant (Ki) for time-dependent inactivation of Cytochrome P450 19A1;B;;;BAO_0000192;BAO_0000357;single protein format;CCC[C@H]1CC2C(CCC3(C)C(=O)CCC23)C2(C)C=CC(=O)C=C12;;;CHEMBL1129505;J Med Chem;1996;{'bei': '19.82', 'le': '0.37', 'lle': '1.58', 'sei': '18.95'};CHEMBL8333;;CHEMBL8333;6.47;0;http://www.openphacts.org/units/Nanomolar;4069;=;1;1;=;;Ki;nM;;339.0;CHEMBL1978;Homo sapiens;Aromatase;9606;;;Ki;nM;UO_0000065;;339.0;False
;;912852;[];CHEMBL666404;Apparent inhibition constant (Ki) Cytochrome P450 19A1;B;;;BAO_0000192;BAO_0000357;single protein format;CCCCCC[C@H]1CC2C(CCC3(C)C(=O)CCC23)C2(C)C=CC(=O)C=C12;;;CHEMBL1129505;J Med Chem;1996;{'bei': '20.63', 'le': '0.38', 'lle': '1.54', 'sei': '22.27'};CHEMBL266532;;CHEMBL266532;7.60;0;http://www.openphacts.org/units/Nanomolar;4057;=;1;1;=;;Ki;nM;;25.0;CHEMBL1978;Homo sapiens;Aromatase;9606;;;Ki app;nM;UO_0000065;;25.0;False
;;912853;[];CHEMBL664893;Catalytic rate constant (Ki) for time-dependent inactivation of Cytochrome P450 19A1;B;;;BAO_0000192;BAO_0000357;single protein format;CCCCCC[C@H]1CC2C(CCC3(C)C(=O)CCC23)C2(C)C=CC(=O)C=C12;;;CHEMBL1129505;J Med Chem;1996;{'bei': '16.79', 'le': '0.31', 'lle': '0.13', 'sei': '18.12'};CHEMBL266532;;CHEMBL266532;6.19;0;http://www.openphacts.org/units/Nanomolar;4057;=;1;1;=;;Ki;nM;;650.0;CHEMBL1978;Homo sapiens;Aromatase;9606;;;Ki;nM;UO_0000065;;650.0;False
;;916668;[];CHEMBL666404;Apparent inhibition constant (Ki) Cytochrome P450 19A1;B;;;BAO_0000192;BAO_0000357;single protein format;CCCCC[C@H]1CC2C(CCC3(C)C(=O)CCC23)C2(C)C=CC(=O)C=C12;;;CHEMBL1129505;J Med Chem;1996;{'bei': '22.45', 'le': '0.42', 'lle': '2.29', 'sei': '23.31'};CHEMBL267668;;CHEMBL267668;7.96;0;http://www.openphacts.org/units/Nanomolar;4068;=;1;1;=;;Ki;nM;;11.0;CHEMBL1978;Homo sapiens;Aromatase;9606;;;Ki app;nM;UO_0000065;;11.0;False
;;916672;[];CHEMBL666404;Apparent inhibition constant (Ki) Cytochrome P450 19A1;B;;;BAO_0000192;BAO_0000357;single protein format;CCC[C@@H]1CC2C(CCC3(C)C(=O)CCC23)C2(C)C=CC(=O)C=C12;;;CHEMBL1129505;J Med Chem;1996;{'bei': '24.98', 'le': '0.46', 'lle': '3.26', 'sei': '23.89'};CHEMBL8254;;CHEMBL8254;8.15;0;http://www.openphacts.org/units/Nanomolar;4064;=;1;1;=;;Ki;nM;;7.0;CHEMBL1978;Homo sapiens;Aromatase;9606;;;Ki app;nM;UO_0000065;;7.0;False
;;916676;[];CHEMBL666404;Apparent inhibition constant (Ki) Cytochrome P450 19A1;B;;;BAO_0000192;BAO_0000357;single protein format;CCCC[C@@H]1CC2C(CCC3(C)C(=O)CCC23)C2(C)C=CC(=O)C=C12;;;CHEMBL1129505;J Med Chem;1996;{'bei': '23.07', 'le': '0.43', 'lle': '2.57', 'sei': '23.00'};CHEMBL8417;;CHEMBL8417;7.85;0;http://www.openphacts.org/units/Nanomolar;4063;=;1;1;=;;Ki;nM;;14.0;CHEMBL1978;Homo sapiens;Aromatase;9606;;;Ki app;nM;UO_0000065;;14.0;False
;;918015;[];CHEMBL666404;Apparent inhibition constant (Ki) Cytochrome P450 19A1;B;;;BAO_0000192;BAO_0000357;single protein format;C[C@]12C=CC(=O)C=C1CC[C@@H]1[C@@H]2CC[C@]2(C)C(=O)CC[C@@H]12;;;CHEMBL1129505;J Med Chem;1996;{'bei': '25.90', 'le': '0.48', 'lle': '3.51', 'sei': '21.58'};CHEMBL1078534;ANDROSTENEDONE;CHEMBL1078534;7.37;0;http://www.openphacts.org/units/Nanomolar;4058;=;1;1;=;;Ki;nM;;43.0;CHEMBL1978;Homo sapiens;Aromatase;9606;;;Ki app;nM;UO_0000065;;43.0;False
;;918016;[];CHEMBL664893;Catalytic rate constant (Ki) for time-dependent inactivation of Cytochrome P450 19A1;B;;;BAO_0000192;BAO_0000357;single protein format;C[C@]12C=CC(=O)C=C1CC[C@@H]1[C@@H]2CC[C@]2(C)C(=O)CC[C@@H]12;;;CHEMBL1129505;J Med Chem;1996;{'bei': '21.17', 'le': '0.39', 'lle': '2.16', 'sei': '17.64'};CHEMBL1078534;ANDROSTENEDONE;CHEMBL1078534;6.02;0;http://www.openphacts.org/units/Nanomolar;4058;=;1;1;=;;Ki;nM;;952.0;CHEMBL1978;Homo sapiens;Aromatase;9606;;;Ki;nM;UO_0000065;;952.0;False
;;919517;[];CHEMBL662242;Inactivation rate (Ki) for human placental Cytochrome P450 19A1;B;;;BAO_0000192;BAO_0000019;assay format;C[C@]12CCC(=O)C[C@@H]1CC[C@@H]1[C@@H]2CC[C@]2(C)[C@@H](O)CC[C@@H]12;;;CHEMBL1124424;J Med Chem;1989;{'bei': '20.00', 'le': '0.38', 'lle': '1.85', 'sei': '15.58'};CHEMBL27769;STANOLONE;CHEMBL27769;5.81;0;http://www.openphacts.org/units/Nanomolar;311196;=;1;1;=;;Ki;nM;;1550.0;CHEMBL1978;Homo sapiens;Aromatase;9606;;;Ki;uM;UO_0000065;;1.55;False
;;919519;[];CHEMBL664896;Competitive inhibition of binding to human placental Cytochrome P450 19A1;B;;;BAO_0000192;BAO_0000019;assay format;C[C@]12CCC(=O)C[C@@H]1CC[C@@H]1[C@@H]2CC[C@]2(C)[C@@H](O)CC[C@@H]12;;;CHEMBL1124424;J Med Chem;1989;{'bei': '22.92', 'le': '0.43', 'lle': '2.70', 'sei': '17.85'};CHEMBL27769;STANOLONE;CHEMBL27769;6.66;0;http://www.openphacts.org/units/Nanomolar;311196;=;1;1;=;;Ki;nM;;220.0;CHEMBL1978;Homo sapiens;Aromatase;9606;;;Ki;uM;UO_0000065;;0.22;False
;;920405;[];CHEMBL666404;Apparent inhibition constant (Ki) Cytochrome P450 19A1;B;;;BAO_0000192;BAO_0000357;single protein format;C[C@@H]1CC2C(CCC3(C)C(=O)CCC23)C2(C)C=CC(=O)C=C12;;;CHEMBL1129505;J Med Chem;1996;{'bei': '24.68', 'le': '0.46', 'lle': '3.26', 'sei': '21.58'};CHEMBL8315;;CHEMBL8315;7.37;0;http://www.openphacts.org/units/Nanomolar;4066;=;1;1;=;;Ki;nM;;43.0;CHEMBL1978;Homo sapiens;Aromatase;9606;;;Ki app;nM;UO_0000065;;43.0;False
;;920406;[];CHEMBL664893;Catalytic rate constant (Ki) for time-dependent inactivation of Cytochrome P450 19A1;B;;;BAO_0000192;BAO_0000357;single protein format;C[C@@H]1CC2C(CCC3(C)C(=O)CCC23)C2(C)C=CC(=O)C=C12;;;CHEMBL1129505;J Med Chem;1996;{'bei': '20.51', 'le': '0.38', 'lle': '2.01', 'sei': '17.93'};CHEMBL8315;;CHEMBL8315;6.12;0;http://www.openphacts.org/units/Nanomolar;4066;=;1;1;=;;Ki;nM;;757.0;CHEMBL1978;Homo sapiens;Aromatase;9606;;;Ki;nM;UO_0000065;;757.0;False
;;924035;[];CHEMBL666404;Apparent inhibition constant (Ki) Cytochrome P450 19A1;B;;;BAO_0000192;BAO_0000357;single protein format;C[C@H]1CC2C(CCC3(C)C(=O)CCC23)C2(C)C=CC(=O)C=C12;;;CHEMBL1129505;J Med Chem;1996;{'bei': '24.35', 'le': '0.45', 'lle': '3.16', 'sei': '21.29'};CHEMBL274878;;CHEMBL274878;7.27;0;http://www.openphacts.org/units/Nanomolar;4054;=;1;1;=;;Ki;nM;;54.0;CHEMBL1978;Homo sapiens;Aromatase;9606;;;Ki app;nM;UO_0000065;;54.0;False
;;924036;[];CHEMBL664893;Catalytic rate constant (Ki) for time-dependent inactivation of Cytochrome P450 19A1;B;;;BAO_0000192;BAO_0000357;single protein format;C[C@H]1CC2C(CCC3(C)C(=O)CCC23)C2(C)C=CC(=O)C=C12;;;CHEMBL1129505;J Med Chem;1996;{'bei': '20.43', 'le': '0.38', 'lle': '1.99', 'sei': '17.86'};CHEMBL274878;;CHEMBL274878;6.10;0;http://www.openphacts.org/units/Nanomolar;4054;=;1;1;=;;Ki;nM;;800.0;CHEMBL1978;Homo sapiens;Aromatase;9606;;;Ki;nM;UO_0000065;;800.0;False
;;928761;[];CHEMBL662243;Inactivation rate (Ki) for human placental aromatase Cytochrome P450 19A1;B;;;BAO_0000192;BAO_0000019;assay format;C[C@]12C=CC(=O)C=C1CC[C@@H]1[C@@H]2CC[C@]2(C)C(=O)OC[C@@H]12;;;CHEMBL1124424;J Med Chem;1989;{'bei': '22.38', 'le': '0.42', 'lle': '3.35', 'sei': '14.78'};CHEMBL3085491;;CHEMBL3085491;6.41;0;http://www.openphacts.org/units/Nanomolar;311202;=;1;1;=;;Ki;nM;;390.0;CHEMBL1978;Homo sapiens;Aromatase;9606;;;Ki;uM;UO_0000065;;0.39;False
;;928763;[];CHEMBL663782;Competitive inhibition of binding to human placental aromatase Cytochrome P450 19A1;B;;;BAO_0000192;BAO_0000019;assay format;C[C@]12C=CC(=O)C=C1CC[C@@H]1[C@@H]2CC[C@]2(C)C(=O)OC[C@@H]12;;;CHEMBL1124424;J Med Chem;1989;{'bei': '22.30', 'le': '0.42', 'lle': '3.33', 'sei': '14.73'};CHEMBL3085491;;CHEMBL3085491;6.39;0;http://www.openphacts.org/units/Nanomolar;311202;=;1;1;=;;Ki;nM;;410.0;CHEMBL1978;Homo sapiens;Aromatase;9606;;;Ki;uM;UO_0000065;;0.41;False
;;932340;[];CHEMBL666404;Apparent inhibition constant (Ki) Cytochrome P450 19A1;B;;;BAO_0000192;BAO_0000357;single protein format;CCCC[C@H]1CC2C(CCC3(C)C(=O)CCC23)C2(C)C=CC(=O)C=C12;;;CHEMBL1129505;J Med Chem;1996;{'bei': '22.89', 'le': '0.43', 'lle': '2.52', 'sei': '22.84'};CHEMBL8646;;CHEMBL8646;7.80;0;http://www.openphacts.org/units/Nanomolar;4056;=;1;1;=;;Ki;nM;;16.0;CHEMBL1978;Homo sapiens;Aromatase;9606;;;Ki app;nM;UO_0000065;;16.0;False
;;932341;[];CHEMBL664893;Catalytic rate constant (Ki) for time-dependent inactivation of Cytochrome P450 19A1;B;;;BAO_0000192;BAO_0000357;single protein format;CCCC[C@H]1CC2C(CCC3(C)C(=O)CCC23)C2(C)C=CC(=O)C=C12;;;CHEMBL1129505;J Med Chem;1996;{'bei': '18.34', 'le': '0.34', 'lle': '0.96', 'sei': '18.29'};CHEMBL8646;;CHEMBL8646;6.24;0;http://www.openphacts.org/units/Nanomolar;4056;=;1;1;=;;Ki;nM;;571.0;CHEMBL1978;Homo sapiens;Aromatase;9606;;;Ki;nM;UO_0000065;;571.0;False
;;932704;[];CHEMBL662242;Inactivation rate (Ki) for human placental Cytochrome P450 19A1;B;;;BAO_0000192;BAO_0000019;assay format;CC12CCCC1C1CCC3=CC(=O)C=CC3(C)C1CC2;;;CHEMBL1124424;J Med Chem;1989;{'bei': '22.03', 'le': '0.41', 'lle': '1.28', 'sei': '34.91'};CHEMBL349300;;CHEMBL349300;5.96;0;http://www.openphacts.org/units/Nanomolar;311201;=;1;1;=;;Ki;nM;;1100.0;CHEMBL1978;Homo sapiens;Aromatase;9606;;;Ki;uM;UO_0000065;;1.1;False
;;932706;[];CHEMBL663782;Competitive inhibition of binding to human placental aromatase Cytochrome P450 19A1;B;;;BAO_0000192;BAO_0000019;assay format;CC12CCCC1C1CCC3=CC(=O)C=CC3(C)C1CC2;;;CHEMBL1124424;J Med Chem;1989;{'bei': '22.78', 'le': '0.42', 'lle': '1.48', 'sei': '36.09'};CHEMBL349300;;CHEMBL349300;6.16;0;http://www.openphacts.org/units/Nanomolar;311201;=;1;1;=;;Ki;nM;;690.0;CHEMBL1978;Homo sapiens;Aromatase;9606;;;Ki;uM;UO_0000065;;0.69;False
;;934159;[];CHEMBL663782;Competitive inhibition of binding to human placental aromatase Cytochrome P450 19A1;B;;;BAO_0000192;BAO_0000019;assay format;CC(=O)OCC1(C)CCC2C(CCC3=CC(=O)C=CC32C)C1;;;CHEMBL1124424;J Med Chem;1989;{'bei': '16.16', 'le': '0.30', 'lle': '1.05', 'sei': '11.27'};CHEMBL158397;;CHEMBL158397;4.89;0;http://www.openphacts.org/units/Nanomolar;311199;=;1;1;=;;Ki;nM;;13000.0;CHEMBL1978;Homo sapiens;Aromatase;9606;;;Ki;uM;UO_0000065;;13.0;False
;;934162;[];CHEMBL662243;Inactivation rate (Ki) for human placental aromatase Cytochrome P450 19A1;B;;;BAO_0000192;BAO_0000019;assay format;C[C@]12C=CC(=O)C=C1CC[C@@H]1[C@@H]2CC[C@]2(C)C(=O)CC[C@@H]12;;;CHEMBL1124424;J Med Chem;1989;{'bei': '23.15', 'le': '0.43', 'lle': '2.73', 'sei': '19.29'};CHEMBL1078534;ANDROSTENEDONE;CHEMBL1078534;6.58;0;http://www.openphacts.org/units/Nanomolar;311203;=;1;1;=;;Ki;nM;;260.0;CHEMBL1978;Homo sapiens;Aromatase;9606;;;Ki;uM;UO_0000065;;0.26;False
;;934164;[];CHEMBL663782;Competitive inhibition of binding to human placental aromatase Cytochrome P450 19A1;B;;;BAO_0000192;BAO_0000019;assay format;C[C@]12C=CC(=O)C=C1CC[C@@H]1[C@@H]2CC[C@]2(C)C(=O)CC[C@@H]12;;;CHEMBL1124424;J Med Chem;1989;{'bei': '24.33', 'le': '0.45', 'lle': '3.06', 'sei': '20.27'};CHEMBL1078534;ANDROSTENEDONE;CHEMBL1078534;6.92;0;http://www.openphacts.org/units/Nanomolar;311203;=;1;1;=;;Ki;nM;;120.0;CHEMBL1978;Homo sapiens;Aromatase;9606;;;Ki;uM;UO_0000065;;0.12;False
;;935238;[];CHEMBL666404;Apparent inhibition constant (Ki) Cytochrome P450 19A1;B;;;BAO_0000192;BAO_0000357;single protein format;CC[C@H]1CC2C(CCC3(C)C(=O)CCC23)C2(C)C=CC(=O)C=C12;;;CHEMBL1129505;J Med Chem;1996;{'bei': '24.71', 'le': '0.46', 'lle': '3.22', 'sei': '22.62'};CHEMBL8498;;CHEMBL8498;7.72;0;http://www.openphacts.org/units/Nanomolar;4055;=;1;1;=;;Ki;nM;;19.0;CHEMBL1978;Homo sapiens;Aromatase;9606;;;Ki app;nM;UO_0000065;;19.0;False
;;935239;[];CHEMBL664893;Catalytic rate constant (Ki) for time-dependent inactivation of Cytochrome P450 19A1;B;;;BAO_0000192;BAO_0000357;single protein format;CC[C@H]1CC2C(CCC3(C)C(=O)CCC23)C2(C)C=CC(=O)C=C12;;;CHEMBL1129505;J Med Chem;1996;{'bei': '21.47', 'le': '0.40', 'lle': '2.21', 'sei': '19.65'};CHEMBL8498;;CHEMBL8498;6.71;0;http://www.openphacts.org/units/Nanomolar;4055;=;1;1;=;;Ki;nM;;196.0;CHEMBL1978;Homo sapiens;Aromatase;9606;;;Ki;nM;UO_0000065;;196.0;False
;;935668;[];CHEMBL663782;Competitive inhibition of binding to human placental aromatase Cytochrome P450 19A1;B;;;BAO_0000192;BAO_0000019;assay format;CC(=O)C1(C)CCC2C(CCC3=CC(=O)C=CC32C)C1;;;CHEMBL1124424;J Med Chem;1989;{'bei': '15.96', 'le': '0.30', 'lle': '0.49', 'sei': '12.73'};CHEMBL158326;;CHEMBL158326;4.35;0;http://www.openphacts.org/units/Nanomolar;311205;=;1;1;=;;Ki;nM;;45000.0;CHEMBL1978;Homo sapiens;Aromatase;9606;;;Ki;uM;UO_0000065;;45.0;False
;;938598;[];CHEMBL664585;Inactivation rate (Ki) of human placental Cytochrome P450 19A1;B;;;BAO_0000192;BAO_0000019;assay format;CC1(CO)CCC2C(CCC3=CC(=O)C=CC32C)C1;;;CHEMBL1124424;J Med Chem;1989;{'bei': '19.46', 'le': '0.36', 'lle': '1.80', 'sei': '13.59'};CHEMBL348154;;CHEMBL348154;5.07;0;http://www.openphacts.org/units/Nanomolar;311206;=;1;1;=;;Ki;nM;;8560.0;CHEMBL1978;Homo sapiens;Aromatase;9606;;;Ki;uM;UO_0000065;;8.56;False
;;940653;[];CHEMBL666404;Apparent inhibition constant (Ki) Cytochrome P450 19A1;B;;;BAO_0000192;BAO_0000357;single protein format;CC[C@@H]1CC2C(CCC3(C)C(=O)CCC23)C2(C)C=CC(=O)C=C12;;;CHEMBL1129505;J Med Chem;1996;{'bei': '26.65', 'le': '0.49', 'lle': '3.83', 'sei': '24.39'};CHEMBL8313;;CHEMBL8313;8.33;0;http://www.openphacts.org/units/Nanomolar;4065;=;1;1;=;;Ki;nM;;4.7;CHEMBL1978;Homo sapiens;Aromatase;9606;;;Ki app;nM;UO_0000065;;4.7;False
;;944716;[];CHEMBL666404;Apparent inhibition constant (Ki) Cytochrome P450 19A1;B;;;BAO_0000192;BAO_0000357;single protein format;CCCCC[C@@H]1CC2C(CCC3(C)C(=O)CCC23)C2(C)C=CC(=O)C=C12;;;CHEMBL1129505;J Med Chem;1996;{'bei': '23.41', 'le': '0.44', 'lle': '2.63', 'sei': '24.31'};CHEMBL440832;;CHEMBL440832;8.30;0;http://www.openphacts.org/units/Nanomolar;4062;=;1;1;=;;Ki;nM;;5.0;CHEMBL1978;Homo sapiens;Aromatase;9606;;;Ki app;nM;UO_0000065;;5.0;False
;;944720;[];CHEMBL666404;Apparent inhibition constant (Ki) Cytochrome P450 19A1;B;;;BAO_0000192;BAO_0000357;single protein format;CCCCCC[C@@H]1CC2C(CCC3(C)C(=O)CCC23)C2(C)C=CC(=O)C=C12;;;CHEMBL1129505;J Med Chem;1996;{'bei': '21.97', 'le': '0.41', 'lle': '2.04', 'sei': '23.72'};CHEMBL266350;;CHEMBL266350;8.10;0;http://www.openphacts.org/units/Nanomolar;4061;=;1;1;=;;Ki;nM;;8.0;CHEMBL1978;Homo sapiens;Aromatase;9606;;;Ki app;nM;UO_0000065;;8.0;False
;;946312;[];CHEMBL663782;Competitive inhibition of binding to human placental aromatase Cytochrome P450 19A1;B;;;BAO_0000192;BAO_0000019;assay format;CCC(=O)C1(C)CCC2C(CCC3=CC(=O)C=CC32C)C1;;;CHEMBL1124424;J Med Chem;1989;{'bei': '14.01', 'le': '0.26', 'lle': '-0.24', 'sei': '11.76'};CHEMBL158325;;CHEMBL158325;4.01;0;http://www.openphacts.org/units/Nanomolar;311204;=;1;1;=;;Ki;nM;;97000.0;CHEMBL1978;Homo sapiens;Aromatase;9606;;;Ki;uM;UO_0000065;;97.0;False
;;1073147;[];CHEMBL664580;Inhibition constant for human placental Cytochrome P450 19A1;B;;;BAO_0000192;BAO_0000019;assay format;C[C@]12CCC(=O)C(SCC#N)=C1CC[C@@H]1[C@@H]2CC[C@]2(C)C(=O)CC[C@@H]12;;;CHEMBL1125454;J Med Chem;1992;{'bei': '18.94', 'le': '0.37', 'lle': '2.10', 'sei': '11.69'};CHEMBL2113619;;CHEMBL2113619;6.77;0;http://www.openphacts.org/units/Nanomolar;66192;=;1;1;=;;Ki;nM;;169.0;CHEMBL1978;Homo sapiens;Aromatase;9606;;;Ki;nM;UO_0000065;;169.0;False
;;1076816;[];CHEMBL664580;Inhibition constant for human placental Cytochrome P450 19A1;B;;;BAO_0000192;BAO_0000019;assay format;C[C@]12CCC(=O)C(SCF)=C1CCC1C2CC[C@]2(C)C(=O)CCC12;;;CHEMBL1125454;J Med Chem;1992;{'bei': '21.46', 'le': '0.43', 'lle': '2.44', 'sei': '22.04'};CHEMBL41517;;CHEMBL41517;7.52;0;http://www.openphacts.org/units/Nanomolar;66193;=;1;1;=;;Ki;nM;;30.0;CHEMBL1978;Homo sapiens;Aromatase;9606;;;Ki;nM;UO_0000065;;30.0;False
;;1076939;[];CHEMBL664581;Inhibition constant for human placental cytochrome P450 19A1;B;;;BAO_0000192;BAO_0000019;assay format;C[C@]12CCC(=O)C(S)=C1CCC1C2=CC[C@]2(C)C(=O)CCC12;;;CHEMBL1125454;J Med Chem;1992;{'bei': '22.57', 'le': '0.44', 'lle': '2.87', 'sei': '20.92'};CHEMBL41033;;CHEMBL41033;7.14;0;http://www.openphacts.org/units/Nanomolar;66186;=;1;1;=;;Ki;nM;;72.0;CHEMBL1978;Homo sapiens;Aromatase;9606;;;Ki;nM;UO_0000065;;72.0;False
;;1084990;[];CHEMBL664581;Inhibition constant for human placental cytochrome P450 19A1;B;;;BAO_0000192;BAO_0000019;assay format;C[C@]12CCC(=O)C(SCCl)=C1CCC1C2=CC[C@]2(C)C(=O)CCC12;;;CHEMBL1125454;J Med Chem;1992;{'bei': '20.74', 'le': '0.43', 'lle': '2.31', 'sei': '22.17'};CHEMBL442542;;CHEMBL442542;7.57;0;http://www.openphacts.org/units/Nanomolar;66184;=;1;1;=;;Ki;nM;;27.0;CHEMBL1978;Homo sapiens;Aromatase;9606;;;Ki;nM;UO_0000065;;27.0;False
;;1088183;[];CHEMBL664412;Aromatase inhibitor potency as iron-binding-related type II difference spectrum;B;;;BAO_0000192;BAO_0000357;single protein format;Cl.N#Cc1ccc(C2CCCc3cncn32)cc1;;;CHEMBL1125250;J Med Chem;1991;{'bei': '39.52', 'le': '0.71', 'lle': '6.14', 'sei': '21.21'};CHEMBL468419;FADROZOLE HYDROCHLORIDE;CHEMBL9298;8.82;0;http://www.openphacts.org/units/Nanomolar;320394;=;1;1;=;;Ki;nM;;1.5;CHEMBL1978;Homo sapiens;Aromatase;9606;;;Ki;nM;UO_0000065;;1.5;False
;;1091565;[];CHEMBL664581;Inhibition constant for human placental cytochrome P450 19A1;B;;;BAO_0000192;BAO_0000019;assay format;C[C@]12CCC(=O)C(SCCl)=C1CCC1C2CC[C@]2(C)C(=O)CCC12;;;CHEMBL1125454;J Med Chem;1992;{'bei': '20.50', 'le': '0.43', 'lle': '2.18', 'sei': '22.04'};CHEMBL40432;;CHEMBL40432;7.52;0;http://www.openphacts.org/units/Nanomolar;66183;=;1;1;=;;Ki;nM;;30.0;CHEMBL1978;Homo sapiens;Aromatase;9606;;;Ki;nM;UO_0000065;;30.0;False
;;1097158;[];CHEMBL664411;Aromatase inhibitor potency as iron-binding-related type II difference spectrum;B;;;BAO_0000192;BAO_0000357;single protein format;CSC[C@]12CCC(=O)C=C1CCC1C2CC[C@]2(C)C(=O)CCC12;;;CHEMBL1125250;J Med Chem;1991;{'bei': '27.07', 'le': '0.53', 'lle': '4.57', 'sei': '26.36'};CHEMBL101540;;CHEMBL101540;9.00;1;http://www.openphacts.org/units/Nanomolar;320382;=;1;1;=;;Ki;nM;;1.0;CHEMBL1978;Homo sapiens;Aromatase;9606;;;Ki;nM;UO_0000065;;1.0;False
;;1098393;[];CHEMBL664581;Inhibition constant for human placental cytochrome P450 19A1;B;;;BAO_0000192;BAO_0000019;assay format;C[C@]12CCC(=O)C(O)=C1CC[C@@H]1[C@@H]2CC[C@]2(C)C(=O)CC[C@@H]12;;;CHEMBL1125454;J Med Chem;1992;{'bei': '25.03', 'le': '0.47', 'lle': '3.60', 'sei': '13.92'};CHEMBL132530;FORMESTANE;CHEMBL132530;7.57;0;http://www.openphacts.org/units/Nanomolar;66181;=;1;1;=;;Ki;nM;;27.0;CHEMBL1978;Homo sapiens;Aromatase;9606;;;Ki;nM;UO_0000065;;27.0;False
;;1099394;[];CHEMBL664897;Competitive inhibition of human placental Cytochrome P450 19A1;B;;;BAO_0000192;BAO_0000019;assay format;CCC1(c2ccc(N)cc2)CCC(=O)NC1=O;;;CHEMBL1125250;J Med Chem;1991;{'bei': '27.24', 'le': '0.51', 'lle': '4.98', 'sei': '8.77'};CHEMBL488;AMINOGLUTETHIMIDE;CHEMBL488;6.33;0;http://www.openphacts.org/units/Nanomolar;320383;=;1;1;=;;Ki;nM;;470.0;CHEMBL1978;Homo sapiens;Aromatase;9606;;;Ki;M;UO_0000065;;4.7E-7;False
;;1115197;[];CHEMBL664409;Inhibition of Cytochrome P450 19A1 against testosterone at 1.5 uM (Km=0.13 uM);B;;;BAO_0000192;BAO_0000357;single protein format;CCC1(c2ccc(N)cc2)CCC(=O)NC1=O;;;CHEMBL1123156;J Med Chem;1986;{'bei': '26.55', 'le': '0.50', 'lle': '4.82', 'sei': '8.54'};CHEMBL488;AMINOGLUTETHIMIDE;CHEMBL488;6.17;0;http://www.openphacts.org/units/Nanomolar;291294;=;1;1;=;;Ki;nM;;680.0;CHEMBL1978;Homo sapiens;Aromatase;9606;;;Ki;uM;UO_0000065;;0.68;False
;;1115319;[];CHEMBL649356;Inhibition constant for human aromatase cytochrome P450 19A1 activity;B;;;BAO_0000192;BAO_0000357;single protein format;N#Cc1ccc(C2CCCc3cncn32)cc1;;;CHEMBL1130802;Bioorg Med Chem Lett;1998;{'bei': '41.30', 'le': '0.74', 'lle': '6.54', 'sei': '22.16'};CHEMBL9298;FADROZOLE;CHEMBL9298;9.22;0;http://www.openphacts.org/units/Nanomolar;5001;=;1;1;=;;Ki;nM;;0.6;CHEMBL1978;Homo sapiens;Aromatase;9606;;;Ki;nM;UO_0000065;;0.6;False
;;1116254;[];CHEMBL664409;Inhibition of Cytochrome P450 19A1 against testosterone at 1.5 uM (Km=0.13 uM);B;;;BAO_0000192;BAO_0000357;single protein format;CN1C(=O)CC(c2ccc(N)cc2)C1=O;;;CHEMBL1123156;J Med Chem;1986;{'bei': '28.19', 'le': '0.52', 'lle': '5.02', 'sei': '9.08'};CHEMBL357775;;CHEMBL357775;5.76;0;http://www.openphacts.org/units/Nanomolar;291295;=;1;1;=;;Ki;nM;;1750.0;CHEMBL1978;Homo sapiens;Aromatase;9606;;;Ki;uM;UO_0000065;;1.75;False
;;1119996;[];CHEMBL649356;Inhibition constant for human aromatase cytochrome P450 19A1 activity;B;;;BAO_0000192;BAO_0000357;single protein format;O=C1/C(=C\c2ccncc2)C(c2ccc(Cl)cc2)Cn2cccc21;;;CHEMBL1130802;Bioorg Med Chem Lett;1998;{'bei': '23.86', 'le': '0.45', 'lle': '3.39', 'sei': '22.89'};CHEMBL9165;;CHEMBL9165;7.99;0;http://www.openphacts.org/units/Nanomolar;5002;=;1;1;=;;Ki;nM;;10.3;CHEMBL1978;Homo sapiens;Aromatase;9606;;;Ki;nM;UO_0000065;;10.3;False
;;1121184;[];CHEMBL649356;Inhibition constant for human aromatase cytochrome P450 19A1 activity;B;;;BAO_0000192;BAO_0000357;single protein format;O=C1/C(=C\c2ccncc2)C(c2ccccc2)c2ccccc21;;;CHEMBL1130802;Bioorg Med Chem Lett;1998;{'bei': '26.86', 'le': '0.47', 'lle': '3.50', 'sei': '26.66'};CHEMBL9179;;CHEMBL9179;7.99;0;http://www.openphacts.org/units/Nanomolar;5003;=;1;1;=;;Ki;nM;;10.3;CHEMBL1978;Homo sapiens;Aromatase;9606;;;Ki;nM;UO_0000065;;10.3;False
;;1130709;[];CHEMBL664409;Inhibition of Cytochrome P450 19A1 against testosterone at 1.5 uM (Km=0.13 uM);B;;;BAO_0000192;BAO_0000357;single protein format;CCC1(c2ccc(N)cc2)CC(=O)NC1=O;;;CHEMBL1123156;J Med Chem;1986;{'bei': '27.49', 'le': '0.51', 'lle': '5.04', 'sei': '8.31'};CHEMBL151212;;CHEMBL151212;6.00;0;http://www.openphacts.org/units/Nanomolar;291301;=;1;1;=;;Ki;nM;;1000.0;CHEMBL1978;Homo sapiens;Aromatase;9606;;;Ki;uM;UO_0000065;;1.0;False
;;1133059;[];CHEMBL649356;Inhibition constant for human aromatase cytochrome P450 19A1 activity;B;;;BAO_0000192;BAO_0000357;single protein format;COc1ccc2c(c1)C(N)=C(CC1=CCNC=C1)C2=O;;;CHEMBL1130802;Bioorg Med Chem Lett;1998;{'bei': '26.33', 'le': '0.48', 'lle': '5.07', 'sei': '10.98'};CHEMBL1096024;;CHEMBL1096024;7.06;0;http://www.openphacts.org/units/Nanomolar;5000;=;1;1;=;;Ki;nM;;86.2;CHEMBL1978;Homo sapiens;Aromatase;9606;;;Ki;nM;UO_0000065;;86.2;False
;;1138223;[];CHEMBL664409;Inhibition of Cytochrome P450 19A1 against testosterone at 1.5 uM (Km=0.13 uM);B;;;BAO_0000192;BAO_0000357;single protein format;CN1C(=O)CC(C)(c2ccc(N)cc2)C1=O;;;CHEMBL1123156;J Med Chem;1986;{'bei': '26.38', 'le': '0.49', 'lle': '4.84', 'sei': '9.08'};CHEMBL151691;;CHEMBL151691;5.76;0;http://www.openphacts.org/units/Nanomolar;291302;=;1;1;=;;Ki;nM;;1750.0;CHEMBL1978;Homo sapiens;Aromatase;9606;;;Ki;uM;UO_0000065;;1.75;False
;;1139590;[];CHEMBL664409;Inhibition of Cytochrome P450 19A1 against testosterone at 1.5 uM (Km=0.13 uM);B;;;BAO_0000192;BAO_0000357;single protein format;CC1(c2ccc(N)cc2)CC(=O)NC1=O;;;CHEMBL1123156;J Med Chem;1986;{'bei': '29.85', 'le': '0.56', 'lle': '5.53', 'sei': '8.45'};CHEMBL149238;;CHEMBL149238;6.10;0;http://www.openphacts.org/units/Nanomolar;291296;=;1;1;=;;Ki;nM;;800.0;CHEMBL1978;Homo sapiens;Aromatase;9606;;;Ki;uM;UO_0000065;;0.8;False
;;1184219;[];CHEMBL662246;Binding affinity for aromatase cytochrome P45019A1 by analysis of Dixon plot;B;;;BAO_0000192;BAO_0000357;single protein format;CC12CCC3C4CCC(=O)C=C4CCC3C1CCC2=O;;;CHEMBL1127575;J Med Chem;1994;{'bei': '25.16', 'le': '0.47', 'lle': '3.15', 'sei': '20.08'};CHEMBL309113;;CHEMBL309113;6.85;0;http://www.openphacts.org/units/Nanomolar;123952;=;1;1;=;;Ki;nM;;140.0;CHEMBL1978;Homo sapiens;Aromatase;9606;;;Ki;uM;UO_0000065;;0.14;False
;;1186987;[];CHEMBL664890;Binding affinity for human placental microsome Cytochrome P450 19A1;B;;;BAO_0000192;BAO_0000019;assay format;C#C[C@@H]1CC2C3CCC(=O)C3(C)CCC2C2(C)CCC(=O)C=C12;;;CHEMBL1127822;J Med Chem;1994;{'bei': '23.22', 'le': '0.43', 'lle': '3.26', 'sei': '21.11'};CHEMBL25700;;CHEMBL25700;7.21;0;http://www.openphacts.org/units/Nanomolar;36380;=;1;1;=;;Ki;nM;;62.0;CHEMBL1978;Homo sapiens;Aromatase;9606;;;Ki;nM;UO_0000065;;62.0;False
;;1186989;[];CHEMBL664890;Binding affinity for human placental microsome Cytochrome P450 19A1;B;;;BAO_0000192;BAO_0000019;assay format;CC[C@H]1CC2C3CCC(=O)C3(C)CCC2C2(C)CCC(=O)C=C12;;;CHEMBL1127822;J Med Chem;1994;{'bei': '26.48', 'le': '0.49', 'lle': '3.61', 'sei': '24.39'};CHEMBL24021;;CHEMBL24021;8.33;0;http://www.openphacts.org/units/Nanomolar;36379;=;1;1;=;;Ki;nM;;4.7;CHEMBL1978;Homo sapiens;Aromatase;9606;;;Ki;nM;UO_0000065;;4.7;False
;;1188252;[];CHEMBL664892;Binding affinity for human placental microsome aromatase Cytochrome P450 19A1;B;;;BAO_0000192;BAO_0000019;assay format;CC12CCC3C(C[C@@H](Cc4ccccc4)C4=CC(=O)CCC43C)C1CCC2=O;;;CHEMBL1127822;J Med Chem;1994;{'bei': '19.12', 'le': '0.35', 'lle': '1.64', 'sei': '21.09'};CHEMBL24897;;CHEMBL24897;7.20;0;http://www.openphacts.org/units/Nanomolar;36372;=;1;1;=;;Ki;nM;;63.0;CHEMBL1978;Homo sapiens;Aromatase;9606;;;Ki;nM;UO_0000065;;63.0;False
;;1188254;[];CHEMBL664892;Binding affinity for human placental microsome aromatase Cytochrome P450 19A1;B;;;BAO_0000192;BAO_0000019;assay format;C=C[C@@H]1CC2C3CCC(=O)C3(C)CCC2C2(C)CCC(=O)C=C12;;;CHEMBL1127822;J Med Chem;1994;{'bei': '26.54', 'le': '0.49', 'lle': '3.79', 'sei': '24.29'};CHEMBL24410;;CHEMBL24410;8.29;0;http://www.openphacts.org/units/Nanomolar;36371;=;1;1;=;;Ki;nM;;5.1;CHEMBL1978;Homo sapiens;Aromatase;9606;;;Ki;nM;UO_0000065;;5.1;False
;;1190914;[];CHEMBL662246;Binding affinity for aromatase cytochrome P45019A1 by analysis of Dixon plot;B;;;BAO_0000192;BAO_0000357;single protein format;C[C@]12CCC(=O)C=C1CC[C@@H]1[C@@H]2CC[C@]2(C)C(=O)CC[C@@H]12;;;CHEMBL1127575;J Med Chem;1994;{'bei': '26.88', 'le': '0.50', 'lle': '3.61', 'sei': '22.55'};CHEMBL274826;ANDROSTENEDIONE;CHEMBL274826;7.70;0;http://www.openphacts.org/units/Nanomolar;123950;=;1;1;=;;Ki;nM;;20.0;CHEMBL1978;Homo sapiens;Aromatase;9606;;;Ki;uM;UO_0000065;;0.02;False
;;1190916;[];CHEMBL662245;The binding affinity was determined on Cytochrome P450 19A1 by analysis of Dixon plot;B;;;BAO_0000192;BAO_0000357;single protein format;C[C@]12CCCC=C1CC[C@@H]1[C@@H]2CC[C@]2(C)C(=O)CC[C@@H]12;;;CHEMBL1127575;J Med Chem;1994;{'bei': '28.95', 'le': '0.54', 'lle': '2.98', 'sei': '46.20'};CHEMBL1629804;;CHEMBL1629804;7.89;0;http://www.openphacts.org/units/Nanomolar;123951;=;1;1;=;;Ki;nM;;13.0;CHEMBL1978;Homo sapiens;Aromatase;9606;;;Ki;uM;UO_0000065;;0.013;False
;;1193380;[];CHEMBL662245;The binding affinity was determined on Cytochrome P450 19A1 by analysis of Dixon plot;B;;;BAO_0000192;BAO_0000357;single protein format;CC12CCC3C(C(=O)C=C4CCCCC43CO)C1CCC2=O;;;CHEMBL1127575;J Med Chem;1994;{'bei': '16.40', 'le': '0.31', 'lle': '1.90', 'sei': '9.12'};CHEMBL302741;;CHEMBL302741;4.96;0;http://www.openphacts.org/units/Nanomolar;123947;=;1;1;=;;Ki;nM;;11000.0;CHEMBL1978;Homo sapiens;Aromatase;9606;;;Ki;uM;UO_0000065;;11.0;False
;;1193381;[];CHEMBL662250;Time dependent inactivation of Cytochrome P450 19A1 was obtained by Kitz-Wilson plot;B;;;BAO_0000192;BAO_0000357;single protein format;CC12CCC3C(C(=O)C=C4CCCCC43CO)C1CCC2=O;;;CHEMBL1127575;J Med Chem;1994;{'bei': '16.40', 'le': '0.31', 'lle': '1.90', 'sei': '9.12'};CHEMBL302741;;CHEMBL302741;4.96;0;http://www.openphacts.org/units/Nanomolar;123947;=;1;1;=;;Ki;nM;;11000.0;CHEMBL1978;Homo sapiens;Aromatase;9606;;;Ki;uM;UO_0000065;;11.0;False
;;1195924;[];CHEMBL662245;The binding affinity was determined on Cytochrome P450 19A1 by analysis of Dixon plot;B;;;BAO_0000192;BAO_0000357;single protein format;C[C@]12CCCCC1=CC[C@@H]1[C@@H]2CC[C@]2(C)C(=O)CC[C@@H]12;;;CHEMBL1127575;J Med Chem;1994;{'bei': '25.40', 'le': '0.47', 'lle': '2.01', 'sei': '40.54'};CHEMBL2311169;;CHEMBL2311169;6.92;0;http://www.openphacts.org/units/Nanomolar;123938;=;1;1;=;;Ki;nM;;120.0;CHEMBL1978;Homo sapiens;Aromatase;9606;;;Ki;uM;UO_0000065;;0.12;False
;;1195926;[];CHEMBL662245;The binding affinity was determined on Cytochrome P450 19A1 by analysis of Dixon plot;B;;;BAO_0000192;BAO_0000357;single protein format;CC12CCC=CC1=CCC1C2CCC2(C)C1CC[C@@H]2O;;;CHEMBL1127575;J Med Chem;1994;{'bei': '20.92', 'le': '0.39', 'lle': '1.22', 'sei': '28.17'};CHEMBL71117;;CHEMBL71117;5.70;0;http://www.openphacts.org/units/Nanomolar;123944;=;1;1;=;;Ki;nM;;2000.0;CHEMBL1978;Homo sapiens;Aromatase;9606;;;Ki;uM;UO_0000065;;2.0;False
;;1196037;[];CHEMBL662246;Binding affinity for aromatase cytochrome P45019A1 by analysis of Dixon plot;B;;;BAO_0000192;BAO_0000357;single protein format;CC12CCC3C(CC=C4CCCCC43CO)C1CCC2O;;;CHEMBL1127575;J Med Chem;1994;{'bei': '17.24', 'le': '0.33', 'lle': '1.34', 'sei': '12.38'};CHEMBL308829;;CHEMBL308829;5.01;0;http://www.openphacts.org/units/Nanomolar;123949;=;1;1;=;;Ki;nM;;9800.0;CHEMBL1978;Homo sapiens;Aromatase;9606;;;Ki;uM;UO_0000065;;9.8;False
;;1197288;[];CHEMBL664892;Binding affinity for human placental microsome aromatase Cytochrome P450 19A1;B;;;BAO_0000192;BAO_0000019;assay format;CCCC[C@H]1CC2C3CCC(=O)C3(C)CCC2C2(C)CCC(=O)C=C12;;;CHEMBL1127822;J Med Chem;1994;{'bei': '23.13', 'le': '0.43', 'lle': '2.42', 'sei': '23.20'};CHEMBL24946;;CHEMBL24946;7.92;0;http://www.openphacts.org/units/Nanomolar;36370;=;1;1;=;;Ki;nM;;12.0;CHEMBL1978;Homo sapiens;Aromatase;9606;;;Ki;nM;UO_0000065;;12.0;False
;;1199909;[];CHEMBL662245;The binding affinity was determined on Cytochrome P450 19A1 by analysis of Dixon plot;B;;;BAO_0000192;BAO_0000357;single protein format;CC12CCCCC1=CC(=O)C1C2CCC2(C)C(O)CCC12;;;CHEMBL1127575;J Med Chem;1994;{'bei': '18.24', 'le': '0.34', 'lle': '1.38', 'sei': '14.10'};CHEMBL302249;;CHEMBL302249;5.26;0;http://www.openphacts.org/units/Nanomolar;123946;=;1;1;=;;Ki;nM;;5500.0;CHEMBL1978;Homo sapiens;Aromatase;9606;;;Ki;uM;UO_0000065;;5.5;False
;;1199999;[];CHEMBL662246;Binding affinity for aromatase cytochrome P45019A1 by analysis of Dixon plot;B;;;BAO_0000192;BAO_0000357;single protein format;CC12CCC3C(CC=C4CCCCC43C=O)C1CCC2=O;;;CHEMBL1127575;J Med Chem;1994;{'bei': '20.44', 'le': '0.38', 'lle': '1.76', 'sei': '17.15'};CHEMBL71736;;CHEMBL71736;5.85;0;http://www.openphacts.org/units/Nanomolar;123953;=;1;1;=;;Ki;nM;;1400.0;CHEMBL1978;Homo sapiens;Aromatase;9606;;;Ki;uM;UO_0000065;;1.4;False
;;1201246;[];CHEMBL664892;Binding affinity for human placental microsome aromatase Cytochrome P450 19A1;B;;;BAO_0000192;BAO_0000019;assay format;CCC[C@H]1CC2C3CCC(=O)C3(C)CCC2C2(C)CCC(=O)C=C12;;;CHEMBL1127822;J Med Chem;1994;{'bei': '24.88', 'le': '0.47', 'lle': '3.06', 'sei': '23.94'};CHEMBL25695;;CHEMBL25695;8.17;0;http://www.openphacts.org/units/Nanomolar;36369;=;1;1;=;;Ki;nM;;6.7;CHEMBL1978;Homo sapiens;Aromatase;9606;;;Ki;nM;UO_0000065;;6.7;False
;;1202657;[];CHEMBL662245;The binding affinity was determined on Cytochrome P450 19A1 by analysis of Dixon plot;B;;;BAO_0000192;BAO_0000357;single protein format;CC12CCC3C(CC=C4C=CCCC43C)C1CCC2=O;;;CHEMBL1127575;J Med Chem;1994;{'bei': '26.76', 'le': '0.49', 'lle': '2.56', 'sei': '42.39'};CHEMBL71152;;CHEMBL71152;7.24;0;http://www.openphacts.org/units/Nanomolar;123945;=;1;1;=;;Ki;nM;;58.0;CHEMBL1978;Homo sapiens;Aromatase;9606;;;Ki;uM;UO_0000065;;0.058;False
;;1203918;[];CHEMBL662245;The binding affinity was determined on Cytochrome P450 19A1 by analysis of Dixon plot;B;;;BAO_0000192;BAO_0000357;single protein format;CC12CCC3C4CCC=CC4=CC(=O)C3C1CCC2=O;;;CHEMBL1127575;J Med Chem;1994;{'bei': '20.43', 'le': '0.38', 'lle': '2.05', 'sei': '16.18'};CHEMBL71612;;CHEMBL71612;5.52;0;http://www.openphacts.org/units/Nanomolar;123939;=;1;1;=;;Ki;nM;;3000.0;CHEMBL1978;Homo sapiens;Aromatase;9606;;;Ki;uM;UO_0000065;;3.0;False
;;1206587;[];CHEMBL662245;The binding affinity was determined on Cytochrome P450 19A1 by analysis of Dixon plot;B;;;BAO_0000192;BAO_0000357;single protein format;CC12CCC3C(C(=O)C=C4C=CCCC43C)C1CCC2=O;;;CHEMBL1127575;J Med Chem;1994;{'bei': '23.41', 'le': '0.43', 'lle': '2.80', 'sei': '19.50'};CHEMBL262723;;CHEMBL262723;6.66;0;http://www.openphacts.org/units/Nanomolar;123942;=;1;1;=;;Ki;nM;;220.0;CHEMBL1978;Homo sapiens;Aromatase;9606;;;Ki;uM;UO_0000065;;0.22;False
;;1206588;[];CHEMBL662250;Time dependent inactivation of Cytochrome P450 19A1 was obtained by Kitz-Wilson plot;B;;;BAO_0000192;BAO_0000357;single protein format;CC12CCC3C(C(=O)C=C4C=CCCC43C)C1CCC2=O;;;CHEMBL1127575;J Med Chem;1994;{'bei': '23.72', 'le': '0.44', 'lle': '2.88', 'sei': '19.76'};CHEMBL262723;;CHEMBL262723;6.75;0;http://www.openphacts.org/units/Nanomolar;123942;=;1;1;=;;Ki;nM;;180.0;CHEMBL1978;Homo sapiens;Aromatase;9606;;;Ki;uM;UO_0000065;;0.18;False
;;1206591;[];CHEMBL662245;The binding affinity was determined on Cytochrome P450 19A1 by analysis of Dixon plot;B;;;BAO_0000192;BAO_0000357;single protein format;CC12CCC3C(C(=O)C=C4C=CCCC43CO)C1CCC2=O;;;CHEMBL1127575;J Med Chem;1994;{'bei': '16.06', 'le': '0.30', 'lle': '1.98', 'sei': '8.87'};CHEMBL302530;;CHEMBL302530;4.82;0;http://www.openphacts.org/units/Nanomolar;123941;=;1;1;=;;Ki;nM;;15000.0;CHEMBL1978;Homo sapiens;Aromatase;9606;;;Ki;uM;UO_0000065;;15.0;False
;;1206592;[];CHEMBL662251;Time dependent inactivation of aromatase cytochrome P450 19A1 from Kitz-Wilson plot;B;;;BAO_0000192;BAO_0000357;single protein format;CC12CCC3C(C(=O)C=C4C=CCCC43CO)C1CCC2=O;;;CHEMBL1127575;J Med Chem;1994;{'bei': '17.16', 'le': '0.32', 'lle': '2.31', 'sei': '9.48'};CHEMBL302530;;CHEMBL302530;5.16;0;http://www.openphacts.org/units/Nanomolar;123941;=;1;1;=;;Ki;nM;;7000.0;CHEMBL1978;Homo sapiens;Aromatase;9606;;;Ki;uM;UO_0000065;;7.0;False
;;1206629;[];CHEMBL664890;Binding affinity for human placental microsome Cytochrome P450 19A1;B;;;BAO_0000192;BAO_0000019;assay format;CC12CCC3C(C[C@@H](c4ccccc4)C4=CC(=O)CCC43C)C1CCC2=O;;;CHEMBL1127822;J Med Chem;1994;{'bei': '20.50', 'le': '0.38', 'lle': '1.95', 'sei': '21.77'};CHEMBL281871;;CHEMBL281871;7.43;0;http://www.openphacts.org/units/Nanomolar;36377;=;1;1;=;;Ki;nM;;37.0;CHEMBL1978;Homo sapiens;Aromatase;9606;;;Ki;nM;UO_0000065;;37.0;False
;;1207927;[];CHEMBL664890;Binding affinity for human placental microsome Cytochrome P450 19A1;B;;;BAO_0000192;BAO_0000019;assay format;CCC[C@@H]1CC2C3CCC(=O)C3(C)CCC2C2(C)CCC(=O)C=C12;;;CHEMBL1127822;J Med Chem;1994;{'bei': '25.38', 'le': '0.47', 'lle': '3.23', 'sei': '24.42'};CHEMBL282673;;CHEMBL282673;8.34;0;http://www.openphacts.org/units/Nanomolar;36383;=;1;1;=;;Ki;nM;;4.6;CHEMBL1978;Homo sapiens;Aromatase;9606;;;Ki;nM;UO_0000065;;4.6;False
;;1207929;[];CHEMBL664890;Binding affinity for human placental microsome Cytochrome P450 19A1;B;;;BAO_0000192;BAO_0000019;assay format;CCCC[C@@H]1CC2C3CCC(=O)C3(C)CCC2C2(C)CCC(=O)C=C12;;;CHEMBL1127822;J Med Chem;1994;{'bei': '23.52', 'le': '0.44', 'lle': '2.56', 'sei': '23.60'};CHEMBL24037;;CHEMBL24037;8.06;0;http://www.openphacts.org/units/Nanomolar;36381;=;1;1;=;;Ki;nM;;8.8;CHEMBL1978;Homo sapiens;Aromatase;9606;;;Ki;nM;UO_0000065;;8.8;False
;;1207931;[];CHEMBL664890;Binding affinity for human placental microsome Cytochrome P450 19A1;B;;;BAO_0000192;BAO_0000019;assay format;C[C@H]1CC2C3CCC(=O)C3(C)CCC2C2(C)CCC(=O)C=C12;;;CHEMBL1127822;J Med Chem;1994;{'bei': '27.47', 'le': '0.51', 'lle': '3.92', 'sei': '24.17'};CHEMBL25588;;CHEMBL25588;8.25;0;http://www.openphacts.org/units/Nanomolar;36378;=;1;1;=;;Ki;nM;;5.6;CHEMBL1978;Homo sapiens;Aromatase;9606;;;Ki;nM;UO_0000065;;5.6;False
;;1209199;[];CHEMBL662245;The binding affinity was determined on Cytochrome P450 19A1 by analysis of Dixon plot;B;;;BAO_0000192;BAO_0000357;single protein format;CC12CCC3C(CC=C4CCCCC43C)C1C[C@@H](Br)C2=O;;;CHEMBL1127575;J Med Chem;1994;{'bei': '14.11', 'le': '0.32', 'lle': '-0.32', 'sei': '29.05'};CHEMBL71363;;CHEMBL71363;4.96;0;http://www.openphacts.org/units/Nanomolar;123935;=;1;1;=;;Ki;nM;;11000.0;CHEMBL1978;Homo sapiens;Aromatase;9606;;;Ki;uM;UO_0000065;;11.0;False
;;1210612;[];CHEMBL664892;Binding affinity for human placental microsome aromatase Cytochrome P450 19A1;B;;;BAO_0000192;BAO_0000019;assay format;CC12CCC3C(C[C@H](c4ccccc4)C4=CC(=O)CCC43C)C1CCC2=O;;;CHEMBL1127822;J Med Chem;1994;{'bei': '21.18', 'le': '0.39', 'lle': '2.20', 'sei': '22.49'};CHEMBL24580;;CHEMBL24580;7.68;0;http://www.openphacts.org/units/Nanomolar;36375;=;1;1;=;;Ki;nM;;21.0;CHEMBL1978;Homo sapiens;Aromatase;9606;;;Ki;nM;UO_0000065;;21.0;False
;;1211916;[];CHEMBL662245;The binding affinity was determined on Cytochrome P450 19A1 by analysis of Dixon plot;B;;;BAO_0000192;BAO_0000357;single protein format;CC12CCC3C(C(=O)C=C4CCCCC43C=O)C1CCC2=O;;;CHEMBL1127575;J Med Chem;1994;{'bei': '16.27', 'le': '0.30', 'lle': '1.62', 'sei': '9.54'};CHEMBL71169;;CHEMBL71169;4.89;0;http://www.openphacts.org/units/Nanomolar;123943;=;1;1;=;;Ki;nM;;13000.0;CHEMBL1978;Homo sapiens;Aromatase;9606;;;Ki;uM;UO_0000065;;13.0;False
;;1211917;[];CHEMBL662250;Time dependent inactivation of Cytochrome P450 19A1 was obtained by Kitz-Wilson plot;B;;;BAO_0000192;BAO_0000357;single protein format;CC12CCC3C(C(=O)C=C4CCCCC43C=O)C1CCC2=O;;;CHEMBL1127575;J Med Chem;1994;{'bei': '15.64', 'le': '0.29', 'lle': '1.43', 'sei': '9.18'};CHEMBL71169;;CHEMBL71169;4.70;0;http://www.openphacts.org/units/Nanomolar;123943;=;1;1;=;;Ki;nM;;20000.0;CHEMBL1978;Homo sapiens;Aromatase;9606;;;Ki;uM;UO_0000065;;20.0;False
;;1211920;[];CHEMBL662245;The binding affinity was determined on Cytochrome P450 19A1 by analysis of Dixon plot;B;;;BAO_0000192;BAO_0000357;single protein format;CC12CCC=CC1=CC(=O)C1C2CCC2(C)C1CC[C@@H]2O;;;CHEMBL1127575;J Med Chem;1994;{'bei': '18.42', 'le': '0.34', 'lle': '1.62', 'sei': '14.14'};CHEMBL311400;;CHEMBL311400;5.28;0;http://www.openphacts.org/units/Nanomolar;123934;=;1;1;=;;Ki;nM;;5300.0;CHEMBL1978;Homo sapiens;Aromatase;9606;;;Ki;uM;UO_0000065;;5.3;False
;;1211955;[];CHEMBL664890;Binding affinity for human placental microsome Cytochrome P450 19A1;B;;;BAO_0000192;BAO_0000019;assay format;CC[C@@H]1CC2C3CCC(=O)C3(C)CCC2C2(C)CCC(=O)C=C12;;;CHEMBL1127822;J Med Chem;1994;{'bei': '28.15', 'le': '0.53', 'lle': '4.13', 'sei': '25.93'};CHEMBL25059;;CHEMBL25059;8.85;0;http://www.openphacts.org/units/Nanomolar;36382;=;1;1;=;;Ki;nM;;1.4;CHEMBL1978;Homo sapiens;Aromatase;9606;;;Ki;nM;UO_0000065;;1.4;False
;;1213281;[];CHEMBL664892;Binding affinity for human placental microsome aromatase Cytochrome P450 19A1;B;;;BAO_0000192;BAO_0000019;assay format;CC(C)[C@@H]1CC2C3CCC(=O)C3(C)CCC2C2(C)CCC(=O)C=C12;;;CHEMBL1127822;J Med Chem;1994;{'bei': '23.31', 'le': '0.44', 'lle': '2.69', 'sei': '22.43'};CHEMBL24387;;CHEMBL24387;7.66;0;http://www.openphacts.org/units/Nanomolar;36368;=;1;1;=;;Ki;nM;;22.0;CHEMBL1978;Homo sapiens;Aromatase;9606;;;Ki;nM;UO_0000065;;22.0;False
;;1214371;[];CHEMBL662245;The binding affinity was determined on Cytochrome P450 19A1 by analysis of Dixon plot;B;;;BAO_0000192;BAO_0000357;single protein format;CC12CCC3C(C(=O)C=C4CCCCC43CO)C1CCC2O;;;CHEMBL1127575;J Med Chem;1994;{'bei': '14.28', 'le': '0.27', 'lle': '1.50', 'sei': '7.56'};CHEMBL421491;;CHEMBL421491;4.35;0;http://www.openphacts.org/units/Nanomolar;123948;=;1;1;=;;Ki;nM;;45000.0;CHEMBL1978;Homo sapiens;Aromatase;9606;;;Ki;uM;UO_0000065;;45.0;False
;;1214373;[];CHEMBL662245;The binding affinity was determined on Cytochrome P450 19A1 by analysis of Dixon plot;B;;;BAO_0000192;BAO_0000357;single protein format;CC12CCC3C4CCCCC4=CC(=O)C3C1CCC2=O;;;CHEMBL1127575;J Med Chem;1994;{'bei': '20.63', 'le': '0.38', 'lle': '1.92', 'sei': '16.46'};CHEMBL71082;;CHEMBL71082;5.62;0;http://www.openphacts.org/units/Nanomolar;123933;=;1;1;=;;Ki;nM;;2400.0;CHEMBL1978;Homo sapiens;Aromatase;9606;;;Ki;uM;UO_0000065;;2.4;False
;;1214374;[];CHEMBL662250;Time dependent inactivation of Cytochrome P450 19A1 was obtained by Kitz-Wilson plot;B;;;BAO_0000192;BAO_0000357;single protein format;CC12CCC3C4CCCCC4=CC(=O)C3C1CCC2=O;;;CHEMBL1127575;J Med Chem;1994;{'bei': '20.50', 'le': '0.38', 'lle': '1.89', 'sei': '16.36'};CHEMBL71082;;CHEMBL71082;5.58;0;http://www.openphacts.org/units/Nanomolar;123933;=;1;1;=;;Ki;nM;;2600.0;CHEMBL1978;Homo sapiens;Aromatase;9606;;;Ki;uM;UO_0000065;;2.6;False
;;1215719;[];CHEMBL662245;The binding affinity was determined on Cytochrome P450 19A1 by analysis of Dixon plot;B;;;BAO_0000192;BAO_0000357;single protein format;CC12CCCCC1=CCC1C2CCC2(C)C(O)CCC12;;;CHEMBL1127575;J Med Chem;1994;{'bei': '20.12', 'le': '0.38', 'lle': '0.82', 'sei': '27.30'};CHEMBL68674;;CHEMBL68674;5.52;0;http://www.openphacts.org/units/Nanomolar;123937;=;1;1;=;;Ki;nM;;3000.0;CHEMBL1978;Homo sapiens;Aromatase;9606;;;Ki;uM;UO_0000065;;3.0;False
;;1218550;[];CHEMBL664892;Binding affinity for human placental microsome aromatase Cytochrome P450 19A1;B;;;BAO_0000192;BAO_0000019;assay format;CC(C)[C@H]1CC2C3CCC(=O)C3(C)CCC2C2(C)CCC(=O)C=C12;;;CHEMBL1127822;J Med Chem;1994;{'bei': '22.86', 'le': '0.43', 'lle': '2.54', 'sei': '21.99'};CHEMBL25473;;CHEMBL25473;7.51;0;http://www.openphacts.org/units/Nanomolar;36373;=;1;1;=;;Ki;nM;;31.0;CHEMBL1978;Homo sapiens;Aromatase;9606;;;Ki;nM;UO_0000065;;31.0;False
;;1219784;[];CHEMBL662245;The binding affinity was determined on Cytochrome P450 19A1 by analysis of Dixon plot;B;;;BAO_0000192;BAO_0000357;single protein format;C[C@]12CC[C@H]3[C@@H](CC=C4CCCC[C@@]43CO)[C@@H]1CCC2=O;;;CHEMBL1127575;J Med Chem;1994;{'bei': '20.80', 'le': '0.39', 'lle': '2.12', 'sei': '16.09'};CHEMBL1630911;;CHEMBL1630911;6.00;0;http://www.openphacts.org/units/Nanomolar;123936;=;1;1;=;;Ki;nM;;1000.0;CHEMBL1978;Homo sapiens;Aromatase;9606;;;Ki;uM;UO_0000065;;1.0;False
;;1221071;[];CHEMBL664891;Binding affinity for human placental microsome Cytochrome P450 19A1;B;;;BAO_0000192;BAO_0000019;assay format;C[C@@H]1CC2C3CCC(=O)C3(C)CCC2C2(C)CCC(=O)C=C12;;;CHEMBL1127822;J Med Chem;1994;{'bei': '26.49', 'le': '0.49', 'lle': '3.63', 'sei': '23.31'};CHEMBL284238;;CHEMBL284238;7.96;0;http://www.openphacts.org/units/Nanomolar;36376;=;1;1;=;;Ki;nM;;11.0;CHEMBL1978;Homo sapiens;Aromatase;9606;;;Ki;nM;UO_0000065;;11.0;False
;;1224948;[];CHEMBL662245;The binding affinity was determined on Cytochrome P450 19A1 by analysis of Dixon plot;B;;;BAO_0000192;BAO_0000357;single protein format;CC12CCC3C(C(=O)C=C4CCCCC43C)C1CCC2=O;;;CHEMBL1127575;J Med Chem;1994;{'bei': '23.05', 'le': '0.43', 'lle': '2.51', 'sei': '19.34'};CHEMBL70367;;CHEMBL70367;6.60;0;http://www.openphacts.org/units/Nanomolar;123932;=;1;1;=;;Ki;nM;;250.0;CHEMBL1978;Homo sapiens;Aromatase;9606;;;Ki;uM;UO_0000065;;0.25;False
;;1224949;[];CHEMBL662250;Time dependent inactivation of Cytochrome P450 19A1 was obtained by Kitz-Wilson plot;B;;;BAO_0000192;BAO_0000357;single protein format;CC12CCC3C(C(=O)C=C4CCCCC43C)C1CCC2=O;;;CHEMBL1127575;J Med Chem;1994;{'bei': '23.82', 'le': '0.44', 'lle': '2.73', 'sei': '19.99'};CHEMBL70367;;CHEMBL70367;6.82;0;http://www.openphacts.org/units/Nanomolar;123932;=;1;1;=;;Ki;nM;;150.0;CHEMBL1978;Homo sapiens;Aromatase;9606;;;Ki;uM;UO_0000065;;0.15;False
;;1224952;[];CHEMBL662245;The binding affinity was determined on Cytochrome P450 19A1 by analysis of Dixon plot;B;;;BAO_0000192;BAO_0000357;single protein format;CC12CCC3C(C(=O)C=C4C=CCCC43C=O)C1CCC2=O;;;CHEMBL1127575;J Med Chem;1994;{'bei': '19.25', 'le': '0.36', 'lle': '2.70', 'sei': '11.22'};CHEMBL302305;;CHEMBL302305;5.75;0;http://www.openphacts.org/units/Nanomolar;123940;=;1;1;=;;Ki;nM;;1800.0;CHEMBL1978;Homo sapiens;Aromatase;9606;;;Ki;uM;UO_0000065;;1.8;False
;;1224953;[];CHEMBL662251;Time dependent inactivation of aromatase cytochrome P450 19A1 from Kitz-Wilson plot;B;;;BAO_0000192;BAO_0000357;single protein format;CC12CCC3C(C(=O)C=C4C=CCCC43C=O)C1CCC2=O;;;CHEMBL1127575;J Med Chem;1994;{'bei': '18.56', 'le': '0.34', 'lle': '2.50', 'sei': '10.81'};CHEMBL302305;;CHEMBL302305;5.54;0;http://www.openphacts.org/units/Nanomolar;123940;=;1;1;=;;Ki;nM;;2900.0;CHEMBL1978;Homo sapiens;Aromatase;9606;;;Ki;uM;UO_0000065;;2.9;False
;;1225071;[];CHEMBL664892;Binding affinity for human placental microsome aromatase Cytochrome P450 19A1;B;;;BAO_0000192;BAO_0000019;assay format;CC12CCC3C(C[C@H](Cc4ccccc4)C4=CC(=O)CCC43C)C1CCC2=O;;;CHEMBL1127822;J Med Chem;1994;{'bei': '21.25', 'le': '0.39', 'lle': '2.44', 'sei': '23.43'};CHEMBL25523;;CHEMBL25523;8.00;0;http://www.openphacts.org/units/Nanomolar;36374;=;1;1;=;;Ki;nM;;10.0;CHEMBL1978;Homo sapiens;Aromatase;9606;;;Ki;nM;UO_0000065;;10.0;False
;;1463312;[];CHEMBL827396;Apparent Ki against human aromatase;B;;;BAO_0000192;BAO_0000357;single protein format;COc1ccc2c(=O)c(-c3ccccc3)c(SCc3ccncc3)oc2c1;;;CHEMBL1138663;J Med Chem;2004;{'bei': '16.10', 'le': '0.31', 'lle': '0.89', 'sei': '11.55'};CHEMBL185809;;CHEMBL185809;6.05;0;http://www.openphacts.org/units/Nanomolar;378595;=;1;1;=;;Ki;nM;;900.0;CHEMBL1978;Homo sapiens;Aromatase;9606;;;Ki;uM;UO_0000065;;0.9;False
;;1463320;[];CHEMBL827396;Apparent Ki against human aromatase;B;;;BAO_0000192;BAO_0000357;single protein format;COc1ccc2c(=O)c(-c3ccc(C)cc3)c(SCc3ccncc3)oc2c1;;;CHEMBL1138663;J Med Chem;2004;{'bei': '15.24', 'le': '0.29', 'lle': '0.48', 'sei': '11.34'};CHEMBL184051;;CHEMBL184051;5.94;0;http://www.openphacts.org/units/Nanomolar;378640;=;1;1;=;;Ki;nM;;1160.0;CHEMBL1978;Homo sapiens;Aromatase;9606;;;Ki;uM;UO_0000065;;1.16;False
;;1463325;[];CHEMBL827396;Apparent Ki against human aromatase;B;;;BAO_0000192;BAO_0000357;single protein format;COc1ccc(-c2c(SCc3ccncc3)oc3cc(OC)ccc3c2=O)cc1;;;CHEMBL1138663;J Med Chem;2004;{'bei': '14.24', 'le': '0.27', 'lle': '0.61', 'sei': '9.38'};CHEMBL361653;;CHEMBL361653;5.77;0;http://www.openphacts.org/units/Nanomolar;378641;=;1;1;=;;Ki;nM;;1690.0;CHEMBL1978;Homo sapiens;Aromatase;9606;;;Ki;uM;UO_0000065;;1.69;False
;;1463435;[];CHEMBL827396;Apparent Ki against human aromatase;B;;;BAO_0000192;BAO_0000357;single protein format;O=c1c(-c2ccccc2)c(SCc2ccncc2)oc2cc(OCc3ccccc3)ccc12;;;CHEMBL1138663;J Med Chem;2004;{'bei': '14.74', 'le': '0.28', 'lle': '-0.07', 'sei': '12.72'};CHEMBL188664;;CHEMBL188664;6.66;0;http://www.openphacts.org/units/Nanomolar;378663;=;1;1;=;;Ki;nM;;220.0;CHEMBL1978;Homo sapiens;Aromatase;9606;;;Ki;uM;UO_0000065;;0.22;False
;;1463449;[];CHEMBL827396;Apparent Ki against human aromatase;B;;;BAO_0000192;BAO_0000357;single protein format;O=c1c(-c2ccc(O)cc2)c(SCc2ccncc2)oc2cc(O)ccc12;;;CHEMBL1138663;J Med Chem;2004;{'bei': '17.25', 'le': '0.33', 'lle': '1.95', 'sei': '7.79'};CHEMBL185950;;CHEMBL185950;6.51;0;http://www.openphacts.org/units/Nanomolar;378359;=;1;1;=;;Ki;nM;;310.0;CHEMBL1978;Homo sapiens;Aromatase;9606;;;Ki;uM;UO_0000065;;0.31;False
;;1463454;[];CHEMBL827396;Apparent Ki against human aromatase;B;;;BAO_0000192;BAO_0000357;single protein format;COc1ccc(-c2c(SCc3ccncc3)oc3cc(O)ccc3c2=O)cc1;;;CHEMBL1138663;J Med Chem;2004;{'bei': '16.82', 'le': '0.32', 'lle': '1.73', 'sei': '9.08'};CHEMBL187068;;CHEMBL187068;6.58;0;http://www.openphacts.org/units/Nanomolar;378382;=;1;1;=;;Ki;nM;;260.0;CHEMBL1978;Homo sapiens;Aromatase;9606;;;Ki;uM;UO_0000065;;0.26;False
;;1463459;[];CHEMBL827396;Apparent Ki against human aromatase;B;;;BAO_0000192;BAO_0000357;single protein format;CCC1(c2ccc(N)cc2)CCC(=O)NC1=O;;;CHEMBL1138663;J Med Chem;2004;{'bei': '25.19', 'le': '0.47', 'lle': '4.50', 'sei': '8.10'};CHEMBL488;AMINOGLUTETHIMIDE;CHEMBL488;5.85;0;http://www.openphacts.org/units/Nanomolar;378383;=;1;1;=;;Ki;nM;;1410.0;CHEMBL1978;Homo sapiens;Aromatase;9606;;;Ki;uM;UO_0000065;;1.41;False
;;1463464;[];CHEMBL827396;Apparent Ki against human aromatase;B;;;BAO_0000192;BAO_0000357;single protein format;COc1ccc(-c2coc3cc(O)cc(O)c3c2=O)cc1;;;CHEMBL1138663;J Med Chem;2004;{'bei': '17.31', 'le': '0.32', 'lle': '2.04', 'sei': '6.16'};CHEMBL131921;BIOCHANIN;CHEMBL131921;4.92;0;http://www.openphacts.org/units/Nanomolar;378406;=;1;1;=;;Ki;nM;;12000.0;CHEMBL1978;Homo sapiens;Aromatase;9606;;;Ki;uM;UO_0000065;;12.0;False
;;1475230;[];CHEMBL827396;Apparent Ki against human aromatase;B;;;BAO_0000192;BAO_0000357;single protein format;O=c1cc(-c2ccccc2)oc2cc(O)cc(O)c12;;;CHEMBL1138663;J Med Chem;2004;{'bei': '21.97', 'le': '0.40', 'lle': '2.72', 'sei': '7.90'};CHEMBL117;CHRYSIN;CHEMBL117;5.58;0;http://www.openphacts.org/units/Nanomolar;382082;=;1;1;=;;Ki;nM;;2600.0;CHEMBL1978;Homo sapiens;Aromatase;9606;;;Ki;uM;UO_0000065;;2.6;False
;;1483112;[];CHEMBL834977;Inhibitory constant against human placental atomatase at pH 7.0 and 37 degree C;B;;;BAO_0000192;BAO_0000019;assay format;COc1ccc2c(=O)c(-c3ccccc3)c(-n3ccnc3)oc2c1;;;CHEMBL1139571;Bioorg Med Chem Lett;2005;{'bei': '19.37', 'le': '0.35', 'lle': '2.52', 'sei': '10.77'};CHEMBL192306;;CHEMBL192306;6.17;0;http://www.openphacts.org/units/Nanomolar;387260;=;1;1;=;;Ki;nM;;680.0;CHEMBL1978;Homo sapiens;Aromatase;9606;;;Ki app;uM;UO_0000065;;0.68;False
;;1483117;[];CHEMBL834977;Inhibitory constant against human placental atomatase at pH 7.0 and 37 degree C;B;;;BAO_0000192;BAO_0000019;assay format;COc1ccc(-c2c(-n3ccnc3)oc3cc(OC)ccc3c2=O)cc1;;;CHEMBL1139571;Bioorg Med Chem Lett;2005;{'bei': '16.48', 'le': '0.30', 'lle': '2.08', 'sei': '8.63'};CHEMBL189472;;CHEMBL189472;5.74;0;http://www.openphacts.org/units/Nanomolar;386904;=;1;1;=;;Ki;nM;;1820.0;CHEMBL1978;Homo sapiens;Aromatase;9606;;;Ki app;uM;UO_0000065;;1.82;False
;;1483223;[];CHEMBL834977;Inhibitory constant against human placental atomatase at pH 7.0 and 37 degree C;B;;;BAO_0000192;BAO_0000019;assay format;O=c1c(-c2ccccc2)c(-n2ccnc2)oc2cc(OCc3ccccc3)ccc12;;;CHEMBL1139571;Bioorg Med Chem Lett;2005;{'bei': '16.74', 'le': '0.30', 'lle': '1.38', 'sei': '11.53'};CHEMBL363493;;CHEMBL363493;6.60;0;http://www.openphacts.org/units/Nanomolar;386905;=;1;1;=;;Ki;nM;;250.0;CHEMBL1978;Homo sapiens;Aromatase;9606;;;Ki app;uM;UO_0000065;;0.25;False
;;1483228;[];CHEMBL834977;Inhibitory constant against human placental atomatase at pH 7.0 and 37 degree C;B;;;BAO_0000192;BAO_0000019;assay format;COc1ccc(-c2c(-n3ccnc3)oc3cc(OCc4ccccc4)ccc3c2=O)cc1;;;CHEMBL1139571;Bioorg Med Chem Lett;2005;{'bei': '12.62', 'le': '0.23', 'lle': '0.13', 'sei': '8.06'};CHEMBL189274;;CHEMBL189274;5.36;0;http://www.openphacts.org/units/Nanomolar;386928;=;1;1;=;;Ki;nM;;4400.0;CHEMBL1978;Homo sapiens;Aromatase;9606;;;Ki app;uM;UO_0000065;;4.4;False
;;1483240;[];CHEMBL834977;Inhibitory constant against human placental atomatase at pH 7.0 and 37 degree C;B;;;BAO_0000192;BAO_0000019;assay format;CCC1(c2ccc(N)cc2)CCC(=O)NC1=O;;;CHEMBL1139571;Bioorg Med Chem Lett;2005;{'bei': '25.19', 'le': '0.47', 'lle': '4.50', 'sei': '8.10'};CHEMBL488;AMINOGLUTETHIMIDE;CHEMBL488;5.85;1;http://www.openphacts.org/units/Nanomolar;387003;=;1;1;=;;Ki;nM;;1410.0;CHEMBL1978;Homo sapiens;Aromatase;9606;;;Ki app;uM;UO_0000065;;1.41;False
;;1483245;[];CHEMBL834977;Inhibitory constant against human placental atomatase at pH 7.0 and 37 degree C;B;;;BAO_0000192;BAO_0000019;assay format;COc1ccc(-c2coc3cc(O)cc(O)c3c2=O)cc1;;;CHEMBL1139571;Bioorg Med Chem Lett;2005;{'bei': '17.31', 'le': '0.32', 'lle': '2.04', 'sei': '6.16'};CHEMBL131921;BIOCHANIN;CHEMBL131921;4.92;1;http://www.openphacts.org/units/Nanomolar;387004;=;1;1;=;;Ki;nM;;12000.0;CHEMBL1978;Homo sapiens;Aromatase;9606;;;Ki app;uM;UO_0000065;;12.0;False
;;1612766;[];CHEMBL883668;"Inhibition constant against aromatase protein from human placental microsomes using [1-beta-3H]-androstenedione; Competitive inhibition";B;;;BAO_0000192;BAO_0000019;assay format;C[C@]12CCC3C(CC[C@H]4C=CCC[C@]34C)C1CCC2=O;;;CHEMBL1141110;J Med Chem;2005;{'bei': '26.80', 'le': '0.50', 'lle': '2.54', 'sei': '42.77'};CHEMBL194641;;CHEMBL194641;7.30;0;http://www.openphacts.org/units/Nanomolar;403611;=;1;1;=;;Ki;nM;;50.0;CHEMBL1978;Homo sapiens;Aromatase;9606;;;Ki;nM;UO_0000065;;50.0;False
;;1612770;[];CHEMBL883668;"Inhibition constant against aromatase protein from human placental microsomes using [1-beta-3H]-androstenedione; Competitive inhibition";B;;;BAO_0000192;BAO_0000019;assay format;C[C@]12CC[C@H]3O[C@H]3[C@@H]1CC[C@@H]1[C@@H]2CC[C@]2(C)C(=O)CC[C@@H]12;;;CHEMBL1141110;J Med Chem;2005;{'bei': '25.73', 'le': '0.48', 'lle': '3.44', 'sei': '25.07'};CHEMBL1629802;;CHEMBL1629802;7.42;0;http://www.openphacts.org/units/Nanomolar;403612;=;1;1;=;;Ki;nM;;38.0;CHEMBL1978;Homo sapiens;Aromatase;9606;;;Ki;nM;UO_0000065;;38.0;False
;;1612778;[];CHEMBL883668;"Inhibition constant against aromatase protein from human placental microsomes using [1-beta-3H]-androstenedione; Competitive inhibition";B;;;BAO_0000192;BAO_0000019;assay format;C[C@]12CC[C@@H](O)C(=O)[C@@H]1CC[C@@H]1[C@@H]2CC[C@]2(C)C(=O)CC[C@@H]12;;;CHEMBL1141110;J Med Chem;2005;{'bei': '22.44', 'le': '0.42', 'lle': '3.69', 'sei': '12.57'};CHEMBL1630280;;CHEMBL1630280;6.83;0;http://www.openphacts.org/units/Nanomolar;403617;=;1;1;=;;Ki;nM;;147.0;CHEMBL1978;Homo sapiens;Aromatase;9606;;;Ki;nM;UO_0000065;;147.0;False
;;1612785;[];CHEMBL883668;"Inhibition constant against aromatase protein from human placental microsomes using [1-beta-3H]-androstenedione; Competitive inhibition";B;;;BAO_0000192;BAO_0000019;assay format;C[C@]12CCC(=O)C(O)=C1CCC1C2CC[C@]2(C)OC(=O)CCC12;;;CHEMBL1141110;J Med Chem;2005;{'bei': '19.41', 'le': '0.37', 'lle': '2.48', 'sei': '9.72'};CHEMBL197451;;CHEMBL197451;6.18;0;http://www.openphacts.org/units/Nanomolar;403620;=;1;1;=;;Ki;nM;;660.0;CHEMBL1978;Homo sapiens;Aromatase;9606;;;Ki;nM;UO_0000065;;660.0;False
;;2247861;[];CHEMBL1011778;Inhibition of human aromatase-mediated conversion of [1beta3H]androstenedione to estrone by Lineweaver-Burke plot in presence of NADPH;B;;;BAO_0000192;BAO_0000357;single protein format;COc1ccc(C(Cn2ccnc2)Sc2ccc(Cl)c(Cl)c2)cc1;;;CHEMBL1139349;J Med Chem;2009;{'bei': '21.58', 'le': '0.47', 'lle': '2.46', 'sei': '30.27'};CHEMBL459502;;CHEMBL459502;8.19;0;http://www.openphacts.org/units/Nanomolar;748357;=;1;1;=;;Ki;nM;;6.5;CHEMBL1978;Homo sapiens;Aromatase;9606;;;Ki;nM;UO_0000065;;6.5;False
;;2247866;[];CHEMBL1011778;Inhibition of human aromatase-mediated conversion of [1beta3H]androstenedione to estrone by Lineweaver-Burke plot in presence of NADPH;B;;;BAO_0000192;BAO_0000357;single protein format;Cc1nc2ccc(Cl)c(-n3ccnc3)c2cc1CCn1ccnc1;;;CHEMBL1139349;J Med Chem;2009;{'bei': '22.13', 'le': '0.43', 'lle': '3.66', 'sei': '15.41'};CHEMBL495565;;CHEMBL495565;7.48;0;http://www.openphacts.org/units/Nanomolar;776089;=;1;1;=;;Ki;nM;;33.4;CHEMBL1978;Homo sapiens;Aromatase;9606;;;Ki;nM;UO_0000065;;33.4;False
;;2247868;[];CHEMBL1011778;Inhibition of human aromatase-mediated conversion of [1beta3H]androstenedione to estrone by Lineweaver-Burke plot in presence of NADPH;B;;;BAO_0000192;BAO_0000357;single protein format;Oc1ccc(-c2nc(-c3cccnc3)c(-c3ccc(Cl)cc3)[nH]2)cc1;;;CHEMBL1139349;J Med Chem;2009;{'bei': '22.49', 'le': '0.43', 'lle': '2.66', 'sei': '12.66'};CHEMBL509750;;CHEMBL509750;7.82;0;http://www.openphacts.org/units/Nanomolar;776201;=;1;1;=;;Ki;nM;;15.1;CHEMBL1978;Homo sapiens;Aromatase;9606;;;Ki;nM;UO_0000065;;15.1;False
;;2247869;[];CHEMBL1011778;Inhibition of human aromatase-mediated conversion of [1beta3H]androstenedione to estrone by Lineweaver-Burke plot in presence of NADPH;B;;;BAO_0000192;BAO_0000357;single protein format;N#Cc1ccc(C(c2ccc(C#N)cc2)n2cncn2)cc1;;;CHEMBL1139349;J Med Chem;2009;{'bei': '30.34', 'le': '0.54', 'lle': '6.00', 'sei': '11.06'};CHEMBL1444;LETROZOLE;CHEMBL1444;8.66;0;http://www.openphacts.org/units/Nanomolar;776278;=;1;1;=;;Ki;nM;;2.2;CHEMBL1978;Homo sapiens;Aromatase;9606;;;Ki;nM;UO_0000065;;2.2;False
;;2482300;[];CHEMBL987972;Inhibition of human aromatase expressed in CHO cells;B;;;BAO_0000192;BAO_0000219;cell-based format;O=c1c(-c2ccc(O)cc2)coc2cc(O)ccc12;;;CHEMBL1144205;Bioorg Med Chem;2008;{'bei': '15.73', 'le': '0.29', 'lle': '1.13', 'sei': '5.66'};CHEMBL8145;DAIDZEIN;CHEMBL8145;4.00;0;http://www.openphacts.org/units/Nanomolar;772572;=;1;1;=;;Ki;nM;;100000.0;CHEMBL1978;Homo sapiens;Aromatase;9606;;;Ki;uM;UO_0000065;;100.0;False
;;2482301;[];CHEMBL987972;Inhibition of human aromatase expressed in CHO cells;B;;;BAO_0000192;BAO_0000219;cell-based format;O=c1c(O)c(-c2ccccc2)oc2cc(O)cc(O)c12;;;CHEMBL1144205;Bioorg Med Chem;2008;{'bei': '14.80', 'le': '0.27', 'lle': '1.42', 'sei': '4.40'};CHEMBL309490;GALANGIN;CHEMBL309490;4.00;0;http://www.openphacts.org/units/Nanomolar;772664;=;1;1;=;;Ki;nM;;100000.0;CHEMBL1978;Homo sapiens;Aromatase;9606;;;Ki;uM;UO_0000065;;100.0;False
;;2482302;[];CHEMBL987972;Inhibition of human aromatase expressed in CHO cells;B;;;BAO_0000192;BAO_0000219;cell-based format;O=c1c(-c2ccc(O)cc2)coc2cc(O)cc(O)c12;;;CHEMBL1144205;Bioorg Med Chem;2008;{'bei': '14.80', 'le': '0.27', 'lle': '1.42', 'sei': '4.40'};CHEMBL44;GENISTEIN;CHEMBL44;4.00;0;http://www.openphacts.org/units/Nanomolar;772573;=;1;1;=;;Ki;nM;;100000.0;CHEMBL1978;Homo sapiens;Aromatase;9606;;;Ki;uM;UO_0000065;;100.0;False
;;2915672;[];CHEMBL1037710;Competitive inhibition of human placental aromatase by Lineweaver-Burke plot analysis;B;;;BAO_0000192;BAO_0000019;assay format;CC1C2=CC(=O)CCC2(C)C2CCC3(C)C(=O)CCC3C12;;;CHEMBL1154072;Eur J Med Chem;2009;{'bei': '22.96', 'le': '0.43', 'lle': '2.64', 'sei': '19.26'};CHEMBL583076;;CHEMBL583076;6.58;0;http://www.openphacts.org/units/Nanomolar;847824;=;1;1;=;;Ki;nM;;266.0;CHEMBL1978;Homo sapiens;Aromatase;9606;;;Ki;uM;UO_0000065;;0.266;False
;;2915673;[];CHEMBL1037710;Competitive inhibition of human placental aromatase by Lineweaver-Burke plot analysis;B;;;BAO_0000192;BAO_0000019;assay format;Cc1nc2c(cc1C#N)C(Nc1ccc(Cl)cc1)Oc1ccc([N+](=O)[O-])cc1-2;;;CHEMBL1154072;Eur J Med Chem;2009;{'bei': '16.33', 'le': '0.31', 'lle': '1.42', 'sei': '6.35'};CHEMBL572637;;CHEMBL572637;6.42;0;http://www.openphacts.org/units/Nanomolar;847838;=;1;1;=;;Ki;nM;;385.0;CHEMBL1978;Homo sapiens;Aromatase;9606;;;Ki;uM;UO_0000065;;0.385;False
;;7990493;[];CHEMBL1936457;Inhibition of human recombinant aromatase assessed as conversion of O-dibenzylfluorescein benzyl ester substrate to fluorescein byproduct by fluorometric assay;B;;;BAO_0000192;BAO_0000357;single protein format;COCO[C@@H](c1ccccc1)[C@@H](Cn1ccnn1)c1ccccc1;;;CHEMBL1933061;Bioorg Med Chem Lett;2012;{'bei': '18.87', 'le': '0.35', 'lle': '2.68', 'sei': '12.41'};CHEMBL1933690;;CHEMBL1933690;6.10;0;http://www.openphacts.org/units/Nanomolar;1567532;=;1;1;=;;Ki;nM;;790.0;CHEMBL1978;Homo sapiens;Aromatase;9606;;;Ki;uM;UO_0000065;;0.79;False
;;7990494;[];CHEMBL1936457;Inhibition of human recombinant aromatase assessed as conversion of O-dibenzylfluorescein benzyl ester substrate to fluorescein byproduct by fluorometric assay;B;;;BAO_0000192;BAO_0000357;single protein format;O=C(c1ccccc1)C(Cn1ccnn1)c1ccccc1;;;CHEMBL1933061;Bioorg Med Chem Lett;2012;{'bei': '21.63', 'le': '0.39', 'lle': '3.06', 'sei': '12.56'};CHEMBL1933692;;CHEMBL1933692;6.00;0;http://www.openphacts.org/units/Nanomolar;1567534;=;1;1;=;;Ki;nM;;1000.0;CHEMBL1978;Homo sapiens;Aromatase;9606;;;Ki;uM;UO_0000065;;1.0;False
;;7990495;[];CHEMBL1936457;Inhibition of human recombinant aromatase assessed as conversion of O-dibenzylfluorescein benzyl ester substrate to fluorescein byproduct by fluorometric assay;B;;;BAO_0000192;BAO_0000357;single protein format;O=C(O[C@@H](c1ccccc1)[C@@H](Cn1ccnn1)c1ccccc1)c1ccccc1;;;CHEMBL1933061;Bioorg Med Chem Lett;2012;{'bei': '18.26', 'le': '0.33', 'lle': '2.34', 'sei': '12.28'};CHEMBL1933693;;CHEMBL1933693;7.00;0;http://www.openphacts.org/units/Nanomolar;1567535;=;1;1;=;;Ki;nM;;100.0;CHEMBL1978;Homo sapiens;Aromatase;9606;;;Ki;uM;UO_0000065;;0.1;False
;;7990496;[];CHEMBL1936457;Inhibition of human recombinant aromatase assessed as conversion of O-dibenzylfluorescein benzyl ester substrate to fluorescein byproduct by fluorometric assay;B;;;BAO_0000192;BAO_0000357;single protein format;CC(=O)O[C@@H](c1ccccc1)[C@@H](Cn1ccnn1)c1ccccc1;;;CHEMBL1933061;Bioorg Med Chem Lett;2012;{'bei': '22.47', 'le': '0.41', 'lle': '3.85', 'sei': '12.67'};CHEMBL1933694;;CHEMBL1933694;7.22;0;http://www.openphacts.org/units/Nanomolar;1567536;=;1;1;=;;Ki;nM;;60.0;CHEMBL1978;Homo sapiens;Aromatase;9606;;;Ki;uM;UO_0000065;;0.06;False
;;7990497;[];CHEMBL1936457;Inhibition of human recombinant aromatase assessed as conversion of O-dibenzylfluorescein benzyl ester substrate to fluorescein byproduct by fluorometric assay;B;;;BAO_0000192;BAO_0000357;single protein format;COCO[C@H](c1ccccc1)[C@@H](Cn1ccnn1)c1ccccc1;;;CHEMBL1933061;Bioorg Med Chem Lett;2012;{'bei': '21.94', 'le': '0.40', 'lle': '3.68', 'sei': '14.43'};CHEMBL1933699;;CHEMBL1933699;7.10;0;http://www.openphacts.org/units/Nanomolar;1567541;=;1;1;=;;Ki;nM;;80.0;CHEMBL1978;Homo sapiens;Aromatase;9606;;;Ki;uM;UO_0000065;;0.08;False
;;7990498;[];CHEMBL1936457;Inhibition of human recombinant aromatase assessed as conversion of O-dibenzylfluorescein benzyl ester substrate to fluorescein byproduct by fluorometric assay;B;;;BAO_0000192;BAO_0000357;single protein format;O[C@H](c1ccccc1)[C@@H](Cn1ccnn1)c1ccccc1;;;CHEMBL1933061;Bioorg Med Chem Lett;2012;{'bei': '26.14', 'le': '0.47', 'lle': '4.50', 'sei': '14.33'};CHEMBL1933700;;CHEMBL1933700;7.30;0;http://www.openphacts.org/units/Nanomolar;1567542;=;1;1;=;;Ki;nM;;50.0;CHEMBL1978;Homo sapiens;Aromatase;9606;;;Ki;uM;UO_0000065;;0.05;False
;;7990499;[];CHEMBL1936457;Inhibition of human recombinant aromatase assessed as conversion of O-dibenzylfluorescein benzyl ester substrate to fluorescein byproduct by fluorometric assay;B;;;BAO_0000192;BAO_0000357;single protein format;CC(=O)O[C@H](c1ccccc1)[C@@H](Cn1ccnn1)c1ccccc1;;;CHEMBL1933061;Bioorg Med Chem Lett;2012;{'bei': '20.54', 'le': '0.38', 'lle': '3.23', 'sei': '11.58'};CHEMBL1933701;;CHEMBL1933701;6.60;0;http://www.openphacts.org/units/Nanomolar;1567543;=;1;1;=;;Ki;nM;;250.0;CHEMBL1978;Homo sapiens;Aromatase;9606;;;Ki;uM;UO_0000065;;0.25;False
;;7990518;[];CHEMBL1936457;Inhibition of human recombinant aromatase assessed as conversion of O-dibenzylfluorescein benzyl ester substrate to fluorescein byproduct by fluorometric assay;B;;;BAO_0000192;BAO_0000357;single protein format;COCO[C@@H](c1ccccc1)[C@@H](Cn1ccnn1)c1ccccc1;;;CHEMBL1933061;Bioorg Med Chem Lett;2012;{'bei': '18.86', 'le': '0.35', 'lle': '2.68', 'sei': '12.41'};CHEMBL1933690;;CHEMBL1933690;6.10;0;http://www.openphacts.org/units/Nanomolar;1567532;=;1;1;=;;Ki;nM;;794.33;CHEMBL1978;Homo sapiens;Aromatase;9606;;;pKi;;UO_0000065;;6.1;False
;;7990519;[];CHEMBL1936457;Inhibition of human recombinant aromatase assessed as conversion of O-dibenzylfluorescein benzyl ester substrate to fluorescein byproduct by fluorometric assay;B;;;BAO_0000192;BAO_0000357;single protein format;O=C(c1ccccc1)C(Cn1ccnn1)c1ccccc1;;;CHEMBL1933061;Bioorg Med Chem Lett;2012;{'bei': '21.63', 'le': '0.39', 'lle': '3.06', 'sei': '12.56'};CHEMBL1933692;;CHEMBL1933692;6.00;0;http://www.openphacts.org/units/Nanomolar;1567534;=;1;1;=;;Ki;nM;;1000.0;CHEMBL1978;Homo sapiens;Aromatase;9606;;;pKi;;UO_0000065;;6.0;False
;;7990520;[];CHEMBL1936457;Inhibition of human recombinant aromatase assessed as conversion of O-dibenzylfluorescein benzyl ester substrate to fluorescein byproduct by fluorometric assay;B;;;BAO_0000192;BAO_0000357;single protein format;O=C(O[C@@H](c1ccccc1)[C@@H](Cn1ccnn1)c1ccccc1)c1ccccc1;;;CHEMBL1933061;Bioorg Med Chem Lett;2012;{'bei': '18.26', 'le': '0.33', 'lle': '2.34', 'sei': '12.28'};CHEMBL1933693;;CHEMBL1933693;7.00;0;http://www.openphacts.org/units/Nanomolar;1567535;=;1;1;=;;Ki;nM;;100.0;CHEMBL1978;Homo sapiens;Aromatase;9606;;;pKi;;UO_0000065;;7.0;False
;;7990521;[];CHEMBL1936457;Inhibition of human recombinant aromatase assessed as conversion of O-dibenzylfluorescein benzyl ester substrate to fluorescein byproduct by fluorometric assay;B;;;BAO_0000192;BAO_0000357;single protein format;CC(=O)O[C@@H](c1ccccc1)[C@@H](Cn1ccnn1)c1ccccc1;;;CHEMBL1933061;Bioorg Med Chem Lett;2012;{'bei': '22.40', 'le': '0.41', 'lle': '3.83', 'sei': '12.63'};CHEMBL1933694;;CHEMBL1933694;7.20;0;http://www.openphacts.org/units/Nanomolar;1567536;=;1;1;=;;Ki;nM;;63.1;CHEMBL1978;Homo sapiens;Aromatase;9606;;;pKi;;UO_0000065;;7.2;False
;;7990522;[];CHEMBL1936457;Inhibition of human recombinant aromatase assessed as conversion of O-dibenzylfluorescein benzyl ester substrate to fluorescein byproduct by fluorometric assay;B;;;BAO_0000192;BAO_0000357;single protein format;COCO[C@H](c1ccccc1)[C@@H](Cn1ccnn1)c1ccccc1;;;CHEMBL1933061;Bioorg Med Chem Lett;2012;{'bei': '21.95', 'le': '0.40', 'lle': '3.68', 'sei': '14.44'};CHEMBL1933699;;CHEMBL1933699;7.10;0;http://www.openphacts.org/units/Nanomolar;1567541;=;1;1;=;;Ki;nM;;79.43;CHEMBL1978;Homo sapiens;Aromatase;9606;;;pKi;;UO_0000065;;7.1;False
;;7990523;[];CHEMBL1936457;Inhibition of human recombinant aromatase assessed as conversion of O-dibenzylfluorescein benzyl ester substrate to fluorescein byproduct by fluorometric assay;B;;;BAO_0000192;BAO_0000357;single protein format;O[C@H](c1ccccc1)[C@@H](Cn1ccnn1)c1ccccc1;;;CHEMBL1933061;Bioorg Med Chem Lett;2012;{'bei': '26.13', 'le': '0.47', 'lle': '4.50', 'sei': '14.33'};CHEMBL1933700;;CHEMBL1933700;7.30;0;http://www.openphacts.org/units/Nanomolar;1567542;=;1;1;=;;Ki;nM;;50.12;CHEMBL1978;Homo sapiens;Aromatase;9606;;;pKi;;UO_0000065;;7.3;False
;;7990524;[];CHEMBL1936457;Inhibition of human recombinant aromatase assessed as conversion of O-dibenzylfluorescein benzyl ester substrate to fluorescein byproduct by fluorometric assay;B;;;BAO_0000192;BAO_0000357;single protein format;CC(=O)O[C@H](c1ccccc1)[C@@H](Cn1ccnn1)c1ccccc1;;;CHEMBL1933061;Bioorg Med Chem Lett;2012;{'bei': '20.54', 'le': '0.38', 'lle': '3.23', 'sei': '11.58'};CHEMBL1933701;;CHEMBL1933701;6.60;0;http://www.openphacts.org/units/Nanomolar;1567543;=;1;1;=;;Ki;nM;;251.19;CHEMBL1978;Homo sapiens;Aromatase;9606;;;pKi;;UO_0000065;;6.6;False
;;8060185;[];CHEMBL1961308;Competitive inhibition of human aromatase using dibenzylfluorescein substrate after 10 mins preincubation measured every 10 sec for 5 mins by Michaelis-Menten and Dixon plot analysis;B;;;BAO_0000192;BAO_0000357;single protein format;Brc1cccc(-c2nc(-c3cccnc3)ns2)c1;;;CHEMBL1955720;Bioorg Med Chem;2012;{'bei': '18.65', 'le': '0.45', 'lle': '1.91', 'sei': '15.35'};CHEMBL1957208;;CHEMBL1957208;5.94;0;http://www.openphacts.org/units/Nanomolar;1581712;=;1;1;=;;Ki;nM;;1160.0;CHEMBL1978;Homo sapiens;Aromatase;9606;;;Ki;nM;UO_0000065;;1160.0;False
;;8060186;[];CHEMBL1961308;Competitive inhibition of human aromatase using dibenzylfluorescein substrate after 10 mins preincubation measured every 10 sec for 5 mins by Michaelis-Menten and Dixon plot analysis;B;;;BAO_0000192;BAO_0000357;single protein format;COc1cccc(-c2nc(-c3cccnc3)ns2)c1;;;CHEMBL1955720;Bioorg Med Chem;2012;{'bei': '19.58', 'le': '0.38', 'lle': '1.99', 'sei': '11.01'};CHEMBL1957209;;CHEMBL1957209;5.27;0;http://www.openphacts.org/units/Nanomolar;1581713;=;1;1;=;;Ki;nM;;5321.0;CHEMBL1978;Homo sapiens;Aromatase;9606;;;Ki;nM;UO_0000065;;5321.0;False
;;8060187;[];CHEMBL1961308;Competitive inhibition of human aromatase using dibenzylfluorescein substrate after 10 mins preincubation measured every 10 sec for 5 mins by Michaelis-Menten and Dixon plot analysis;B;;;BAO_0000192;BAO_0000357;single protein format;c1ccc(-c2nc(-c3cccnc3)cs2)cc1;;;CHEMBL1955720;Bioorg Med Chem;2012;{'bei': '30.20', 'le': '0.58', 'lle': '3.33', 'sei': '27.92'};CHEMBL1601919;;CHEMBL1601919;7.20;0;http://www.openphacts.org/units/Nanomolar;1581714;=;1;1;=;;Ki;nM;;63.38;CHEMBL1978;Homo sapiens;Aromatase;9606;;;Ki;nM;UO_0000065;;63.38;False
;;8060188;[];CHEMBL1961308;Competitive inhibition of human aromatase using dibenzylfluorescein substrate after 10 mins preincubation measured every 10 sec for 5 mins by Michaelis-Menten and Dixon plot analysis;B;;;BAO_0000192;BAO_0000357;single protein format;Fc1ccc(-c2nc(-c3cccnc3)cs2)cc1;;;CHEMBL1955720;Bioorg Med Chem;2012;{'bei': '19.12', 'le': '0.37', 'lle': '0.89', 'sei': '19.01'};CHEMBL1957210;;CHEMBL1957210;4.90;0;http://www.openphacts.org/units/Nanomolar;1581715;=;1;1;=;;Ki;nM;;12560.0;CHEMBL1978;Homo sapiens;Aromatase;9606;;;Ki;nM;UO_0000065;;12560.0;False
;;8060189;[];CHEMBL1961308;Competitive inhibition of human aromatase using dibenzylfluorescein substrate after 10 mins preincubation measured every 10 sec for 5 mins by Michaelis-Menten and Dixon plot analysis;B;;;BAO_0000192;BAO_0000357;single protein format;Clc1ccc(-c2nc(-c3cccnc3)cs2)cc1;;;CHEMBL1955720;Bioorg Med Chem;2012;{'bei': '24.31', 'le': '0.50', 'lle': '2.10', 'sei': '25.72'};CHEMBL1957211;;CHEMBL1957211;6.63;0;http://www.openphacts.org/units/Nanomolar;1581716;=;1;1;=;;Ki;nM;;234.3;CHEMBL1978;Homo sapiens;Aromatase;9606;;;Ki;nM;UO_0000065;;234.3;False
;;8060190;[];CHEMBL1961308;Competitive inhibition of human aromatase using dibenzylfluorescein substrate after 10 mins preincubation measured every 10 sec for 5 mins by Michaelis-Menten and Dixon plot analysis;B;;;BAO_0000192;BAO_0000357;single protein format;Brc1ccc(-c2nc(-c3cccnc3)cs2)cc1;;;CHEMBL1955720;Bioorg Med Chem;2012;{'bei': '18.17', 'le': '0.44', 'lle': '1.13', 'sei': '22.36'};CHEMBL1957212;;CHEMBL1957212;5.76;0;http://www.openphacts.org/units/Nanomolar;1581717;=;1;1;=;;Ki;nM;;1722.0;CHEMBL1978;Homo sapiens;Aromatase;9606;;;Ki;nM;UO_0000065;;1722.0;False
;;8060191;[];CHEMBL1961308;Competitive inhibition of human aromatase using dibenzylfluorescein substrate after 10 mins preincubation measured every 10 sec for 5 mins by Michaelis-Menten and Dixon plot analysis;B;;;BAO_0000192;BAO_0000357;single protein format;COc1ccc(-c2nc(-c3cccnc3)cs2)cc1;;;CHEMBL1955720;Bioorg Med Chem;2012;{'bei': '17.98', 'le': '0.35', 'lle': '0.94', 'sei': '13.78'};CHEMBL1957213;;CHEMBL1957213;4.82;0;http://www.openphacts.org/units/Nanomolar;1581718;=;1;1;=;;Ki;nM;;15000.0;CHEMBL1978;Homo sapiens;Aromatase;9606;;;Ki;nM;UO_0000065;;15000.0;False
;;8060192;[];CHEMBL1961308;Competitive inhibition of human aromatase using dibenzylfluorescein substrate after 10 mins preincubation measured every 10 sec for 5 mins by Michaelis-Menten and Dixon plot analysis;B;;;BAO_0000192;BAO_0000357;single protein format;c1cncc(-c2csc(-c3ccncc3)n2)c1;;;CHEMBL1955720;Bioorg Med Chem;2012;{'bei': '42.72', 'le': '0.82', 'lle': '6.95', 'sei': '26.43'};CHEMBL1957214;;CHEMBL1957214;10.22;0;http://www.openphacts.org/units/Nanomolar;1581719;=;1;1;=;;Ki;nM;;0.06;CHEMBL1978;Homo sapiens;Aromatase;9606;;;Ki;nM;UO_0000065;;0.06;False
;;8060193;[];CHEMBL1961308;Competitive inhibition of human aromatase using dibenzylfluorescein substrate after 10 mins preincubation measured every 10 sec for 5 mins by Michaelis-Menten and Dixon plot analysis;B;;;BAO_0000192;BAO_0000357;single protein format;Oc1ccc(-c2nc(-c3cccnc3)cs2)cc1;;;CHEMBL1955720;Bioorg Med Chem;2012;{'bei': '22.00', 'le': '0.42', 'lle': '2.01', 'sei': '12.16'};CHEMBL1957215;;CHEMBL1957215;5.59;0;http://www.openphacts.org/units/Nanomolar;1581720;=;1;1;=;;Ki;nM;;2548.0;CHEMBL1978;Homo sapiens;Aromatase;9606;;;Ki;nM;UO_0000065;;2548.0;False
;;8060194;[];CHEMBL1961308;Competitive inhibition of human aromatase using dibenzylfluorescein substrate after 10 mins preincubation measured every 10 sec for 5 mins by Michaelis-Menten and Dixon plot analysis;B;;;BAO_0000192;BAO_0000357;single protein format;Clc1cc(-c2nc(-c3cccnc3)cs2)ccn1;;;CHEMBL1955720;Bioorg Med Chem;2012;{'bei': '29.54', 'le': '0.61', 'lle': '4.17', 'sei': '20.91'};CHEMBL1957216;;CHEMBL1957216;8.09;0;http://www.openphacts.org/units/Nanomolar;1581721;=;1;1;=;;Ki;nM;;8.2;CHEMBL1978;Homo sapiens;Aromatase;9606;;;Ki;nM;UO_0000065;;8.2;False
;;8060195;[];CHEMBL1961308;Competitive inhibition of human aromatase using dibenzylfluorescein substrate after 10 mins preincubation measured every 10 sec for 5 mins by Michaelis-Menten and Dixon plot analysis;B;;;BAO_0000192;BAO_0000357;single protein format;COc1cc(-c2nc(-c3cccnc3)cs2)ccn1;;;CHEMBL1955720;Bioorg Med Chem;2012;{'bei': '34.11', 'le': '0.66', 'lle': '5.91', 'sei': '19.18'};CHEMBL1957217;;CHEMBL1957217;9.19;0;http://www.openphacts.org/units/Nanomolar;1581722;=;1;1;=;;Ki;nM;;0.65;CHEMBL1978;Homo sapiens;Aromatase;9606;;;Ki;nM;UO_0000065;;0.65;False
;;8060196;[];CHEMBL1961308;Competitive inhibition of human aromatase using dibenzylfluorescein substrate after 10 mins preincubation measured every 10 sec for 5 mins by Michaelis-Menten and Dixon plot analysis;B;;;BAO_0000192;BAO_0000357;single protein format;Cc1cnccc1-c1nc(-c2cccnc2)cs1;;;CHEMBL1955720;Bioorg Med Chem;2012;{'bei': '33.55', 'le': '0.64', 'lle': '4.92', 'sei': '21.98'};CHEMBL1957218;;CHEMBL1957218;8.50;0;http://www.openphacts.org/units/Nanomolar;1581723;=;1;1;=;;Ki;nM;;3.17;CHEMBL1978;Homo sapiens;Aromatase;9606;;;Ki;nM;UO_0000065;;3.17;False
;;8060197;[];CHEMBL1961308;Competitive inhibition of human aromatase using dibenzylfluorescein substrate after 10 mins preincubation measured every 10 sec for 5 mins by Michaelis-Menten and Dixon plot analysis;B;;;BAO_0000192;BAO_0000357;single protein format;Brc1ccc(-c2csc(-c3ccncc3)n2)cn1;;;CHEMBL1955720;Bioorg Med Chem;2012;{'bei': '20.57', 'le': '0.50', 'lle': '2.52', 'sei': '16.93'};CHEMBL1957219;;CHEMBL1957219;6.54;0;http://www.openphacts.org/units/Nanomolar;1581724;=;1;1;=;;Ki;nM;;285.1;CHEMBL1978;Homo sapiens;Aromatase;9606;;;Ki;nM;UO_0000065;;285.1;False
;;8060198;[];CHEMBL1961308;Competitive inhibition of human aromatase using dibenzylfluorescein substrate after 10 mins preincubation measured every 10 sec for 5 mins by Michaelis-Menten and Dixon plot analysis;B;;;BAO_0000192;BAO_0000357;single protein format;Brc1ccc(-c2csc(-c3cccnc3)n2)cn1;;;CHEMBL1955720;Bioorg Med Chem;2012;{'bei': '18.32', 'le': '0.44', 'lle': '1.80', 'sei': '15.07'};CHEMBL1957220;;CHEMBL1957220;5.83;0;http://www.openphacts.org/units/Nanomolar;1581725;=;1;1;=;;Ki;nM;;1482.0;CHEMBL1978;Homo sapiens;Aromatase;9606;;;Ki;nM;UO_0000065;;1482.0;False
;;8060199;[];CHEMBL1961308;Competitive inhibition of human aromatase using dibenzylfluorescein substrate after 10 mins preincubation measured every 10 sec for 5 mins by Michaelis-Menten and Dixon plot analysis;B;;;BAO_0000192;BAO_0000357;single protein format;COc1ccc(-c2csc(-c3ccncc3)n2)cn1;;;CHEMBL1955720;Bioorg Med Chem;2012;{'bei': '26.30', 'le': '0.51', 'lle': '3.80', 'sei': '14.79'};CHEMBL1957221;;CHEMBL1957221;7.08;0;http://www.openphacts.org/units/Nanomolar;1581726;=;1;1;=;;Ki;nM;;82.54;CHEMBL1978;Homo sapiens;Aromatase;9606;;;Ki;nM;UO_0000065;;82.54;False
;;8060200;[];CHEMBL1961308;Competitive inhibition of human aromatase using dibenzylfluorescein substrate after 10 mins preincubation measured every 10 sec for 5 mins by Michaelis-Menten and Dixon plot analysis;B;;;BAO_0000192;BAO_0000357;single protein format;CCOc1ccc(-c2csc(-c3ccncc3)n2)cn1;;;CHEMBL1955720;Bioorg Med Chem;2012;{'bei': '24.70', 'le': '0.48', 'lle': '3.33', 'sei': '14.61'};CHEMBL1957222;;CHEMBL1957222;7.00;0;http://www.openphacts.org/units/Nanomolar;1581727;=;1;1;=;;Ki;nM;;100.0;CHEMBL1978;Homo sapiens;Aromatase;9606;;;Ki;nM;UO_0000065;;100.0;False
;;8060201;[];CHEMBL1961308;Competitive inhibition of human aromatase using dibenzylfluorescein substrate after 10 mins preincubation measured every 10 sec for 5 mins by Michaelis-Menten and Dixon plot analysis;B;;;BAO_0000192;BAO_0000357;single protein format;COc1ccc(-c2csc(-c3cccnc3)n2)cn1;;;CHEMBL1955720;Bioorg Med Chem;2012;{'bei': '27.68', 'le': '0.54', 'lle': '4.17', 'sei': '15.56'};CHEMBL1957223;;CHEMBL1957223;7.45;0;http://www.openphacts.org/units/Nanomolar;1581728;=;1;1;=;;Ki;nM;;35.12;CHEMBL1978;Homo sapiens;Aromatase;9606;;;Ki;nM;UO_0000065;;35.12;False
;;8060202;[];CHEMBL1961308;Competitive inhibition of human aromatase using dibenzylfluorescein substrate after 10 mins preincubation measured every 10 sec for 5 mins by Michaelis-Menten and Dixon plot analysis;B;;;BAO_0000192;BAO_0000357;single protein format;Oc1ccc(/C=C/c2cc(O)cc(O)c2)cc1;;;CHEMBL1955720;Bioorg Med Chem;2012;{'bei': '19.19', 'le': '0.35', 'lle': '1.41', 'sei': '7.22'};CHEMBL165;RESVERATROL;CHEMBL165;4.38;0;http://www.openphacts.org/units/Nanomolar;1581729;=;1;1;=;;Ki;nM;;41670.0;CHEMBL1978;Homo sapiens;Aromatase;9606;;;Ki;nM;UO_0000065;;41670.0;False
;;8060203;[];CHEMBL1961308;Competitive inhibition of human aromatase using dibenzylfluorescein substrate after 10 mins preincubation measured every 10 sec for 5 mins by Michaelis-Menten and Dixon plot analysis;B;;;BAO_0000192;BAO_0000357;single protein format;N#Cc1ccc(C(c2ccc(C#N)cc2)n2cncn2)cc1;;;CHEMBL1955720;Bioorg Med Chem;2012;{'bei': '37.50', 'le': '0.66', 'lle': '8.04', 'sei': '13.67'};CHEMBL1444;LETROZOLE;CHEMBL1444;10.70;0;http://www.openphacts.org/units/Nanomolar;1581730;=;1;1;=;;Ki;nM;;0.02;CHEMBL1978;Homo sapiens;Aromatase;9606;;;Ki;nM;UO_0000065;;0.02;False
;;8060204;[];CHEMBL1961308;Competitive inhibition of human aromatase using dibenzylfluorescein substrate after 10 mins preincubation measured every 10 sec for 5 mins by Michaelis-Menten and Dixon plot analysis;B;;;BAO_0000192;BAO_0000357;single protein format;CC(C)(C#N)c1cc(Cn2cncn2)cc(C(C)(C)C#N)c1;;;CHEMBL1955720;Bioorg Med Chem;2012;{'bei': '33.70', 'le': '0.61', 'lle': '6.96', 'sei': '12.63'};CHEMBL1399;ANASTROZOLE;CHEMBL1399;9.89;0;http://www.openphacts.org/units/Nanomolar;1581731;=;1;1;=;;Ki;nM;;0.13;CHEMBL1978;Homo sapiens;Aromatase;9606;;;Ki;nM;UO_0000065;;0.13;False
;;8060205;[];CHEMBL1961308;Competitive inhibition of human aromatase using dibenzylfluorescein substrate after 10 mins preincubation measured every 10 sec for 5 mins by Michaelis-Menten and Dixon plot analysis;B;;;BAO_0000192;BAO_0000357;single protein format;N#Cc1ccc(C2CCCc3cncn32)cc1;;;CHEMBL1955720;Bioorg Med Chem;2012;{'bei': '46.14', 'le': '0.83', 'lle': '7.62', 'sei': '24.76'};CHEMBL9298;FADROZOLE;CHEMBL9298;10.30;0;http://www.openphacts.org/units/Nanomolar;1581732;=;1;1;=;;Ki;nM;;0.05;CHEMBL1978;Homo sapiens;Aromatase;9606;;;Ki;nM;UO_0000065;;0.05;False
;;10957974;[];CHEMBL2061396;Inhibition of aromatase in human microsomes using [1beta-3H]androstenedione as substrate after 5 mins by Dixon plot analysis;B;;;BAO_0000192;BAO_0000251;microsome format;C[C@]12CC[C@H](O)C=C1CC[C@@H]1[C@@H]2CC[C@]2(C)C(=O)CC[C@@H]12;;;CHEMBL2057175;J Med Chem;2012;{'bei': '24.27', 'le': '0.46', 'lle': '3.12', 'sei': '18.77'};CHEMBL1077603;;CHEMBL1077603;7.00;0;http://www.openphacts.org/units/Nanomolar;1656149;=;1;1;=;;Ki;nM;;100.0;CHEMBL1978;Homo sapiens;Aromatase;9606;;;Ki(app);uM;UO_0000065;;0.1;False
;;10957975;[];CHEMBL2061396;Inhibition of aromatase in human microsomes using [1beta-3H]androstenedione as substrate after 5 mins by Dixon plot analysis;B;;;BAO_0000192;BAO_0000251;microsome format;C[C@]12CC[C@H]3[C@@H](CC[C@@]45O[C@@H]4CCC[C@]35C)[C@@H]1CCC2=O;;;CHEMBL2057175;J Med Chem;2012;{'bei': '24.50', 'le': '0.46', 'lle': '2.95', 'sei': '23.87'};CHEMBL2058266;;CHEMBL2058266;7.07;0;http://www.openphacts.org/units/Nanomolar;1656155;=;1;1;=;;Ki;nM;;86.0;CHEMBL1978;Homo sapiens;Aromatase;9606;;;Ki(app);uM;UO_0000065;;0.086;False
;;10957976;[];CHEMBL2061396;Inhibition of aromatase in human microsomes using [1beta-3H]androstenedione as substrate after 5 mins by Dixon plot analysis;B;;;BAO_0000192;BAO_0000251;microsome format;C[C@]12CCC=C[C@@H]1CC[C@@H]1[C@@H]2CC[C@]2(C)C(=O)CC[C@@H]12;;;CHEMBL2057175;J Med Chem;2012;{'bei': '26.80', 'le': '0.50', 'lle': '2.54', 'sei': '42.77'};CHEMBL1629800;;CHEMBL1629800;7.30;0;http://www.openphacts.org/units/Nanomolar;1656156;=;1;1;=;;Ki;nM;;50.0;CHEMBL1978;Homo sapiens;Aromatase;9606;;;Ki(app);uM;UO_0000065;;0.05;False
;;10957977;[];CHEMBL2061396;Inhibition of aromatase in human microsomes using [1beta-3H]androstenedione as substrate after 5 mins by Dixon plot analysis;B;;;BAO_0000192;BAO_0000251;microsome format;C[C@]12CC[C@H]3O[C@H]3[C@@H]1CC[C@@H]1[C@@H]2CC[C@]2(C)C(=O)CC[C@@H]12;;;CHEMBL2057175;J Med Chem;2012;{'bei': '25.73', 'le': '0.48', 'lle': '3.44', 'sei': '25.07'};CHEMBL1629802;;CHEMBL1629802;7.42;1;http://www.openphacts.org/units/Nanomolar;1656157;=;1;1;=;;Ki;nM;;38.0;CHEMBL1978;Homo sapiens;Aromatase;9606;;;Ki(app);uM;UO_0000065;;0.038;False
;;10957978;[];CHEMBL2061396;Inhibition of aromatase in human microsomes using [1beta-3H]androstenedione as substrate after 5 mins by Dixon plot analysis;B;;;BAO_0000192;BAO_0000251;microsome format;C[C@]12CC=CC[C@@H]1CC[C@@H]1[C@@H]2CC[C@]2(C)C(=O)CC[C@@H]12;;;CHEMBL2057175;J Med Chem;2012;{'bei': '18.43', 'le': '0.34', 'lle': '0.26', 'sei': '29.42'};CHEMBL2058267;;CHEMBL2058267;5.02;0;http://www.openphacts.org/units/Nanomolar;1656158;=;1;1;=;;Ki;nM;;9501.0;CHEMBL1978;Homo sapiens;Aromatase;9606;;;Ki(app);uM;UO_0000065;;9.501;False
;;13319675;[];CHEMBL2387862;Inhibition of human recombinant microsomal aromatase using 7-methoxy-4-trifluoromethylcoumarin as substrate by Lineweaver-Burk plot analysis;B;;;BAO_0000192;BAO_0000019;assay format;CC/C(=C(\c1ccc(O)cc1)c1ccc(OCCN)cc1)c1ccccc1;;;CHEMBL2385050;J Med Chem;2013;{'bei': '17.68', 'le': '0.32', 'lle': '1.25', 'sei': '11.45'};CHEMBL2386284;;CHEMBL2386284;6.36;0;http://www.openphacts.org/units/Nanomolar;1896615;=;1;1;=;;Ki;nM;;442.0;CHEMBL1978;Homo sapiens;Aromatase;9606;;;Ki;nM;UO_0000065;;442.0;False
;;13319676;[];CHEMBL2387862;Inhibition of human recombinant microsomal aromatase using 7-methoxy-4-trifluoromethylcoumarin as substrate by Lineweaver-Burk plot analysis;B;;;BAO_0000192;BAO_0000019;assay format;CC/C(=C(/c1ccc(O)cc1)c1ccc(OCCN)cc1)c1ccccc1;;;CHEMBL2385050;J Med Chem;2013;{'bei': '20.36', 'le': '0.37', 'lle': '2.22', 'sei': '13.19'};CHEMBL2386285;;CHEMBL2386285;7.32;0;http://www.openphacts.org/units/Nanomolar;1896614;=;1;1;=;;Ki;nM;;48.0;CHEMBL1978;Homo sapiens;Aromatase;9606;;;Ki;nM;UO_0000065;;48.0;False
;;13319677;[];CHEMBL2387862;Inhibition of human recombinant microsomal aromatase using 7-methoxy-4-trifluoromethylcoumarin as substrate by Lineweaver-Burk plot analysis;B;;;BAO_0000192;BAO_0000019;assay format;CCC(=C(c1ccc(O)cc1)c1ccc(OCCN)cc1)c1ccccc1;;;CHEMBL2385050;J Med Chem;2013;{'bei': '19.79', 'le': '0.36', 'lle': '2.01', 'sei': '12.82'};CHEMBL3350384;;CHEMBL3350384;7.11;0;http://www.openphacts.org/units/Nanomolar;1896613;=;1;1;=;;Ki;nM;;77.0;CHEMBL1978;Homo sapiens;Aromatase;9606;;;Ki;nM;UO_0000065;;77.0;False
;;13511390;[];CHEMBL2447322;Inhibition of recombinant human aromatase using O-dibenzylfluorescein benzyl ester as substrate by fluorometric assay;B;;;BAO_0000192;BAO_0000357;single protein format;CC(=O)O[C@@H](c1ccccc1)[C@H](Cn1ccnn1)c1ccc(Br)cc1;;;CHEMBL2440092;Bioorg Med Chem Lett;2013;{'bei': '15.46', 'le': '0.34', 'lle': '2.06', 'sei': '10.86'};CHEMBL2443364;;CHEMBL2443364;6.19;0;http://www.openphacts.org/units/Nanomolar;1930195;=;1;1;=;;Ki;nM;;647.0;CHEMBL1978;Homo sapiens;Aromatase;9606;;;Ki;uM;UO_0000065;;0.647;False
;;13511392;[];CHEMBL2447322;Inhibition of recombinant human aromatase using O-dibenzylfluorescein benzyl ester as substrate by fluorometric assay;B;;;BAO_0000192;BAO_0000357;single protein format;CC(=O)O[C@@H](c1ccc(F)cc1)[C@H](Cn1ccnn1)c1ccccc1;;;CHEMBL2440092;Bioorg Med Chem Lett;2013;{'bei': '19.02', 'le': '0.35', 'lle': '2.95', 'sei': '11.32'};CHEMBL2443362;;CHEMBL2443362;6.46;0;http://www.openphacts.org/units/Nanomolar;1930193;=;1;1;=;;Ki;nM;;350.0;CHEMBL1978;Homo sapiens;Aromatase;9606;;;Ki;uM;UO_0000065;;0.35;False
;;13511393;[];CHEMBL2447322;Inhibition of recombinant human aromatase using O-dibenzylfluorescein benzyl ester as substrate by fluorometric assay;B;;;BAO_0000192;BAO_0000357;single protein format;O[C@@H](c1ccccc1)[C@H](Cn1ccnn1)c1ccc(Br)cc1;;;CHEMBL2440092;Bioorg Med Chem Lett;2013;{'bei': '16.96', 'le': '0.38', 'lle': '2.52', 'sei': '11.93'};CHEMBL2443361;;CHEMBL2443361;6.08;0;http://www.openphacts.org/units/Nanomolar;1930192;=;1;1;=;;Ki;nM;;841.0;CHEMBL1978;Homo sapiens;Aromatase;9606;;;Ki;uM;UO_0000065;;0.841;False
;;13511394;[];CHEMBL2447322;Inhibition of recombinant human aromatase using O-dibenzylfluorescein benzyl ester as substrate by fluorometric assay;B;;;BAO_0000192;BAO_0000357;single protein format;O[C@@H](c1ccc(Br)cc1)[C@H](Cn1ccnn1)c1ccccc1;;;CHEMBL2440092;Bioorg Med Chem Lett;2013;{'bei': '19.22', 'le': '0.43', 'lle': '3.33', 'sei': '13.52'};CHEMBL2443360;;CHEMBL2443360;6.89;0;http://www.openphacts.org/units/Nanomolar;1930191;=;1;1;=;;Ki;nM;;130.0;CHEMBL1978;Homo sapiens;Aromatase;9606;;;Ki;uM;UO_0000065;;0.13;False
;;13511395;[];CHEMBL2447322;Inhibition of recombinant human aromatase using O-dibenzylfluorescein benzyl ester as substrate by fluorometric assay;B;;;BAO_0000192;BAO_0000357;single protein format;O[C@@H](c1ccc(F)cc1)[C@H](Cn1ccnn1)c1ccccc1;;;CHEMBL2440092;Bioorg Med Chem Lett;2013;{'bei': '22.53', 'le': '0.42', 'lle': '3.77', 'sei': '13.15'};CHEMBL2443359;;CHEMBL2443359;6.70;0;http://www.openphacts.org/units/Nanomolar;1930190;=;1;1;=;;Ki;nM;;200.0;CHEMBL1978;Homo sapiens;Aromatase;9606;;;Ki;uM;UO_0000065;;0.2;False
;;13511396;[];CHEMBL2447322;Inhibition of recombinant human aromatase using O-dibenzylfluorescein benzyl ester as substrate by fluorometric assay;B;;;BAO_0000192;BAO_0000357;single protein format;COCO[C@@H](c1ccccc1)[C@H](Cn1ccnn1)c1ccc(Br)cc1;;;CHEMBL2440092;Bioorg Med Chem Lett;2013;{'bei': '19.14', 'le': '0.42', 'lle': '3.51', 'sei': '15.66'};CHEMBL2443358;;CHEMBL2443358;7.70;0;http://www.openphacts.org/units/Nanomolar;1930189;=;1;1;=;;Ki;nM;;20.0;CHEMBL1978;Homo sapiens;Aromatase;9606;;;Ki;uM;UO_0000065;;0.02;False
;;13511397;[];CHEMBL2447322;Inhibition of recombinant human aromatase using O-dibenzylfluorescein benzyl ester as substrate by fluorometric assay;B;;;BAO_0000192;BAO_0000357;single protein format;COCO[C@@H](c1ccc(Br)cc1)[C@H](Cn1ccnn1)c1ccccc1;;;CHEMBL2440092;Bioorg Med Chem Lett;2013;{'bei': '17.79', 'le': '0.39', 'lle': '2.96', 'sei': '14.55'};CHEMBL2443357;;CHEMBL2443357;7.16;0;http://www.openphacts.org/units/Nanomolar;1930188;=;1;1;=;;Ki;nM;;70.0;CHEMBL1978;Homo sapiens;Aromatase;9606;;;Ki;uM;UO_0000065;;0.07;False
;;13511398;[];CHEMBL2447322;Inhibition of recombinant human aromatase using O-dibenzylfluorescein benzyl ester as substrate by fluorometric assay;B;;;BAO_0000192;BAO_0000357;single protein format;COCO[C@@H](c1ccc(F)cc1)[C@H](Cn1ccnn1)c1ccccc1;;;CHEMBL2440092;Bioorg Med Chem Lett;2013;{'bei': '19.91', 'le': '0.37', 'lle': '3.24', 'sei': '13.82'};CHEMBL2443356;;CHEMBL2443356;6.80;0;http://www.openphacts.org/units/Nanomolar;1930187;=;1;1;=;;Ki;nM;;160.0;CHEMBL1978;Homo sapiens;Aromatase;9606;;;Ki;uM;UO_0000065;;0.16;False
;;13511399;[];CHEMBL2447322;Inhibition of recombinant human aromatase using O-dibenzylfluorescein benzyl ester as substrate by fluorometric assay;B;;;BAO_0000192;BAO_0000357;single protein format;CC(=O)O[C@@H](c1ccccc1)[C@@H](Cn1ccnn1)c1ccc(Br)cc1;;;CHEMBL2440092;Bioorg Med Chem Lett;2013;{'bei': '16.55', 'le': '0.36', 'lle': '2.50', 'sei': '11.62'};CHEMBL2443355;;CHEMBL2443355;6.62;0;http://www.openphacts.org/units/Nanomolar;1930186;=;1;1;=;;Ki;nM;;237.0;CHEMBL1978;Homo sapiens;Aromatase;9606;;;Ki;uM;UO_0000065;;0.237;False
;;13511400;[];CHEMBL2447322;Inhibition of recombinant human aromatase using O-dibenzylfluorescein benzyl ester as substrate by fluorometric assay;B;;;BAO_0000192;BAO_0000357;single protein format;CC(=O)O[C@@H](c1ccc(Br)cc1)[C@@H](Cn1ccnn1)c1ccccc1;;;CHEMBL2440092;Bioorg Med Chem Lett;2013;{'bei': '17.60', 'le': '0.38', 'lle': '2.92', 'sei': '12.36'};CHEMBL2443354;;CHEMBL2443354;7.05;0;http://www.openphacts.org/units/Nanomolar;1930185;=;1;1;=;;Ki;nM;;90.0;CHEMBL1978;Homo sapiens;Aromatase;9606;;;Ki;uM;UO_0000065;;0.09;False
;;13511401;[];CHEMBL2447322;Inhibition of recombinant human aromatase using O-dibenzylfluorescein benzyl ester as substrate by fluorometric assay;B;;;BAO_0000192;BAO_0000357;single protein format;CC(=O)O[C@@H](c1ccc(F)cc1)[C@@H](Cn1ccnn1)c1ccccc1;;;CHEMBL2440092;Bioorg Med Chem Lett;2013;{'bei': '20.50', 'le': '0.38', 'lle': '3.45', 'sei': '12.21'};CHEMBL2443353;;CHEMBL2443353;6.96;0;http://www.openphacts.org/units/Nanomolar;1930184;=;1;1;=;;Ki;nM;;110.0;CHEMBL1978;Homo sapiens;Aromatase;9606;;;Ki;uM;UO_0000065;;0.11;False
;;13511402;[];CHEMBL2447322;Inhibition of recombinant human aromatase using O-dibenzylfluorescein benzyl ester as substrate by fluorometric assay;B;;;BAO_0000192;BAO_0000357;single protein format;O[C@@H](c1ccccc1)[C@@H](Cn1ccnn1)c1ccc(Br)cc1;;;CHEMBL2440092;Bioorg Med Chem Lett;2013;{'bei': '16.99', 'le': '0.38', 'lle': '2.53', 'sei': '11.95'};CHEMBL2443352;;CHEMBL2443352;6.09;0;http://www.openphacts.org/units/Nanomolar;1930183;=;1;1;=;;Ki;nM;;820.0;CHEMBL1978;Homo sapiens;Aromatase;9606;;;Ki;uM;UO_0000065;;0.82;False
;;13511403;[];CHEMBL2447322;Inhibition of recombinant human aromatase using O-dibenzylfluorescein benzyl ester as substrate by fluorometric assay;B;;;BAO_0000192;BAO_0000357;single protein format;O[C@@H](c1ccc(Br)cc1)[C@@H](Cn1ccnn1)c1ccccc1;;;CHEMBL2440092;Bioorg Med Chem Lett;2013;{'bei': '18.90', 'le': '0.42', 'lle': '3.21', 'sei': '13.29'};CHEMBL2443351;;CHEMBL2443351;6.77;0;http://www.openphacts.org/units/Nanomolar;1930182;=;1;1;=;;Ki;nM;;170.0;CHEMBL1978;Homo sapiens;Aromatase;9606;;;Ki;uM;UO_0000065;;0.17;False
;;13511404;[];CHEMBL2447322;Inhibition of recombinant human aromatase using O-dibenzylfluorescein benzyl ester as substrate by fluorometric assay;B;;;BAO_0000192;BAO_0000357;single protein format;O[C@@H](c1ccc(F)cc1)[C@@H](Cn1ccnn1)c1ccccc1;;;CHEMBL2440092;Bioorg Med Chem Lett;2013;{'bei': '21.80', 'le': '0.40', 'lle': '3.55', 'sei': '12.72'};CHEMBL2443350;;CHEMBL2443350;6.48;0;http://www.openphacts.org/units/Nanomolar;1930181;=;1;1;=;;Ki;nM;;330.0;CHEMBL1978;Homo sapiens;Aromatase;9606;;;Ki;uM;UO_0000065;;0.33;False
;;13511405;[];CHEMBL2447322;Inhibition of recombinant human aromatase using O-dibenzylfluorescein benzyl ester as substrate by fluorometric assay;B;;;BAO_0000192;BAO_0000357;single protein format;COCO[C@@H](c1ccccc1)[C@@H](Cn1ccnn1)c1ccc(Br)cc1;;;CHEMBL2440092;Bioorg Med Chem Lett;2013;{'bei': '17.29', 'le': '0.38', 'lle': '2.76', 'sei': '14.14'};CHEMBL2443349;;CHEMBL2443349;6.96;0;http://www.openphacts.org/units/Nanomolar;1930180;=;1;1;=;;Ki;nM;;111.0;CHEMBL1978;Homo sapiens;Aromatase;9606;;;Ki;uM;UO_0000065;;0.111;False
;;13511406;[];CHEMBL2447322;Inhibition of recombinant human aromatase using O-dibenzylfluorescein benzyl ester as substrate by fluorometric assay;B;;;BAO_0000192;BAO_0000357;single protein format;COCO[C@@H](c1ccc(Br)cc1)[C@@H](Cn1ccnn1)c1ccccc1;;;CHEMBL2440092;Bioorg Med Chem Lett;2013;{'bei': '19.14', 'le': '0.42', 'lle': '3.51', 'sei': '15.66'};CHEMBL2443348;;CHEMBL2443348;7.70;0;http://www.openphacts.org/units/Nanomolar;1930179;=;1;1;=;;Ki;nM;;20.0;CHEMBL1978;Homo sapiens;Aromatase;9606;;;Ki;uM;UO_0000065;;0.02;False
;;13511407;[];CHEMBL2447322;Inhibition of recombinant human aromatase using O-dibenzylfluorescein benzyl ester as substrate by fluorometric assay;B;;;BAO_0000192;BAO_0000357;single protein format;COCO[C@@H](c1ccc(F)cc1)[C@@H](Cn1ccnn1)c1ccccc1;;;CHEMBL2440092;Bioorg Med Chem Lett;2013;{'bei': '20.79', 'le': '0.39', 'lle': '3.54', 'sei': '14.43'};CHEMBL2443365;;CHEMBL2443365;7.10;0;http://www.openphacts.org/units/Nanomolar;1930196;=;1;1;=;;Ki;nM;;80.0;CHEMBL1978;Homo sapiens;Aromatase;9606;;;Ki;uM;UO_0000065;;0.08;False
;;14617402;[];CHEMBL3254234;Apparent inhibition of human placental microsomal aromatase assessed as [C14]estrone/[C14]estradiol formation using 0.075 to 0.515 uM [C14]androstenedione substrate by liquid scintillation counting;B;;;BAO_0000192;BAO_0000019;assay format;CCCCS[C@@H]1CC2=CC(=O)CC[C@]2(C)[C@H]2CC[C@]3(C)C(=O)CC[C@H]3[C@H]12;;;CHEMBL3244366;J Med Chem;1978;{'bei': '19.34', 'le': '0.38', 'lle': '1.64', 'sei': '21.22'};CHEMBL3245348;;CHEMBL3245348;7.24;0;http://www.openphacts.org/units/Nanomolar;2089185;=;1;1;=;;Ki;nM;;57.0;CHEMBL1978;Homo sapiens;Aromatase;9606;;;Ki(app);uM;UO_0000065;;0.057;False
;;14617404;[];CHEMBL3254234;Apparent inhibition of human placental microsomal aromatase assessed as [C14]estrone/[C14]estradiol formation using 0.075 to 0.515 uM [C14]androstenedione substrate by liquid scintillation counting;B;;;BAO_0000192;BAO_0000019;assay format;C[C@]12CCC(=O)C=C1C[C@@H](SCCc1ccccc1)[C@@H]1[C@@H]2CC[C@]2(C)C(=O)CC[C@@H]12;;;CHEMBL3244366;J Med Chem;1978;{'bei': '17.05', 'le': '0.33', 'lle': '1.17', 'sei': '21.11'};CHEMBL3245353;;CHEMBL3245353;7.21;0;http://www.openphacts.org/units/Nanomolar;2089190;=;1;1;=;;Ki;nM;;62.0;CHEMBL1978;Homo sapiens;Aromatase;9606;;;Ki(app);uM;UO_0000065;;0.062;False
;;14617405;[];CHEMBL3254234;Apparent inhibition of human placental microsomal aromatase assessed as [C14]estrone/[C14]estradiol formation using 0.075 to 0.515 uM [C14]androstenedione substrate by liquid scintillation counting;B;;;BAO_0000192;BAO_0000019;assay format;COc1ccc(CS[C@@H]2CC3=CC(=O)CC[C@]3(C)[C@H]3CC[C@]4(C)C(=O)CC[C@H]4[C@H]23)cc1;;;CHEMBL3244366;J Med Chem;1978;{'bei': '17.12', 'le': '0.33', 'lle': '1.50', 'sei': '17.31'};CHEMBL3245356;;CHEMBL3245356;7.51;0;http://www.openphacts.org/units/Nanomolar;2089193;=;1;1;=;;Ki;nM;;31.0;CHEMBL1978;Homo sapiens;Aromatase;9606;;;Ki(app);uM;UO_0000065;;0.031;False
;;14617406;[];CHEMBL3254234;Apparent inhibition of human placental microsomal aromatase assessed as [C14]estrone/[C14]estradiol formation using 0.075 to 0.515 uM [C14]androstenedione substrate by liquid scintillation counting;B;;;BAO_0000192;BAO_0000019;assay format;C[C@]12CCC(=O)C=C1C[C@@H](Sc1ccc(N)cc1)[C@@H]1[C@@H]2CC[C@]2(C)C(=O)CC[C@@H]12;;;CHEMBL3244366;J Med Chem;1978;{'bei': '18.91', 'le': '0.36', 'lle': '2.30', 'sei': '12.87'};CHEMBL3245357;;CHEMBL3245357;7.75;0;http://www.openphacts.org/units/Nanomolar;2089194;=;1;1;=;;Ki;nM;;18.0;CHEMBL1978;Homo sapiens;Aromatase;9606;;;Ki(app);uM;UO_0000065;;0.018;False
;;14617413;[];CHEMBL3254234;Apparent inhibition of human placental microsomal aromatase assessed as [C14]estrone/[C14]estradiol formation using 0.075 to 0.515 uM [C14]androstenedione substrate by liquid scintillation counting;B;;;BAO_0000192;BAO_0000019;assay format;C[C@]12CCC(=O)C=C1C[C@@H](SCc1ccccc1)[C@@H]1[C@@H]2CC[C@]2(C)C(=O)CC[C@@H]12;;;CHEMBL3244366;J Med Chem;1978;{'bei': '17.53', 'le': '0.34', 'lle': '1.16', 'sei': '20.98'};CHEMBL3245350;;CHEMBL3245350;7.16;0;http://www.openphacts.org/units/Nanomolar;2089187;=;1;1;=;;Ki;nM;;69.0;CHEMBL1978;Homo sapiens;Aromatase;9606;;;Ki(app);uM;UO_0000065;;0.069;False
;;15066145;[];CHEMBL3362830;Inhibition of recombinant human CYP19A1 assessed as inhibition of DBF conversion to fluorescein by-product by fluorometry;B;;;BAO_0000192;BAO_0000357;single protein format;CCOC(=O)c1nnn(Cc2ccccc2)c1-c1ccc2c(c1)OCO2;;;CHEMBL3352142;Bioorg Med Chem Lett;2014;{'bei': '17.50', 'le': '0.32', 'lle': '3.25', 'sei': '8.15'};CHEMBL3326519;;CHEMBL3326519;6.15;0;http://www.openphacts.org/units/Nanomolar;2249185;=;1;1;=;;Ki;nM;;707.95;CHEMBL1978;Homo sapiens;Aromatase;9606;;;pKi;;UO_0000065;;6.15;False
;;15066146;[];CHEMBL3362830;Inhibition of recombinant human CYP19A1 assessed as inhibition of DBF conversion to fluorescein by-product by fluorometry;B;;;BAO_0000192;BAO_0000357;single protein format;CCOC(=O)c1nnn(Cc2ccccc2)c1-c1ccc(C)cc1;;;CHEMBL3352142;Bioorg Med Chem Lett;2014;{'bei': '19.14', 'le': '0.35', 'lle': '2.67', 'sei': '10.79'};CHEMBL3326518;;CHEMBL3326518;6.15;0;http://www.openphacts.org/units/Nanomolar;2249184;=;1;1;=;;Ki;nM;;707.95;CHEMBL1978;Homo sapiens;Aromatase;9606;;;pKi;;UO_0000065;;6.15;False
;;15066147;[];CHEMBL3362832;Reversible inhibition of recombinant human CYP19A1 assessed as inhibition of DBF conversion to fluorescein by-product by fluorometry;B;;;BAO_0000192;BAO_0000357;single protein format;CCOC(=O)c1nnn(Cc2cccc(Br)c2)c1-c1ccc(Br)cc1;;;CHEMBL3352142;Bioorg Med Chem Lett;2014;{'bei': '16.55', 'le': '0.42', 'lle': '3.00', 'sei': '13.50'};CHEMBL3326517;;CHEMBL3326517;7.70;0;http://www.openphacts.org/units/Nanomolar;2249183;=;1;1;=;;Ki;nM;;20.0;CHEMBL1978;Homo sapiens;Aromatase;9606;;;Ki;uM;UO_0000065;;0.02;False
;;15066148;[];CHEMBL3362832;Reversible inhibition of recombinant human CYP19A1 assessed as inhibition of DBF conversion to fluorescein by-product by fluorometry;B;;;BAO_0000192;BAO_0000357;single protein format;CCOC(=O)c1nnn(Cc2ccccc2)c1-c1ccc(Br)cc1;;;CHEMBL3352142;Bioorg Med Chem Lett;2014;{'bei': '16.04', 'le': '0.35', 'lle': '2.26', 'sei': '10.86'};CHEMBL3326516;;CHEMBL3326516;6.19;0;http://www.openphacts.org/units/Nanomolar;2249182;=;1;1;=;;Ki;nM;;640.0;CHEMBL1978;Homo sapiens;Aromatase;9606;;;Ki;uM;UO_0000065;;0.64;False
;;15066149;[];CHEMBL3362831;Irreversible inhibition of recombinant human CYP19A1 assessed as inhibition of DBF conversion to fluorescein by-product by fluorometry;B;;;BAO_0000192;BAO_0000357;single protein format;CCOC(=O)c1nnn(Cc2ccccc2)c1-c1ccccc1;;;CHEMBL3352142;Bioorg Med Chem Lett;2014;{'bei': '19.04', 'le': '0.35', 'lle': '2.68', 'sei': '10.26'};CHEMBL3326515;;CHEMBL3326515;5.85;0;http://www.openphacts.org/units/Nanomolar;2249181;=;1;1;=;;Ki;nM;;1410.0;CHEMBL1978;Homo sapiens;Aromatase;9606;;;Ki;uM;UO_0000065;;1.41;False
;;15066150;[];CHEMBL3362830;Inhibition of recombinant human CYP19A1 assessed as inhibition of DBF conversion to fluorescein by-product by fluorometry;B;;;BAO_0000192;BAO_0000357;single protein format;CCOC(=O)c1nnn(Cc2cccc(Br)c2)c1-c1ccccc1;;;CHEMBL3352142;Bioorg Med Chem Lett;2014;{'bei': '17.67', 'le': '0.39', 'lle': '2.89', 'sei': '11.97'};CHEMBL3326522;;CHEMBL3326522;6.82;0;http://www.openphacts.org/units/Nanomolar;2249188;=;1;1;=;;Ki;nM;;150.0;CHEMBL1978;Homo sapiens;Aromatase;9606;;;Ki;uM;UO_0000065;;0.15;False
;;15066151;[];CHEMBL3362830;Inhibition of recombinant human CYP19A1 assessed as inhibition of DBF conversion to fluorescein by-product by fluorometry;B;;;BAO_0000192;BAO_0000357;single protein format;CCOC(=O)c1nnn(Cc2ccccc2)c1-c1ccc(Cl)cc1;;;CHEMBL3352142;Bioorg Med Chem Lett;2014;{'bei': '18.85', 'le': '0.37', 'lle': '2.62', 'sei': '11.30'};CHEMBL3326521;;CHEMBL3326521;6.44;0;http://www.openphacts.org/units/Nanomolar;2249187;=;1;1;=;;Ki;nM;;360.0;CHEMBL1978;Homo sapiens;Aromatase;9606;;;Ki;uM;UO_0000065;;0.36;False
;;15066152;[];CHEMBL3362830;Inhibition of recombinant human CYP19A1 assessed as inhibition of DBF conversion to fluorescein by-product by fluorometry;B;;;BAO_0000192;BAO_0000357;single protein format;CCOC(=O)c1nnn(Cc2cccc(Br)c2)c1-c1ccc(Cl)cc1;;;CHEMBL3352142;Bioorg Med Chem Lett;2014;{'bei': '17.88', 'le': '0.41', 'lle': '2.93', 'sei': '13.20'};CHEMBL3326520;;CHEMBL3326520;7.52;0;http://www.openphacts.org/units/Nanomolar;2249186;=;1;1;=;;Ki;nM;;30.0;CHEMBL1978;Homo sapiens;Aromatase;9606;;;Ki;uM;UO_0000065;;0.03;False
;;15066153;[];CHEMBL3362830;Inhibition of recombinant human CYP19A1 assessed as inhibition of DBF conversion to fluorescein by-product by fluorometry;B;;;BAO_0000192;BAO_0000357;single protein format;CCOC(=O)c1nnn(Cc2ccccc2)c1-c1ccc2c(c1)OCO2;;;CHEMBL3352142;Bioorg Med Chem Lett;2014;{'bei': '17.50', 'le': '0.32', 'lle': '3.25', 'sei': '8.15'};CHEMBL3326519;;CHEMBL3326519;6.15;0;http://www.openphacts.org/units/Nanomolar;2249185;=;1;1;=;;Ki;nM;;710.0;CHEMBL1978;Homo sapiens;Aromatase;9606;;;Ki;uM;UO_0000065;;0.71;False
;;15066154;[];CHEMBL3362830;Inhibition of recombinant human CYP19A1 assessed as inhibition of DBF conversion to fluorescein by-product by fluorometry;B;;;BAO_0000192;BAO_0000357;single protein format;CCOC(=O)c1nnn(Cc2ccccc2)c1-c1ccc(C)cc1;;;CHEMBL3352142;Bioorg Med Chem Lett;2014;{'bei': '19.13', 'le': '0.35', 'lle': '2.67', 'sei': '10.79'};CHEMBL3326518;;CHEMBL3326518;6.15;0;http://www.openphacts.org/units/Nanomolar;2249184;=;1;1;=;;Ki;nM;;710.0;CHEMBL1978;Homo sapiens;Aromatase;9606;;;Ki;uM;UO_0000065;;0.71;False
;;15066155;[];CHEMBL3362830;Inhibition of recombinant human CYP19A1 assessed as inhibition of DBF conversion to fluorescein by-product by fluorometry;B;;;BAO_0000192;BAO_0000357;single protein format;CCOC(=O)c1nnn(Cc2cccc(Br)c2)c1-c1ccc(Cl)cc1;;;CHEMBL3352142;Bioorg Med Chem Lett;2014;{'bei': '18.07', 'le': '0.42', 'lle': '3.01', 'sei': '13.33'};CHEMBL3326520;;CHEMBL3326520;7.60;0;http://www.openphacts.org/units/Nanomolar;2249186;=;1;1;=;;Ki;nM;;25.12;CHEMBL1978;Homo sapiens;Aromatase;9606;;;pKi;;UO_0000065;;7.6;False
;;15066156;[];CHEMBL3362830;Inhibition of recombinant human CYP19A1 assessed as inhibition of DBF conversion to fluorescein by-product by fluorometry;B;;;BAO_0000192;BAO_0000357;single protein format;CCOC(=O)c1nnn(Cc2ccccc2)c1-c1ccc(Cl)cc1;;;CHEMBL3352142;Bioorg Med Chem Lett;2014;{'bei': '18.87', 'le': '0.37', 'lle': '2.63', 'sei': '11.31'};CHEMBL3326521;;CHEMBL3326521;6.45;0;http://www.openphacts.org/units/Nanomolar;2249187;=;1;1;=;;Ki;nM;;354.81;CHEMBL1978;Homo sapiens;Aromatase;9606;;;pKi;;UO_0000065;;6.45;False
;;15066157;[];CHEMBL3362830;Inhibition of recombinant human CYP19A1 assessed as inhibition of DBF conversion to fluorescein by-product by fluorometry;B;;;BAO_0000192;BAO_0000357;single protein format;CCOC(=O)c1nnn(Cc2cccc(Br)c2)c1-c1ccccc1;;;CHEMBL3352142;Bioorg Med Chem Lett;2014;{'bei': '17.71', 'le': '0.39', 'lle': '2.91', 'sei': '12.00'};CHEMBL3326522;;CHEMBL3326522;6.84;0;http://www.openphacts.org/units/Nanomolar;2249188;=;1;1;=;;Ki;nM;;144.54;CHEMBL1978;Homo sapiens;Aromatase;9606;;;pKi;;UO_0000065;;6.84;False
;;15066158;[];CHEMBL3362831;Irreversible inhibition of recombinant human CYP19A1 assessed as inhibition of DBF conversion to fluorescein by-product by fluorometry;B;;;BAO_0000192;BAO_0000357;single protein format;CCOC(=O)c1nnn(Cc2ccccc2)c1-c1ccccc1;;;CHEMBL3352142;Bioorg Med Chem Lett;2014;{'bei': '19.03', 'le': '0.35', 'lle': '2.68', 'sei': '10.26'};CHEMBL3326515;;CHEMBL3326515;5.85;0;http://www.openphacts.org/units/Nanomolar;2249181;=;1;1;=;;Ki;nM;;1412.54;CHEMBL1978;Homo sapiens;Aromatase;9606;;;pKi;;UO_0000065;;5.85;False
;;15066159;[];CHEMBL3362832;Reversible inhibition of recombinant human CYP19A1 assessed as inhibition of DBF conversion to fluorescein by-product by fluorometry;B;;;BAO_0000192;BAO_0000357;single protein format;CCOC(=O)c1nnn(Cc2ccccc2)c1-c1ccc(Br)cc1;;;CHEMBL3352142;Bioorg Med Chem Lett;2014;{'bei': '16.05', 'le': '0.35', 'lle': '2.27', 'sei': '10.88'};CHEMBL3326516;;CHEMBL3326516;6.20;0;http://www.openphacts.org/units/Nanomolar;2249182;=;1;1;=;;Ki;nM;;630.96;CHEMBL1978;Homo sapiens;Aromatase;9606;;;pKi;;UO_0000065;;6.2;False
;;15066160;[];CHEMBL3362832;Reversible inhibition of recombinant human CYP19A1 assessed as inhibition of DBF conversion to fluorescein by-product by fluorometry;B;;;BAO_0000192;BAO_0000357;single protein format;CCOC(=O)c1nnn(Cc2cccc(Br)c2)c1-c1ccc(Br)cc1;;;CHEMBL3352142;Bioorg Med Chem Lett;2014;{'bei': '16.47', 'le': '0.42', 'lle': '2.96', 'sei': '13.44'};CHEMBL3326517;;CHEMBL3326517;7.66;0;http://www.openphacts.org/units/Nanomolar;2249183;=;1;1;=;;Ki;nM;;21.88;CHEMBL1978;Homo sapiens;Aromatase;9606;;;pKi;;UO_0000065;;7.66;False
;;16432265;[];CHEMBL3755853;Inhibition of human aromatase extracted from placental microsomes using [1,2-3H]androstenedione as substrate after 30 mins;B;;;BAO_0000192;BAO_0000019;assay format;CCC1(c2ccc(N)cc2)CCC(=O)NC1=O;;;CHEMBL3751755;Eur J Med Chem;2015;{'bei': '23.19', 'le': '0.43', 'lle': '4.04', 'sei': '7.46'};CHEMBL488;AMINOGLUTETHIMIDE;CHEMBL488;5.39;0;http://www.openphacts.org/units/Nanomolar;2743285;=;1;1;=;;Ki;nM;;4100.0;CHEMBL1978;Homo sapiens;Aromatase;9606;;;Ki;uM;UO_0000065;;4.1;False
;;16432266;[];CHEMBL3755854;Irreversible inhibition of human aromatase extracted from placental microsomes;B;;;BAO_0000192;BAO_0000019;assay format;C[C@]12CCC(=O)C(O)=C1CC[C@@H]1[C@@H]2CC[C@]2(C)C(=O)CC[C@@H]12;;;CHEMBL3751755;Eur J Med Chem;2015;{'bei': '24.36', 'le': '0.46', 'lle': '3.40', 'sei': '13.55'};CHEMBL132530;FORMESTANE;CHEMBL132530;7.37;0;http://www.openphacts.org/units/Nanomolar;2743286;=;1;1;=;;Ki;nM;;43.0;CHEMBL1978;Homo sapiens;Aromatase;9606;;;Ki(app);uM;UO_0000065;;0.043;False
;;16432267;[];CHEMBL3755854;Irreversible inhibition of human aromatase extracted from placental microsomes;B;;;BAO_0000192;BAO_0000019;assay format;C=C1C[C@@H]2[C@H](CC[C@]3(C)C(=O)CC[C@@H]23)[C@@]2(C)C=CC(=O)C=C12;;;CHEMBL3751755;Eur J Med Chem;2015;{'bei': '25.59', 'le': '0.47', 'lle': '3.56', 'sei': '22.22'};CHEMBL1200374;EXEMESTANE;CHEMBL1200374;7.58;0;http://www.openphacts.org/units/Nanomolar;2743287;=;1;1;=;;Ki;nM;;26.0;CHEMBL1978;Homo sapiens;Aromatase;9606;;;Ki;nM;UO_0000065;;26.0;False
;;16432268;[];CHEMBL3755855;Competitive inhibition of human aromatase extracted from placental microsomes;B;;;BAO_0000192;BAO_0000019;assay format;C=C1C[C@@H]2[C@H](CC[C@]3(C)C(=O)CC[C@@H]23)[C@@]2(C)C=CC(=O)C=C12;;;CHEMBL3751755;Eur J Med Chem;2015;{'bei': '26.96', 'le': '0.50', 'lle': '3.96', 'sei': '23.41'};CHEMBL1200374;EXEMESTANE;CHEMBL1200374;7.99;0;http://www.openphacts.org/units/Nanomolar;2743287;=;1;1;=;;Ki;nM;;10.2;CHEMBL1978;Homo sapiens;Aromatase;9606;;;Ki;nM;UO_0000065;;10.2;False
;;16432273;[];CHEMBL3755858;Competitive inhibition of human aromatase extracted from placental microsomes by Dixon plot analysis in presence of [1beta-3H]AD;B;;;BAO_0000192;BAO_0000019;assay format;C[C@@H]1C[C@@]2(C)C(=CC1=O)CC[C@@H]1[C@@H]2CC[C@]2(C)C(=O)CC[C@@H]12;;;CHEMBL3751755;Eur J Med Chem;2015;{'bei': '24.16', 'le': '0.45', 'lle': '2.93', 'sei': '21.26'};CHEMBL3752414;;CHEMBL3752414;7.26;0;http://www.openphacts.org/units/Nanomolar;2743288;=;1;1;=;;Ki;nM;;55.0;CHEMBL1978;Homo sapiens;Aromatase;9606;;;Ki;nM;UO_0000065;;55.0;False
;;16432274;[];CHEMBL3755858;Competitive inhibition of human aromatase extracted from placental microsomes by Dixon plot analysis in presence of [1beta-3H]AD;B;;;BAO_0000192;BAO_0000019;assay format;CC1(C)C[C@@]2(C)C(=CC1=O)CC[C@@H]1[C@@H]2CC[C@]2(C)C(=O)CC[C@@H]12;;;CHEMBL3751755;Eur J Med Chem;2015;{'bei': '25.62', 'le': '0.48', 'lle': '3.34', 'sei': '23.60'};CHEMBL3753169;;CHEMBL3753169;8.06;0;http://www.openphacts.org/units/Nanomolar;2743289;=;1;1;=;;Ki;nM;;8.8;CHEMBL1978;Homo sapiens;Aromatase;9606;;;Ki;nM;UO_0000065;;8.8;False
;;16432275;[];CHEMBL3755858;Competitive inhibition of human aromatase extracted from placental microsomes by Dixon plot analysis in presence of [1beta-3H]AD;B;;;BAO_0000192;BAO_0000019;assay format;C=C1C[C@@]2(C)C(=CC1=O)CC[C@@H]1[C@@H]2CC[C@]2(C)C(=O)CC[C@@H]12;;;CHEMBL3751755;Eur J Med Chem;2015;{'bei': '24.02', 'le': '0.44', 'lle': '2.92', 'sei': '20.99'};CHEMBL3753307;;CHEMBL3753307;7.17;0;http://www.openphacts.org/units/Nanomolar;2743290;=;1;1;=;;Ki;nM;;68.0;CHEMBL1978;Homo sapiens;Aromatase;9606;;;Ki;nM;UO_0000065;;68.0;False
;;16432276;[];CHEMBL3755858;Competitive inhibition of human aromatase extracted from placental microsomes by Dixon plot analysis in presence of [1beta-3H]AD;B;;;BAO_0000192;BAO_0000019;assay format;C[C@]12C[C@@H](F)C(=O)C=C1CC[C@@H]1[C@@H]2CC[C@]2(C)C(=O)CC[C@@H]12;;;CHEMBL3751755;Eur J Med Chem;2015;{'bei': '24.14', 'le': '0.46', 'lle': '3.31', 'sei': '21.52'};CHEMBL3623218;;CHEMBL3623218;7.35;0;http://www.openphacts.org/units/Nanomolar;2743293;=;1;1;=;;Ki;nM;;45.0;CHEMBL1978;Homo sapiens;Aromatase;9606;;;Ki;nM;UO_0000065;;45.0;False
;;16432277;[];CHEMBL3755858;Competitive inhibition of human aromatase extracted from placental microsomes by Dixon plot analysis in presence of [1beta-3H]AD;B;;;BAO_0000192;BAO_0000019;assay format;C[C@]12C[C@@H](Cl)C(=O)C=C1CC[C@@H]1[C@@H]2CC[C@]2(C)C(=O)CC[C@@H]12;;;CHEMBL3751755;Eur J Med Chem;2015;{'bei': '22.90', 'le': '0.46', 'lle': '3.05', 'sei': '21.52'};CHEMBL3754720;;CHEMBL3754720;7.35;0;http://www.openphacts.org/units/Nanomolar;2743294;=;1;1;=;;Ki;nM;;45.0;CHEMBL1978;Homo sapiens;Aromatase;9606;;;Ki;nM;UO_0000065;;45.0;False
;;16432278;[];CHEMBL3755858;Competitive inhibition of human aromatase extracted from placental microsomes by Dixon plot analysis in presence of [1beta-3H]AD;B;;;BAO_0000192;BAO_0000019;assay format;C[C@]12C[C@@H](Br)C(=O)C=C1CC[C@@H]1[C@@H]2CC[C@]2(C)C(=O)CC[C@@H]12;;;CHEMBL3751755;Eur J Med Chem;2015;{'bei': '20.11', 'le': '0.46', 'lle': '2.89', 'sei': '21.52'};CHEMBL3753620;;CHEMBL3753620;7.35;0;http://www.openphacts.org/units/Nanomolar;2743295;=;1;1;=;;Ki;nM;;45.0;CHEMBL1978;Homo sapiens;Aromatase;9606;;;Ki;nM;UO_0000065;;45.0;False
;;16432279;[];CHEMBL3755858;Competitive inhibition of human aromatase extracted from placental microsomes by Dixon plot analysis in presence of [1beta-3H]AD;B;;;BAO_0000192;BAO_0000019;assay format;CC[C@@H]1C[C@@]2(C)C(=CC1=O)CC[C@@H]1[C@@H]2CC[C@]2(C)C(=O)CC[C@@H]12;;;CHEMBL3751755;Eur J Med Chem;2015;{'bei': '23.36', 'le': '0.44', 'lle': '2.63', 'sei': '21.52'};CHEMBL3623219;;CHEMBL3623219;7.35;0;http://www.openphacts.org/units/Nanomolar;2743296;=;1;1;=;;Ki;nM;;45.0;CHEMBL1978;Homo sapiens;Aromatase;9606;;;Ki;nM;UO_0000065;;45.0;False
;;16432280;[];CHEMBL3755858;Competitive inhibition of human aromatase extracted from placental microsomes by Dixon plot analysis in presence of [1beta-3H]AD;B;;;BAO_0000192;BAO_0000019;assay format;C[C@]12C[C@@H](O)C(=O)C=C1CC[C@@H]1[C@@H]2CC[C@]2(C)C(=O)CC[C@@H]12;;;CHEMBL3751755;Eur J Med Chem;2015;{'bei': '20.42', 'le': '0.38', 'lle': '3.11', 'sei': '11.36'};CHEMBL3752976;;CHEMBL3752976;6.17;0;http://www.openphacts.org/units/Nanomolar;2743297;=;1;1;=;;Ki;nM;;670.0;CHEMBL1978;Homo sapiens;Aromatase;9606;;;Ki;nM;UO_0000065;;670.0;False
;;16432281;[];CHEMBL3755858;Competitive inhibition of human aromatase extracted from placental microsomes by Dixon plot analysis in presence of [1beta-3H]AD;B;;;BAO_0000192;BAO_0000019;assay format;CO[C@@H]1C[C@@]2(C)C(=CC1=O)CC[C@@H]1[C@@H]2CC[C@]2(C)C(=O)CC[C@@H]12;;;CHEMBL3751755;Eur J Med Chem;2015;{'bei': '19.51', 'le': '0.37', 'lle': '2.46', 'sei': '14.24'};CHEMBL3751945;;CHEMBL3751945;6.17;0;http://www.openphacts.org/units/Nanomolar;2743298;=;1;1;=;;Ki;nM;;670.0;CHEMBL1978;Homo sapiens;Aromatase;9606;;;Ki;nM;UO_0000065;;670.0;False
;;16432282;[];CHEMBL3755858;Competitive inhibition of human aromatase extracted from placental microsomes by Dixon plot analysis in presence of [1beta-3H]AD;B;;;BAO_0000192;BAO_0000019;assay format;CCO[C@@H]1C[C@@]2(C)C(=CC1=O)CC[C@@H]1[C@@H]2CC[C@]2(C)C(=O)CC[C@@H]12;;;CHEMBL3751755;Eur J Med Chem;2015;{'bei': '18.68', 'le': '0.35', 'lle': '2.07', 'sei': '14.24'};CHEMBL3754174;;CHEMBL3754174;6.17;0;http://www.openphacts.org/units/Nanomolar;2743299;=;1;1;=;;Ki;nM;;670.0;CHEMBL1978;Homo sapiens;Aromatase;9606;;;Ki;nM;UO_0000065;;670.0;False
;;16432283;[];CHEMBL3755858;Competitive inhibition of human aromatase extracted from placental microsomes by Dixon plot analysis in presence of [1beta-3H]AD;B;;;BAO_0000192;BAO_0000019;assay format;C[C@]12CCC(=O)C=C1C(=O)C[C@@H]1[C@@H]2CC[C@]2(C)C(=O)[C@H](Br)C[C@@H]12;;;CHEMBL3751755;Eur J Med Chem;2015;{'bei': '17.99', 'le': '0.41', 'lle': '3.18', 'sei': '13.33'};CHEMBL3753855;;CHEMBL3753855;6.82;0;http://www.openphacts.org/units/Nanomolar;2743850;=;1;1;=;;Ki;nM;;150.0;CHEMBL1978;Homo sapiens;Aromatase;9606;;;Ki(app);uM;UO_0000065;;0.15;False
;;16432284;[];CHEMBL3755858;Competitive inhibition of human aromatase extracted from placental microsomes by Dixon plot analysis in presence of [1beta-3H]AD;B;;;BAO_0000192;BAO_0000019;assay format;C[C@]12CCC(=O)C=C1C(=O)C[C@@H]1[C@@H]2CC[C@]2(C)C(=O)[C@H](O)C[C@@H]12;;;CHEMBL3751755;Eur J Med Chem;2015;{'bei': '18.74', 'le': '0.35', 'lle': '3.69', 'sei': '8.30'};CHEMBL3751972;;CHEMBL3751972;5.93;0;http://www.openphacts.org/units/Nanomolar;2743851;=;1;1;=;;Ki;nM;;1180.0;CHEMBL1978;Homo sapiens;Aromatase;9606;;;Ki;uM;UO_0000065;;1.18;False
;;16432285;[];CHEMBL3755858;Competitive inhibition of human aromatase extracted from placental microsomes by Dixon plot analysis in presence of [1beta-3H]AD;B;;;BAO_0000192;BAO_0000019;assay format;CO[C@H]1C=C2C(=O)C[C@@H]3[C@H](CC[C@]4(C)C(=O)CC[C@@H]34)[C@@]2(C)CC1;;;CHEMBL3751755;Eur J Med Chem;2015;{'bei': '19.45', 'le': '0.37', 'lle': '2.44', 'sei': '14.19'};CHEMBL3753375;;CHEMBL3753375;6.16;0;http://www.openphacts.org/units/Nanomolar;2743852;=;1;1;=;;Ki;nM;;700.0;CHEMBL1978;Homo sapiens;Aromatase;9606;;;Ki;uM;UO_0000065;;0.7;False
;;16432286;[];CHEMBL3755858;Competitive inhibition of human aromatase extracted from placental microsomes by Dixon plot analysis in presence of [1beta-3H]AD;B;;;BAO_0000192;BAO_0000019;assay format;C[C@H]1C[C@@]2(C)C(=CC1=O)CC[C@@H]1[C@@H]2CC[C@]2(C)C(=O)CC[C@@H]12;;;CHEMBL3751755;Eur J Med Chem;2015;{'bei': '25.49', 'le': '0.48', 'lle': '3.33', 'sei': '22.43'};CHEMBL3753403;;CHEMBL3753403;7.66;0;http://www.openphacts.org/units/Nanomolar;2743904;=;1;1;=;;Ki;nM;;22.0;CHEMBL1978;Homo sapiens;Aromatase;9606;;;Ki;nM;UO_0000065;;22.0;False
;;16432287;[];CHEMBL3755859;Competitive inhibition of human aromatase extracted from placental microsomes after 5 mins by Dixon plot analysis in presence of [1beta-3H]AD;B;;;BAO_0000192;BAO_0000019;assay format;CC1=C[C@@]2(C)C(=CC1=O)CC[C@@H]1[C@@H]2CC[C@]2(C)C(=O)CC[C@@H]12;;;CHEMBL3751755;Eur J Med Chem;2015;{'bei': '24.59', 'le': '0.46', 'lle': '3.09', 'sei': '21.49'};CHEMBL3754183;;CHEMBL3754183;7.34;0;http://www.openphacts.org/units/Nanomolar;2743291;=;1;1;=;;Ki;nM;;46.0;CHEMBL1978;Homo sapiens;Aromatase;9606;;;Ki(app);nM;UO_0000065;;46.0;False
;;16432288;[];CHEMBL3755859;Competitive inhibition of human aromatase extracted from placental microsomes after 5 mins by Dixon plot analysis in presence of [1beta-3H]AD;B;;;BAO_0000192;BAO_0000019;assay format;CC1=C[C@@]2(C)C(=CC1=O)[C@@H](Br)C[C@@H]1[C@@H]2CC[C@]2(C)C(=O)CC[C@@H]12;;;CHEMBL3751755;Eur J Med Chem;2015;{'bei': '18.79', 'le': '0.42', 'lle': '2.46', 'sei': '20.77'};CHEMBL3753352;;CHEMBL3753352;7.09;0;http://www.openphacts.org/units/Nanomolar;2743292;=;1;1;=;;Ki;nM;;81.0;CHEMBL1978;Homo sapiens;Aromatase;9606;;;Ki(app);nM;UO_0000065;;81.0;False
;;16432289;[];CHEMBL3755859;Competitive inhibition of human aromatase extracted from placental microsomes after 5 mins by Dixon plot analysis in presence of [1beta-3H]AD;B;;;BAO_0000192;BAO_0000019;assay format;C[C@]12CC[C@@H]3c4cc(NC(=O)c5ccncc5)c(O)cc4CC[C@H]3[C@@H]1CCC2=O;;;CHEMBL3751755;Eur J Med Chem;2015;{'bei': '14.54', 'le': '0.27', 'lle': '1.22', 'sei': '7.16'};CHEMBL3623220;;CHEMBL3623220;5.68;0;http://www.openphacts.org/units/Nanomolar;2743300;=;1;1;=;;Ki;nM;;2100.0;CHEMBL1978;Homo sapiens;Aromatase;9606;;;Ki;uM;UO_0000065;;2.1;False
;;16432290;[];CHEMBL3755859;Competitive inhibition of human aromatase extracted from placental microsomes after 5 mins by Dixon plot analysis in presence of [1beta-3H]AD;B;;;BAO_0000192;BAO_0000019;assay format;CCCCCCC1=C[C@@]2(C)C(=C(O)C1=O)CC[C@@H]1[C@@H]2CC[C@]2(C)C(=O)CC[C@@H]12;;;CHEMBL3751755;Eur J Med Chem;2015;{'bei': '19.53', 'le': '0.37', 'lle': '1.42', 'sei': '13.81'};CHEMBL3754325;;CHEMBL3754325;7.51;0;http://www.openphacts.org/units/Nanomolar;2743301;=;1;1;=;;Ki;nM;;31.0;CHEMBL1978;Homo sapiens;Aromatase;9606;;;Ki;nM;UO_0000065;;31.0;False
;;16432291;[];CHEMBL3755859;Competitive inhibition of human aromatase extracted from placental microsomes after 5 mins by Dixon plot analysis in presence of [1beta-3H]AD;B;;;BAO_0000192;BAO_0000019;assay format;COC1=C[C@@]2(C)C(=CC1=O)CC[C@@H]1[C@@H]2CC[C@]2(C)C(=O)CC[C@@H]12;;;CHEMBL3751755;Eur J Med Chem;2015;{'bei': '22.33', 'le': '0.42', 'lle': '3.18', 'sei': '16.19'};CHEMBL3753272;;CHEMBL3753272;7.02;0;http://www.openphacts.org/units/Nanomolar;2743302;=;1;1;=;;Ki;nM;;95.0;CHEMBL1978;Homo sapiens;Aromatase;9606;;;Ki;nM;UO_0000065;;95.0;False
;;16432292;[];CHEMBL3755859;Competitive inhibition of human aromatase extracted from placental microsomes after 5 mins by Dixon plot analysis in presence of [1beta-3H]AD;B;;;BAO_0000192;BAO_0000019;assay format;C[C@]12C=C(CCCc3ccccc3)C(=O)C=C1CC[C@@H]1[C@@H]2CC[C@]2(C)C(=O)CC[C@@H]12;;;CHEMBL3751755;Eur J Med Chem;2015;{'bei': '19.36', 'le': '0.35', 'lle': '1.53', 'sei': '22.83'};CHEMBL3753611;;CHEMBL3753611;7.79;0;http://www.openphacts.org/units/Nanomolar;2743303;=;1;1;=;;Ki;nM;;16.1;CHEMBL1978;Homo sapiens;Aromatase;9606;;;Ki;nM;UO_0000065;;16.1;False
;;16432293;[];CHEMBL3755859;Competitive inhibition of human aromatase extracted from placental microsomes after 5 mins by Dixon plot analysis in presence of [1beta-3H]AD;B;;;BAO_0000192;BAO_0000019;assay format;C[C@]12CCCC(=O)C1=CC[C@@H]1[C@@H]2CC[C@]2(C)C(=O)CC[C@@H]12;;;CHEMBL3751755;Eur J Med Chem;2015;{'bei': '24.16', 'le': '0.45', 'lle': '2.83', 'sei': '20.27'};CHEMBL3754425;;CHEMBL3754425;6.92;0;http://www.openphacts.org/units/Nanomolar;2743326;=;1;1;=;;Ki;nM;;120.0;CHEMBL1978;Homo sapiens;Aromatase;9606;;;Ki;nM;UO_0000065;;120.0;False
;;16432294;[];CHEMBL3755859;Competitive inhibition of human aromatase extracted from placental microsomes after 5 mins by Dixon plot analysis in presence of [1beta-3H]AD;B;;;BAO_0000192;BAO_0000019;assay format;C[C@]12CCC[C@H](O)C1=CC[C@@H]1[C@@H]2CC[C@]2(C)C(=O)CC[C@@H]12;;;CHEMBL3751755;Eur J Med Chem;2015;{'bei': '26.36', 'le': '0.49', 'lle': '3.72', 'sei': '20.38'};CHEMBL3349864;;CHEMBL3349864;7.60;1;http://www.openphacts.org/units/Nanomolar;2743327;=;1;1;=;;Ki;nM;;25.0;CHEMBL1978;Homo sapiens;Aromatase;9606;;;Ki;nM;UO_0000065;;25.0;False
;;16432295;[];CHEMBL3755859;Competitive inhibition of human aromatase extracted from placental microsomes after 5 mins by Dixon plot analysis in presence of [1beta-3H]AD;B;;;BAO_0000192;BAO_0000019;assay format;CC(=O)O[C@H]1CCC[C@@]2(C)C1=CC[C@@H]1[C@@H]2CC[C@]2(C)C(=O)CC[C@@H]12;;;CHEMBL3751755;Eur J Med Chem;2015;{'bei': '21.32', 'le': '0.40', 'lle': '2.60', 'sei': '16.25'};CHEMBL2112739;;CHEMBL2112739;7.05;1;http://www.openphacts.org/units/Nanomolar;2743328;=;1;1;=;;Ki;nM;;90.0;CHEMBL1978;Homo sapiens;Aromatase;9606;;;Ki;nM;UO_0000065;;90.0;False
;;16432296;[];CHEMBL3755859;Competitive inhibition of human aromatase extracted from placental microsomes after 5 mins by Dixon plot analysis in presence of [1beta-3H]AD;B;;;BAO_0000192;BAO_0000019;assay format;C[C@]12CCCC(OC(=O)c3ccccc3)=C1CC[C@@H]1[C@@H]2CC[C@]2(C)C(=O)CC[C@@H]12;;;CHEMBL3751755;Eur J Med Chem;2015;{'bei': '18.23', 'le': '0.34', 'lle': '1.06', 'sei': '16.50'};CHEMBL1630263;;CHEMBL1630263;7.16;0;http://www.openphacts.org/units/Nanomolar;2743329;=;1;1;=;;Ki;nM;;70.0;CHEMBL1978;Homo sapiens;Aromatase;9606;;;Ki;nM;UO_0000065;;70.0;False
;;16432297;[];CHEMBL3755859;Competitive inhibition of human aromatase extracted from placental microsomes after 5 mins by Dixon plot analysis in presence of [1beta-3H]AD;B;;;BAO_0000192;BAO_0000019;assay format;CC(=O)OC1=C2CC[C@@H]3[C@H](CC[C@]4(C)C(=O)CC[C@@H]34)[C@@]2(C)CCC1;;;CHEMBL3751755;Eur J Med Chem;2015;{'bei': '21.85', 'le': '0.41', 'lle': '2.42', 'sei': '16.65'};CHEMBL1630264;;CHEMBL1630264;7.22;0;http://www.openphacts.org/units/Nanomolar;2743330;=;1;1;=;;Ki;nM;;60.0;CHEMBL1978;Homo sapiens;Aromatase;9606;;;Ki;nM;UO_0000065;;60.0;False
;;16432298;[];CHEMBL3755859;Competitive inhibition of human aromatase extracted from placental microsomes after 5 mins by Dixon plot analysis in presence of [1beta-3H]AD;B;;;BAO_0000192;BAO_0000019;assay format;C[C@]12CC[C@@H]3c4ccc(O)c(NC(=O)c5ccncc5)c4CC[C@H]3[C@@H]1CCC2=O;;;CHEMBL3751755;Eur J Med Chem;2015;{'bei': '14.89', 'le': '0.27', 'lle': '1.36', 'sei': '7.33'};CHEMBL3623221;;CHEMBL3623221;5.82;0;http://www.openphacts.org/units/Nanomolar;2743331;=;1;1;=;;Ki;nM;;1530.0;CHEMBL1978;Homo sapiens;Aromatase;9606;;;Ki;uM;UO_0000065;;1.53;False
;;16432299;[];CHEMBL3755859;Competitive inhibition of human aromatase extracted from placental microsomes after 5 mins by Dixon plot analysis in presence of [1beta-3H]AD;B;;;BAO_0000192;BAO_0000019;assay format;C[C@]12CCC(=O)C(c3ccc(OS(N)(=O)=O)cc3)=C1CC[C@@H]1[C@@H]2CC[C@]2(C)C(=O)CC[C@@H]12;;;CHEMBL3751755;Eur J Med Chem;2015;{'bei': '15.33', 'le': '0.30', 'lle': '2.81', 'sei': '6.77'};CHEMBL3754538;;CHEMBL3754538;7.01;0;http://www.openphacts.org/units/Nanomolar;2743332;=;1;1;=;;Ki;nM;;97.0;CHEMBL1978;Homo sapiens;Aromatase;9606;;;Ki;nM;UO_0000065;;97.0;False
;;16432300;[];CHEMBL3755859;Competitive inhibition of human aromatase extracted from placental microsomes after 5 mins by Dixon plot analysis in presence of [1beta-3H]AD;B;;;BAO_0000192;BAO_0000019;assay format;CCCCC[C@@H]1C[C@@H]2[C@H](CC[C@]3(C)C(=O)CC[C@@H]23)[C@@]2(C)CCC(=O)C=C12;;;CHEMBL3751755;Eur J Med Chem;2015;{'bei': '23.99', 'le': '0.45', 'lle': '2.66', 'sei': '25.05'};CHEMBL3752650;;CHEMBL3752650;8.55;0;http://www.openphacts.org/units/Nanomolar;2743336;=;1;1;=;;Ki;nM;;2.8;CHEMBL1978;Homo sapiens;Aromatase;9606;;;Ki(app);nM;UO_0000065;;2.8;False
;;16432301;[];CHEMBL3755859;Competitive inhibition of human aromatase extracted from placental microsomes after 5 mins by Dixon plot analysis in presence of [1beta-3H]AD;B;;;BAO_0000192;BAO_0000019;assay format;CCCCCC[C@@H]1C[C@@H]2[C@H](CC[C@]3(C)C(=O)CC[C@@H]23)[C@@]2(C)CCC(=O)C=C12;;;CHEMBL3751755;Eur J Med Chem;2015;{'bei': '23.08', 'le': '0.43', 'lle': '2.27', 'sei': '25.05'};CHEMBL3754285;;CHEMBL3754285;8.55;0;http://www.openphacts.org/units/Nanomolar;2743337;=;1;1;=;;Ki;nM;;2.8;CHEMBL1978;Homo sapiens;Aromatase;9606;;;Ki(app);nM;UO_0000065;;2.8;False
;;16432302;[];CHEMBL3755859;Competitive inhibition of human aromatase extracted from placental microsomes after 5 mins by Dixon plot analysis in presence of [1beta-3H]AD;B;;;BAO_0000192;BAO_0000019;assay format;CCCCCCCC[C@@H]1C[C@@H]2[C@H](CC[C@]3(C)C(=O)CC[C@@H]23)[C@@]2(C)CCC(=O)C=C12;;;CHEMBL3751755;Eur J Med Chem;2015;{'bei': '21.46', 'le': '0.40', 'lle': '1.49', 'sei': '25.05'};CHEMBL3754366;;CHEMBL3754366;8.55;0;http://www.openphacts.org/units/Nanomolar;2743338;=;1;1;=;;Ki;nM;;2.8;CHEMBL1978;Homo sapiens;Aromatase;9606;;;Ki(app);nM;UO_0000065;;2.8;False
;;16432303;[];CHEMBL3755859;Competitive inhibition of human aromatase extracted from placental microsomes after 5 mins by Dixon plot analysis in presence of [1beta-3H]AD;B;;;BAO_0000192;BAO_0000019;assay format;CCCCC[C@H]1C[C@@H]2[C@H](CC[C@]3(C)C(=O)CC[C@@H]23)[C@@]2(C)CCC(=O)C=C12;;;CHEMBL3751755;Eur J Med Chem;2015;{'bei': '22.53', 'le': '0.42', 'lle': '2.14', 'sei': '23.53'};CHEMBL3752625;;CHEMBL3752625;8.03;0;http://www.openphacts.org/units/Nanomolar;2743339;=;1;1;=;;Ki;nM;;9.3;CHEMBL1978;Homo sapiens;Aromatase;9606;;;Ki(app);nM;UO_0000065;;9.3;False
;;16432304;[];CHEMBL3755859;Competitive inhibition of human aromatase extracted from placental microsomes after 5 mins by Dixon plot analysis in presence of [1beta-3H]AD;B;;;BAO_0000192;BAO_0000019;assay format;CCCCCC[C@H]1C[C@@H]2[C@H](CC[C@]3(C)C(=O)CC[C@@H]23)[C@@]2(C)CCC(=O)C=C12;;;CHEMBL3751755;Eur J Med Chem;2015;{'bei': '21.67', 'le': '0.41', 'lle': '1.75', 'sei': '23.53'};CHEMBL3754063;;CHEMBL3754063;8.03;0;http://www.openphacts.org/units/Nanomolar;2743340;=;1;1;=;;Ki;nM;;9.3;CHEMBL1978;Homo sapiens;Aromatase;9606;;;Ki(app);nM;UO_0000065;;9.3;False
;;16432305;[];CHEMBL3755859;Competitive inhibition of human aromatase extracted from placental microsomes after 5 mins by Dixon plot analysis in presence of [1beta-3H]AD;B;;;BAO_0000192;BAO_0000019;assay format;CCCCCCCC[C@H]1C[C@@H]2[C@H](CC[C@]3(C)C(=O)CC[C@@H]23)[C@@]2(C)CCC(=O)C=C12;;;CHEMBL3751755;Eur J Med Chem;2015;{'bei': '20.15', 'le': '0.38', 'lle': '0.97', 'sei': '23.53'};CHEMBL3751897;;CHEMBL3751897;8.03;0;http://www.openphacts.org/units/Nanomolar;2743341;=;1;1;=;;Ki;nM;;9.3;CHEMBL1978;Homo sapiens;Aromatase;9606;;;Ki(app);nM;UO_0000065;;9.3;False
;;16432306;[];CHEMBL3755859;Competitive inhibition of human aromatase extracted from placental microsomes after 5 mins by Dixon plot analysis in presence of [1beta-3H]AD;B;;;BAO_0000192;BAO_0000019;assay format;C[C@H]1C[C@@H]2[C@H](CC[C@]3(C)C(=O)CC[C@@H]23)[C@@]2(C)CCCC=C12;;;CHEMBL3751755;Eur J Med Chem;2015;{'bei': '29.70', 'le': '0.55', 'lle': '3.36', 'sei': '49.85'};CHEMBL3751881;;CHEMBL3751881;8.51;0;http://www.openphacts.org/units/Nanomolar;2743344;=;1;1;=;;Ki;nM;;3.1;CHEMBL1978;Homo sapiens;Aromatase;9606;;;Ki;nM;UO_0000065;;3.1;False
;;16432307;[];CHEMBL3755859;Competitive inhibition of human aromatase extracted from placental microsomes after 5 mins by Dixon plot analysis in presence of [1beta-3H]AD;B;;;BAO_0000192;BAO_0000019;assay format;C[C@@H]1C[C@@H]2[C@H](CC[C@]3(C)C(=O)CC[C@@H]23)[C@@]2(C)CCCC=C12;;;CHEMBL3751755;Eur J Med Chem;2015;{'bei': '28.89', 'le': '0.54', 'lle': '3.13', 'sei': '48.48'};CHEMBL3754711;;CHEMBL3754711;8.28;0;http://www.openphacts.org/units/Nanomolar;2743459;=;1;1;=;;Ki;nM;;5.3;CHEMBL1978;Homo sapiens;Aromatase;9606;;;Ki;nM;UO_0000065;;5.3;False
;;16432308;[];CHEMBL3755859;Competitive inhibition of human aromatase extracted from placental microsomes after 5 mins by Dixon plot analysis in presence of [1beta-3H]AD;B;;;BAO_0000192;BAO_0000019;assay format;C[C@]12CCCC=C1[C@H](O)C[C@@H]1[C@@H]2CC[C@]2(C)C(=O)CC[C@@H]12;;;CHEMBL3751755;Eur J Med Chem;2015;{'bei': '28.51', 'le': '0.53', 'lle': '4.34', 'sei': '22.04'};CHEMBL1630261;;CHEMBL1630261;8.22;1;http://www.openphacts.org/units/Nanomolar;2743460;=;1;1;=;;Ki;nM;;6.0;CHEMBL1978;Homo sapiens;Aromatase;9606;;;Ki;nM;UO_0000065;;6.0;False
;;16432309;[];CHEMBL3755859;Competitive inhibition of human aromatase extracted from placental microsomes after 5 mins by Dixon plot analysis in presence of [1beta-3H]AD;B;;;BAO_0000192;BAO_0000019;assay format;CC(=O)O[C@@H]1C[C@@H]2[C@H](CC[C@]3(C)C(=O)CC[C@@H]23)[C@@]2(C)CCCC=C12;;;CHEMBL3751755;Eur J Med Chem;2015;{'bei': '23.97', 'le': '0.45', 'lle': '3.47', 'sei': '18.26'};CHEMBL3754729;;CHEMBL3754729;7.92;0;http://www.openphacts.org/units/Nanomolar;2743461;=;1;1;=;;Ki;nM;;12.0;CHEMBL1978;Homo sapiens;Aromatase;9606;;;Ki;nM;UO_0000065;;12.0;False
;;16432310;[];CHEMBL3755859;Competitive inhibition of human aromatase extracted from placental microsomes after 5 mins by Dixon plot analysis in presence of [1beta-3H]AD;B;;;BAO_0000192;BAO_0000019;assay format;CO[C@@H]1C[C@@H]2[C@H](CC[C@]3(C)C(=O)CC[C@@H]23)[C@@]2(C)CCCC=C12;;;CHEMBL3751755;Eur J Med Chem;2015;{'bei': '26.19', 'le': '0.49', 'lle': '3.39', 'sei': '30.12'};CHEMBL3752063;;CHEMBL3752063;7.92;0;http://www.openphacts.org/units/Nanomolar;2743462;=;1;1;=;;Ki;nM;;12.0;CHEMBL1978;Homo sapiens;Aromatase;9606;;;Ki;nM;UO_0000065;;12.0;False
;;16432311;[];CHEMBL3755859;Competitive inhibition of human aromatase extracted from placental microsomes after 5 mins by Dixon plot analysis in presence of [1beta-3H]AD;B;;;BAO_0000192;BAO_0000019;assay format;C[C@]12CCCC=C1CC[C@@H]1[C@@H]2CC[C@]2(C)C(=O)CC[C@@H]12;;;CHEMBL3751755;Eur J Med Chem;2015;{'bei': '29.98', 'le': '0.56', 'lle': '3.26', 'sei': '47.85'};CHEMBL1629804;;CHEMBL1629804;8.17;1;http://www.openphacts.org/units/Nanomolar;2743463;=;1;1;=;;Ki;nM;;6.8;CHEMBL1978;Homo sapiens;Aromatase;9606;;;Ki;nM;UO_0000065;;6.8;False
;;16432312;[];CHEMBL3755859;Competitive inhibition of human aromatase extracted from placental microsomes after 5 mins by Dixon plot analysis in presence of [1beta-3H]AD;B;;;BAO_0000192;BAO_0000019;assay format;CC[C@H]1C[C@@H]2[C@H](CC[C@]3(C)C(=O)CC[C@@H]23)[C@@]2(C)CCCC=C12;;;CHEMBL3751755;Eur J Med Chem;2015;{'bei': '26.36', 'le': '0.49', 'lle': '2.38', 'sei': '46.40'};CHEMBL3753084;;CHEMBL3753084;7.92;0;http://www.openphacts.org/units/Nanomolar;2743464;=;1;1;=;;Ki;nM;;12.0;CHEMBL1978;Homo sapiens;Aromatase;9606;;;Ki;nM;UO_0000065;;12.0;False
;;16432313;[];CHEMBL3755859;Competitive inhibition of human aromatase extracted from placental microsomes after 5 mins by Dixon plot analysis in presence of [1beta-3H]AD;B;;;BAO_0000192;BAO_0000019;assay format;C[C@]12CCCC=C1[C@@H](O)C[C@@H]1[C@@H]2CC[C@]2(C)C(=O)CC[C@@H]12;;;CHEMBL3751755;Eur J Med Chem;2015;{'bei': '27.46', 'le': '0.52', 'lle': '4.04', 'sei': '21.24'};CHEMBL1629806;;CHEMBL1629806;7.92;0;http://www.openphacts.org/units/Nanomolar;2743465;=;1;1;=;;Ki;nM;;12.0;CHEMBL1978;Homo sapiens;Aromatase;9606;;;Ki;nM;UO_0000065;;12.0;False
;;16432314;[];CHEMBL3755859;Competitive inhibition of human aromatase extracted from placental microsomes after 5 mins by Dixon plot analysis in presence of [1beta-3H]AD;B;;;BAO_0000192;BAO_0000019;assay format;CC(=O)O[C@H]1C[C@@H]2[C@H](CC[C@]3(C)C(=O)CC[C@@H]23)[C@@]2(C)CCCC=C12;;;CHEMBL3751755;Eur J Med Chem;2015;{'bei': '23.97', 'le': '0.45', 'lle': '3.47', 'sei': '18.26'};CHEMBL3754779;;CHEMBL3754779;7.92;0;http://www.openphacts.org/units/Nanomolar;2743466;=;1;1;=;;Ki;nM;;12.0;CHEMBL1978;Homo sapiens;Aromatase;9606;;;Ki;nM;UO_0000065;;12.0;False
;;16432315;[];CHEMBL3755859;Competitive inhibition of human aromatase extracted from placental microsomes after 5 mins by Dixon plot analysis in presence of [1beta-3H]AD;B;;;BAO_0000192;BAO_0000019;assay format;CO[C@H]1C[C@@H]2[C@H](CC[C@]3(C)C(=O)CC[C@@H]23)[C@@]2(C)CCCC=C12;;;CHEMBL3751755;Eur J Med Chem;2015;{'bei': '26.19', 'le': '0.49', 'lle': '3.39', 'sei': '30.12'};CHEMBL3753281;;CHEMBL3753281;7.92;0;http://www.openphacts.org/units/Nanomolar;2743467;=;1;1;=;;Ki;nM;;12.0;CHEMBL1978;Homo sapiens;Aromatase;9606;;;Ki;nM;UO_0000065;;12.0;False
;;16432316;[];CHEMBL3755859;Competitive inhibition of human aromatase extracted from placental microsomes after 5 mins by Dixon plot analysis in presence of [1beta-3H]AD;B;;;BAO_0000192;BAO_0000019;assay format;CC1=C[C@@H]2[C@H](CC[C@]3(C)C(=O)CC[C@@H]23)[C@@]2(C)CCC(=O)C=C12;;;CHEMBL3751755;Eur J Med Chem;2015;{'bei': '26.03', 'le': '0.48', 'lle': '3.52', 'sei': '22.76'};CHEMBL3752994;;CHEMBL3752994;7.77;0;http://www.openphacts.org/units/Nanomolar;2743468;=;1;1;=;;Ki;nM;;17.0;CHEMBL1978;Homo sapiens;Aromatase;9606;;;Ki;nM;UO_0000065;;17.0;False
;;16432317;[];CHEMBL3755859;Competitive inhibition of human aromatase extracted from placental microsomes after 5 mins by Dixon plot analysis in presence of [1beta-3H]AD;B;;;BAO_0000192;BAO_0000019;assay format;CCC1=C[C@@H]2[C@H](CC[C@]3(C)C(=O)CC[C@@H]23)[C@@]2(C)CCC(=O)C=C12;;;CHEMBL3751755;Eur J Med Chem;2015;{'bei': '24.87', 'le': '0.46', 'lle': '3.13', 'sei': '22.76'};CHEMBL3752648;;CHEMBL3752648;7.77;0;http://www.openphacts.org/units/Nanomolar;2743469;=;1;1;=;;Ki;nM;;17.0;CHEMBL1978;Homo sapiens;Aromatase;9606;;;Ki;nM;UO_0000065;;17.0;False
;;16432318;[];CHEMBL3755859;Competitive inhibition of human aromatase extracted from placental microsomes after 5 mins by Dixon plot analysis in presence of [1beta-3H]AD;B;;;BAO_0000192;BAO_0000019;assay format;CCCC1=C[C@@H]2[C@H](CC[C@]3(C)C(=O)CC[C@@H]23)[C@@]2(C)CCC(=O)C=C12;;;CHEMBL3751755;Eur J Med Chem;2015;{'bei': '23.80', 'le': '0.44', 'lle': '2.74', 'sei': '22.76'};CHEMBL3752405;;CHEMBL3752405;7.77;0;http://www.openphacts.org/units/Nanomolar;2743470;=;1;1;=;;Ki;nM;;17.0;CHEMBL1978;Homo sapiens;Aromatase;9606;;;Ki;nM;UO_0000065;;17.0;False
;;16432319;[];CHEMBL3755859;Competitive inhibition of human aromatase extracted from placental microsomes after 5 mins by Dixon plot analysis in presence of [1beta-3H]AD;B;;;BAO_0000192;BAO_0000019;assay format;CCCCC1=C[C@@H]2[C@H](CC[C@]3(C)C(=O)CC[C@@H]23)[C@@]2(C)CCC(=O)C=C12;;;CHEMBL3751755;Eur J Med Chem;2015;{'bei': '22.82', 'le': '0.42', 'lle': '2.35', 'sei': '22.76'};CHEMBL3752506;;CHEMBL3752506;7.77;0;http://www.openphacts.org/units/Nanomolar;2743471;=;1;1;=;;Ki;nM;;17.0;CHEMBL1978;Homo sapiens;Aromatase;9606;;;Ki;nM;UO_0000065;;17.0;False
;;16432320;[];CHEMBL3755859;Competitive inhibition of human aromatase extracted from placental microsomes after 5 mins by Dixon plot analysis in presence of [1beta-3H]AD;B;;;BAO_0000192;BAO_0000019;assay format;CCCCCC1=C[C@@H]2[C@H](CC[C@]3(C)C(=O)CC[C@@H]23)[C@@]2(C)CCC(=O)C=C12;;;CHEMBL3751755;Eur J Med Chem;2015;{'bei': '21.92', 'le': '0.41', 'lle': '1.96', 'sei': '22.76'};CHEMBL3754701;;CHEMBL3754701;7.77;0;http://www.openphacts.org/units/Nanomolar;2743472;=;1;1;=;;Ki;nM;;17.0;CHEMBL1978;Homo sapiens;Aromatase;9606;;;Ki;nM;UO_0000065;;17.0;False
;;16432321;[];CHEMBL3755859;Competitive inhibition of human aromatase extracted from placental microsomes after 5 mins by Dixon plot analysis in presence of [1beta-3H]AD;B;;;BAO_0000192;BAO_0000019;assay format;CCCCCCC1=C[C@@H]2[C@H](CC[C@]3(C)C(=O)CC[C@@H]23)[C@@]2(C)CCC(=O)C=C12;;;CHEMBL3751755;Eur J Med Chem;2015;{'bei': '21.08', 'le': '0.39', 'lle': '1.57', 'sei': '22.76'};CHEMBL3752480;;CHEMBL3752480;7.77;0;http://www.openphacts.org/units/Nanomolar;2743473;=;1;1;=;;Ki;nM;;17.0;CHEMBL1978;Homo sapiens;Aromatase;9606;;;Ki;nM;UO_0000065;;17.0;False
;;16432322;[];CHEMBL3755859;Competitive inhibition of human aromatase extracted from placental microsomes after 5 mins by Dixon plot analysis in presence of [1beta-3H]AD;B;;;BAO_0000192;BAO_0000019;assay format;CCCCCCCC1=C[C@@H]2[C@H](CC[C@]3(C)C(=O)CC[C@@H]23)[C@@]2(C)CCC(=O)C=C12;;;CHEMBL3751755;Eur J Med Chem;2015;{'bei': '20.31', 'le': '0.38', 'lle': '1.18', 'sei': '22.76'};CHEMBL3754186;;CHEMBL3754186;7.77;0;http://www.openphacts.org/units/Nanomolar;2743474;=;1;1;=;;Ki;nM;;17.0;CHEMBL1978;Homo sapiens;Aromatase;9606;;;Ki;nM;UO_0000065;;17.0;False
;;16432323;[];CHEMBL3755859;Competitive inhibition of human aromatase extracted from placental microsomes after 5 mins by Dixon plot analysis in presence of [1beta-3H]AD;B;;;BAO_0000192;BAO_0000019;assay format;C[C@]12CCC(=O)C=C1C=C[C@@H]1[C@@H]2CC[C@]2(C)C(=O)CC[C@@H]12;;;CHEMBL3751755;Eur J Med Chem;2015;{'bei': '27.32', 'le': '0.51', 'lle': '3.91', 'sei': '22.76'};CHEMBL3754473;;CHEMBL3754473;7.77;0;http://www.openphacts.org/units/Nanomolar;2743475;=;1;1;=;;Ki;nM;;17.0;CHEMBL1978;Homo sapiens;Aromatase;9606;;;Ki;nM;UO_0000065;;17.0;False
;;16432324;[];CHEMBL3755859;Competitive inhibition of human aromatase extracted from placental microsomes after 5 mins by Dixon plot analysis in presence of [1beta-3H]AD;B;;;BAO_0000192;BAO_0000019;assay format;CC1=C[C@@H]2[C@H](CC[C@]3(C)C(=O)CC[C@@H]23)[C@@]2(C)C=CC(=O)C=C12;;;CHEMBL3751755;Eur J Med Chem;2015;{'bei': '29.02', 'le': '0.53', 'lle': '4.57', 'sei': '25.20'};CHEMBL3752165;;CHEMBL3752165;8.60;0;http://www.openphacts.org/units/Nanomolar;2743476;=;1;1;=;;Ki;nM;;2.5;CHEMBL1978;Homo sapiens;Aromatase;9606;;;Ki;nM;UO_0000065;;2.5;False
;;16432325;[];CHEMBL3755859;Competitive inhibition of human aromatase extracted from placental microsomes after 5 mins by Dixon plot analysis in presence of [1beta-3H]AD;B;;;BAO_0000192;BAO_0000019;assay format;CCC1=C[C@@H]2[C@H](CC[C@]3(C)C(=O)CC[C@@H]23)[C@@]2(C)C=CC(=O)C=C12;;;CHEMBL3751755;Eur J Med Chem;2015;{'bei': '27.71', 'le': '0.51', 'lle': '4.18', 'sei': '25.20'};CHEMBL3754546;;CHEMBL3754546;8.60;0;http://www.openphacts.org/units/Nanomolar;2743477;=;1;1;=;;Ki;nM;;2.5;CHEMBL1978;Homo sapiens;Aromatase;9606;;;Ki(app);nM;UO_0000065;;2.5;False
;;16432326;[];CHEMBL3755859;Competitive inhibition of human aromatase extracted from placental microsomes after 5 mins by Dixon plot analysis in presence of [1beta-3H]AD;B;;;BAO_0000192;BAO_0000019;assay format;CCCC1=C[C@@H]2[C@H](CC[C@]3(C)C(=O)CC[C@@H]23)[C@@]2(C)C=CC(=O)C=C12;;;CHEMBL3751755;Eur J Med Chem;2015;{'bei': '26.51', 'le': '0.49', 'lle': '3.79', 'sei': '25.20'};CHEMBL3753803;;CHEMBL3753803;8.60;0;http://www.openphacts.org/units/Nanomolar;2743478;=;1;1;=;;Ki;nM;;2.5;CHEMBL1978;Homo sapiens;Aromatase;9606;;;Ki;nM;UO_0000065;;2.5;False
;;16432327;[];CHEMBL3755859;Competitive inhibition of human aromatase extracted from placental microsomes after 5 mins by Dixon plot analysis in presence of [1beta-3H]AD;B;;;BAO_0000192;BAO_0000019;assay format;CCCCC1=C[C@@H]2[C@H](CC[C@]3(C)C(=O)CC[C@@H]23)[C@@]2(C)C=CC(=O)C=C12;;;CHEMBL3751755;Eur J Med Chem;2015;{'bei': '25.41', 'le': '0.47', 'lle': '3.40', 'sei': '25.20'};CHEMBL3752011;;CHEMBL3752011;8.60;0;http://www.openphacts.org/units/Nanomolar;2743479;=;1;1;=;;Ki;nM;;2.5;CHEMBL1978;Homo sapiens;Aromatase;9606;;;Ki;nM;UO_0000065;;2.5;False
;;16432328;[];CHEMBL3755859;Competitive inhibition of human aromatase extracted from placental microsomes after 5 mins by Dixon plot analysis in presence of [1beta-3H]AD;B;;;BAO_0000192;BAO_0000019;assay format;CCCCCC1=C[C@@H]2[C@H](CC[C@]3(C)C(=O)CC[C@@H]23)[C@@]2(C)C=CC(=O)C=C12;;;CHEMBL3751755;Eur J Med Chem;2015;{'bei': '24.40', 'le': '0.45', 'lle': '3.01', 'sei': '25.20'};CHEMBL3752619;;CHEMBL3752619;8.60;0;http://www.openphacts.org/units/Nanomolar;2743480;=;1;1;=;;Ki;nM;;2.5;CHEMBL1978;Homo sapiens;Aromatase;9606;;;Ki;nM;UO_0000065;;2.5;False
;;16432329;[];CHEMBL3755859;Competitive inhibition of human aromatase extracted from placental microsomes after 5 mins by Dixon plot analysis in presence of [1beta-3H]AD;B;;;BAO_0000192;BAO_0000019;assay format;CCCCCCC1=C[C@@H]2[C@H](CC[C@]3(C)C(=O)CC[C@@H]23)[C@@]2(C)C=CC(=O)C=C12;;;CHEMBL3751755;Eur J Med Chem;2015;{'bei': '23.47', 'le': '0.44', 'lle': '2.62', 'sei': '25.20'};CHEMBL3752315;;CHEMBL3752315;8.60;0;http://www.openphacts.org/units/Nanomolar;2743481;=;1;1;=;;Ki;nM;;2.5;CHEMBL1978;Homo sapiens;Aromatase;9606;;;Ki;nM;UO_0000065;;2.5;False
;;16432330;[];CHEMBL3755859;Competitive inhibition of human aromatase extracted from placental microsomes after 5 mins by Dixon plot analysis in presence of [1beta-3H]AD;B;;;BAO_0000192;BAO_0000019;assay format;CCCCCCCC1=C[C@@H]2[C@H](CC[C@]3(C)C(=O)CC[C@@H]23)[C@@]2(C)C=CC(=O)C=C12;;;CHEMBL3751755;Eur J Med Chem;2015;{'bei': '22.60', 'le': '0.42', 'lle': '2.23', 'sei': '25.20'};CHEMBL3752341;;CHEMBL3752341;8.60;0;http://www.openphacts.org/units/Nanomolar;2743482;=;1;1;=;;Ki;nM;;2.5;CHEMBL1978;Homo sapiens;Aromatase;9606;;;Ki;nM;UO_0000065;;2.5;False
;;16432331;[];CHEMBL3755859;Competitive inhibition of human aromatase extracted from placental microsomes after 5 mins by Dixon plot analysis in presence of [1beta-3H]AD;B;;;BAO_0000192;BAO_0000019;assay format;C[C@]12C=CC(=O)C=C1C=C[C@@H]1[C@@H]2CC[C@]2(C)C(=O)CC[C@@H]12;;;CHEMBL3751755;Eur J Med Chem;2015;{'bei': '30.46', 'le': '0.56', 'lle': '4.96', 'sei': '25.20'};CHEMBL2311178;;CHEMBL2311178;8.60;0;http://www.openphacts.org/units/Nanomolar;2743483;=;1;1;=;;Ki;nM;;2.5;CHEMBL1978;Homo sapiens;Aromatase;9606;;;Ki;nM;UO_0000065;;2.5;False
;;16432332;[];CHEMBL3755859;Competitive inhibition of human aromatase extracted from placental microsomes after 5 mins by Dixon plot analysis in presence of [1beta-3H]AD;B;;;BAO_0000192;BAO_0000019;assay format;C[C@]12CCC(=O)C=C1[C@@H](CCc1ccccc1)C[C@@H]1[C@@H]2CC[C@]2(C)C(=O)CC[C@@H]12;;;CHEMBL3751755;Eur J Med Chem;2015;{'bei': '19.96', 'le': '0.37', 'lle': '1.85', 'sei': '22.84'};CHEMBL3752252;;CHEMBL3752252;7.80;0;http://www.openphacts.org/units/Nanomolar;2743484;=;1;1;=;;Ki;nM;;16.0;CHEMBL1978;Homo sapiens;Aromatase;9606;;;Ki;nM;UO_0000065;;16.0;False
;;16432333;[];CHEMBL3755859;Competitive inhibition of human aromatase extracted from placental microsomes after 5 mins by Dixon plot analysis in presence of [1beta-3H]AD;B;;;BAO_0000192;BAO_0000019;assay format;C[C@]12CCC(=O)C=C1[C@H](CCCCc1ccccc1)C[C@@H]1[C@@H]2CC[C@]2(C)C(=O)CC[C@@H]12;;;CHEMBL3751755;Eur J Med Chem;2015;{'bei': '18.62', 'le': '0.34', 'lle': '1.07', 'sei': '22.84'};CHEMBL3752440;;CHEMBL3752440;7.80;0;http://www.openphacts.org/units/Nanomolar;2743485;=;1;1;=;;Ki;nM;;16.0;CHEMBL1978;Homo sapiens;Aromatase;9606;;;Ki;nM;UO_0000065;;16.0;False
;;16432334;[];CHEMBL3755859;Competitive inhibition of human aromatase extracted from placental microsomes after 5 mins by Dixon plot analysis in presence of [1beta-3H]AD;B;;;BAO_0000192;BAO_0000019;assay format;C[C@]12CCC(=O)C=C1C(Cc1ccccc1)=C[C@@H]1[C@@H]2CC[C@]2(C)C(=O)CC[C@@H]12;;;CHEMBL3751755;Eur J Med Chem;2015;{'bei': '21.48', 'le': '0.39', 'lle': '2.57', 'sei': '23.57'};CHEMBL3754168;;CHEMBL3754168;8.05;0;http://www.openphacts.org/units/Nanomolar;2743486;=;1;1;=;;Ki;nM;;9.0;CHEMBL1978;Homo sapiens;Aromatase;9606;;;Ki(app);nM;UO_0000065;;9.0;False
;;16432335;[];CHEMBL3755859;Competitive inhibition of human aromatase extracted from placental microsomes after 5 mins by Dixon plot analysis in presence of [1beta-3H]AD;B;;;BAO_0000192;BAO_0000019;assay format;C[C@]12CCC(=O)C=C1C(CCc1ccccc1)=C[C@@H]1[C@@H]2CC[C@]2(C)C(=O)CC[C@@H]12;;;CHEMBL3751755;Eur J Med Chem;2015;{'bei': '20.59', 'le': '0.38', 'lle': '2.13', 'sei': '23.43'};CHEMBL3752788;;CHEMBL3752788;8.00;0;http://www.openphacts.org/units/Nanomolar;2743487;=;1;1;=;;Ki;nM;;10.0;CHEMBL1978;Homo sapiens;Aromatase;9606;;;Ki(app);nM;UO_0000065;;10.0;False
;;16432336;[];CHEMBL3755859;Competitive inhibition of human aromatase extracted from placental microsomes after 5 mins by Dixon plot analysis in presence of [1beta-3H]AD;B;;;BAO_0000192;BAO_0000019;assay format;C[C@]12C=CC(=O)C=C1C(CCc1ccccc1)=C[C@@H]1[C@@H]2CC[C@]2(C)C(=O)CC[C@@H]12;;;CHEMBL3751755;Eur J Med Chem;2015;{'bei': '20.88', 'le': '0.38', 'lle': '2.43', 'sei': '23.64'};CHEMBL3752155;;CHEMBL3752155;8.07;0;http://www.openphacts.org/units/Nanomolar;2743488;=;1;1;=;;Ki;nM;;8.5;CHEMBL1978;Homo sapiens;Aromatase;9606;;;Ki(app);nM;UO_0000065;;8.5;False
;;16432337;[];CHEMBL3755859;Competitive inhibition of human aromatase extracted from placental microsomes after 5 mins by Dixon plot analysis in presence of [1beta-3H]AD;B;;;BAO_0000192;BAO_0000019;assay format;CCCCCC(=O)O[C@H]1C[C@@H]2[C@H](CC[C@]3(C)C(=O)CC[C@@H]23)[C@@]2(C)CCC(=O)C=C12;;;CHEMBL3751755;Eur J Med Chem;2015;{'bei': '20.36', 'le': '0.38', 'lle': '2.96', 'sei': '13.49'};CHEMBL3752998;;CHEMBL3752998;8.15;0;http://www.openphacts.org/units/Nanomolar;2743489;=;1;1;=;;Ki;nM;;7.0;CHEMBL1978;Homo sapiens;Aromatase;9606;;;Ki;nM;UO_0000065;;7.0;False
;;16432338;[];CHEMBL3755859;Competitive inhibition of human aromatase extracted from placental microsomes after 5 mins by Dixon plot analysis in presence of [1beta-3H]AD;B;;;BAO_0000192;BAO_0000019;assay format;C[C@]12CCC(=O)C=C1[C@@H](OCc1ccccc1)C[C@@H]1[C@@H]2CC[C@]2(C)C(=O)CC[C@@H]12;;;CHEMBL3751755;Eur J Med Chem;2015;{'bei': '20.77', 'le': '0.38', 'lle': '2.87', 'sei': '18.80'};CHEMBL3752038;;CHEMBL3752038;8.15;0;http://www.openphacts.org/units/Nanomolar;2743490;=;1;1;=;;Ki;nM;;7.0;CHEMBL1978;Homo sapiens;Aromatase;9606;;;Ki;nM;UO_0000065;;7.0;False
;;16432339;[];CHEMBL3755859;Competitive inhibition of human aromatase extracted from placental microsomes after 5 mins by Dixon plot analysis in presence of [1beta-3H]AD;B;;;BAO_0000192;BAO_0000019;assay format;CC1(C)C[C@@]2(C)C(=CC1=O)[C@@H](Br)C[C@@H]1[C@@H]2CC[C@]2(C)C(=O)CC[C@@H]12;;;CHEMBL3751755;Eur J Med Chem;2015;{'bei': '19.97', 'le': '0.45', 'lle': '2.75', 'sei': '23.00'};CHEMBL3754184;;CHEMBL3754184;7.85;0;http://www.openphacts.org/units/Nanomolar;2743491;=;1;1;=;;Ki;nM;;14.0;CHEMBL1978;Homo sapiens;Aromatase;9606;;;Ki(app);nM;UO_0000065;;14.0;False
;;16432340;[];CHEMBL3755859;Competitive inhibition of human aromatase extracted from placental microsomes after 5 mins by Dixon plot analysis in presence of [1beta-3H]AD;B;;;BAO_0000192;BAO_0000019;assay format;CC1(C)C[C@@]2(C)C(=CC1=O)[C@H](Br)C[C@@H]1[C@@H]2CC[C@]2(C)C(=O)CC[C@@H]12;;;CHEMBL3751755;Eur J Med Chem;2015;{'bei': '20.34', 'le': '0.46', 'lle': '2.90', 'sei': '23.43'};CHEMBL3754296;;CHEMBL3754296;8.00;0;http://www.openphacts.org/units/Nanomolar;2743492;=;1;1;=;;Ki;nM;;10.0;CHEMBL1978;Homo sapiens;Aromatase;9606;;;Ki(app);nM;UO_0000065;;10.0;False
;;16432341;[];CHEMBL3755859;Competitive inhibition of human aromatase extracted from placental microsomes after 5 mins by Dixon plot analysis in presence of [1beta-3H]AD;B;;;BAO_0000192;BAO_0000019;assay format;C[C@]12CCC(=O)C=C1C(c1ccc(O)cc1)=C[C@@H]1[C@@H]2CC[C@]2(C)C(=O)CC[C@@H]12;;;CHEMBL3751755;Eur J Med Chem;2015;{'bei': '20.29', 'le': '0.37', 'lle': '2.54', 'sei': '14.05'};CHEMBL3752939;;CHEMBL3752939;7.64;0;http://www.openphacts.org/units/Nanomolar;2743493;=;1;1;=;;Ki;nM;;23.0;CHEMBL1978;Homo sapiens;Aromatase;9606;;;Ki(app);nM;UO_0000065;;23.0;False
;;16432342;[];CHEMBL3755859;Competitive inhibition of human aromatase extracted from placental microsomes after 5 mins by Dixon plot analysis in presence of [1beta-3H]AD;B;;;BAO_0000192;BAO_0000019;assay format;C[C@]12CCC(=O)C=C1C(c1ccc(OS(N)(=O)=O)cc1)=C[C@@H]1[C@@H]2CC[C@]2(C)C(=O)CC[C@@H]12;;;CHEMBL3751755;Eur J Med Chem;2015;{'bei': '16.51', 'le': '0.32', 'lle': '3.55', 'sei': '7.27'};CHEMBL3753573;;CHEMBL3753573;7.52;0;http://www.openphacts.org/units/Nanomolar;2743494;=;1;1;=;;Ki;nM;;30.0;CHEMBL1978;Homo sapiens;Aromatase;9606;;;Ki(app);nM;UO_0000065;;30.0;False
;;16432343;[];CHEMBL3755859;Competitive inhibition of human aromatase extracted from placental microsomes after 5 mins by Dixon plot analysis in presence of [1beta-3H]AD;B;;;BAO_0000192;BAO_0000019;assay format;C[C@]12CCC(=O)C=C1[C@@H](c1ccc(O)cc1)C[C@@H]1[C@@H]2CC[C@]2(C)C(=O)CC[C@@H]12;;;CHEMBL3751755;Eur J Med Chem;2015;{'bei': '20.00', 'le': '0.37', 'lle': '2.38', 'sei': '13.92'};CHEMBL3752704;;CHEMBL3752704;7.57;0;http://www.openphacts.org/units/Nanomolar;2743495;=;1;1;=;;Ki;nM;;27.0;CHEMBL1978;Homo sapiens;Aromatase;9606;;;Ki(app);nM;UO_0000065;;27.0;False
;;16432344;[];CHEMBL3755859;Competitive inhibition of human aromatase extracted from placental microsomes after 5 mins by Dixon plot analysis in presence of [1beta-3H]AD;B;;;BAO_0000192;BAO_0000019;assay format;C[C@]12CCC(=O)C=C1[C@@H](c1ccc(OS(N)(=O)=O)cc1)C[C@@H]1[C@@H]2CC[C@]2(C)C(=O)CC[C@@H]12;;;CHEMBL3751755;Eur J Med Chem;2015;{'bei': '16.19', 'le': '0.32', 'lle': '3.35', 'sei': '7.16'};CHEMBL3754603;;CHEMBL3754603;7.41;0;http://www.openphacts.org/units/Nanomolar;2743496;=;1;1;=;;Ki;nM;;39.0;CHEMBL1978;Homo sapiens;Aromatase;9606;;;Ki(app);nM;UO_0000065;;39.0;False
;;16432345;[];CHEMBL3755859;Competitive inhibition of human aromatase extracted from placental microsomes after 5 mins by Dixon plot analysis in presence of [1beta-3H]AD;B;;;BAO_0000192;BAO_0000019;assay format;C[C@]12C=CC(=O)C=C1C(c1ccc(O)cc1)=C[C@@H]1[C@@H]2CC[C@]2(C)C(=O)CC[C@@H]12;;;CHEMBL3751755;Eur J Med Chem;2015;{'bei': '19.03', 'le': '0.35', 'lle': '2.25', 'sei': '13.10'};CHEMBL3752099;;CHEMBL3752099;7.12;0;http://www.openphacts.org/units/Nanomolar;2743497;=;1;1;=;;Ki;nM;;75.0;CHEMBL1978;Homo sapiens;Aromatase;9606;;;Ki(app);nM;UO_0000065;;75.0;False
;;16432346;[];CHEMBL3755859;Competitive inhibition of human aromatase extracted from placental microsomes after 5 mins by Dixon plot analysis in presence of [1beta-3H]AD;B;;;BAO_0000192;BAO_0000019;assay format;C[C@]12C=CC(=O)C=C1C(c1ccc(OS(N)(=O)=O)cc1)=C[C@@H]1[C@@H]2CC[C@]2(C)C(=O)CC[C@@H]12;;;CHEMBL3751755;Eur J Med Chem;2015;{'bei': '15.99', 'le': '0.31', 'lle': '3.50', 'sei': '7.00'};CHEMBL3754787;;CHEMBL3754787;7.25;0;http://www.openphacts.org/units/Nanomolar;2743498;=;1;1;=;;Ki;nM;;56.0;CHEMBL1978;Homo sapiens;Aromatase;9606;;;Ki(app);nM;UO_0000065;;56.0;False
;;16432347;[];CHEMBL3755859;Competitive inhibition of human aromatase extracted from placental microsomes after 5 mins by Dixon plot analysis in presence of [1beta-3H]AD;B;;;BAO_0000192;BAO_0000019;assay format;C=CC[C@@H]1CC2=CC(=O)C=C[C@]2(C)[C@H]2CC[C@]3(C)C(=O)CC[C@H]3[C@H]12;;;CHEMBL3751755;Eur J Med Chem;2015;{'bei': '22.64', 'le': '0.42', 'lle': '2.68', 'sei': '21.52'};CHEMBL3623223;;CHEMBL3623223;7.35;0;http://www.openphacts.org/units/Nanomolar;2743657;=;1;1;=;;Ki;nM;;45.0;CHEMBL1978;Homo sapiens;Aromatase;9606;;;Ki;nM;UO_0000065;;45.0;False
;;16432348;[];CHEMBL3755859;Competitive inhibition of human aromatase extracted from placental microsomes after 5 mins by Dixon plot analysis in presence of [1beta-3H]AD;B;;;BAO_0000192;BAO_0000019;assay format;C[C@]12CCC=CC1=CC[C@@H]1[C@@H]2CC[C@]2(C)C(=O)CC[C@@H]12;;;CHEMBL3751755;Eur J Med Chem;2015;{'bei': '26.76', 'le': '0.49', 'lle': '2.56', 'sei': '42.39'};CHEMBL3752366;;CHEMBL3752366;7.24;0;http://www.openphacts.org/units/Nanomolar;2743706;=;1;1;=;;Ki;nM;;58.0;CHEMBL1978;Homo sapiens;Aromatase;9606;;;Ki;uM;UO_0000065;;0.058;False
;;16432349;[];CHEMBL3755859;Competitive inhibition of human aromatase extracted from placental microsomes after 5 mins by Dixon plot analysis in presence of [1beta-3H]AD;B;;;BAO_0000192;BAO_0000019;assay format;C[C@]12CC[C@H]3[C@@H](CC=C4CCCC[C@@]43C)[C@@H]1CC[C@@H]2O;;;CHEMBL3751755;Eur J Med Chem;2015;{'bei': '26.37', 'le': '0.49', 'lle': '2.54', 'sei': '35.77'};CHEMBL3753505;;CHEMBL3753505;7.24;0;http://www.openphacts.org/units/Nanomolar;2743707;=;1;1;=;;Ki;nM;;58.0;CHEMBL1978;Homo sapiens;Aromatase;9606;;;Ki;uM;UO_0000065;;0.058;False
;;16432350;[];CHEMBL3755859;Competitive inhibition of human aromatase extracted from placental microsomes after 5 mins by Dixon plot analysis in presence of [1beta-3H]AD;B;;;BAO_0000192;BAO_0000019;assay format;C[C@]12CC[C@H]3[C@@H](CC=C4C=CCC[C@@]43C)[C@@H]1CC[C@@H]2O;;;CHEMBL3751755;Eur J Med Chem;2015;{'bei': '26.56', 'le': '0.49', 'lle': '2.76', 'sei': '35.77'};CHEMBL3752278;;CHEMBL3752278;7.24;0;http://www.openphacts.org/units/Nanomolar;2743708;=;1;1;=;;Ki;nM;;58.0;CHEMBL1978;Homo sapiens;Aromatase;9606;;;Ki;uM;UO_0000065;;0.058;False
;;16432351;[];CHEMBL3755859;Competitive inhibition of human aromatase extracted from placental microsomes after 5 mins by Dixon plot analysis in presence of [1beta-3H]AD;B;;;BAO_0000192;BAO_0000019;assay format;C[C@]12CC[C@H]3[C@@H](C[C@H]4OC[C@@]35CCC(=O)C=C45)[C@@H]1CCC2=O;;;CHEMBL3751755;Eur J Med Chem;2015;{'bei': '18.83', 'le': '0.35', 'lle': '2.58', 'sei': '13.04'};CHEMBL3623222;;CHEMBL3623222;5.66;0;http://www.openphacts.org/units/Nanomolar;2743849;=;1;1;=;;Ki;nM;;2200.0;CHEMBL1978;Homo sapiens;Aromatase;9606;;;Ki;uM;UO_0000065;;2.2;False
;;16432352;[];CHEMBL3755859;Competitive inhibition of human aromatase extracted from placental microsomes after 5 mins by Dixon plot analysis in presence of [1beta-3H]AD;B;;;BAO_0000192;BAO_0000019;assay format;C[C@]12CC[C@H]3[C@@H](CC=C4[C@@H](O)CCC[C@@]43CO)[C@@H]1CCC2=O;;;CHEMBL3751755;Eur J Med Chem;2015;{'bei': '27.82', 'le': '0.53', 'lle': '5.62', 'sei': '14.72'};CHEMBL1630274;;CHEMBL1630274;8.47;1;http://www.openphacts.org/units/Nanomolar;2743861;=;1;1;=;;Ki;nM;;3.4;CHEMBL1978;Homo sapiens;Aromatase;9606;;;Ki;nM;UO_0000065;;3.4;False
;;16432353;[];CHEMBL3755859;Competitive inhibition of human aromatase extracted from placental microsomes after 5 mins by Dixon plot analysis in presence of [1beta-3H]AD;B;;;BAO_0000192;BAO_0000019;assay format;C[C@]12CC[C@H]3[C@@H](CC(=O)[C@]45O[C@H]4C(=O)CC[C@]35C)[C@@H]1CCC2=O;;;CHEMBL3751755;Eur J Med Chem;2015;{'bei': '16.75', 'le': '0.31', 'lle': '2.82', 'sei': '8.32'};CHEMBL3753582;;CHEMBL3753582;5.30;0;http://www.openphacts.org/units/Nanomolar;2743862;=;1;1;=;;Ki;nM;;5000.0;CHEMBL1978;Homo sapiens;Aromatase;9606;;;Ki;uM;UO_0000065;;5.0;False
;;16432354;[];CHEMBL3755859;Competitive inhibition of human aromatase extracted from placental microsomes after 5 mins by Dixon plot analysis in presence of [1beta-3H]AD;B;;;BAO_0000192;BAO_0000019;assay format;C[C@]12CC[C@H]3[C@@H](CC(=O)[C@]45O[C@H]4C(=O)CC[C@]35C=O)[C@@H]1CCC2=O;;;CHEMBL3751755;Eur J Med Chem;2015;{'bei': '16.05', 'le': '0.30', 'lle': '3.64', 'sei': '6.56'};CHEMBL3753112;;CHEMBL3753112;5.30;0;http://www.openphacts.org/units/Nanomolar;2743863;=;1;1;=;;Ki;nM;;5000.0;CHEMBL1978;Homo sapiens;Aromatase;9606;;;Ki;uM;UO_0000065;;5.0;False
;;16432355;[];CHEMBL3755859;Competitive inhibition of human aromatase extracted from placental microsomes after 5 mins by Dixon plot analysis in presence of [1beta-3H]AD;B;;;BAO_0000192;BAO_0000019;assay format;C[C@]12CC[C@H]3[C@@H](C(=O)[C@H]4O[C@]45C(=O)CCC[C@]35C)[C@@H]1CCC2=O;;;CHEMBL3751755;Eur J Med Chem;2015;{'bei': '16.75', 'le': '0.31', 'lle': '2.82', 'sei': '8.32'};CHEMBL3752861;;CHEMBL3752861;5.30;0;http://www.openphacts.org/units/Nanomolar;2743864;=;1;1;=;;Ki;nM;;5000.0;CHEMBL1978;Homo sapiens;Aromatase;9606;;;Ki;uM;UO_0000065;;5.0;False
;;16432356;[];CHEMBL3755859;Competitive inhibition of human aromatase extracted from placental microsomes after 5 mins by Dixon plot analysis in presence of [1beta-3H]AD;B;;;BAO_0000192;BAO_0000019;assay format;C[C@]12CC[C@H]3[C@@H](C(=O)[C@H]4O[C@]45C(=O)CCC[C@]35C=O)[C@@H]1CCC2=O;;;CHEMBL3751755;Eur J Med Chem;2015;{'bei': '16.05', 'le': '0.30', 'lle': '3.64', 'sei': '6.56'};CHEMBL3752618;;CHEMBL3752618;5.30;0;http://www.openphacts.org/units/Nanomolar;2743865;=;1;1;=;;Ki;nM;;5000.0;CHEMBL1978;Homo sapiens;Aromatase;9606;;;Ki;uM;UO_0000065;;5.0;False
;;16432357;[];CHEMBL3755859;Competitive inhibition of human aromatase extracted from placental microsomes after 5 mins by Dixon plot analysis in presence of [1beta-3H]AD;B;;;BAO_0000192;BAO_0000019;assay format;C[C@]12CC[C@H]3[C@@H](CC[C@]45O[C@H]4C(=O)CC[C@]35C)[C@@H]1CCC2=O;;;CHEMBL3751755;Eur J Med Chem;2015;{'bei': '17.53', 'le': '0.33', 'lle': '2.00', 'sei': '11.36'};CHEMBL3753279;;CHEMBL3753279;5.30;0;http://www.openphacts.org/units/Nanomolar;2743866;=;1;1;=;;Ki;nM;;5000.0;CHEMBL1978;Homo sapiens;Aromatase;9606;;;Ki;uM;UO_0000065;;5.0;False
;;16432358;[];CHEMBL3755859;Competitive inhibition of human aromatase extracted from placental microsomes after 5 mins by Dixon plot analysis in presence of [1beta-3H]AD;B;;;BAO_0000192;BAO_0000019;assay format;C[C@]12CC[C@H]3[C@@H](CC[C@]45O[C@H]4C(=O)CC[C@]35C=O)[C@@H]1CCC2=O;;;CHEMBL3751755;Eur J Med Chem;2015;{'bei': '16.75', 'le': '0.31', 'lle': '2.82', 'sei': '8.32'};CHEMBL3753000;;CHEMBL3753000;5.30;0;http://www.openphacts.org/units/Nanomolar;2743867;=;1;1;=;;Ki;nM;;5000.0;CHEMBL1978;Homo sapiens;Aromatase;9606;;;Ki;uM;UO_0000065;;5.0;False
;;16432359;[];CHEMBL3755859;Competitive inhibition of human aromatase extracted from placental microsomes after 5 mins by Dixon plot analysis in presence of [1beta-3H]AD;B;;;BAO_0000192;BAO_0000019;assay format;C[C@]12CC[C@H]3[C@@H](CC[C@]45O[C@H]4C(=O)CC[C@]35CO)[C@@H]1CCC2=O;;;CHEMBL3751755;Eur J Med Chem;2015;{'bei': '16.65', 'le': '0.31', 'lle': '3.03', 'sei': '7.92'};CHEMBL3754547;;CHEMBL3754547;5.30;0;http://www.openphacts.org/units/Nanomolar;2743868;=;1;1;=;;Ki;nM;;5000.0;CHEMBL1978;Homo sapiens;Aromatase;9606;;;Ki;uM;UO_0000065;;5.0;False
;;16432360;[];CHEMBL3755859;Competitive inhibition of human aromatase extracted from placental microsomes after 5 mins by Dixon plot analysis in presence of [1beta-3H]AD;B;;;BAO_0000192;BAO_0000019;assay format;C[C@]12CC[C@@H]3c4ccc(O)cc4CC[C@H]3[C@@H]1CCC2=O;;;CHEMBL3751755;Eur J Med Chem;2015;{'bei': '20.72', 'le': '0.38', 'lle': '1.78', 'sei': '15.02'};CHEMBL1405;ESTRONE;CHEMBL1405;5.60;0;http://www.openphacts.org/units/Nanomolar;2743890;=;1;1;=;;Ki;nM;;2500.0;CHEMBL1978;Homo sapiens;Aromatase;9606;;;Ki;uM;UO_0000065;;2.5;False
;;16432361;[];CHEMBL3755859;Competitive inhibition of human aromatase extracted from placental microsomes after 5 mins by Dixon plot analysis in presence of [1beta-3H]AD;B;;;BAO_0000192;BAO_0000019;assay format;C[C@]12CCC(=O)C=C1CC[C@@H]1[C@@H]2CC[C@]2(C)C(=O)CC[C@@H]12;;;CHEMBL3751755;Eur J Med Chem;2015;{'bei': '26.03', 'le': '0.48', 'lle': '3.37', 'sei': '21.84'};CHEMBL274826;ANDROSTENEDIONE;CHEMBL274826;7.46;0;http://www.openphacts.org/units/Nanomolar;2743906;=;1;1;=;;Ki;nM;;35.0;CHEMBL1978;Homo sapiens;Aromatase;9606;;;Ki;nM;UO_0000065;;35.0;False
;;16432369;[];CHEMBL3755861;Competitive inhibition of human aromatase extracted from placental microsomes by Dixon plot analysis in presence of [1beta-3H]androstenedione;B;;;BAO_0000192;BAO_0000019;assay format;C[C@]12CC[C@H](OC=O)C=C1C(=O)C[C@@H]1[C@@H]2CC[C@]2(C)C(=O)CC[C@@H]12;;;CHEMBL3751755;Eur J Med Chem;2015;{'bei': '14.51', 'le': '0.27', 'lle': '1.56', 'sei': '7.93'};CHEMBL3754516;;CHEMBL3754516;4.80;0;http://www.openphacts.org/units/Nanomolar;2743304;=;1;1;=;;Ki;nM;;16000.0;CHEMBL1978;Homo sapiens;Aromatase;9606;;;Ki;uM;UO_0000065;;16.0;False
;;16432370;[];CHEMBL3755861;Competitive inhibition of human aromatase extracted from placental microsomes by Dixon plot analysis in presence of [1beta-3H]androstenedione;B;;;BAO_0000192;BAO_0000019;assay format;CC(=O)O[C@@H]1C=C2C(=O)C[C@@H]3[C@H](CC[C@]4(C)C(=O)CC[C@@H]34)[C@@]2(C)CC1;;;CHEMBL3751755;Eur J Med Chem;2015;{'bei': '15.27', 'le': '0.29', 'lle': '1.63', 'sei': '8.70'};CHEMBL3752351;;CHEMBL3752351;5.26;0;http://www.openphacts.org/units/Nanomolar;2743305;=;1;1;=;;Ki;nM;;5500.0;CHEMBL1978;Homo sapiens;Aromatase;9606;;;Ki;uM;UO_0000065;;5.5;False
;;16432371;[];CHEMBL3755861;Competitive inhibition of human aromatase extracted from placental microsomes by Dixon plot analysis in presence of [1beta-3H]androstenedione;B;;;BAO_0000192;BAO_0000019;assay format;C[C@]12CCCC=C1C(=O)C[C@@H]1[C@@H]2CC[C@]2(C)C(=O)CC[C@@H]12;;;CHEMBL3751755;Eur J Med Chem;2015;{'bei': '21.70', 'le': '0.40', 'lle': '2.12', 'sei': '18.20'};CHEMBL3752280;;CHEMBL3752280;6.21;0;http://www.openphacts.org/units/Nanomolar;2743306;=;1;1;=;;Ki;nM;;610.0;CHEMBL1978;Homo sapiens;Aromatase;9606;;;Ki;uM;UO_0000065;;0.61;False
;;16432372;[];CHEMBL3755861;Competitive inhibition of human aromatase extracted from placental microsomes by Dixon plot analysis in presence of [1beta-3H]androstenedione;B;;;BAO_0000192;BAO_0000019;assay format;CC[C@@H]1C[C@@H]2[C@H](CC[C@]3(C)C(=O)CC[C@@H]23)[C@@]2(C)C=CC(=O)C=C12;;;CHEMBL3751755;Eur J Med Chem;2015;{'bei': '26.65', 'le': '0.49', 'lle': '3.83', 'sei': '24.39'};CHEMBL3753810;;CHEMBL3753810;8.33;0;http://www.openphacts.org/units/Nanomolar;2743342;=;1;1;=;;Ki;nM;;4.7;CHEMBL1978;Homo sapiens;Aromatase;9606;;;Ki(app);nM;UO_0000065;;4.7;False
;;16432373;[];CHEMBL3755861;Competitive inhibition of human aromatase extracted from placental microsomes by Dixon plot analysis in presence of [1beta-3H]androstenedione;B;;;BAO_0000192;BAO_0000019;assay format;CCCCC[C@@H]1C[C@@H]2[C@H](CC[C@]3(C)C(=O)CC[C@@H]23)[C@@]2(C)C=CC(=O)C=C12;;;CHEMBL3751755;Eur J Med Chem;2015;{'bei': '23.41', 'le': '0.44', 'lle': '2.63', 'sei': '24.31'};CHEMBL3752065;;CHEMBL3752065;8.30;0;http://www.openphacts.org/units/Nanomolar;2743343;=;1;1;=;;Ki;nM;;5.0;CHEMBL1978;Homo sapiens;Aromatase;9606;;;Ki(app);nM;UO_0000065;;5.0;False
;;16432374;[];CHEMBL3755861;Competitive inhibition of human aromatase extracted from placental microsomes by Dixon plot analysis in presence of [1beta-3H]androstenedione;B;;;BAO_0000192;BAO_0000019;assay format;C[C@]12CCCCC1=CC(=O)[C@@H]1[C@@H]2CC[C@]2(C)C(=O)CC[C@@H]12;;;CHEMBL3751755;Eur J Med Chem;2015;{'bei': '23.90', 'le': '0.45', 'lle': '2.75', 'sei': '20.05'};CHEMBL3752149;;CHEMBL3752149;6.84;0;http://www.openphacts.org/units/Nanomolar;2743535;=;1;1;=;;Ki;nM;;143.0;CHEMBL1978;Homo sapiens;Aromatase;9606;;;Ki;nM;UO_0000065;;143.0;False
;;16432375;[];CHEMBL3755861;Competitive inhibition of human aromatase extracted from placental microsomes by Dixon plot analysis in presence of [1beta-3H]androstenedione;B;;;BAO_0000192;BAO_0000019;assay format;C[C@]12CC[C@H]3[C@@H](C(=O)C=C4CCCC[C@@]43CO)[C@@H]1CCC2=O;;;CHEMBL3751755;Eur J Med Chem;2015;{'bei': '16.38', 'le': '0.31', 'lle': '1.89', 'sei': '9.11'};CHEMBL3753191;;CHEMBL3753191;4.96;0;http://www.openphacts.org/units/Nanomolar;2743684;=;1;1;=;;Ki;nM;;11100.0;CHEMBL1978;Homo sapiens;Aromatase;9606;;;Ki;uM;UO_0000065;;11.1;False
;;16432376;[];CHEMBL3755861;Competitive inhibition of human aromatase extracted from placental microsomes by Dixon plot analysis in presence of [1beta-3H]androstenedione;B;;;BAO_0000192;BAO_0000019;assay format;CC[C@]12CCC(=O)C=C1CC[C@@H]1[C@@H]2CC[C@]2(C)C(=O)CC[C@@H]12;;;CHEMBL3751755;Eur J Med Chem;2015;{'bei': '26.91', 'le': '0.50', 'lle': '3.61', 'sei': '23.69'};CHEMBL3754719;;CHEMBL3754719;8.09;0;http://www.openphacts.org/units/Nanomolar;2743687;=;1;1;=;;Ki;nM;;8.2;CHEMBL1978;Homo sapiens;Aromatase;9606;;;Ki;nM;UO_0000065;;8.2;False
;;16432377;[];CHEMBL3755861;Competitive inhibition of human aromatase extracted from placental microsomes by Dixon plot analysis in presence of [1beta-3H]androstenedione;B;;;BAO_0000192;BAO_0000019;assay format;CC[C@]12C=CC(=O)C=C1CC[C@H]1[C@@H]3CCC(=O)[C@@]3(C)CC[C@@H]12;;;CHEMBL3751755;Eur J Med Chem;2015;{'bei': '27.10', 'le': '0.50', 'lle': '3.84', 'sei': '23.69'};CHEMBL3752973;;CHEMBL3752973;8.09;0;http://www.openphacts.org/units/Nanomolar;2743688;=;1;1;=;;Ki;nM;;8.2;CHEMBL1978;Homo sapiens;Aromatase;9606;;;Ki;nM;UO_0000065;;8.2;False
;;16432378;[];CHEMBL3755861;Competitive inhibition of human aromatase extracted from placental microsomes by Dixon plot analysis in presence of [1beta-3H]androstenedione;B;;;BAO_0000192;BAO_0000019;assay format;CC[C@]12CCC(=O)C=C1C=C[C@@H]1[C@@H]2CC[C@]2(C)C(=O)CC[C@@H]12;;;CHEMBL3751755;Eur J Med Chem;2015;{'bei': '27.10', 'le': '0.50', 'lle': '3.84', 'sei': '23.69'};CHEMBL3753667;;CHEMBL3753667;8.09;0;http://www.openphacts.org/units/Nanomolar;2743689;=;1;1;=;;Ki;nM;;8.2;CHEMBL1978;Homo sapiens;Aromatase;9606;;;Ki;nM;UO_0000065;;8.2;False
;;16432379;[];CHEMBL3755861;Competitive inhibition of human aromatase extracted from placental microsomes by Dixon plot analysis in presence of [1beta-3H]androstenedione;B;;;BAO_0000192;BAO_0000019;assay format;CC[C@]12C=CC(=O)C=C1C=C[C@H]1[C@@H]3CCC(=O)[C@@]3(C)CC[C@@H]12;;;CHEMBL3751755;Eur J Med Chem;2015;{'bei': '27.28', 'le': '0.50', 'lle': '4.06', 'sei': '23.69'};CHEMBL3752460;;CHEMBL3752460;8.09;0;http://www.openphacts.org/units/Nanomolar;2743690;=;1;1;=;;Ki;nM;;8.2;CHEMBL1978;Homo sapiens;Aromatase;9606;;;Ki;nM;UO_0000065;;8.2;False
;;16432380;[];CHEMBL3755861;Competitive inhibition of human aromatase extracted from placental microsomes by Dixon plot analysis in presence of [1beta-3H]androstenedione;B;;;BAO_0000192;BAO_0000019;assay format;C[C@]12CC[C@H]3[C@@H](C(=O)C=C4CCCC[C@@]43O)[C@@H]1CCC2=O;;;CHEMBL3751755;Eur J Med Chem;2015;{'bei': '20.66', 'le': '0.39', 'lle': '3.15', 'sei': '10.96'};CHEMBL3752699;;CHEMBL3752699;5.96;0;http://www.openphacts.org/units/Nanomolar;2743859;=;1;1;=;;Ki;nM;;1100.0;CHEMBL1978;Homo sapiens;Aromatase;9606;;;Ki(app);uM;UO_0000065;;1.1;False
;;16432381;[];CHEMBL3755861;Competitive inhibition of human aromatase extracted from placental microsomes by Dixon plot analysis in presence of [1beta-3H]androstenedione;B;;;BAO_0000192;BAO_0000019;assay format;CC(=O)O[C@]12CCCCC1=CC(=O)[C@H]1[C@@H]3CCC(=O)[C@@]3(C)CC[C@@H]12;;;CHEMBL3751755;Eur J Med Chem;2015;{'bei': '18.03', 'le': '0.34', 'lle': '2.58', 'sei': '9.86'};CHEMBL3753297;;CHEMBL3753297;5.96;0;http://www.openphacts.org/units/Nanomolar;2743860;=;1;1;=;;Ki;nM;;1100.0;CHEMBL1978;Homo sapiens;Aromatase;9606;;;Ki(app);uM;UO_0000065;;1.1;False
;;16432382;[];CHEMBL3756934;Competitive inhibition of human aromatase extracted from placental microsomes by Lineweaver- Burk plots analysis in presence of [1beta-3H]androstenedione;B;;;BAO_0000192;BAO_0000019;assay format;CC(=O)SC1=C2CC[C@@H]3[C@H](CC[C@]4(C)C(=O)CC[C@@H]34)[C@@]2(C)CCC1=O;;;CHEMBL3751755;Eur J Med Chem;2015;{'bei': '20.65', 'le': '0.41', 'lle': '2.75', 'sei': '14.54'};CHEMBL3754227;;CHEMBL3754227;7.44;0;http://www.openphacts.org/units/Nanomolar;2743310;=;1;1;=;;Ki;nM;;36.0;CHEMBL1978;Homo sapiens;Aromatase;9606;;;Ki(app);nM;UO_0000065;;36.0;False
;;16432383;[];CHEMBL3756934;Competitive inhibition of human aromatase extracted from placental microsomes by Lineweaver- Burk plots analysis in presence of [1beta-3H]androstenedione;B;;;BAO_0000192;BAO_0000019;assay format;CSC1=C2CC[C@@H]3[C@H](CC[C@]4(C)C(=O)CC[C@@H]34)[C@@]2(C)CCC1=O;;;CHEMBL3751755;Eur J Med Chem;2015;{'bei': '22.39', 'le': '0.44', 'lle': '2.66', 'sei': '21.80'};CHEMBL3752500;;CHEMBL3752500;7.44;0;http://www.openphacts.org/units/Nanomolar;2743311;=;1;1;=;;Ki;nM;;36.0;CHEMBL1978;Homo sapiens;Aromatase;9606;;;Ki(app);nM;UO_0000065;;36.0;False
;;16432384;[];CHEMBL3756934;Competitive inhibition of human aromatase extracted from placental microsomes by Lineweaver- Burk plots analysis in presence of [1beta-3H]androstenedione;B;;;BAO_0000192;BAO_0000019;assay format;CCSC1=C2CC[C@@H]3[C@H](CC[C@]4(C)C(=O)CC[C@@H]34)[C@@]2(C)CCC1=O;;;CHEMBL3751755;Eur J Med Chem;2015;{'bei': '21.48', 'le': '0.42', 'lle': '2.27', 'sei': '21.80'};CHEMBL3752336;;CHEMBL3752336;7.44;0;http://www.openphacts.org/units/Nanomolar;2743312;=;1;1;=;;Ki;nM;;36.0;CHEMBL1978;Homo sapiens;Aromatase;9606;;;Ki(app);nM;UO_0000065;;36.0;False
;;16432385;[];CHEMBL3756934;Competitive inhibition of human aromatase extracted from placental microsomes by Lineweaver- Burk plots analysis in presence of [1beta-3H]androstenedione;B;;;BAO_0000192;BAO_0000019;assay format;CCCSC1=C2CC[C@@H]3[C@H](CC[C@]4(C)C(=O)CC[C@@H]34)[C@@]2(C)CCC1=O;;;CHEMBL3751755;Eur J Med Chem;2015;{'bei': '20.64', 'le': '0.41', 'lle': '1.88', 'sei': '21.80'};CHEMBL3752983;;CHEMBL3752983;7.44;0;http://www.openphacts.org/units/Nanomolar;2743313;=;1;1;=;;Ki;nM;;36.0;CHEMBL1978;Homo sapiens;Aromatase;9606;;;Ki(app);nM;UO_0000065;;36.0;False
;;16432386;[];CHEMBL3756934;Competitive inhibition of human aromatase extracted from placental microsomes by Lineweaver- Burk plots analysis in presence of [1beta-3H]androstenedione;B;;;BAO_0000192;BAO_0000019;assay format;C[C@]12CCC(=O)C(OCc3ccccc3)=C1CC[C@@H]1[C@@H]2CC[C@]2(C)C(=O)CC[C@@H]12;;;CHEMBL3751755;Eur J Med Chem;2015;{'bei': '18.90', 'le': '0.35', 'lle': '1.79', 'sei': '17.11'};CHEMBL3753439;;CHEMBL3753439;7.42;0;http://www.openphacts.org/units/Nanomolar;2743318;=;1;1;=;;Ki;nM;;38.0;CHEMBL1978;Homo sapiens;Aromatase;9606;;;Ki(app);nM;UO_0000065;;38.0;False
;;16432387;[];CHEMBL3756934;Competitive inhibition of human aromatase extracted from placental microsomes by Lineweaver- Burk plots analysis in presence of [1beta-3H]androstenedione;B;;;BAO_0000192;BAO_0000019;assay format;C[C@]12CCC(=O)C=C1C=C(Cc1ccccc1)[C@@H]1[C@@H]2CC[C@]2(C)C(=O)CC[C@@H]12;;;CHEMBL3751755;Eur J Med Chem;2015;{'bei': '19.27', 'le': '0.35', 'lle': '1.74', 'sei': '21.13'};CHEMBL3754505;;CHEMBL3754505;7.21;0;http://www.openphacts.org/units/Nanomolar;2743519;=;1;1;=;;Ki;nM;;60.9;CHEMBL1978;Homo sapiens;Aromatase;9606;;;Ki(app);nM;UO_0000065;;60.9;False
;;16432388;[];CHEMBL3756934;Competitive inhibition of human aromatase extracted from placental microsomes by Lineweaver- Burk plots analysis in presence of [1beta-3H]androstenedione;B;;;BAO_0000192;BAO_0000019;assay format;C[C@]12CCC(=O)C=C1C=C(CCc1ccccc1)[C@@H]1[C@@H]2CC[C@]2(C)C(=O)CC[C@@H]12;;;CHEMBL3751755;Eur J Med Chem;2015;{'bei': '18.57', 'le': '0.34', 'lle': '1.35', 'sei': '21.13'};CHEMBL3753089;;CHEMBL3753089;7.21;0;http://www.openphacts.org/units/Nanomolar;2743520;=;1;1;=;;Ki;nM;;60.9;CHEMBL1978;Homo sapiens;Aromatase;9606;;;Ki(app);nM;UO_0000065;;60.9;False
;;16432389;[];CHEMBL3756934;Competitive inhibition of human aromatase extracted from placental microsomes by Lineweaver- Burk plots analysis in presence of [1beta-3H]androstenedione;B;;;BAO_0000192;BAO_0000019;assay format;C[C@]12CCC(=O)C=C1C=C(c1ccccc1)[C@@H]1[C@@H]2CC[C@]2(C)C(=O)CC[C@@H]12;;;CHEMBL3751755;Eur J Med Chem;2015;{'bei': '16.22', 'le': '0.30', 'lle': '0.46', 'sei': '17.13'};CHEMBL3754260;;CHEMBL3754260;5.85;0;http://www.openphacts.org/units/Nanomolar;2743521;=;1;1;=;;Ki;nM;;1424.0;CHEMBL1978;Homo sapiens;Aromatase;9606;;;Ki(app);uM;UO_0000065;;1.424;False
;;16432390;[];CHEMBL3756934;Competitive inhibition of human aromatase extracted from placental microsomes by Lineweaver- Burk plots analysis in presence of [1beta-3H]androstenedione;B;;;BAO_0000192;BAO_0000019;assay format;C[C@]12CCC(=O)C=C1C[C@@H](CCc1ccccc1)[C@@H]1[C@@H]2CC[C@]2(C)C(=O)CC[C@@H]12;;;CHEMBL3751755;Eur J Med Chem;2015;{'bei': '20.18', 'le': '0.37', 'lle': '1.93', 'sei': '23.09'};CHEMBL3349549;;CHEMBL3349549;7.88;0;http://www.openphacts.org/units/Nanomolar;2743522;=;1;1;=;;Ki;nM;;13.1;CHEMBL1978;Homo sapiens;Aromatase;9606;;;Ki(app);nM;UO_0000065;;13.1;False
;;16432391;[];CHEMBL3756934;Competitive inhibition of human aromatase extracted from placental microsomes by Lineweaver- Burk plots analysis in presence of [1beta-3H]androstenedione;B;;;BAO_0000192;BAO_0000019;assay format;C[C@]12CCC(=O)C=C1C[C@@H](CCCc1ccccc1)[C@@H]1[C@@H]2CC[C@]2(C)C(=O)CC[C@@H]12;;;CHEMBL3751755;Eur J Med Chem;2015;{'bei': '19.24', 'le': '0.35', 'lle': '1.44', 'sei': '22.80'};CHEMBL3349657;;CHEMBL3349657;7.78;1;http://www.openphacts.org/units/Nanomolar;2743523;=;1;1;=;;Ki;nM;;16.5;CHEMBL1978;Homo sapiens;Aromatase;9606;;;Ki(app);nM;UO_0000065;;16.5;False
;;16432392;[];CHEMBL3756934;Competitive inhibition of human aromatase extracted from placental microsomes by Lineweaver- Burk plots analysis in presence of [1beta-3H]androstenedione;B;;;BAO_0000192;BAO_0000019;assay format;C[C@]12CCC(=O)C=C1C[C@@H](Cc1ccccc1)[C@@H]1[C@@H]2CC[C@]2(C)C(=O)CC[C@@H]12;;;CHEMBL3751755;Eur J Med Chem;2015;{'bei': '20.51', 'le': '0.38', 'lle': '2.16', 'sei': '22.62'};CHEMBL3349550;;CHEMBL3349550;7.72;0;http://www.openphacts.org/units/Nanomolar;2743524;=;1;1;=;;Ki;nM;;18.9;CHEMBL1978;Homo sapiens;Aromatase;9606;;;Ki(app);nM;UO_0000065;;18.9;False
;;16432393;[];CHEMBL3756934;Competitive inhibition of human aromatase extracted from placental microsomes by Lineweaver- Burk plots analysis in presence of [1beta-3H]androstenedione;B;;;BAO_0000192;BAO_0000019;assay format;C[C@]12CC[C@H]3[C@@H]([C@H](Cc4ccccc4)CC4=CC(=O)CC[C@@]43C)[C@@H]1CC[C@@H]2O;;;CHEMBL3751755;Eur J Med Chem;2015;{'bei': '19.66', 'le': '0.36', 'lle': '2.09', 'sei': '19.96'};CHEMBL3349658;;CHEMBL3349658;7.44;0;http://www.openphacts.org/units/Nanomolar;2743525;=;1;1;=;;Ki;nM;;36.0;CHEMBL1978;Homo sapiens;Aromatase;9606;;;Ki(app);nM;UO_0000065;;36.0;False
;;16432394;[];CHEMBL3756934;Competitive inhibition of human aromatase extracted from placental microsomes by Lineweaver- Burk plots analysis in presence of [1beta-3H]androstenedione;B;;;BAO_0000192;BAO_0000019;assay format;C[C@]12CC[C@H]3[C@@H]([C@H](CCc4ccccc4)CC4=CC(=O)CC[C@@]43C)[C@@H]1CC[C@@H]2O;;;CHEMBL3751755;Eur J Med Chem;2015;{'bei': '18.96', 'le': '0.35', 'lle': '1.70', 'sei': '19.96'};CHEMBL3349659;;CHEMBL3349659;7.44;1;http://www.openphacts.org/units/Nanomolar;2743526;=;1;1;=;;Ki;nM;;36.0;CHEMBL1978;Homo sapiens;Aromatase;9606;;;Ki(app);nM;UO_0000065;;36.0;False
;;16432395;[];CHEMBL3756934;Competitive inhibition of human aromatase extracted from placental microsomes by Lineweaver- Burk plots analysis in presence of [1beta-3H]androstenedione;B;;;BAO_0000192;BAO_0000019;assay format;C[C@]12CCC(=O)C=C1C[C@H](Cc1ccccc1)[C@@H]1[C@@H]2CC[C@]2(C)C(=O)CC[C@@H]12;;;CHEMBL3751755;Eur J Med Chem;2015;{'bei': '19.77', 'le': '0.36', 'lle': '1.88', 'sei': '21.80'};CHEMBL3349656;;CHEMBL3349656;7.44;0;http://www.openphacts.org/units/Nanomolar;2743527;=;1;1;=;;Ki;nM;;36.0;CHEMBL1978;Homo sapiens;Aromatase;9606;;;Ki(app);nM;UO_0000065;;36.0;False
;;16432396;[];CHEMBL3756934;Competitive inhibition of human aromatase extracted from placental microsomes by Lineweaver- Burk plots analysis in presence of [1beta-3H]androstenedione;B;;;BAO_0000192;BAO_0000019;assay format;C[C@]12CCC(=O)C=C1C[C@H](CCc1ccccc1)[C@@H]1[C@@H]2CC[C@]2(C)C(=O)CC[C@@H]12;;;CHEMBL3751755;Eur J Med Chem;2015;{'bei': '19.06', 'le': '0.35', 'lle': '1.49', 'sei': '21.80'};CHEMBL3349655;;CHEMBL3349655;7.44;0;http://www.openphacts.org/units/Nanomolar;2743528;=;1;1;=;;Ki;nM;;36.0;CHEMBL1978;Homo sapiens;Aromatase;9606;;;Ki(app);nM;UO_0000065;;36.0;False
;;16432397;[];CHEMBL3756934;Competitive inhibition of human aromatase extracted from placental microsomes by Lineweaver- Burk plots analysis in presence of [1beta-3H]androstenedione;B;;;BAO_0000192;BAO_0000019;assay format;C[C@]12C=CC(=O)C=C1C[C@@H](Cc1ccccc1)[C@@H]1[C@@H]2CC[C@]2(C)C(=O)CC[C@@H]12;;;CHEMBL3751755;Eur J Med Chem;2015;{'bei': '21.77', 'le': '0.40', 'lle': '2.82', 'sei': '23.89'};CHEMBL3752591;;CHEMBL3752591;8.15;0;http://www.openphacts.org/units/Nanomolar;2743529;=;1;1;=;;Ki;nM;;7.0;CHEMBL1978;Homo sapiens;Aromatase;9606;;;Ki(app);nM;UO_0000065;;7.0;False
;;16432398;[];CHEMBL3756934;Competitive inhibition of human aromatase extracted from placental microsomes by Lineweaver- Burk plots analysis in presence of [1beta-3H]androstenedione;B;;;BAO_0000192;BAO_0000019;assay format;C[C@]12C=CC(=O)C=C1C[C@@H](CCc1ccccc1)[C@@H]1[C@@H]2CC[C@]2(C)C(=O)CC[C@@H]12;;;CHEMBL3751755;Eur J Med Chem;2015;{'bei': '20.99', 'le': '0.38', 'lle': '2.43', 'sei': '23.89'};CHEMBL3754259;;CHEMBL3754259;8.15;0;http://www.openphacts.org/units/Nanomolar;2743530;=;1;1;=;;Ki;nM;;7.0;CHEMBL1978;Homo sapiens;Aromatase;9606;;;Ki(app);nM;UO_0000065;;7.0;False
;;16432399;[];CHEMBL3756934;Competitive inhibition of human aromatase extracted from placental microsomes by Lineweaver- Burk plots analysis in presence of [1beta-3H]androstenedione;B;;;BAO_0000192;BAO_0000019;assay format;C[C@]12C=CC(=O)C=C1C[C@@H](CCCc1ccccc1)[C@@H]1[C@@H]2CC[C@]2(C)C(=O)CC[C@@H]12;;;CHEMBL3751755;Eur J Med Chem;2015;{'bei': '20.26', 'le': '0.37', 'lle': '2.04', 'sei': '23.89'};CHEMBL3753447;;CHEMBL3753447;8.15;0;http://www.openphacts.org/units/Nanomolar;2743531;=;1;1;=;;Ki;nM;;7.0;CHEMBL1978;Homo sapiens;Aromatase;9606;;;Ki(app);nM;UO_0000065;;7.0;False
;;16432400;[];CHEMBL3756934;Competitive inhibition of human aromatase extracted from placental microsomes by Lineweaver- Burk plots analysis in presence of [1beta-3H]androstenedione;B;;;BAO_0000192;BAO_0000019;assay format;C[C@]12C=CC(=O)C=C1C[C@@H](CCc1ccc([N+](=O)[O-])cc1)[C@@H]1[C@@H]2CC[C@]2(C)C(=O)CC[C@@H]12;;;CHEMBL3751755;Eur J Med Chem;2015;{'bei': '18.81', 'le': '0.35', 'lle': '2.52', 'sei': '10.55'};CHEMBL3752221;;CHEMBL3752221;8.15;0;http://www.openphacts.org/units/Nanomolar;2743532;=;1;1;=;;Ki;nM;;7.0;CHEMBL1978;Homo sapiens;Aromatase;9606;;;Ki(app);nM;UO_0000065;;7.0;False
;;16432402;[];CHEMBL3756934;Competitive inhibition of human aromatase extracted from placental microsomes by Lineweaver- Burk plots analysis in presence of [1beta-3H]androstenedione;B;;;BAO_0000192;BAO_0000019;assay format;C[C@]12C=CC(=O)C=C1C[C@@H](CCCc1ccc([N+](=O)[O-])cc1)[C@@H]1[C@@H]2CC[C@]2(C)C(=O)CC[C@@H]12;;;CHEMBL3751755;Eur J Med Chem;2015;{'bei': '18.22', 'le': '0.34', 'lle': '2.13', 'sei': '10.55'};CHEMBL3753373;;CHEMBL3753373;8.15;0;http://www.openphacts.org/units/Nanomolar;2743534;=;1;1;=;;Ki;nM;;7.0;CHEMBL1978;Homo sapiens;Aromatase;9606;;;Ki(app);nM;UO_0000065;;7.0;False
;;16432403;[];CHEMBL3756934;Competitive inhibition of human aromatase extracted from placental microsomes by Lineweaver- Burk plots analysis in presence of [1beta-3H]androstenedione;B;;;BAO_0000192;BAO_0000019;assay format;CC(=O)OC[C@]12CCCC=C1CC[C@@H]1[C@@H]2CC[C@]2(C)C(=O)CC[C@@H]12;;;CHEMBL3751755;Eur J Med Chem;2015;{'bei': '20.48', 'le': '0.39', 'lle': '2.32', 'sei': '15.61'};CHEMBL3752805;;CHEMBL3752805;6.77;0;http://www.openphacts.org/units/Nanomolar;2743681;=;1;1;=;;Ki;nM;;170.0;CHEMBL1978;Homo sapiens;Aromatase;9606;;;Ki;nM;UO_0000065;;170.0;False
;;16432404;[];CHEMBL3756934;Competitive inhibition of human aromatase extracted from placental microsomes by Lineweaver- Burk plots analysis in presence of [1beta-3H]androstenedione;B;;;BAO_0000192;BAO_0000019;assay format;C[C@]12CC[C@H]3[C@@H](CCC4=CCCC[C@@]43C(F)F)[C@@H]1CCC2=O;;;CHEMBL3751755;Eur J Med Chem;2015;{'bei': '21.95', 'le': '0.42', 'lle': '1.62', 'sei': '39.66'};CHEMBL3753398;;CHEMBL3753398;6.77;0;http://www.openphacts.org/units/Nanomolar;2743682;=;1;1;=;;Ki;nM;;170.0;CHEMBL1978;Homo sapiens;Aromatase;9606;;;Ki;nM;UO_0000065;;170.0;False
;;16432405;[];CHEMBL3756934;Competitive inhibition of human aromatase extracted from placental microsomes by Lineweaver- Burk plots analysis in presence of [1beta-3H]androstenedione;B;;;BAO_0000192;BAO_0000019;assay format;C[C@]12CC[C@H]3[C@@H](CCC4=CCCC[C@@]43CO)[C@@H]1CC[C@@H]2O;;;CHEMBL3751755;Eur J Med Chem;2015;{'bei': '23.31', 'le': '0.44', 'lle': '3.10', 'sei': '16.73'};CHEMBL3752817;;CHEMBL3752817;6.77;0;http://www.openphacts.org/units/Nanomolar;2743683;=;1;1;=;;Ki;nM;;170.0;CHEMBL1978;Homo sapiens;Aromatase;9606;;;Ki;nM;UO_0000065;;170.0;False
;;16432406;[];CHEMBL3756934;Competitive inhibition of human aromatase extracted from placental microsomes by Lineweaver- Burk plots analysis in presence of [1beta-3H]androstenedione;B;;;BAO_0000192;BAO_0000019;assay format;C#C[C@@H](OC(C)=O)[C@@]12CCC(=O)C=C1C(=O)C[C@@H]1[C@@H]2CC[C@]2(C)C(=O)CC[C@@H]12;;;CHEMBL3751755;Eur J Med Chem;2015;{'bei': '10.79', 'le': '0.20', 'lle': '1.31', 'sei': '5.32'};CHEMBL3754046;;CHEMBL3754046;4.12;0;http://www.openphacts.org/units/Nanomolar;2743685;=;1;1;=;;Ki;nM;;75000.0;CHEMBL1978;Homo sapiens;Aromatase;9606;;;Ki;uM;UO_0000065;;75.0;False
;;16432407;[];CHEMBL3756934;Competitive inhibition of human aromatase extracted from placental microsomes by Lineweaver- Burk plots analysis in presence of [1beta-3H]androstenedione;B;;;BAO_0000192;BAO_0000019;assay format;C#C[C@H](OC(C)=O)[C@]12CCC(=O)C=C1C(=O)C[C@@H]1[C@@H]2CC[C@]2(C)C(=O)CC[C@@H]12;;;CHEMBL3751755;Eur J Med Chem;2015;{'bei': '10.91', 'le': '0.20', 'lle': '1.36', 'sei': '5.39'};CHEMBL3754543;;CHEMBL3754543;4.17;0;http://www.openphacts.org/units/Nanomolar;2743686;=;1;1;=;;Ki;nM;;67000.0;CHEMBL1978;Homo sapiens;Aromatase;9606;;;Ki;uM;UO_0000065;;67.0;False
;;16432408;[];CHEMBL3756934;Competitive inhibition of human aromatase extracted from placental microsomes by Lineweaver- Burk plots analysis in presence of [1beta-3H]androstenedione;B;;;BAO_0000192;BAO_0000019;assay format;C[C@]12CCCC=C1CC[C@@H]1[C@@H]2CC[C@]2(C)C(=O)[C@H](Br)C[C@@H]12;;;CHEMBL3751755;Eur J Med Chem;2015;{'bei': '18.91', 'le': '0.43', 'lle': '1.36', 'sei': '38.91'};CHEMBL3752674;;CHEMBL3752674;6.64;0;http://www.openphacts.org/units/Nanomolar;2743698;=;1;1;=;;Ki;nM;;228.0;CHEMBL1978;Homo sapiens;Aromatase;9606;;;Ki;nM;UO_0000065;;228.0;False
;;16432409;[];CHEMBL3756934;Competitive inhibition of human aromatase extracted from placental microsomes by Lineweaver- Burk plots analysis in presence of [1beta-3H]androstenedione;B;;;BAO_0000192;BAO_0000019;assay format;C[C@]12CCCC=C1CC[C@@H]1[C@@H]2CC[C@]2(C)C(=O)[C@@H](Br)C[C@@H]12;;;CHEMBL3751755;Eur J Med Chem;2015;{'bei': '18.05', 'le': '0.41', 'lle': '1.06', 'sei': '37.15'};CHEMBL3754485;;CHEMBL3754485;6.34;0;http://www.openphacts.org/units/Nanomolar;2743699;=;1;1;=;;Ki;nM;;455.0;CHEMBL1978;Homo sapiens;Aromatase;9606;;;Ki;nM;UO_0000065;;455.0;False
;;16432410;[];CHEMBL3756934;Competitive inhibition of human aromatase extracted from placental microsomes by Lineweaver- Burk plots analysis in presence of [1beta-3H]androstenedione;B;;;BAO_0000192;BAO_0000019;assay format;C[C@]12CCC(=O)C=C1[C@@H]1[C@H]([C@@H]3[C@@H]2CC[C@]2(C)C(=O)CC[C@@H]32)C1(F)F;;;CHEMBL3751755;Eur J Med Chem;2015;{'bei': '24.82', 'le': '0.47', 'lle': '4.11', 'sei': '24.31'};CHEMBL3754061;;CHEMBL3754061;8.30;0;http://www.openphacts.org/units/Nanomolar;2743853;=;1;1;=;;Ki;nM;;5.0;CHEMBL1978;Homo sapiens;Aromatase;9606;;;Ki;nM;UO_0000065;;5.0;False
;;16432411;[];CHEMBL3756934;Competitive inhibition of human aromatase extracted from placental microsomes by Lineweaver- Burk plots analysis in presence of [1beta-3H]androstenedione;B;;;BAO_0000192;BAO_0000019;assay format;C[C@]12CC[C@H]3[C@@H]([C@H]4[C@@H](C5=CCCC[C@@]53C)C4(F)F)[C@@H]1CC[C@@H]2O;;;CHEMBL3751755;Eur J Med Chem;2015;{'bei': '25.74', 'le': '0.49', 'lle': '3.50', 'sei': '41.03'};CHEMBL3753845;;CHEMBL3753845;8.30;0;http://www.openphacts.org/units/Nanomolar;2743854;=;1;1;=;;Ki;nM;;5.0;CHEMBL1978;Homo sapiens;Aromatase;9606;;;Ki;nM;UO_0000065;;5.0;False
;;16432412;[];CHEMBL3756934;Competitive inhibition of human aromatase extracted from placental microsomes by Lineweaver- Burk plots analysis in presence of [1beta-3H]androstenedione;B;;;BAO_0000192;BAO_0000019;assay format;C[C@]12CCCC=C1[C@@H]1[C@H]([C@@H]3[C@@H]2CC[C@]2(C)C(=O)CC[C@@H]32)C1(F)F;;;CHEMBL3751755;Eur J Med Chem;2015;{'bei': '25.91', 'le': '0.49', 'lle': '3.29', 'sei': '48.63'};CHEMBL3753196;;CHEMBL3753196;8.30;0;http://www.openphacts.org/units/Nanomolar;2743855;=;1;1;=;;Ki;nM;;5.0;CHEMBL1978;Homo sapiens;Aromatase;9606;;;Ki;nM;UO_0000065;;5.0;False
;;16432413;[];CHEMBL3756937;Competitive inhibition of human aromatase extracted from placental microsomes after 10 mins by Lineweaver- Burk plots analysis in presence of [1beta-3H]androstenedione;B;;;BAO_0000192;BAO_0000019;assay format;C[C@]12C=CC(=O)C(Sc3ccccc3)=C1CC[C@@H]1[C@@H]2CC[C@]2(C)C(=O)CC[C@@H]12;;;CHEMBL3751755;Eur J Med Chem;2015;{'bei': '20.40', 'le': '0.39', 'lle': '2.03', 'sei': '23.46'};CHEMBL3752288;;CHEMBL3752288;8.01;0;http://www.openphacts.org/units/Nanomolar;2743315;=;1;1;=;;Ki;nM;;9.8;CHEMBL1978;Homo sapiens;Aromatase;9606;;;Ki;nM;UO_0000065;;9.8;False
;;16432414;[];CHEMBL3756937;Competitive inhibition of human aromatase extracted from placental microsomes after 10 mins by Lineweaver- Burk plots analysis in presence of [1beta-3H]androstenedione;B;;;BAO_0000192;BAO_0000019;assay format;C[C@]12CCC(=O)C(Sc3ccccc3)=C1C=C[C@@H]1[C@@H]2CC[C@]2(C)C(=O)CC[C@@H]12;;;CHEMBL3751755;Eur J Med Chem;2015;{'bei': '20.40', 'le': '0.39', 'lle': '2.03', 'sei': '23.46'};CHEMBL3753109;;CHEMBL3753109;8.01;0;http://www.openphacts.org/units/Nanomolar;2743316;=;1;1;=;;Ki;nM;;9.8;CHEMBL1978;Homo sapiens;Aromatase;9606;;;Ki;nM;UO_0000065;;9.8;False
;;16432415;[];CHEMBL3756937;Competitive inhibition of human aromatase extracted from placental microsomes after 10 mins by Lineweaver- Burk plots analysis in presence of [1beta-3H]androstenedione;B;;;BAO_0000192;BAO_0000019;assay format;C[C@]12C=CC(=O)C(Sc3ccccc3)=C1C=C[C@@H]1[C@@H]2CC[C@]2(C)C(=O)CC[C@@H]12;;;CHEMBL3751755;Eur J Med Chem;2015;{'bei': '20.51', 'le': '0.39', 'lle': '2.25', 'sei': '23.46'};CHEMBL3752174;;CHEMBL3752174;8.01;0;http://www.openphacts.org/units/Nanomolar;2743317;=;1;1;=;;Ki;nM;;9.8;CHEMBL1978;Homo sapiens;Aromatase;9606;;;Ki;nM;UO_0000065;;9.8;False
;;16432421;[];CHEMBL3756941;Reversible inhibition of human aromatase extracted from placental microsomes;B;;;BAO_0000192;BAO_0000019;assay format;C[C@]12CCC(=O)C=C1[C@@H](F)C[C@@H]1[C@@H]2CC[C@]2(C)C(=O)CC[C@@H]12;;;CHEMBL3751755;Eur J Med Chem;2015;{'bei': '23.85', 'le': '0.45', 'lle': '3.22', 'sei': '21.26'};CHEMBL3752818;;CHEMBL3752818;7.26;0;http://www.openphacts.org/units/Nanomolar;2743499;=;1;1;=;;Ki;nM;;55.0;CHEMBL1978;Homo sapiens;Aromatase;9606;;;Ki(app);uM;UO_0000065;;0.055;False
;;16432422;[];CHEMBL3756941;Reversible inhibition of human aromatase extracted from placental microsomes;B;;;BAO_0000192;BAO_0000019;assay format;C[C@]12CCC(=O)C=C1[C@H](F)C[C@@H]1[C@@H]2CC[C@]2(C)C(=O)CC[C@@H]12;;;CHEMBL3751755;Eur J Med Chem;2015;{'bei': '23.90', 'le': '0.45', 'lle': '3.24', 'sei': '21.31'};CHEMBL3752871;;CHEMBL3752871;7.28;0;http://www.openphacts.org/units/Nanomolar;2743500;=;1;1;=;;Ki;nM;;53.0;CHEMBL1978;Homo sapiens;Aromatase;9606;;;Ki(app);uM;UO_0000065;;0.053;False
;;16432436;[];CHEMBL3756935;Competitive inhibition of human aromatase extracted from placental microsomes after 10 mins in presence of [1beta-3H]androstenedione;B;;;BAO_0000192;BAO_0000019;assay format;C[C@H]1C[C@@H]2[C@H](CC[C@]3(C)C(=O)CC[C@@H]23)[C@@]2(C)CCC(=O)C=C12;;;CHEMBL3751755;Eur J Med Chem;2015;{'bei': '29.47', 'le': '0.55', 'lle': '4.52', 'sei': '25.93'};CHEMBL3754471;;CHEMBL3754471;8.85;0;http://www.openphacts.org/units/Nanomolar;2743501;=;1;1;=;;Ki;nM;;1.4;CHEMBL1978;Homo sapiens;Aromatase;9606;;;Ki;nM;UO_0000065;;1.4;False
;;16432437;[];CHEMBL3756935;Competitive inhibition of human aromatase extracted from placental microsomes after 10 mins in presence of [1beta-3H]androstenedione;B;;;BAO_0000192;BAO_0000019;assay format;CCCC[C@H]1C[C@@H]2[C@H](CC[C@]3(C)C(=O)CC[C@@H]23)[C@@]2(C)CCC(=O)C=C12;;;CHEMBL3751755;Eur J Med Chem;2015;{'bei': '25.85', 'le': '0.48', 'lle': '3.35', 'sei': '25.93'};CHEMBL3752668;;CHEMBL3752668;8.85;0;http://www.openphacts.org/units/Nanomolar;2743502;=;1;1;=;;Ki;nM;;1.4;CHEMBL1978;Homo sapiens;Aromatase;9606;;;Ki;nM;UO_0000065;;1.4;False
;;16432438;[];CHEMBL3756935;Competitive inhibition of human aromatase extracted from placental microsomes after 10 mins in presence of [1beta-3H]androstenedione;B;;;BAO_0000192;BAO_0000019;assay format;C[C@]12CCC(=O)C=C1[C@@H](Cc1ccccc1)C[C@@H]1[C@@H]2CC[C@]2(C)C(=O)CC[C@@H]12;;;CHEMBL3751755;Eur J Med Chem;2015;{'bei': '21.25', 'le': '0.39', 'lle': '2.44', 'sei': '23.43'};CHEMBL3752347;;CHEMBL3752347;8.00;0;http://www.openphacts.org/units/Nanomolar;2743503;=;1;1;=;;Ki;nM;;10.0;CHEMBL1978;Homo sapiens;Aromatase;9606;;;Ki;nM;UO_0000065;;10.0;False
;;16432439;[];CHEMBL3756935;Competitive inhibition of human aromatase extracted from placental microsomes after 10 mins in presence of [1beta-3H]androstenedione;B;;;BAO_0000192;BAO_0000019;assay format;C[C@@H]1C[C@@H]2[C@H](CC[C@]3(C)C(=O)CC[C@@H]23)[C@@]2(C)CCC(=O)C=C12;;;CHEMBL3751755;Eur J Med Chem;2015;{'bei': '29.47', 'le': '0.55', 'lle': '4.52', 'sei': '25.93'};CHEMBL3754220;;CHEMBL3754220;8.85;0;http://www.openphacts.org/units/Nanomolar;2743504;=;1;1;=;;Ki;nM;;1.4;CHEMBL1978;Homo sapiens;Aromatase;9606;;;Ki;nM;UO_0000065;;1.4;False
;;16432440;[];CHEMBL3756935;Competitive inhibition of human aromatase extracted from placental microsomes after 10 mins in presence of [1beta-3H]androstenedione;B;;;BAO_0000192;BAO_0000019;assay format;CC[C@@H]1C[C@@H]2[C@H](CC[C@]3(C)C(=O)CC[C@@H]23)[C@@]2(C)CCC(=O)C=C12;;;CHEMBL3751755;Eur J Med Chem;2015;{'bei': '28.15', 'le': '0.53', 'lle': '4.13', 'sei': '25.93'};CHEMBL3752661;;CHEMBL3752661;8.85;0;http://www.openphacts.org/units/Nanomolar;2743505;=;1;1;=;;Ki;nM;;1.4;CHEMBL1978;Homo sapiens;Aromatase;9606;;;Ki;nM;UO_0000065;;1.4;False
;;16432441;[];CHEMBL3756935;Competitive inhibition of human aromatase extracted from placental microsomes after 10 mins in presence of [1beta-3H]androstenedione;B;;;BAO_0000192;BAO_0000019;assay format;CCCC[C@@H]1C[C@@H]2[C@H](CC[C@]3(C)C(=O)CC[C@@H]23)[C@@]2(C)CCC(=O)C=C12;;;CHEMBL3751755;Eur J Med Chem;2015;{'bei': '25.85', 'le': '0.48', 'lle': '3.35', 'sei': '25.93'};CHEMBL3752102;;CHEMBL3752102;8.85;0;http://www.openphacts.org/units/Nanomolar;2743506;=;1;1;=;;Ki;nM;;1.4;CHEMBL1978;Homo sapiens;Aromatase;9606;;;Ki;nM;UO_0000065;;1.4;False
;;16432442;[];CHEMBL3756935;Competitive inhibition of human aromatase extracted from placental microsomes after 10 mins in presence of [1beta-3H]androstenedione;B;;;BAO_0000192;BAO_0000019;assay format;C=C[C@@H]1C[C@@H]2[C@H](CC[C@]3(C)C(=O)CC[C@@H]23)[C@@]2(C)CCC(=O)C=C12;;;CHEMBL3751755;Eur J Med Chem;2015;{'bei': '26.54', 'le': '0.49', 'lle': '3.79', 'sei': '24.29'};CHEMBL3753920;;CHEMBL3753920;8.29;0;http://www.openphacts.org/units/Nanomolar;2743507;=;1;1;=;;Ki;nM;;5.1;CHEMBL1978;Homo sapiens;Aromatase;9606;;;Ki;nM;UO_0000065;;5.1;False
;;16432443;[];CHEMBL3756935;Competitive inhibition of human aromatase extracted from placental microsomes after 10 mins in presence of [1beta-3H]androstenedione;B;;;BAO_0000192;BAO_0000019;assay format;C/C=C1\C[C@@H]2[C@H](CC[C@]3(C)C(=O)CC[C@@H]23)[C@@]2(C)CCC(=O)C=C12;;;CHEMBL3751755;Eur J Med Chem;2015;{'bei': '26.60', 'le': '0.49', 'lle': '3.67', 'sei': '24.34'};CHEMBL3753629;;CHEMBL3753629;8.31;0;http://www.openphacts.org/units/Nanomolar;2743508;=;1;1;=;;Ki;nM;;4.9;CHEMBL1978;Homo sapiens;Aromatase;9606;;;Ki;nM;UO_0000065;;4.9;False
;;16432444;[];CHEMBL3756935;Competitive inhibition of human aromatase extracted from placental microsomes after 10 mins in presence of [1beta-3H]androstenedione;B;;;BAO_0000192;BAO_0000019;assay format;C#CC[C@H]1C[C@@H]2[C@H](CC[C@]3(C)C(=O)CC[C@@H]23)[C@@]2(C)CCC(=O)C=C12;;;CHEMBL3751755;Eur J Med Chem;2015;{'bei': '22.91', 'le': '0.42', 'lle': '3.09', 'sei': '21.77'};CHEMBL3753724;;CHEMBL3753724;7.43;0;http://www.openphacts.org/units/Nanomolar;2743509;=;1;1;=;;Ki;nM;;37.0;CHEMBL1978;Homo sapiens;Aromatase;9606;;;Ki;nM;UO_0000065;;37.0;False
;;16432445;[];CHEMBL3756935;Competitive inhibition of human aromatase extracted from placental microsomes after 10 mins in presence of [1beta-3H]androstenedione;B;;;BAO_0000192;BAO_0000019;assay format;C#CC[C@@H]1C[C@@H]2[C@H](CC[C@]3(C)C(=O)CC[C@@H]23)[C@@]2(C)CCC(=O)C=C12;;;CHEMBL3751755;Eur J Med Chem;2015;{'bei': '24.66', 'le': '0.46', 'lle': '3.66', 'sei': '23.43'};CHEMBL3753776;;CHEMBL3753776;8.00;0;http://www.openphacts.org/units/Nanomolar;2743510;=;1;1;=;;Ki;nM;;10.0;CHEMBL1978;Homo sapiens;Aromatase;9606;;;Ki;nM;UO_0000065;;10.0;False
;;16432450;[];CHEMBL3756944;Inhibition of aromatase (unknown origin);B;;;BAO_0000192;BAO_0000357;single protein format;C[C@]12CC[C@H]3[C@@H](CCC4=CC(=O)CC[C@@]43[C@@H]3CO3)[C@@H]1CCC2=O;;;CHEMBL3751755;Eur J Med Chem;2015;{'bei': '28.62', 'le': '0.53', 'lle': '5.53', 'sei': '19.28'};CHEMBL3753593;;CHEMBL3753593;9.00;0;http://www.openphacts.org/units/Nanomolar;2743666;=;1;1;=;;Ki;nM;;1.0;CHEMBL1978;Homo sapiens;Aromatase;9606;;;Ki;nM;UO_0000065;;1.0;False
;;16432451;[];CHEMBL3756944;Inhibition of aromatase (unknown origin);B;;;BAO_0000192;BAO_0000357;single protein format;C[C@]12CC[C@H]3[C@@H](CCC4=CC(=O)CC[C@@]43[C@H]3CO3)[C@@H]1CCC2=O;;;CHEMBL3751755;Eur J Med Chem;2015;{'bei': '22.66', 'le': '0.42', 'lle': '3.65', 'sei': '15.27'};CHEMBL3752584;;CHEMBL3752584;7.12;0;http://www.openphacts.org/units/Nanomolar;2743667;=;1;1;=;;Ki;nM;;75.0;CHEMBL1978;Homo sapiens;Aromatase;9606;;;Ki;nM;UO_0000065;;75.0;False
;;16432452;[];CHEMBL3756944;Inhibition of aromatase (unknown origin);B;;;BAO_0000192;BAO_0000357;single protein format;C[C@]12CC[C@H]3[C@@H](CCC4=CC(=O)CC[C@@]43[C@@H]3CN3)[C@@H]1CCC2=O;;;CHEMBL3751755;Eur J Med Chem;2015;{'bei': '27.02', 'le': '0.50', 'lle': '5.43', 'sei': '15.10'};CHEMBL3752276;;CHEMBL3752276;8.47;0;http://www.openphacts.org/units/Nanomolar;2743670;=;1;1;=;;Ki;nM;;3.4;CHEMBL1978;Homo sapiens;Aromatase;9606;;;Ki;nM;UO_0000065;;3.4;False
;;16432453;[];CHEMBL3756944;Inhibition of aromatase (unknown origin);B;;;BAO_0000192;BAO_0000357;single protein format;C[C@]12CC[C@H]3[C@@H](CCC4=CC(=O)CC[C@@]43[C@H]3CN3)[C@@H]1CCC2=O;;;CHEMBL3751755;Eur J Med Chem;2015;{'bei': '27.02', 'le': '0.50', 'lle': '5.43', 'sei': '15.10'};CHEMBL3752897;;CHEMBL3752897;8.47;0;http://www.openphacts.org/units/Nanomolar;2743671;=;1;1;=;;Ki;nM;;3.4;CHEMBL1978;Homo sapiens;Aromatase;9606;;;Ki;nM;UO_0000065;;3.4;False
;;16432454;[];CHEMBL3756944;Inhibition of aromatase (unknown origin);B;;;BAO_0000192;BAO_0000357;single protein format;C[C@]12CC[C@H]3[C@@H](CCC4=CC(=O)CC[C@@]43[C@@H]3CN3)[C@@H]1CC[C@@H]2O;;;CHEMBL3751755;Eur J Med Chem;2015;{'bei': '26.84', 'le': '0.50', 'lle': '5.64', 'sei': '14.30'};CHEMBL3754519;;CHEMBL3754519;8.47;0;http://www.openphacts.org/units/Nanomolar;2743672;=;1;1;=;;Ki;nM;;3.4;CHEMBL1978;Homo sapiens;Aromatase;9606;;;Ki;nM;UO_0000065;;3.4;False
;;16432455;[];CHEMBL3756944;Inhibition of aromatase (unknown origin);B;;;BAO_0000192;BAO_0000357;single protein format;C[C@]12CC[C@H]3[C@@H](CCC4=CC(=O)CC[C@@]43[C@H]3CN3)[C@@H]1CC[C@@H]2O;;;CHEMBL3751755;Eur J Med Chem;2015;{'bei': '26.84', 'le': '0.50', 'lle': '5.64', 'sei': '14.30'};CHEMBL3752403;;CHEMBL3752403;8.47;0;http://www.openphacts.org/units/Nanomolar;2743673;=;1;1;=;;Ki;nM;;3.4;CHEMBL1978;Homo sapiens;Aromatase;9606;;;Ki;nM;UO_0000065;;3.4;False
;;16432460;[];CHEMBL3756944;Inhibition of aromatase (unknown origin);B;;;BAO_0000192;BAO_0000357;single protein format;CC1(C)C[C@@]2(C)C(=CC1=O)C(=O)C[C@@H]1[C@@H]2CC[C@]2(C)C(=O)CC[C@@H]12;;;CHEMBL3751755;Eur J Med Chem;2015;{'bei': '23.15', 'le': '0.43', 'lle': '3.70', 'sei': '14.84'};CHEMBL3754222;;CHEMBL3754222;7.60;0;http://www.openphacts.org/units/Nanomolar;2743856;=;1;1;=;;Ki;nM;;25.0;CHEMBL1978;Homo sapiens;Aromatase;9606;;;Ki;nM;UO_0000065;;25.0;False
;;16432461;[];CHEMBL3756944;Inhibition of aromatase (unknown origin);B;;;BAO_0000192;BAO_0000357;single protein format;CC1(C)C[C@@]2(C)C(=C(O)C1=O)C(=O)C[C@@H]1[C@@H]2CC[C@]2(C)C(=O)CC[C@@H]12;;;CHEMBL3751755;Eur J Med Chem;2015;{'bei': '21.48', 'le': '0.40', 'lle': '3.61', 'sei': '10.36'};CHEMBL3752192;;CHEMBL3752192;7.40;0;http://www.openphacts.org/units/Nanomolar;2743857;=;1;1;=;;Ki;nM;;40.0;CHEMBL1978;Homo sapiens;Aromatase;9606;;;Ki;nM;UO_0000065;;40.0;False
;;16432462;[];CHEMBL3756944;Inhibition of aromatase (unknown origin);B;;;BAO_0000192;BAO_0000357;single protein format;C[C@]12CCC(=O)C(O)=C1C(=O)C[C@@H]1[C@@H]2CC[C@]2(C)C(=O)CC[C@@H]12;;;CHEMBL3751755;Eur J Med Chem;2015;{'bei': '23.31', 'le': '0.44', 'lle': '4.23', 'sei': '10.33'};CHEMBL3754696;;CHEMBL3754696;7.38;0;http://www.openphacts.org/units/Nanomolar;2743858;=;1;1;=;;Ki;nM;;42.0;CHEMBL1978;Homo sapiens;Aromatase;9606;;;Ki;nM;UO_0000065;;42.0;False
;;16432467;[];CHEMBL3756945;Competitive inhibition of human aromatase extracted from placental microsomes in presence of [1beta-3H]androstenedione;B;;;BAO_0000192;BAO_0000019;assay format;C[C@]12C=CC(=O)C=C1C[C@@H](Sc1ccc(N)cc1)[C@@H]1[C@@H]2CC[C@]2(C)C(=O)CC[C@@H]12;;;CHEMBL3751755;Eur J Med Chem;2015;{'bei': '19.64', 'le': '0.38', 'lle': '2.78', 'sei': '13.31'};CHEMBL3349548;;CHEMBL3349548;8.00;1;http://www.openphacts.org/units/Nanomolar;2743515;=;1;1;=;;Ki;nM;;9.9;CHEMBL1978;Homo sapiens;Aromatase;9606;;;Ki;nM;UO_0000065;;9.9;False
;;16432468;[];CHEMBL3756945;Competitive inhibition of human aromatase extracted from placental microsomes in presence of [1beta-3H]androstenedione;B;;;BAO_0000192;BAO_0000019;assay format;C[C@]12C=CC(=O)C=C1C=C(c1ccccc1)[C@@H]1[C@@H]2CC[C@]2(C)C(=O)CC[C@@H]12;;;CHEMBL3751755;Eur J Med Chem;2015;{'bei': '15.77', 'le': '0.29', 'lle': '0.48', 'sei': '16.56'};CHEMBL3752208;;CHEMBL3752208;5.65;0;http://www.openphacts.org/units/Nanomolar;2743516;=;1;1;=;;Ki;nM;;2220.0;CHEMBL1978;Homo sapiens;Aromatase;9606;;;Ki;nM;UO_0000065;;2220.0;False
;;16432469;[];CHEMBL3756945;Competitive inhibition of human aromatase extracted from placental microsomes in presence of [1beta-3H]androstenedione;B;;;BAO_0000192;BAO_0000019;assay format;C[C@]12C=CC(=O)C=C1C=C(Cc1ccccc1)[C@@H]1[C@@H]2CC[C@]2(C)C(=O)CC[C@@H]12;;;CHEMBL3751755;Eur J Med Chem;2015;{'bei': '19.37', 'le': '0.35', 'lle': '1.97', 'sei': '21.13'};CHEMBL3754204;;CHEMBL3754204;7.21;0;http://www.openphacts.org/units/Nanomolar;2743517;=;1;1;=;;Ki;nM;;60.9;CHEMBL1978;Homo sapiens;Aromatase;9606;;;Ki;nM;UO_0000065;;60.9;False
;;16432470;[];CHEMBL3756945;Competitive inhibition of human aromatase extracted from placental microsomes in presence of [1beta-3H]androstenedione;B;;;BAO_0000192;BAO_0000019;assay format;C[C@]12C=CC(=O)C=C1C=C(CCc1ccccc1)[C@@H]1[C@@H]2CC[C@]2(C)C(=O)CC[C@@H]12;;;CHEMBL3751755;Eur J Med Chem;2015;{'bei': '17.50', 'le': '0.32', 'lle': '1.12', 'sei': '19.81'};CHEMBL3754054;;CHEMBL3754054;6.76;0;http://www.openphacts.org/units/Nanomolar;2743518;=;1;1;=;;Ki;nM;;172.0;CHEMBL1978;Homo sapiens;Aromatase;9606;;;Ki;nM;UO_0000065;;172.0;False
;;16432475;[];CHEMBL3756948;Competitive inhibition of human aromatase extracted from placental microsomes by Lineweaver- Burk plots analysis in presence of 4-androstene-3,17-dione;B;;;BAO_0000192;BAO_0000019;assay format;C[C@]12CCC(=O)C=C1C[C@@H](Sc1ccc(Nc3ccc([N+](=O)[O-])cc3[N+](=O)[O-])cc1)[C@@H]1[C@@H]2CC[C@]2(C)C(=O)CC[C@@H]12;;;CHEMBL3751755;Eur J Med Chem;2015;{'bei': '13.23', 'le': '0.25', 'lle': '0.20', 'sei': '5.75'};CHEMBL3754567;;CHEMBL3754567;7.62;0;http://www.openphacts.org/units/Nanomolar;2743649;=;1;1;=;;Ki;nM;;24.1;CHEMBL1978;Homo sapiens;Aromatase;9606;;;Ki;nM;UO_0000065;;24.1;False
;;16432476;[];CHEMBL3756948;Competitive inhibition of human aromatase extracted from placental microsomes by Lineweaver- Burk plots analysis in presence of 4-androstene-3,17-dione;B;;;BAO_0000192;BAO_0000019;assay format;CN(C)c1cccc2c(S(=O)(=O)Nc3ccc(S[C@@H]4CC5=CC(=O)CC[C@]5(C)[C@H]5CC[C@]6(C)C(=O)CC[C@H]6[C@H]45)cc3)cccc12;;;CHEMBL3751755;Eur J Med Chem;2015;{'bei': '11.85', 'le': '0.23', 'lle': '-0.26', 'sei': '9.12'};CHEMBL3752031;;CHEMBL3752031;7.62;0;http://www.openphacts.org/units/Nanomolar;2743650;=;1;1;=;;Ki;nM;;24.1;CHEMBL1978;Homo sapiens;Aromatase;9606;;;Ki;nM;UO_0000065;;24.1;False
;;16432477;[];CHEMBL3756948;Competitive inhibition of human aromatase extracted from placental microsomes by Lineweaver- Burk plots analysis in presence of 4-androstene-3,17-dione;B;;;BAO_0000192;BAO_0000019;assay format;C[C@]12CCC(=O)C=C1C[C@@H](Sc1cccc3ccccc13)[C@@H]1[C@@H]2CC[C@]2(C)C(=O)CC[C@@H]12;;;CHEMBL3751755;Eur J Med Chem;2015;{'bei': '17.13', 'le': '0.33', 'lle': '0.61', 'sei': '22.31'};CHEMBL3754433;;CHEMBL3754433;7.62;0;http://www.openphacts.org/units/Nanomolar;2743651;=;1;1;=;;Ki;nM;;24.1;CHEMBL1978;Homo sapiens;Aromatase;9606;;;Ki;nM;UO_0000065;;24.1;False
;;16432478;[];CHEMBL3756948;Competitive inhibition of human aromatase extracted from placental microsomes by Lineweaver- Burk plots analysis in presence of 4-androstene-3,17-dione;B;;;BAO_0000192;BAO_0000019;assay format;C[C@]12CCC(=O)C=C1C[C@@H](Sc1ccc3ccccc3c1)[C@@H]1[C@@H]2CC[C@]2(C)C(=O)CC[C@@H]12;;;CHEMBL3751755;Eur J Med Chem;2015;{'bei': '17.13', 'le': '0.33', 'lle': '0.61', 'sei': '22.31'};CHEMBL3753120;;CHEMBL3753120;7.62;0;http://www.openphacts.org/units/Nanomolar;2743652;=;1;1;=;;Ki;nM;;24.1;CHEMBL1978;Homo sapiens;Aromatase;9606;;;Ki;nM;UO_0000065;;24.1;False
;;16432479;[];CHEMBL3756949;Competitive inhibition of human aromatase extracted from placental microsomes by double reciprocal plot analysis in presence of 4-androstene-3,17-dione;B;;;BAO_0000192;BAO_0000019;assay format;C[C@]12C=CC(=O)C=C1C[C@@H](Sc1cccc3ccccc13)[C@@H]1[C@@H]2CC[C@]2(C)C(=O)CC[C@@H]12;;;CHEMBL3751755;Eur J Med Chem;2015;{'bei': '17.90', 'le': '0.34', 'lle': '1.13', 'sei': '23.20'};CHEMBL3752771;;CHEMBL3752771;7.92;0;http://www.openphacts.org/units/Nanomolar;2743653;=;1;1;=;;Ki;nM;;12.0;CHEMBL1978;Homo sapiens;Aromatase;9606;;;Ki(app);nM;UO_0000065;;12.0;False
;;16432480;[];CHEMBL3756949;Competitive inhibition of human aromatase extracted from placental microsomes by double reciprocal plot analysis in presence of 4-androstene-3,17-dione;B;;;BAO_0000192;BAO_0000019;assay format;C[C@]12C=CC(=O)C=C1C[C@@H](Sc1ccc3ccccc3c1)[C@@H]1[C@@H]2CC[C@]2(C)C(=O)CC[C@@H]12;;;CHEMBL3751755;Eur J Med Chem;2015;{'bei': '17.90', 'le': '0.34', 'lle': '1.13', 'sei': '23.20'};CHEMBL3752073;;CHEMBL3752073;7.92;0;http://www.openphacts.org/units/Nanomolar;2743654;=;1;1;=;;Ki;nM;;12.0;CHEMBL1978;Homo sapiens;Aromatase;9606;;;Ki(app);nM;UO_0000065;;12.0;False
;;16432486;[];CHEMBL3756952;Time dependent inhibition of human aromatase extracted from placental microsomes using [1beta,2beta-3H]-testosterone as substrate after 10 mins by scintillation counting analysis;B;;;BAO_0000192;BAO_0000019;assay format;CS[C@]12C=CC(=O)C=C1CC[C@H]1[C@@H]3CC[C@H](O)[C@@]3(C)CC[C@@H]12;;;CHEMBL3751755;Eur J Med Chem;2015;{'bei': '19.51', 'le': '0.39', 'lle': '2.46', 'sei': '16.66'};CHEMBL3754681;;CHEMBL3754681;6.21;0;http://www.openphacts.org/units/Nanomolar;2743658;=;1;1;=;;Ki;nM;;610.0;CHEMBL1978;Homo sapiens;Aromatase;9606;;;Ki;10'-7M;UO_0000065;;6.1;False
;;16432487;[];CHEMBL3756953;Irreversible inhibition of human aromatase extracted from placental microsomes by double reciprocal plot analysis in presence of [1beta,2beta-3H]androstenedione;B;;;BAO_0000192;BAO_0000019;assay format;C[C@]12CC[C@H]3[C@@H](CCC4=CC(=O)CC[C@@]43S)[C@@H]1CC[C@@H]2O;;;CHEMBL3751755;Eur J Med Chem;2015;{'bei': '22.76', 'le': '0.45', 'lle': '3.43', 'sei': '18.70'};CHEMBL3754530;;CHEMBL3754530;6.97;0;http://www.openphacts.org/units/Nanomolar;2743665;=;1;1;=;;Ki;nM;;106.0;CHEMBL1978;Homo sapiens;Aromatase;9606;;;Ki;nM;UO_0000065;;106.0;False
;;16432488;[];CHEMBL3756954;Time dependent inhibition of human aromatase extracted from placental microsomes;B;;;BAO_0000192;BAO_0000019;assay format;C[C@]12CC[C@H]3[C@@H](CCC4=CC(=O)CC[C@@]43[C@@H]3CO3)[C@@H]1CCC2=O;;;CHEMBL3751755;Eur J Med Chem;2015;{'bei': '25.94', 'le': '0.48', 'lle': '4.68', 'sei': '17.47'};CHEMBL3753593;;CHEMBL3753593;8.15;0;http://www.openphacts.org/units/Nanomolar;2743666;=;1;1;=;;Ki;nM;;7.0;CHEMBL1978;Homo sapiens;Aromatase;9606;;;Ki;nM;UO_0000065;;7.0;False
;;16432489;[];CHEMBL3756954;Time dependent inhibition of human aromatase extracted from placental microsomes;B;;;BAO_0000192;BAO_0000019;assay format;C[C@]12CC[C@H]3[C@@H](CCC4=CC(=O)CC[C@@]43[C@H]3CO3)[C@@H]1CCC2=O;;;CHEMBL3751755;Eur J Med Chem;2015;{'bei': '22.66', 'le': '0.42', 'lle': '3.65', 'sei': '15.27'};CHEMBL3752584;;CHEMBL3752584;7.12;0;http://www.openphacts.org/units/Nanomolar;2743667;=;1;1;=;;Ki;nM;;75.0;CHEMBL1978;Homo sapiens;Aromatase;9606;;;Ki;nM;UO_0000065;;75.0;False
;;16432490;[];CHEMBL3756955;Competitive inhibition of human aromatase extracted from placental microsomes in presence of androstenedione;B;;;BAO_0000192;BAO_0000019;assay format;C[C@]12CC[C@H]3[C@@H](CCC4=CC(=O)CC[C@@]43[C@@H]3CO3)[C@@H]1CCC2=O;;;CHEMBL3751755;Eur J Med Chem;2015;{'bei': '25.44', 'le': '0.48', 'lle': '4.53', 'sei': '17.14'};CHEMBL3753593;;CHEMBL3753593;8.00;0;http://www.openphacts.org/units/Nanomolar;2743666;=;1;1;=;;Ki;nM;;10.0;CHEMBL1978;Homo sapiens;Aromatase;9606;;;Ki;nM;UO_0000065;;10.0;False
;;16432491;[];CHEMBL3756955;Competitive inhibition of human aromatase extracted from placental microsomes in presence of androstenedione;B;;;BAO_0000192;BAO_0000019;assay format;C[C@]12CC[C@H]3[C@@H](CCC4=CC(=O)CC[C@@]43[C@@H]3CS3)[C@@H]1CCC2=O;;;CHEMBL3751755;Eur J Med Chem;2015;{'bei': '26.32', 'le': '0.52', 'lle': '4.52', 'sei': '25.48'};CHEMBL3752770;;CHEMBL3752770;8.70;0;http://www.openphacts.org/units/Nanomolar;2743668;=;1;1;=;;Ki;nM;;2.0;CHEMBL1978;Homo sapiens;Aromatase;9606;;;Ki;nM;UO_0000065;;2.0;False
;;16432492;[];CHEMBL3756955;Competitive inhibition of human aromatase extracted from placental microsomes in presence of androstenedione;B;;;BAO_0000192;BAO_0000019;assay format;C[C@]12C=CC(=O)C=C1CC[C@@H]1[C@@H]2CC[C@]2(C)C(=O)CC[C@@H]12;;;CHEMBL3751755;Eur J Med Chem;2015;{'bei': '23.15', 'le': '0.43', 'lle': '2.73', 'sei': '19.29'};CHEMBL1078534;ANDROSTENEDONE;CHEMBL1078534;6.58;1;http://www.openphacts.org/units/Nanomolar;2743715;=;1;1;=;;Ki;nM;;260.0;CHEMBL1978;Homo sapiens;Aromatase;9606;;;Ki;uM;UO_0000065;;0.26;False
;;16432493;[];CHEMBL3756955;Competitive inhibition of human aromatase extracted from placental microsomes in presence of androstenedione;B;;;BAO_0000192;BAO_0000019;assay format;C[C@]12CC[C@H]3[C@@H](CCC4=CC(=O)C=C[C@@]43C)[C@@H]1CC[C@@H]2O;;;CHEMBL3751755;Eur J Med Chem;2015;{'bei': '22.99', 'le': '0.43', 'lle': '2.93', 'sei': '17.65'};CHEMBL209073;;CHEMBL209073;6.58;0;http://www.openphacts.org/units/Nanomolar;2743716;=;1;1;=;;Ki;nM;;260.0;CHEMBL1978;Homo sapiens;Aromatase;9606;;;Ki;uM;UO_0000065;;0.26;False
;;16432494;[];CHEMBL3756955;Competitive inhibition of human aromatase extracted from placental microsomes in presence of androstenedione;B;;;BAO_0000192;BAO_0000019;assay format;C[C@]12C=CC(=O)C=C1CC[C@@H]1[C@@H]2CC[C@]2(C)C(=O)OC[C@@H]12;;;CHEMBL3751755;Eur J Med Chem;2015;{'bei': '22.99', 'le': '0.43', 'lle': '3.53', 'sei': '15.18'};CHEMBL3085491;;CHEMBL3085491;6.58;0;http://www.openphacts.org/units/Nanomolar;2743717;=;1;1;=;;Ki;nM;;260.0;CHEMBL1978;Homo sapiens;Aromatase;9606;;;Ki;uM;UO_0000065;;0.26;False
;;16432495;[];CHEMBL3756955;Competitive inhibition of human aromatase extracted from placental microsomes in presence of androstenedione;B;;;BAO_0000192;BAO_0000019;assay format;C[C@@]12CCC[C@H]1[C@@H]1CCC3=CC(=O)C=C[C@]3(C)[C@H]1CC2;;;CHEMBL3751755;Eur J Med Chem;2015;{'bei': '24.35', 'le': '0.45', 'lle': '1.91', 'sei': '38.58'};CHEMBL3752359;;CHEMBL3752359;6.58;0;http://www.openphacts.org/units/Nanomolar;2743718;=;1;1;=;;Ki;nM;;260.0;CHEMBL1978;Homo sapiens;Aromatase;9606;;;Ki;uM;UO_0000065;;0.26;False
;;16432498;[];CHEMBL3756956;Competitive inhibition of aromatase (unknown origin);B;;;BAO_0000192;BAO_0000357;single protein format;CSC[C@]12CCC(=O)C=C1CC[C@@H]1[C@@H]2CC[C@]2(C)C(=O)CC[C@@H]12;;;CHEMBL3751755;Eur J Med Chem;2015;{'bei': '27.07', 'le': '0.53', 'lle': '4.57', 'sei': '26.36'};CHEMBL3753548;;CHEMBL3753548;9.00;0;http://www.openphacts.org/units/Nanomolar;2743679;=;1;1;=;;Ki;nM;;1.0;CHEMBL1978;Homo sapiens;Aromatase;9606;;;Ki;nM;UO_0000065;;1.0;False
;;16432499;[];CHEMBL3756956;Competitive inhibition of aromatase (unknown origin);B;;;BAO_0000192;BAO_0000357;single protein format;C[C@]12CC[C@H]3[C@@H](CCC4=CC(=O)[C@H]5CC[C@]43C5)[C@@H]1CCC2=O;;;CHEMBL3751755;Eur J Med Chem;2015;{'bei': '16.75', 'le': '0.31', 'lle': '0.91', 'sei': '14.65'};CHEMBL3753369;;CHEMBL3753369;5.00;0;http://www.openphacts.org/units/Nanomolar;2743845;=;1;1;=;;Ki;nM;;10000.0;CHEMBL1978;Homo sapiens;Aromatase;9606;;;Ki;uM;UO_0000065;;10.0;False
;;16432500;[];CHEMBL3756956;Competitive inhibition of aromatase (unknown origin);B;;;BAO_0000192;BAO_0000357;single protein format;C=CC1O[C@]2(O)CC[C@]13C(=CC[C@@H]1[C@@H]3CC[C@]3(C)C(=O)CC[C@@H]13)C2;;;CHEMBL3751755;Eur J Med Chem;2015;{'bei': '15.22', 'le': '0.28', 'lle': '1.23', 'sei': '10.75'};CHEMBL3753736;;CHEMBL3753736;5.00;0;http://www.openphacts.org/units/Nanomolar;2743846;=;1;1;=;;Ki;nM;;10000.0;CHEMBL1978;Homo sapiens;Aromatase;9606;;;Ki;uM;UO_0000065;;10.0;False
;;16432501;[];CHEMBL3756956;Competitive inhibition of aromatase (unknown origin);B;;;BAO_0000192;BAO_0000357;single protein format;C[C@]12CC[C@H]3[C@@H](CC=C4[C@H]5CSC[C@]43CCC5=O)[C@@H]1CCC2=O;;;CHEMBL3751755;Eur J Med Chem;2015;{'bei': '15.13', 'le': '0.30', 'lle': '0.96', 'sei': '14.65'};CHEMBL3751987;;CHEMBL3751987;5.00;0;http://www.openphacts.org/units/Nanomolar;2743847;=;1;1;=;;Ki;nM;;10000.0;CHEMBL1978;Homo sapiens;Aromatase;9606;;;Ki;uM;UO_0000065;;10.0;False
;;16432502;[];CHEMBL3756956;Competitive inhibition of aromatase (unknown origin);B;;;BAO_0000192;BAO_0000357;single protein format;C[C@]12CCC3C(C[C@H]4COC[C@@]35CCC(=O)C=C45)C1CCC2=O;;;CHEMBL3751755;Eur J Med Chem;2015;{'bei': '15.90', 'le': '0.30', 'lle': '1.68', 'sei': '11.53'};CHEMBL5072827;;CHEMBL5072827;5.00;0;http://www.openphacts.org/units/Nanomolar;2743848;=;1;1;=;;Ki;nM;;10000.0;CHEMBL1978;Homo sapiens;Aromatase;9606;;;Ki;uM;UO_0000065;;10.0;False
;;16432503;[];CHEMBL3756957;Time dependent inactivation of human aromatase extracted from placental microsomes using [1,2-3H]androst-4-ene-3,17-dione;B;;;BAO_0000192;BAO_0000019;assay format;C[C@]12CC[C@H]3[C@@H](CCC4=CC(=O)CC[C@@]43C(F)F)[C@@H]1CCC2=O;;;CHEMBL3751755;Eur J Med Chem;2015;{'bei': '18.61', 'le': '0.36', 'lle': '1.67', 'sei': '17.57'};CHEMBL3753997;;CHEMBL3753997;6.00;0;http://www.openphacts.org/units/Nanomolar;2743674;=;1;1;=;;Ki;nM;;1000.0;CHEMBL1978;Homo sapiens;Aromatase;9606;;;Ki;uM;UO_0000065;;1.0;False
;;16432505;[];CHEMBL3756958;Time dependent inhibition of human aromatase extracted from placental microsomes using using [1beta,2beta-3H]androstenedione as substrate by scintillation counting analysis;B;;;BAO_0000192;BAO_0000019;assay format;C[C@]12CC[C@H]3[C@@H](CCC4=CC(=O)CC[C@@]43CS)[C@@H]1CCC2=O;;;CHEMBL3751755;Eur J Med Chem;2015;{'bei': '23.45', 'le': '0.46', 'lle': '3.47', 'sei': '21.88'};CHEMBL3754311;;CHEMBL3754311;7.47;0;http://www.openphacts.org/units/Nanomolar;2743675;=;1;1;=;;Ki;nM;;34.0;CHEMBL1978;Homo sapiens;Aromatase;9606;;;Ki;nM;UO_0000065;;34.0;False
;;16432508;[];CHEMBL3756960;Competitive inhibition of human aromatase extracted from placental microsomes by Dixon plot analysis in presence of [1,2-3H]androstenedione;B;;;BAO_0000192;BAO_0000019;assay format;C[C@]12CC[C@H]3[C@@H](CCC4=CCCC[C@@]43CO)[C@@H]1CCC2=O;;;CHEMBL3751755;Eur J Med Chem;2015;{'bei': '27.40', 'le': '0.51', 'lle': '4.02', 'sei': '21.19'};CHEMBL1629805;;CHEMBL1629805;7.90;1;http://www.openphacts.org/units/Nanomolar;2743680;=;1;1;=;;Ki;nM;;12.5;CHEMBL1978;Homo sapiens;Aromatase;9606;;;Ki;nM;UO_0000065;;12.5;False
;;16432509;[];CHEMBL3756961;Competitive inhibition of human aromatase extracted from placental microsomes by Lineweaver- Burk plots analysis in presence of [1beta-3H]-androst-4-ene-3,17-dione;B;;;BAO_0000192;BAO_0000019;assay format;C[C@]12CC[C@H]3[C@@H](CCC4=CC(=O)CC[C@@]43C[C@@H]3CS3)[C@@H]1CCC2=O;;;CHEMBL3751755;Eur J Med Chem;2015;{'bei': '19.41', 'le': '0.38', 'lle': '2.12', 'sei': '19.58'};CHEMBL2113276;;CHEMBL2113276;6.69;1;http://www.openphacts.org/units/Nanomolar;2743691;=;1;1;=;;Ki;nM;;206.0;CHEMBL1978;Homo sapiens;Aromatase;9606;;;Ki;nM;UO_0000065;;206.0;False
;;16432510;[];CHEMBL3756961;Competitive inhibition of human aromatase extracted from placental microsomes by Lineweaver- Burk plots analysis in presence of [1beta-3H]-androst-4-ene-3,17-dione;B;;;BAO_0000192;BAO_0000019;assay format;C[C@]12CC[C@H]3[C@@H](CCC4=CC(=O)CC[C@@]43C[C@H]3CS3)[C@@H]1CCC2=O;;;CHEMBL3751755;Eur J Med Chem;2015;{'bei': '22.23', 'le': '0.44', 'lle': '3.09', 'sei': '22.43'};CHEMBL2113272;;CHEMBL2113272;7.66;1;http://www.openphacts.org/units/Nanomolar;2743692;=;1;1;=;;Ki;nM;;22.0;CHEMBL1978;Homo sapiens;Aromatase;9606;;;Ki;nM;UO_0000065;;22.0;False
;;16432511;[];CHEMBL3756961;Competitive inhibition of human aromatase extracted from placental microsomes by Lineweaver- Burk plots analysis in presence of [1beta-3H]-androst-4-ene-3,17-dione;B;;;BAO_0000192;BAO_0000019;assay format;C[C@]12CC[C@H]3[C@@H](CCC4=CC(=O)CC[C@@]43C[C@@H]3CO3)[C@@H]1CCC2=O;;;CHEMBL3751755;Eur J Med Chem;2015;{'bei': '18.64', 'le': '0.35', 'lle': '2.26', 'sei': '13.12'};CHEMBL2113268;;CHEMBL2113268;6.12;1;http://www.openphacts.org/units/Nanomolar;2743693;=;1;1;=;;Ki;nM;;753.0;CHEMBL1978;Homo sapiens;Aromatase;9606;;;Ki;nM;UO_0000065;;753.0;False
;;16432512;[];CHEMBL3756961;Competitive inhibition of human aromatase extracted from placental microsomes by Lineweaver- Burk plots analysis in presence of [1beta-3H]-androst-4-ene-3,17-dione;B;;;BAO_0000192;BAO_0000019;assay format;C[C@]12CC[C@H]3[C@@H](CCC4=CC(=O)CC[C@@]43C[C@H]3CO3)[C@@H]1CCC2=O;;;CHEMBL3751755;Eur J Med Chem;2015;{'bei': '21.51', 'le': '0.40', 'lle': '3.21', 'sei': '15.14'};CHEMBL2113269;;CHEMBL2113269;7.07;1;http://www.openphacts.org/units/Nanomolar;2743694;=;1;1;=;;Ki;nM;;86.0;CHEMBL1978;Homo sapiens;Aromatase;9606;;;Ki;nM;UO_0000065;;86.0;False
;;16433988;[];CHEMBL3757112;Time dependent inactivation of human aromatase extracted from placental microsomes using [1-3H]androstenedione as substrate;B;;;BAO_0000192;BAO_0000019;assay format;C[C@]12CC[C@H]3[C@@H](CCC4=CC(=O)[C@H]5C[C@H](O)[C@]43C5)[C@@H]1CCC2=O;;;CHEMBL3751755;Eur J Med Chem;2015;{'bei': '19.19', 'le': '0.36', 'lle': '2.97', 'sei': '11.10'};CHEMBL3754469;;CHEMBL3754469;6.03;0;http://www.openphacts.org/units/Nanomolar;2743842;=;1;1;=;;Ki;nM;;926.0;CHEMBL1978;Homo sapiens;Aromatase;9606;;;Ki;uM;UO_0000065;;0.926;False
;;16433989;[];CHEMBL3757112;Time dependent inactivation of human aromatase extracted from placental microsomes using [1-3H]androstenedione as substrate;B;;;BAO_0000192;BAO_0000019;assay format;C[C@]12CC[C@H]3[C@@H](CCC4=CC(=O)[C@H]5C[C@@H](O)[C@]43C5)[C@@H]1CCC2=O;;;CHEMBL3751755;Eur J Med Chem;2015;{'bei': '19.27', 'le': '0.36', 'lle': '3.00', 'sei': '11.15'};CHEMBL3754133;;CHEMBL3754133;6.06;0;http://www.openphacts.org/units/Nanomolar;2743843;=;1;1;=;;Ki;nM;;870.0;CHEMBL1978;Homo sapiens;Aromatase;9606;;;Ki;uM;UO_0000065;;0.87;False
;;16433990;[];CHEMBL3757112;Time dependent inactivation of human aromatase extracted from placental microsomes using [1-3H]androstenedione as substrate;B;;;BAO_0000192;BAO_0000019;assay format;C[C@]12CC[C@H]3[C@@H](CCC4=CC(=O)[C@H]5COC[C@]43C5)[C@@H]1CCC2=O;;;CHEMBL3751755;Eur J Med Chem;2015;{'bei': '24.66', 'le': '0.46', 'lle': '4.43', 'sei': '17.88'};CHEMBL3754275;;CHEMBL3754275;7.75;0;http://www.openphacts.org/units/Nanomolar;2743844;=;1;1;=;;Ki;nM;;17.6;CHEMBL1978;Homo sapiens;Aromatase;9606;;;Ki;nM;UO_0000065;;17.6;False
;;16434021;[];CHEMBL3756956;Competitive inhibition of aromatase (unknown origin);B;;;BAO_0000192;BAO_0000357;single protein format;C[C@]1(CC#N)CC[C@H]2[C@@H](CCC3=CC(=O)CC[C@@]32C)[C@@H]1CC#N;;;CHEMBL3751755;Eur J Med Chem;2015;{'bei': '16.11', 'le': '0.30', 'lle': '0.45', 'sei': '7.73'};CHEMBL3401050;;CHEMBL3401050;5.00;0;http://www.openphacts.org/units/Nanomolar;2743905;=;1;1;=;;Ki;nM;;10000.0;CHEMBL1978;Homo sapiens;Aromatase;9606;;;Ki;uM;UO_0000065;;10.0;False
;;16434025;[];CHEMBL3755859;Competitive inhibition of human aromatase extracted from placental microsomes after 5 mins by Dixon plot analysis in presence of [1beta-3H]AD;B;;;BAO_0000192;BAO_0000019;assay format;C[C@]12CC[C@@H]3c4ccc(O)cc4[C@H](CCCc4ccccc4)C[C@H]3[C@@H]1CCC2=O;;;CHEMBL3751755;Eur J Med Chem;2015;{'bei': '18.02', 'le': '0.33', 'lle': '0.62', 'sei': '18.77'};CHEMBL3753258;;CHEMBL3753258;7.00;0;http://www.openphacts.org/units/Nanomolar;2743903;=;1;1;=;;Ki;nM;;100.0;CHEMBL1978;Homo sapiens;Aromatase;9606;;;Ki(app);uM;UO_0000065;;0.1;False
;;16434026;[];CHEMBL3755859;Competitive inhibition of human aromatase extracted from placental microsomes after 5 mins by Dixon plot analysis in presence of [1beta-3H]AD;B;;;BAO_0000192;BAO_0000019;assay format;C[C@]12CC[C@@H]3c4ccc(O)cc4[C@@H](CCCc4ccccc4)C[C@H]3[C@@H]1CCC2=O;;;CHEMBL3751755;Eur J Med Chem;2015;{'bei': '18.02', 'le': '0.33', 'lle': '0.62', 'sei': '18.77'};CHEMBL3753824;;CHEMBL3753824;7.00;0;http://www.openphacts.org/units/Nanomolar;2743902;=;1;1;=;;Ki;nM;;100.0;CHEMBL1978;Homo sapiens;Aromatase;9606;;;Ki(app);uM;UO_0000065;;0.1;False
;;16434027;[];CHEMBL3755859;Competitive inhibition of human aromatase extracted from placental microsomes after 5 mins by Dixon plot analysis in presence of [1beta-3H]AD;B;;;BAO_0000192;BAO_0000019;assay format;C[C@]12CC[C@@H]3c4ccc(O)cc4[C@H](CCCc4ccccc4)C[C@H]3[C@@H]1CC[C@@H]2O;;;CHEMBL3751755;Eur J Med Chem;2015;{'bei': '17.92', 'le': '0.33', 'lle': '0.83', 'sei': '17.30'};CHEMBL3753971;;CHEMBL3753971;7.00;0;http://www.openphacts.org/units/Nanomolar;2743901;=;1;1;=;;Ki;nM;;100.0;CHEMBL1978;Homo sapiens;Aromatase;9606;;;Ki(app);uM;UO_0000065;;0.1;False
;;16434028;[];CHEMBL3755859;Competitive inhibition of human aromatase extracted from placental microsomes after 5 mins by Dixon plot analysis in presence of [1beta-3H]AD;B;;;BAO_0000192;BAO_0000019;assay format;C[C@]12CC[C@@H]3c4ccc(O)cc4[C@@H](CCCc4ccccc4)C[C@H]3[C@@H]1CC[C@@H]2O;;;CHEMBL3751755;Eur J Med Chem;2015;{'bei': '17.92', 'le': '0.33', 'lle': '0.83', 'sei': '17.30'};CHEMBL3752422;;CHEMBL3752422;7.00;0;http://www.openphacts.org/units/Nanomolar;2743900;=;1;1;=;;Ki;nM;;100.0;CHEMBL1978;Homo sapiens;Aromatase;9606;;;Ki(app);uM;UO_0000065;;0.1;False
;;16434029;[];CHEMBL3755859;Competitive inhibition of human aromatase extracted from placental microsomes after 5 mins by Dixon plot analysis in presence of [1beta-3H]AD;B;;;BAO_0000192;BAO_0000019;assay format;C[C@]12CC[C@@H]3c4ccc(O)cc4[C@H](Cc4ccccc4)C[C@H]3[C@@H]1CCC2=O;;;CHEMBL3751755;Eur J Med Chem;2015;{'bei': '19.42', 'le': '0.35', 'lle': '1.40', 'sei': '18.77'};CHEMBL3752402;;CHEMBL3752402;7.00;0;http://www.openphacts.org/units/Nanomolar;2743899;=;1;1;=;;Ki;nM;;100.0;CHEMBL1978;Homo sapiens;Aromatase;9606;;;Ki(app);uM;UO_0000065;;0.1;False
;;16434030;[];CHEMBL3755859;Competitive inhibition of human aromatase extracted from placental microsomes after 5 mins by Dixon plot analysis in presence of [1beta-3H]AD;B;;;BAO_0000192;BAO_0000019;assay format;C[C@]12CC[C@@H]3c4ccc(O)cc4[C@@H](Cc4ccccc4)C[C@H]3[C@@H]1CCC2=O;;;CHEMBL3751755;Eur J Med Chem;2015;{'bei': '19.42', 'le': '0.35', 'lle': '1.40', 'sei': '18.77'};CHEMBL3754455;;CHEMBL3754455;7.00;0;http://www.openphacts.org/units/Nanomolar;2743898;=;1;1;=;;Ki;nM;;100.0;CHEMBL1978;Homo sapiens;Aromatase;9606;;;Ki(app);uM;UO_0000065;;0.1;False
;;16434031;[];CHEMBL3755859;Competitive inhibition of human aromatase extracted from placental microsomes after 5 mins by Dixon plot analysis in presence of [1beta-3H]AD;B;;;BAO_0000192;BAO_0000019;assay format;C[C@]12CC[C@@H]3c4ccc(O)cc4[C@H](Cc4ccccc4)C[C@H]3[C@@H]1CC[C@@H]2O;;;CHEMBL3751755;Eur J Med Chem;2015;{'bei': '19.31', 'le': '0.35', 'lle': '1.61', 'sei': '17.30'};CHEMBL3752556;;CHEMBL3752556;7.00;0;http://www.openphacts.org/units/Nanomolar;2743897;=;1;1;=;;Ki;nM;;100.0;CHEMBL1978;Homo sapiens;Aromatase;9606;;;Ki(app);uM;UO_0000065;;0.1;False
;;16434032;[];CHEMBL3755859;Competitive inhibition of human aromatase extracted from placental microsomes after 5 mins by Dixon plot analysis in presence of [1beta-3H]AD;B;;;BAO_0000192;BAO_0000019;assay format;C[C@]12CC[C@@H]3c4ccc(O)cc4[C@@H](Cc4ccccc4)C[C@H]3[C@@H]1CC[C@@H]2O;;;CHEMBL3751755;Eur J Med Chem;2015;{'bei': '19.31', 'le': '0.35', 'lle': '1.61', 'sei': '17.30'};CHEMBL3753773;;CHEMBL3753773;7.00;0;http://www.openphacts.org/units/Nanomolar;2743896;=;1;1;=;;Ki;nM;;100.0;CHEMBL1978;Homo sapiens;Aromatase;9606;;;Ki(app);uM;UO_0000065;;0.1;False
;;16434033;[];CHEMBL3755859;Competitive inhibition of human aromatase extracted from placental microsomes after 5 mins by Dixon plot analysis in presence of [1beta-3H]AD;B;;;BAO_0000192;BAO_0000019;assay format;C[C@@H]1C[C@@H]2[C@H](CC[C@]3(C)C(=O)CC[C@@H]23)c2ccc(O)cc21;;;CHEMBL3751755;Eur J Med Chem;2015;{'bei': '24.61', 'le': '0.46', 'lle': '2.62', 'sei': '18.77'};CHEMBL3754482;;CHEMBL3754482;7.00;0;http://www.openphacts.org/units/Nanomolar;2743895;=;1;1;=;;Ki;nM;;100.0;CHEMBL1978;Homo sapiens;Aromatase;9606;;;Ki(app);uM;UO_0000065;;0.1;False
;;16434034;[];CHEMBL3755859;Competitive inhibition of human aromatase extracted from placental microsomes after 5 mins by Dixon plot analysis in presence of [1beta-3H]AD;B;;;BAO_0000192;BAO_0000019;assay format;C[C@H]1C[C@@H]2[C@H](CC[C@]3(C)C(=O)CC[C@@H]23)c2ccc(O)cc21;;;CHEMBL3751755;Eur J Med Chem;2015;{'bei': '24.61', 'le': '0.46', 'lle': '2.62', 'sei': '18.77'};CHEMBL3752447;;CHEMBL3752447;7.00;0;http://www.openphacts.org/units/Nanomolar;2743894;=;1;1;=;;Ki;nM;;100.0;CHEMBL1978;Homo sapiens;Aromatase;9606;;;Ki(app);uM;UO_0000065;;0.1;False
;;16434035;[];CHEMBL3755859;Competitive inhibition of human aromatase extracted from placental microsomes after 5 mins by Dixon plot analysis in presence of [1beta-3H]AD;B;;;BAO_0000192;BAO_0000019;assay format;C[C@@H]1C[C@@H]2[C@H](CC[C@]3(C)[C@@H](O)CC[C@@H]23)c2ccc(O)cc21;;;CHEMBL3751755;Eur J Med Chem;2015;{'bei': '24.44', 'le': '0.46', 'lle': '2.83', 'sei': '17.30'};CHEMBL3753034;;CHEMBL3753034;7.00;0;http://www.openphacts.org/units/Nanomolar;2743893;=;1;1;=;;Ki;nM;;100.0;CHEMBL1978;Homo sapiens;Aromatase;9606;;;Ki(app);uM;UO_0000065;;0.1;False
;;16434036;[];CHEMBL3755859;Competitive inhibition of human aromatase extracted from placental microsomes after 5 mins by Dixon plot analysis in presence of [1beta-3H]AD;B;;;BAO_0000192;BAO_0000019;assay format;C[C@H]1C[C@@H]2[C@H](CC[C@]3(C)[C@@H](O)CC[C@@H]23)c2ccc(O)cc21;;;CHEMBL3751755;Eur J Med Chem;2015;{'bei': '24.44', 'le': '0.46', 'lle': '2.83', 'sei': '17.30'};CHEMBL3754457;;CHEMBL3754457;7.00;0;http://www.openphacts.org/units/Nanomolar;2743892;=;1;1;=;;Ki;nM;;100.0;CHEMBL1978;Homo sapiens;Aromatase;9606;;;Ki(app);uM;UO_0000065;;0.1;False
;;16434037;[];CHEMBL3756949;Competitive inhibition of human aromatase extracted from placental microsomes by double reciprocal plot analysis in presence of 4-androstene-3,17-dione;B;;;BAO_0000192;BAO_0000019;assay format;C[C@]12C=CC(=O)C=C1C[C@@H](Sc1ccc(Br)cc1)[C@@H]1[C@@H]2CC[C@]2(C)C(=O)CC[C@@H]12;;;CHEMBL3751755;Eur J Med Chem;2015;{'bei': '16.80', 'le': '0.37', 'lle': '1.52', 'sei': '23.20'};CHEMBL3754150;;CHEMBL3754150;7.92;0;http://www.openphacts.org/units/Nanomolar;2743891;=;1;1;=;;Ki;nM;;12.0;CHEMBL1978;Homo sapiens;Aromatase;9606;;;Ki(app);nM;UO_0000065;;12.0;False
;;16434038;[];CHEMBL3755859;Competitive inhibition of human aromatase extracted from placental microsomes after 5 mins by Dixon plot analysis in presence of [1beta-3H]AD;B;;;BAO_0000192;BAO_0000019;assay format;C[C@]12CC[C@@H]3c4cc(F)c(O)cc4CC[C@H]3[C@@H]1CCC2=O;;;CHEMBL3751755;Eur J Med Chem;2015;{'bei': '24.28', 'le': '0.46', 'lle': '3.04', 'sei': '18.77'};CHEMBL3754305;;CHEMBL3754305;7.00;0;http://www.openphacts.org/units/Nanomolar;2743907;=;1;1;=;;Ki;nM;;100.0;CHEMBL1978;Homo sapiens;Aromatase;9606;;;Ki(app);uM;UO_0000065;;0.1;False
;;16434039;[];CHEMBL3755859;Competitive inhibition of human aromatase extracted from placental microsomes after 5 mins by Dixon plot analysis in presence of [1beta-3H]AD;B;;;BAO_0000192;BAO_0000019;assay format;C[C@]12CC[C@@H]3c4cc(Cl)c(O)cc4CC[C@H]3[C@@H]1CCC2=O;;;CHEMBL3751755;Eur J Med Chem;2015;{'bei': '22.96', 'le': '0.46', 'lle': '2.53', 'sei': '18.77'};CHEMBL1079595;;CHEMBL1079595;7.00;0;http://www.openphacts.org/units/Nanomolar;2743908;=;1;1;=;;Ki;nM;;100.0;CHEMBL1978;Homo sapiens;Aromatase;9606;;;Ki(app);uM;UO_0000065;;0.1;False
;;16434040;[];CHEMBL3755859;Competitive inhibition of human aromatase extracted from placental microsomes after 5 mins by Dixon plot analysis in presence of [1beta-3H]AD;B;;;BAO_0000192;BAO_0000019;assay format;C[C@]12CC[C@@H]3c4cc(Br)c(O)cc4CC[C@H]3[C@@H]1CCC2=O;;;CHEMBL3751755;Eur J Med Chem;2015;{'bei': '20.04', 'le': '0.46', 'lle': '2.42', 'sei': '18.77'};CHEMBL189051;;CHEMBL189051;7.00;0;http://www.openphacts.org/units/Nanomolar;2743909;=;1;1;=;;Ki;nM;;100.0;CHEMBL1978;Homo sapiens;Aromatase;9606;;;Ki(app);uM;UO_0000065;;0.1;False
;;16434041;[];CHEMBL3755859;Competitive inhibition of human aromatase extracted from placental microsomes after 5 mins by Dixon plot analysis in presence of [1beta-3H]AD;B;;;BAO_0000192;BAO_0000019;assay format;Cc1cc2c(cc1O)CC[C@@H]1[C@@H]2CC[C@]2(C)C(=O)CC[C@@H]12;;;CHEMBL3751755;Eur J Med Chem;2015;{'bei': '24.61', 'le': '0.46', 'lle': '2.87', 'sei': '18.77'};CHEMBL3753425;;CHEMBL3753425;7.00;0;http://www.openphacts.org/units/Nanomolar;2743910;=;1;1;=;;Ki;nM;;100.0;CHEMBL1978;Homo sapiens;Aromatase;9606;;;Ki(app);uM;UO_0000065;;0.1;False
;;16434042;[];CHEMBL3755859;Competitive inhibition of human aromatase extracted from placental microsomes after 5 mins by Dixon plot analysis in presence of [1beta-3H]AD;B;;;BAO_0000192;BAO_0000019;assay format;C[C@]12CC[C@@H]3c4cc(F)c(O)cc4CC[C@H]3[C@@H]1CC[C@@H]2O;;;CHEMBL3751755;Eur J Med Chem;2015;{'bei': '24.11', 'le': '0.46', 'lle': '3.25', 'sei': '17.30'};CHEMBL1627334;;CHEMBL1627334;7.00;0;http://www.openphacts.org/units/Nanomolar;2743911;=;1;1;=;;Ki;nM;;100.0;CHEMBL1978;Homo sapiens;Aromatase;9606;;;Ki(app);uM;UO_0000065;;0.1;False
;;16434043;[];CHEMBL3755859;Competitive inhibition of human aromatase extracted from placental microsomes after 5 mins by Dixon plot analysis in presence of [1beta-3H]AD;B;;;BAO_0000192;BAO_0000019;assay format;C[C@]12CC[C@@H]3c4cc(Cl)c(O)cc4CC[C@H]3[C@@H]1CC[C@@H]2O;;;CHEMBL3751755;Eur J Med Chem;2015;{'bei': '22.81', 'le': '0.46', 'lle': '2.74', 'sei': '17.30'};CHEMBL3753928;;CHEMBL3753928;7.00;0;http://www.openphacts.org/units/Nanomolar;2743912;=;1;1;=;;Ki;nM;;100.0;CHEMBL1978;Homo sapiens;Aromatase;9606;;;Ki(app);uM;UO_0000065;;0.1;False
;;16434044;[];CHEMBL3755859;Competitive inhibition of human aromatase extracted from placental microsomes after 5 mins by Dixon plot analysis in presence of [1beta-3H]AD;B;;;BAO_0000192;BAO_0000019;assay format;C[C@]12CC[C@@H]3c4cc(Br)c(O)cc4CC[C@H]3[C@@H]1CC[C@@H]2O;;;CHEMBL3751755;Eur J Med Chem;2015;{'bei': '19.93', 'le': '0.46', 'lle': '2.63', 'sei': '17.30'};CHEMBL1628064;;CHEMBL1628064;7.00;0;http://www.openphacts.org/units/Nanomolar;2743913;=;1;1;=;;Ki;nM;;100.0;CHEMBL1978;Homo sapiens;Aromatase;9606;;;Ki(app);uM;UO_0000065;;0.1;False
;;16434045;[];CHEMBL3755859;Competitive inhibition of human aromatase extracted from placental microsomes after 5 mins by Dixon plot analysis in presence of [1beta-3H]AD;B;;;BAO_0000192;BAO_0000019;assay format;Cc1cc2c(cc1O)CC[C@@H]1[C@@H]2CC[C@]2(C)[C@@H](O)CC[C@@H]12;;;CHEMBL3751755;Eur J Med Chem;2015;{'bei': '24.44', 'le': '0.46', 'lle': '3.08', 'sei': '17.30'};CHEMBL241993;;CHEMBL241993;7.00;0;http://www.openphacts.org/units/Nanomolar;2743914;=;1;1;=;;Ki;nM;;100.0;CHEMBL1978;Homo sapiens;Aromatase;9606;;;Ki(app);uM;UO_0000065;;0.1;False
;;16620041;[];CHEMBL3820549;Competitive inhibition of human placental microsomal aromatase using androgen as substrate;B;;;BAO_0000192;BAO_0000019;assay format;COc1ccc2c(Cc3ccccc3)c(-c3ccc(Cl)cc3)c(=O)oc2c1;;;CHEMBL3817793;J Med Chem;2016;{'bei': '18.78', 'le': '0.36', 'lle': '1.37', 'sei': '17.94'};CHEMBL3818720;;CHEMBL3818720;7.08;0;http://www.openphacts.org/units/Nanomolar;2783616;=;1;1;=;;Ki;nM;;84.0;CHEMBL1978;Homo sapiens;Aromatase;9606;;;Ki;nM;UO_0000065;;84.0;False
;;18984801;[];CHEMBL4339842;Inhibition of recombinant human CYP19A1 using DBF as substrate measured after 1 hr by fluorescence assay;B;;;BAO_0000192;BAO_0000357;single protein format;C(=C(\Cn1cncn1)c1ccccc1)\c1ccccc1;;;CHEMBL4339204;Bioorg Med Chem Lett;2019;{'bei': '28.68', 'le': '0.51', 'lle': '3.97', 'sei': '24.41'};CHEMBL4545917;;CHEMBL4545917;7.50;0;http://www.openphacts.org/units/Nanomolar;3167026;=;1;1;=;;Ki;nM;;32.0;CHEMBL1978;Homo sapiens;Aromatase;9606;;;Ki;uM;UO_0000065;;0.032;False
;;18984802;[];CHEMBL4339842;Inhibition of recombinant human CYP19A1 using DBF as substrate measured after 1 hr by fluorescence assay;B;;;BAO_0000192;BAO_0000357;single protein format;C(=C(/Cn1cncn1)c1ccccc1)\c1ccccc1;;;CHEMBL4339204;Bioorg Med Chem Lett;2019;{'bei': '27.18', 'le': '0.48', 'lle': '3.58', 'sei': '23.13'};CHEMBL4526477;;CHEMBL4526477;7.10;0;http://www.openphacts.org/units/Nanomolar;3167025;=;1;1;=;;Ki;nM;;79.0;CHEMBL1978;Homo sapiens;Aromatase;9606;;;Ki;uM;UO_0000065;;0.079;False
;;18984803;[];CHEMBL4339842;Inhibition of recombinant human CYP19A1 using DBF as substrate measured after 1 hr by fluorescence assay;B;;;BAO_0000192;BAO_0000357;single protein format;c1ccc(CC(Cn2ccnn2)c2ccccc2)cc1;;;CHEMBL4339204;Bioorg Med Chem Lett;2019;{'bei': '24.83', 'le': '0.45', 'lle': '3.24', 'sei': '21.29'};CHEMBL4582591;;CHEMBL4582591;6.54;0;http://www.openphacts.org/units/Nanomolar;3167024;=;1;1;=;;Ki;nM;;290.0;CHEMBL1978;Homo sapiens;Aromatase;9606;;;Ki;uM;UO_0000065;;0.29;False
;;18984804;[];CHEMBL4339842;Inhibition of recombinant human CYP19A1 using DBF as substrate measured after 1 hr by fluorescence assay;B;;;BAO_0000192;BAO_0000357;single protein format;Brc1ccc(/C=C(\Cn2ccnn2)c2ccc(Br)cc2)cc1;;;CHEMBL4339204;Bioorg Med Chem Lett;2019;{'bei': '18.18', 'le': '0.47', 'lle': '2.58', 'sei': '24.81'};CHEMBL4450923;;CHEMBL4450923;7.62;0;http://www.openphacts.org/units/Nanomolar;3167023;=;1;1;=;;Ki;nM;;24.0;CHEMBL1978;Homo sapiens;Aromatase;9606;;;Ki;uM;UO_0000065;;0.024;False
;;18984805;[];CHEMBL4339842;Inhibition of recombinant human CYP19A1 using DBF as substrate measured after 1 hr by fluorescence assay;B;;;BAO_0000192;BAO_0000357;single protein format;Brc1ccc(/C(=C/c2ccccc2)Cn2ccnn2)cc1;;;CHEMBL4339204;Bioorg Med Chem Lett;2019;{'bei': '20.96', 'le': '0.46', 'lle': '2.85', 'sei': '23.22'};CHEMBL4468933;;CHEMBL4468933;7.13;0;http://www.openphacts.org/units/Nanomolar;3167022;=;1;1;=;;Ki;nM;;74.0;CHEMBL1978;Homo sapiens;Aromatase;9606;;;Ki;uM;UO_0000065;;0.074;False
;;18984806;[];CHEMBL4339842;Inhibition of recombinant human CYP19A1 using DBF as substrate measured after 1 hr by fluorescence assay;B;;;BAO_0000192;BAO_0000357;single protein format;Clc1ccc(/C=C(\Cn2ccnn2)c2ccc(Cl)cc2)cc1;;;CHEMBL4339204;Bioorg Med Chem Lett;2019;{'bei': '24.52', 'le': '0.50', 'lle': '3.27', 'sei': '26.37'};CHEMBL4441579;;CHEMBL4441579;8.10;0;http://www.openphacts.org/units/Nanomolar;3167021;=;1;1;=;;Ki;nM;;8.0;CHEMBL1978;Homo sapiens;Aromatase;9606;;;Ki;uM;UO_0000065;;0.008;False
;;18984807;[];CHEMBL4339842;Inhibition of recombinant human CYP19A1 using DBF as substrate measured after 1 hr by fluorescence assay;B;;;BAO_0000192;BAO_0000357;single protein format;Clc1ccc(/C(=C/c2ccccc2)Cn2ccnn2)cc1;;;CHEMBL4339204;Bioorg Med Chem Lett;2019;{'bei': '24.49', 'le': '0.47', 'lle': '3.07', 'sei': '23.59'};CHEMBL4561656;;CHEMBL4561656;7.24;0;http://www.openphacts.org/units/Nanomolar;3167020;=;1;1;=;;Ki;nM;;57.0;CHEMBL1978;Homo sapiens;Aromatase;9606;;;Ki;uM;UO_0000065;;0.057;False
;;18984808;[];CHEMBL4339842;Inhibition of recombinant human CYP19A1 using DBF as substrate measured after 1 hr by fluorescence assay;B;;;BAO_0000192;BAO_0000357;single protein format;C(=C(\Cn1ccnn1)c1ccccc1)\c1ccccc1;;;CHEMBL4339204;Bioorg Med Chem Lett;2019;{'bei': '26.79', 'le': '0.48', 'lle': '3.48', 'sei': '22.79'};CHEMBL4437348;;CHEMBL4437348;7.00;0;http://www.openphacts.org/units/Nanomolar;3167019;=;1;1;=;;Ki;nM;;100.0;CHEMBL1978;Homo sapiens;Aromatase;9606;;;Ki;uM;UO_0000065;;0.1;False
;;18984809;[];CHEMBL4339842;Inhibition of recombinant human CYP19A1 using DBF as substrate measured after 1 hr by fluorescence assay;B;;;BAO_0000192;BAO_0000357;single protein format;Brc1ccc(/C=C(/Cn2ccnn2)c2ccc(Br)cc2)cc1;;;CHEMBL4339204;Bioorg Med Chem Lett;2019;{'bei': '15.14', 'le': '0.39', 'lle': '1.31', 'sei': '20.67'};CHEMBL4454152;;CHEMBL4454152;6.35;0;http://www.openphacts.org/units/Nanomolar;3167018;=;1;1;=;;Ki;nM;;450.0;CHEMBL1978;Homo sapiens;Aromatase;9606;;;Ki;uM;UO_0000065;;0.45;False
;;18984810;[];CHEMBL4339842;Inhibition of recombinant human CYP19A1 using DBF as substrate measured after 1 hr by fluorescence assay;B;;;BAO_0000192;BAO_0000357;single protein format;Brc1ccc(/C(=C\c2ccccc2)Cn2ccnn2)cc1;;;CHEMBL4339204;Bioorg Med Chem Lett;2019;{'bei': '20.29', 'le': '0.45', 'lle': '2.62', 'sei': '22.48'};CHEMBL4562457;;CHEMBL4562457;6.90;0;http://www.openphacts.org/units/Nanomolar;3167017;=;1;1;=;;Ki;nM;;125.0;CHEMBL1978;Homo sapiens;Aromatase;9606;;;Ki;uM;UO_0000065;;0.125;False
;;18984811;[];CHEMBL4339842;Inhibition of recombinant human CYP19A1 using DBF as substrate measured after 1 hr by fluorescence assay;B;;;BAO_0000192;BAO_0000357;single protein format;Clc1ccc(/C=C(/Cn2ccnn2)c2ccc(Cl)cc2)cc1;;;CHEMBL4339204;Bioorg Med Chem Lett;2019;{'bei': '21.24', 'le': '0.44', 'lle': '2.18', 'sei': '22.84'};CHEMBL4453517;;CHEMBL4453517;7.01;0;http://www.openphacts.org/units/Nanomolar;3167016;=;1;1;=;;Ki;nM;;97.0;CHEMBL1978;Homo sapiens;Aromatase;9606;;;Ki;uM;UO_0000065;;0.097;False
;;18984812;[];CHEMBL4339842;Inhibition of recombinant human CYP19A1 using DBF as substrate measured after 1 hr by fluorescence assay;B;;;BAO_0000192;BAO_0000357;single protein format;Clc1ccc(/C(=C\c2ccccc2)Cn2ccnn2)cc1;;;CHEMBL4339204;Bioorg Med Chem Lett;2019;{'bei': '23.98', 'le': '0.46', 'lle': '2.92', 'sei': '23.09'};CHEMBL4468397;;CHEMBL4468397;7.09;0;http://www.openphacts.org/units/Nanomolar;3167015;=;1;1;=;;Ki;nM;;81.0;CHEMBL1978;Homo sapiens;Aromatase;9606;;;Ki;uM;UO_0000065;;0.081;False
;;18984813;[];CHEMBL4339842;Inhibition of recombinant human CYP19A1 using DBF as substrate measured after 1 hr by fluorescence assay;B;;;BAO_0000192;BAO_0000357;single protein format;C(=C(/Cn1ccnn1)c1ccccc1)\c1ccccc1;;;CHEMBL4339204;Bioorg Med Chem Lett;2019;{'bei': '25.81', 'le': '0.46', 'lle': '3.22', 'sei': '21.96'};CHEMBL4454530;;CHEMBL4454530;6.75;0;http://www.openphacts.org/units/Nanomolar;3167014;=;1;1;=;;Ki;nM;;180.0;CHEMBL1978;Homo sapiens;Aromatase;9606;;;Ki;uM;UO_0000065;;0.18;False
;;19204483;[];CHEMBL4392021;Competitive reversible inhibition of human placental microsome aromatase using varying levels of [1beta3H]-androstenedione as substrate measured after 5 mins in presence of NADPH by Dixon-plot analysis;B;;;BAO_0000192;BAO_0000251;microsome format;C[C@H]1C[C@@H]2[C@H](CC[C@]3(C)C(=O)CC[C@@H]23)[C@@]2(C)CCC(=O)C=C12;;;CHEMBL4390669;J Med Chem;2019;{'bei': '25.30', 'le': '0.47', 'lle': '3.27', 'sei': '22.27'};CHEMBL3754471;;CHEMBL3754471;7.60;0;http://www.openphacts.org/units/Nanomolar;3205264;=;1;1;=;;Ki;nM;;25.0;CHEMBL1978;Homo sapiens;Aromatase;9606;;;Ki(app);uM;UO_0000065;;0.025;False
;;19204484;[];CHEMBL4392022;Competitive irreversible inhibition of human placental microsome aromatase using varying levels of [1beta3H]-androstenedione as substrate measured after 5 mins in presence of NADPH by Dixon-plot analysis;B;;;BAO_0000192;BAO_0000251;microsome format;C[C@H]1C[C@@H]2[C@H](CC[C@]3(C)C(=O)CC[C@@H]23)[C@@]2(C)CCC(=O)C=C12;;;CHEMBL4390669;J Med Chem;2019;{'bei': '25.46', 'le': '0.47', 'lle': '3.32', 'sei': '22.40'};CHEMBL3754471;;CHEMBL3754471;7.65;0;http://www.openphacts.org/units/Nanomolar;3205264;=;1;1;=;;Ki;nM;;22.5;CHEMBL1978;Homo sapiens;Aromatase;9606;;;Ki(app);uM;UO_0000065;;0.0225;False
;;19204487;[];CHEMBL4392024;Competitive inhibition of human placental microsome aromatase using varying levels of [1beta2beta3H]-androstenedione as substrate;B;;;BAO_0000192;BAO_0000251;microsome format;C=C1C[C@@H]2[C@H](CC[C@]3(C)C(=O)CC[C@@H]23)[C@@]2(C)C=CC(=O)C=C12;;;CHEMBL4390669;J Med Chem;2019;{'bei': '25.59', 'le': '0.47', 'lle': '3.56', 'sei': '22.22'};CHEMBL1200374;EXEMESTANE;CHEMBL1200374;7.58;1;http://www.openphacts.org/units/Nanomolar;3205278;=;1;1;=;;Ki;nM;;26.0;CHEMBL1978;Homo sapiens;Aromatase;9606;;;Ki;uM;UO_0000065;;0.026;False
;;19235512;[];CHEMBL4398432;Inhibition of aromatase (unknown origin);B;;;BAO_0000192;BAO_0000357;single protein format;C[C@]12CCC(=O)C=C1C=C(Cc1ccccc1)[C@@H]1[C@@H]2CC[C@]2(C)C(=O)CC[C@@H]12;;;CHEMBL4396892;Eur J Med Chem;2019;{'bei': '19.26', 'le': '0.35', 'lle': '1.73', 'sei': '21.13'};CHEMBL3754505;;CHEMBL3754505;7.21;1;http://www.openphacts.org/units/Nanomolar;3210918;=;1;1;=;;Ki;nM;;61.0;CHEMBL1978;Homo sapiens;Aromatase;9606;;;Ki;nM;UO_0000065;;61.0;False
;;19235513;[];CHEMBL4398432;Inhibition of aromatase (unknown origin);B;;;BAO_0000192;BAO_0000357;single protein format;C[C@]12CCC(=O)C=C1C=C(CCc1ccccc1)[C@@H]1[C@@H]2CC[C@]2(C)C(=O)CC[C@@H]12;;;CHEMBL4396892;Eur J Med Chem;2019;{'bei': '17.40', 'le': '0.32', 'lle': '0.89', 'sei': '19.80'};CHEMBL3753089;;CHEMBL3753089;6.76;0;http://www.openphacts.org/units/Nanomolar;3210919;=;1;1;=;;Ki;nM;;174.0;CHEMBL1978;Homo sapiens;Aromatase;9606;;;Ki;nM;UO_0000065;;174.0;False
;;19235525;[];CHEMBL4398433;Inhibition of human placental microsome aromatase using [1beta,2beta3H]androstenedione as substrate after 15 mins in presence of NADPH by liquid scintillation counting method;B;;;BAO_0000192;BAO_0000251;microsome format;COc1ccc(-c2coc3cc(O)cc(O)c3c2=O)cc1;;;CHEMBL4396892;Eur J Med Chem;2019;{'bei': '17.31', 'le': '0.32', 'lle': '2.04', 'sei': '6.16'};CHEMBL131921;BIOCHANIN;CHEMBL131921;4.92;1;http://www.openphacts.org/units/Nanomolar;3210916;=;1;1;=;;Ki;nM;;12000.0;CHEMBL1978;Homo sapiens;Aromatase;9606;;;Ki;uM;UO_0000065;;12.0;False
;;19235526;[];CHEMBL4398434;Inhibition of human placental microsome aromatase using [1beta[3H]]androst-4-ene-3,17-dione as substrate after 15 mins in presence of NADPH by liquid scintillation counting method;B;;;BAO_0000192;BAO_0000251;microsome format;O=c1c(-c2ccccc2)c(SCc2ccncc2)oc2cc(OCc3ccccc3)ccc12;;;CHEMBL4396892;Eur J Med Chem;2019;{'bei': '14.74', 'le': '0.28', 'lle': '-0.07', 'sei': '12.72'};CHEMBL188664;;CHEMBL188664;6.66;1;http://www.openphacts.org/units/Nanomolar;3210917;=;1;1;=;;Ki;nM;;220.0;CHEMBL1978;Homo sapiens;Aromatase;9606;;;Ki;uM;UO_0000065;;0.22;False
;;19269806;[];CHEMBL4406484;Inhibition of human placental microsome aromatase using [3H]androstenedione as substrate preincubated for 32 mins in presence of NADPH followed by substrate addition and measured after 10 mins;B;;;BAO_0000192;BAO_0000251;microsome format;C=C1C[C@@H]2[C@H](CC[C@]3(C)C(=O)CC[C@@H]23)[C@@]2(C)C=CC(=O)C=C12;;;CHEMBL4402606;J Med Chem;2020;{'bei': '25.59', 'le': '0.47', 'lle': '3.56', 'sei': '22.22'};CHEMBL1200374;EXEMESTANE;CHEMBL1200374;7.58;1;http://www.openphacts.org/units/Nanomolar;3217717;=;1;1;=;;Ki;nM;;26.0;CHEMBL1978;Homo sapiens;Aromatase;9606;;;Ki;nM;UO_0000065;;26.0;False
{'action_type': 'INHIBITOR', 'description': 'Negatively effects (inhibits) the normal functioning of the protein e.g., prevention of enzymatic reaction or activation of downstream pathway', 'parent_type': 'NEGATIVE MODULATOR'};;24713161;[];CHEMBL5110683;Inhibition of aromatase in human placental microsomes;B;;;BAO_0000192;BAO_0000251;microsome format;N#Cc1ccc(C2CCCc3cncn32)cc1;;;CHEMBL5108026;Eur J Med Chem;2022;{'bei': '39.39', 'le': '0.71', 'lle': '6.12', 'sei': '21.14'};CHEMBL9298;FADROZOLE;CHEMBL9298;8.80;0;http://www.openphacts.org/units/Nanomolar;3854303;=;1;1;=;;Ki;nM;;1.6;CHEMBL1978;Homo sapiens;Aromatase;9606;;;Ki;nM;UO_0000065;;1.6;False
{'action_type': 'INHIBITOR', 'description': 'Negatively effects (inhibits) the normal functioning of the protein e.g., prevention of enzymatic reaction or activation of downstream pathway', 'parent_type': 'NEGATIVE MODULATOR'};;25029269;[];CHEMBL5241252;Binding affinity to aromatase (unknown origin) assessed as inhibition constant;B;;;BAO_0000192;BAO_0000357;single protein format;C[C@]12CCC(=O)C(O)=C1CC[C@@H]1[C@@H]2CC[C@]2(C)C(=O)CC[C@@H]12;;;CHEMBL5241054;Eur J Med Chem;2020;{'bei': '32.39', 'le': '0.61', 'lle': '5.83', 'sei': '18.02'};CHEMBL132530;FORMESTANE;CHEMBL132530;9.80;0;http://www.openphacts.org/units/Nanomolar;3918540;=;1;1;=;;Ki;nM;;0.16;CHEMBL1978;Homo sapiens;Aromatase;9606;;;Ki;nM;UO_0000065;;0.16;False
{'action_type': 'INHIBITOR', 'description': 'Negatively effects (inhibits) the normal functioning of the protein e.g., prevention of enzymatic reaction or activation of downstream pathway', 'parent_type': 'NEGATIVE MODULATOR'};;25029270;[];CHEMBL5241252;Binding affinity to aromatase (unknown origin) assessed as inhibition constant;B;;;BAO_0000192;BAO_0000357;single protein format;C=C1C[C@@H]2[C@H](CC[C@]3(C)C(=O)CC[C@@H]23)[C@@]2(C)C=CC(=O)C=C12;;;CHEMBL5241054;Eur J Med Chem;2020;{'bei': '30.44', 'le': '0.56', 'lle': '4.99', 'sei': '26.43'};CHEMBL1200374;EXEMESTANE;CHEMBL1200374;9.02;0;http://www.openphacts.org/units/Nanomolar;3918541;=;1;1;=;;Ki;nM;;0.95;CHEMBL1978;Homo sapiens;Aromatase;9606;;;Ki;nM;UO_0000065;;0.95;False
{'action_type': 'INHIBITOR', 'description': 'Negatively effects (inhibits) the normal functioning of the protein e.g., prevention of enzymatic reaction or activation of downstream pathway', 'parent_type': 'NEGATIVE MODULATOR'};;25892951;[];CHEMBL5520002;Binding affinity to human aromatase assessed as inhibition constant by Cheng-Prosuff equation based analysis;B;;;BAO_0000192;BAO_0000357;single protein format;CCOC(=O)C(=O)Nc1ccc(/C(=C(/C)c2ccc(OC)cc2)c2ccccc2)cc1;;;CHEMBL5518192;Eur J Med Chem;2024;{'bei': '18.01', 'le': '0.33', 'lle': '2.30', 'sei': '11.58'};CHEMBL5567780;;CHEMBL5567780;7.48;0;http://www.openphacts.org/units/Nanomolar;4066493;=;1;1;=;;Ki;nM;;33.0;CHEMBL1978;Homo sapiens;Aromatase;9606;;;Ki;uM;UO_0000065;;0.033;False
{'action_type': 'INHIBITOR', 'description': 'Negatively effects (inhibits) the normal functioning of the protein e.g., prevention of enzymatic reaction or activation of downstream pathway', 'parent_type': 'NEGATIVE MODULATOR'};;25892952;[];CHEMBL5520002;Binding affinity to human aromatase assessed as inhibition constant by Cheng-Prosuff equation based analysis;B;;;BAO_0000192;BAO_0000357;single protein format;CCOC(=O)C(=O)Nc1ccc(/C(=C(/C)c2ccc(Cl)cc2)c2ccccc2)cc1;;;CHEMBL5518192;Eur J Med Chem;2024;{'bei': '17.35', 'le': '0.33', 'lle': '1.46', 'sei': '13.15'};CHEMBL5560949;;CHEMBL5560949;7.28;0;http://www.openphacts.org/units/Nanomolar;4066494;=;1;1;=;;Ki;nM;;52.0;CHEMBL1978;Homo sapiens;Aromatase;9606;;;Ki;uM;UO_0000065;;0.052;False
{'action_type': 'INHIBITOR', 'description': 'Negatively effects (inhibits) the normal functioning of the protein e.g., prevention of enzymatic reaction or activation of downstream pathway', 'parent_type': 'NEGATIVE MODULATOR'};;25892953;[];CHEMBL5520002;Binding affinity to human aromatase assessed as inhibition constant by Cheng-Prosuff equation based analysis;B;;;BAO_0000192;BAO_0000357;single protein format;CCOC(=O)C(=O)c1cn(CCCCCNc2ccc(C(=C(C)c3ccccc3)c3ccccc3)cc2)c2ccccc12;;;CHEMBL5518192;Eur J Med Chem;2024;{'bei': '13.29', 'le': '0.24', 'lle': '-1.06', 'sei': '12.57'};CHEMBL5555812;;CHEMBL5555812;7.58;0;http://www.openphacts.org/units/Nanomolar;4066503;=;1;1;=;;Ki;nM;;26.0;CHEMBL1978;Homo sapiens;Aromatase;9606;;;Ki;uM;UO_0000065;;0.026;False
{'action_type': 'INHIBITOR', 'description': 'Negatively effects (inhibits) the normal functioning of the protein e.g., prevention of enzymatic reaction or activation of downstream pathway', 'parent_type': 'NEGATIVE MODULATOR'};;26187613;[];CHEMBL5635744;Inhibition of aromatase (unknown origin) assessed as inhbition constant;B;;;BAO_0000192;BAO_0000357;single protein format;O=C(/C=C/c1ccc(O)cc1)c1ccc(O)cc1O;;;CHEMBL5634106;Eur J Med Chem;2023;{'bei': '21.67', 'le': '0.40', 'lle': '2.85', 'sei': '7.14'};CHEMBL129795;ISOLIQUIRITIGENIN;CHEMBL129795;5.55;0;http://www.openphacts.org/units/Nanomolar;4133850;=;1;1;=;;Ki;nM;;2800.0;CHEMBL1978;Homo sapiens;Aromatase;9606;;;Ki;uM;UO_0000065;;2.8;False
