action_type;activity_comment;activity_id;activity_properties;assay_chembl_id;assay_description;assay_type;assay_variant_accession;assay_variant_mutation;bao_endpoint;bao_format;bao_label;canonical_smiles;data_validity_comment;data_validity_description;document_chembl_id;document_journal;document_year;ligand_efficiency;molecule_chembl_id;molecule_pref_name;parent_molecule_chembl_id;pchembl_value;potential_duplicate;qudt_units;record_id;relation;src_id;standard_flag;standard_relation;standard_text_value;standard_type;standard_units;standard_upper_value;standard_value;target_chembl_id;target_organism;target_pref_name;target_tax_id;text_value;toid;type;units;uo_units;upper_value;value
;active;9626964;[];CHEMBL1963805;PUBCHEM_BIOASSAY: Navigating the Kinome. (Class of assay: other) Panel member name: PDGFRA;F;;;BAO_0000192;BAO_0000019;assay format;CC(C)(C)c1cc(NC(=O)Nc2cccc3ccccc23)n(-c2cccc(C(=O)NCCOCCO)c2)n1;;;CHEMBL1201862;;;;CHEMBL1978271;;CHEMBL1978271;6.00;0;http://www.openphacts.org/units/Nanomolar;1584721;=;7;1;=;;Ki;nM;;1000.0;CHEMBL2007;Homo sapiens;Platelet-derived growth factor receptor alpha;9606;;;pKi;;UO_0000065;;6.0
;active;9626965;[];CHEMBL1963805;PUBCHEM_BIOASSAY: Navigating the Kinome. (Class of assay: other) Panel member name: PDGFRA;F;;;BAO_0000192;BAO_0000019;assay format;Cc1ccc(F)c(NC(=O)Nc2ccc(-c3ccc(OCCCn4cccc4)c4[nH]nc(N)c34)cc2)c1;;;CHEMBL1201862;;;;CHEMBL2007266;;CHEMBL2007266;7.00;0;http://www.openphacts.org/units/Nanomolar;1585212;=;7;1;=;;Ki;nM;;100.0;CHEMBL2007;Homo sapiens;Platelet-derived growth factor receptor alpha;9606;;;pKi;;UO_0000065;;7.0
;active;9626966;[];CHEMBL1963805;PUBCHEM_BIOASSAY: Navigating the Kinome. (Class of assay: other) Panel member name: PDGFRA;F;;;BAO_0000192;BAO_0000019;assay format;COc1cc2c(Nc3ccc(NC(=O)c4ccccc4)cc3)ncnc2cc1OCCCN1CCOCC1;;;CHEMBL1201862;;;;CHEMBL202721;;CHEMBL202721;6.40;0;http://www.openphacts.org/units/Nanomolar;1585223;=;7;1;=;;Ki;nM;;398.11;CHEMBL2007;Homo sapiens;Platelet-derived growth factor receptor alpha;9606;;;pKi;;UO_0000065;;6.4
;active;9626967;[];CHEMBL1963805;PUBCHEM_BIOASSAY: Navigating the Kinome. (Class of assay: other) Panel member name: PDGFRA;F;;;BAO_0000192;BAO_0000019;assay format;CC(=O)c1cccc(-c2cnc3[nH]ccc3c2)c1;;;CHEMBL1201862;;;;CHEMBL2000568;;CHEMBL2000568;5.60;0;http://www.openphacts.org/units/Nanomolar;1584668;=;7;1;=;;Ki;nM;;2511.89;CHEMBL2007;Homo sapiens;Platelet-derived growth factor receptor alpha;9606;;;pKi;;UO_0000065;;5.6
;active;9626972;[];CHEMBL1963805;PUBCHEM_BIOASSAY: Navigating the Kinome. (Class of assay: other) Panel member name: PDGFRA;F;;;BAO_0000192;BAO_0000019;assay format;Cc1cccc(Nc2nc(NC3CCCCC3N)cnc2C(N)=O)c1;;;CHEMBL1201862;;;;CHEMBL1974328;;CHEMBL1974328;5.90;0;http://www.openphacts.org/units/Nanomolar;1584688;=;7;1;=;;Ki;nM;;1258.93;CHEMBL2007;Homo sapiens;Platelet-derived growth factor receptor alpha;9606;;;pKi;;UO_0000065;;5.9
;active;9626973;[];CHEMBL1963805;PUBCHEM_BIOASSAY: Navigating the Kinome. (Class of assay: other) Panel member name: PDGFRA;F;;;BAO_0000192;BAO_0000019;assay format;COc1cc(N2CCC(N3CCN(C)CC3)CC2)ccc1Nc1ncc(Cl)c(Nc2ccccc2S(=O)(=O)C(C)C)n1;;;CHEMBL1201862;;;;CHEMBL509032;TAE-684;CHEMBL509032;6.50;0;http://www.openphacts.org/units/Nanomolar;1584480;=;7;1;=;;Ki;nM;;316.23;CHEMBL2007;Homo sapiens;Platelet-derived growth factor receptor alpha;9606;;;pKi;;UO_0000065;;6.5
;active;9626974;[];CHEMBL1963805;PUBCHEM_BIOASSAY: Navigating the Kinome. (Class of assay: other) Panel member name: PDGFRA;F;;;BAO_0000192;BAO_0000019;assay format;NC(COc1cncc(-c2ccc3c(c2)C(=Cc2ccc[nH]2)C(=O)N3)c1)Cc1ccccc1;;;CHEMBL1201862;;;;CHEMBL1980407;;CHEMBL1980407;6.90;0;http://www.openphacts.org/units/Nanomolar;1584344;=;7;1;=;;Ki;nM;;125.89;CHEMBL2007;Homo sapiens;Platelet-derived growth factor receptor alpha;9606;;;pKi;;UO_0000065;;6.9
;active;9626982;[];CHEMBL1963805;PUBCHEM_BIOASSAY: Navigating the Kinome. (Class of assay: other) Panel member name: PDGFRA;F;;;BAO_0000192;BAO_0000019;assay format;COc1ccc(-n2ccc3cnc(Nc4cc(OC)c(OC)c(OC)c4)nc32)cc1;;;CHEMBL1201862;;;;CHEMBL1975927;;CHEMBL1975927;6.60;0;http://www.openphacts.org/units/Nanomolar;1584526;=;7;1;=;;Ki;nM;;251.19;CHEMBL2007;Homo sapiens;Platelet-derived growth factor receptor alpha;9606;;;pKi;;UO_0000065;;6.6
;active;9626983;[];CHEMBL1963805;PUBCHEM_BIOASSAY: Navigating the Kinome. (Class of assay: other) Panel member name: PDGFRA;F;;;BAO_0000192;BAO_0000019;assay format;OC1CCC(Nc2nc(Cl)cc(-c3c[nH]c4ncccc34)n2)CC1;;;CHEMBL1201862;;;;CHEMBL1986943;;CHEMBL1986943;6.00;0;http://www.openphacts.org/units/Nanomolar;1584071;=;7;1;=;;Ki;nM;;1000.0;CHEMBL2007;Homo sapiens;Platelet-derived growth factor receptor alpha;9606;;;pKi;;UO_0000065;;6.0
;active;9626984;[];CHEMBL1963805;PUBCHEM_BIOASSAY: Navigating the Kinome. (Class of assay: other) Panel member name: PDGFRA;F;;;BAO_0000192;BAO_0000019;assay format;CC(Nc1cncc(-n2cnc3ccc(C#N)cc32)n1)c1ccccc1F;;;CHEMBL1201862;;;;CHEMBL1977138;;CHEMBL1977138;5.80;0;http://www.openphacts.org/units/Nanomolar;1584700;=;7;1;=;;Ki;nM;;1584.89;CHEMBL2007;Homo sapiens;Platelet-derived growth factor receptor alpha;9606;;;pKi;;UO_0000065;;5.8
;active;9626986;[];CHEMBL1963805;PUBCHEM_BIOASSAY: Navigating the Kinome. (Class of assay: other) Panel member name: PDGFRA;F;;;BAO_0000192;BAO_0000019;assay format;O=C1Nc2cc(-c3ccc(O)cc3)ccc2C1=Cc1ccc[nH]1;;;CHEMBL1201862;;;;CHEMBL1980329;;CHEMBL1980329;6.30;0;http://www.openphacts.org/units/Nanomolar;1584993;=;7;1;=;;Ki;nM;;501.19;CHEMBL2007;Homo sapiens;Platelet-derived growth factor receptor alpha;9606;;;pKi;;UO_0000065;;6.3
;active;9626987;[];CHEMBL1963805;PUBCHEM_BIOASSAY: Navigating the Kinome. (Class of assay: other) Panel member name: PDGFRA;F;;;BAO_0000192;BAO_0000019;assay format;CCN(CC)CC#Cc1cnc(N)c2c(-c3ccc(NC(=O)Nc4cccc(C)c4)cc3)csc12;;;CHEMBL1201862;;;;CHEMBL2001257;;CHEMBL2001257;6.60;0;http://www.openphacts.org/units/Nanomolar;1584201;=;7;1;=;;Ki;nM;;251.19;CHEMBL2007;Homo sapiens;Platelet-derived growth factor receptor alpha;9606;;;pKi;;UO_0000065;;6.6
;active;9626988;[];CHEMBL1963805;PUBCHEM_BIOASSAY: Navigating the Kinome. (Class of assay: other) Panel member name: PDGFRA;F;;;BAO_0000192;BAO_0000019;assay format;Cc1[nH]c(=O)oc(=O)c1-c1ccccc1;;;CHEMBL1201862;;;;CHEMBL1971785;;CHEMBL1971785;4.20;0;http://www.openphacts.org/units/Nanomolar;1585395;=;7;1;=;;Ki;nM;;63095.73;CHEMBL2007;Homo sapiens;Platelet-derived growth factor receptor alpha;9606;;;pKi;;UO_0000065;;4.2
;active;9626990;[];CHEMBL1963805;PUBCHEM_BIOASSAY: Navigating the Kinome. (Class of assay: other) Panel member name: PDGFRA;F;;;BAO_0000192;BAO_0000019;assay format;O=C(O)C1CN(Cc2ccc(OCc3cccc(C(F)(F)F)c3)cc2Cl)C1;;;CHEMBL1201862;;;;CHEMBL1986265;;CHEMBL1986265;6.00;0;http://www.openphacts.org/units/Nanomolar;1584814;=;7;1;=;;Ki;nM;;1000.0;CHEMBL2007;Homo sapiens;Platelet-derived growth factor receptor alpha;9606;;;pKi;;UO_0000065;;6.0
;active;9626991;[];CHEMBL1963805;PUBCHEM_BIOASSAY: Navigating the Kinome. (Class of assay: other) Panel member name: PDGFRA;F;;;BAO_0000192;BAO_0000019;assay format;Nc1nnc2sc3ccccc3n12;;;CHEMBL1201862;;;;CHEMBL2001704;;CHEMBL2001704;4.20;0;http://www.openphacts.org/units/Nanomolar;1585559;=;7;1;=;;Ki;nM;;63095.73;CHEMBL2007;Homo sapiens;Platelet-derived growth factor receptor alpha;9606;;;pKi;;UO_0000065;;4.2
;active;9626992;[];CHEMBL1963805;PUBCHEM_BIOASSAY: Navigating the Kinome. (Class of assay: other) Panel member name: PDGFRA;F;;;BAO_0000192;BAO_0000019;assay format;CN1c2ccc(N)cc2C(c2ccccc2)c2cc(N)ccc21;;;CHEMBL1201862;;;;CHEMBL1991734;;CHEMBL1991734;7.00;0;http://www.openphacts.org/units/Nanomolar;1585250;=;7;1;=;;Ki;nM;;100.0;CHEMBL2007;Homo sapiens;Platelet-derived growth factor receptor alpha;9606;;;pKi;;UO_0000065;;7.0
;active;9626995;[];CHEMBL1963805;PUBCHEM_BIOASSAY: Navigating the Kinome. (Class of assay: other) Panel member name: PDGFRA;F;;;BAO_0000192;BAO_0000019;assay format;COc1cc(-c2csc3c(C=CC(=O)NCCN(C)C)cnc(N)c23)ccc1NC(=O)c1cc2ccccc2n1C;;;CHEMBL1201862;;;;CHEMBL1989267;;CHEMBL1989267;7.40;0;http://www.openphacts.org/units/Nanomolar;1584975;=;7;1;=;;Ki;nM;;39.81;CHEMBL2007;Homo sapiens;Platelet-derived growth factor receptor alpha;9606;;;pKi;;UO_0000065;;7.4
;active;9626996;[];CHEMBL1963805;PUBCHEM_BIOASSAY: Navigating the Kinome. (Class of assay: other) Panel member name: PDGFRA;F;;;BAO_0000192;BAO_0000019;assay format;COc1cc2c(N3CCN(C(=O)Nc4ccc(OC(C)C)cc4)CC3)ncnc2cc1OCCCN1CCCCC1;;;CHEMBL1201862;;;;CHEMBL124660;TANDUTINIB;CHEMBL124660;7.20;0;http://www.openphacts.org/units/Nanomolar;1585224;=;7;1;=;;Ki;nM;;63.1;CHEMBL2007;Homo sapiens;Platelet-derived growth factor receptor alpha;9606;;;pKi;;UO_0000065;;7.2
;active;9626998;[];CHEMBL1963805;PUBCHEM_BIOASSAY: Navigating the Kinome. (Class of assay: other) Panel member name: PDGFRA;F;;;BAO_0000192;BAO_0000019;assay format;Nc1n[nH]c2ncc(Br)cc12;;;CHEMBL1201862;;;;CHEMBL2002105;;CHEMBL2002105;4.10;0;http://www.openphacts.org/units/Nanomolar;1585410;=;7;1;=;;Ki;nM;;79432.82;CHEMBL2007;Homo sapiens;Platelet-derived growth factor receptor alpha;9606;;;pKi;;UO_0000065;;4.1
;active;9626999;[];CHEMBL1963805;PUBCHEM_BIOASSAY: Navigating the Kinome. (Class of assay: other) Panel member name: PDGFRA;F;;;BAO_0000192;BAO_0000019;assay format;Cc1ccc(F)c(NC(=O)Nc2ccc(-c3cccc4[nH]nc(N)c34)cc2)c1;;;CHEMBL1201862;;;;CHEMBL223360;LINIFANIB;CHEMBL223360;7.30;0;http://www.openphacts.org/units/Nanomolar;1584222;=;7;1;=;;Ki;nM;;50.12;CHEMBL2007;Homo sapiens;Platelet-derived growth factor receptor alpha;9606;;;pKi;;UO_0000065;;7.3
;active;9627000;[];CHEMBL1963805;PUBCHEM_BIOASSAY: Navigating the Kinome. (Class of assay: other) Panel member name: PDGFRA;F;;;BAO_0000192;BAO_0000019;assay format;CCCCN(CCC#N)C(=O)c1ccc2nc(-c3n[nH]c4ccccc34)[nH]c2c1;;;CHEMBL1201862;;;;CHEMBL1983348;;CHEMBL1983348;5.60;0;http://www.openphacts.org/units/Nanomolar;1584787;=;7;1;=;;Ki;nM;;2511.89;CHEMBL2007;Homo sapiens;Platelet-derived growth factor receptor alpha;9606;;;pKi;;UO_0000065;;5.6
;active;9627001;[];CHEMBL1963805;PUBCHEM_BIOASSAY: Navigating the Kinome. (Class of assay: other) Panel member name: PDGFRA;F;;;BAO_0000192;BAO_0000019;assay format;CCN(CC)CCNC(=O)c1cccc(-n2nc(C(C)(C)C)cc2NC(=O)Nc2cccc3ccccc23)c1;;;CHEMBL1201862;;;;CHEMBL1970290;;CHEMBL1970290;6.60;0;http://www.openphacts.org/units/Nanomolar;1584708;=;7;1;=;;Ki;nM;;251.19;CHEMBL2007;Homo sapiens;Platelet-derived growth factor receptor alpha;9606;;;pKi;;UO_0000065;;6.6
;active;9627003;[];CHEMBL1963805;PUBCHEM_BIOASSAY: Navigating the Kinome. (Class of assay: other) Panel member name: PDGFRA;F;;;BAO_0000192;BAO_0000019;assay format;Cc1nc(Nc2ncc(C(=O)Nc3c(C)cccc3Cl)s2)cc(N2CCN(CCO)CC2)n1.O;;;CHEMBL1201862;;;;CHEMBL5416410;DASATINIB;CHEMBL1421;8.00;0;http://www.openphacts.org/units/Nanomolar;1585425;=;7;1;=;;Ki;nM;;10.0;CHEMBL2007;Homo sapiens;Platelet-derived growth factor receptor alpha;9606;;;pKi;;UO_0000065;;8.0
;active;9627006;[];CHEMBL1963805;PUBCHEM_BIOASSAY: Navigating the Kinome. (Class of assay: other) Panel member name: PDGFRA;F;;;BAO_0000192;BAO_0000019;assay format;Nc1ncnc2c1C(=O)Nc1ccccc1N2;;;CHEMBL1201862;;;;CHEMBL1980671;;CHEMBL1980671;4.40;0;http://www.openphacts.org/units/Nanomolar;1584589;=;7;1;=;;Ki;nM;;39810.72;CHEMBL2007;Homo sapiens;Platelet-derived growth factor receptor alpha;9606;;;pKi;;UO_0000065;;4.4
;active;9627007;[];CHEMBL1963805;PUBCHEM_BIOASSAY: Navigating the Kinome. (Class of assay: other) Panel member name: PDGFRA;F;;;BAO_0000192;BAO_0000019;assay format;COc1cccc(NC(=O)N2CCC(c3nc4c(C(N)=O)cccc4[nH]3)CC2)c1;;;CHEMBL1201862;;;;CHEMBL1973363;;CHEMBL1973363;5.80;0;http://www.openphacts.org/units/Nanomolar;1584553;=;7;1;=;;Ki;nM;;1584.89;CHEMBL2007;Homo sapiens;Platelet-derived growth factor receptor alpha;9606;;;pKi;;UO_0000065;;5.8
;active;9627009;[];CHEMBL1963805;PUBCHEM_BIOASSAY: Navigating the Kinome. (Class of assay: other) Panel member name: PDGFRA;F;;;BAO_0000192;BAO_0000019;assay format;Cc1cccc(NC(=O)Nc2ccc(-c3csc4c(-c5cnn(CC(C)O)c5)cnc(N)c34)cc2)c1;;;CHEMBL1201862;;;;CHEMBL1989708;;CHEMBL1989708;8.50;0;http://www.openphacts.org/units/Nanomolar;1584208;=;7;1;=;;Ki;nM;;3.162;CHEMBL2007;Homo sapiens;Platelet-derived growth factor receptor alpha;9606;;;pKi;;UO_0000065;;8.5
;active;9627012;[];CHEMBL1963805;PUBCHEM_BIOASSAY: Navigating the Kinome. (Class of assay: other) Panel member name: PDGFRA;F;;;BAO_0000192;BAO_0000019;assay format;c1ccc2c(c1)Cc1c[nH]nc1-2;;;CHEMBL1201862;;;;CHEMBL1989423;;CHEMBL1989423;4.00;0;http://www.openphacts.org/units/Nanomolar;1585329;=;7;1;=;;Ki;nM;;100000.0;CHEMBL2007;Homo sapiens;Platelet-derived growth factor receptor alpha;9606;;;pKi;;UO_0000065;;4.0
;active;9627023;[];CHEMBL1963805;PUBCHEM_BIOASSAY: Navigating the Kinome. (Class of assay: other) Panel member name: PDGFRA;F;;;BAO_0000192;BAO_0000019;assay format;Oc1ccc2nc(-c3ccc(Sc4ccc(-c5nc6ccc(O)cc6[nH]5)cc4)cc3)[nH]c2c1;;;CHEMBL1201862;;;;CHEMBL2001149;;CHEMBL2001149;5.70;0;http://www.openphacts.org/units/Nanomolar;1585065;=;7;1;=;;Ki;nM;;1995.26;CHEMBL2007;Homo sapiens;Platelet-derived growth factor receptor alpha;9606;;;pKi;;UO_0000065;;5.7
;active;9627024;[];CHEMBL1963805;PUBCHEM_BIOASSAY: Navigating the Kinome. (Class of assay: other) Panel member name: PDGFRA;F;;;BAO_0000192;BAO_0000019;assay format;O=C(O)c1csc2c1NCCNC2=O;;;CHEMBL1201862;;;;CHEMBL1974875;;CHEMBL1974875;4.30;0;http://www.openphacts.org/units/Nanomolar;1585381;=;7;1;=;;Ki;nM;;50118.72;CHEMBL2007;Homo sapiens;Platelet-derived growth factor receptor alpha;9606;;;pKi;;UO_0000065;;4.3
;active;9627026;[];CHEMBL1963805;PUBCHEM_BIOASSAY: Navigating the Kinome. (Class of assay: other) Panel member name: PDGFRA;F;;;BAO_0000192;BAO_0000019;assay format;COc1cccc(OC)c1CNc1nc(NC2CCCCC2)nc2ccc(Cl)cc12;;;CHEMBL1201862;;;;CHEMBL1996646;;CHEMBL1996646;7.10;0;http://www.openphacts.org/units/Nanomolar;1585288;=;7;1;=;;Ki;nM;;79.43;CHEMBL2007;Homo sapiens;Platelet-derived growth factor receptor alpha;9606;;;pKi;;UO_0000065;;7.1
;active;9627027;[];CHEMBL1963805;PUBCHEM_BIOASSAY: Navigating the Kinome. (Class of assay: other) Panel member name: PDGFRA;F;;;BAO_0000192;BAO_0000019;assay format;CN(CCN)C(=O)c1cccc(-n2nc(C(C)(C)C)cc2NC(=O)Nc2cccc3ccccc23)c1;;;CHEMBL1201862;;;;CHEMBL1979773;;CHEMBL1979773;6.10;0;http://www.openphacts.org/units/Nanomolar;1584718;=;7;1;=;;Ki;nM;;794.33;CHEMBL2007;Homo sapiens;Platelet-derived growth factor receptor alpha;9606;;;pKi;;UO_0000065;;6.1
;active;9627030;[];CHEMBL1963805;PUBCHEM_BIOASSAY: Navigating the Kinome. (Class of assay: other) Panel member name: PDGFRA;F;;;BAO_0000192;BAO_0000019;assay format;COc1cc(-c2ccc3c(c2)Nc2ccc(C(=O)NCCCN(C)C)cc2NC3=O)ccc1O;;;CHEMBL1201862;;;;CHEMBL1996702;;CHEMBL1996702;6.20;0;http://www.openphacts.org/units/Nanomolar;1584588;=;7;1;=;;Ki;nM;;630.96;CHEMBL2007;Homo sapiens;Platelet-derived growth factor receptor alpha;9606;;;pKi;;UO_0000065;;6.2
;active;9627033;[];CHEMBL1963805;PUBCHEM_BIOASSAY: Navigating the Kinome. (Class of assay: other) Panel member name: PDGFRA;F;;;BAO_0000192;BAO_0000019;assay format;CC(=O)n1nc(N)c2ccc(Br)cc21;;;CHEMBL1201862;;;;CHEMBL1994956;;CHEMBL1994956;5.60;0;http://www.openphacts.org/units/Nanomolar;1584972;=;7;1;=;;Ki;nM;;2511.89;CHEMBL2007;Homo sapiens;Platelet-derived growth factor receptor alpha;9606;;;pKi;;UO_0000065;;5.6
;active;9627037;[];CHEMBL1963805;PUBCHEM_BIOASSAY: Navigating the Kinome. (Class of assay: other) Panel member name: PDGFRA;F;;;BAO_0000192;BAO_0000019;assay format;COc1cc(Nc2ncc(F)c(Nc3ccc4c(n3)NC(=O)C(C)(C)O4)n2)cc(OC)c1OC;;;CHEMBL1201862;;;;CHEMBL475251;R-406;CHEMBL475251;6.70;0;http://www.openphacts.org/units/Nanomolar;1584482;=;7;1;=;;Ki;nM;;199.53;CHEMBL2007;Homo sapiens;Platelet-derived growth factor receptor alpha;9606;;;pKi;;UO_0000065;;6.7
;active;9627041;[];CHEMBL1963805;PUBCHEM_BIOASSAY: Navigating the Kinome. (Class of assay: other) Panel member name: PDGFRA;F;;;BAO_0000192;BAO_0000019;assay format;Nc1ncnc2c1N=C(c1ccccc1)CCN2;;;CHEMBL1201862;;;;CHEMBL262623;;CHEMBL262623;4.60;0;http://www.openphacts.org/units/Nanomolar;1585390;=;7;1;=;;Ki;nM;;25118.86;CHEMBL2007;Homo sapiens;Platelet-derived growth factor receptor alpha;9606;;;pKi;;UO_0000065;;4.6
;active;9627047;[];CHEMBL1963805;PUBCHEM_BIOASSAY: Navigating the Kinome. (Class of assay: other) Panel member name: PDGFRA;F;;;BAO_0000192;BAO_0000019;assay format;Cc1ccc(-c2cc3c(NCCN)ccc(C(N)=O)c3[nH]2)cc1;;;CHEMBL1201862;;;;CHEMBL1996048;;CHEMBL1996048;5.80;0;http://www.openphacts.org/units/Nanomolar;1584865;=;7;1;=;;Ki;nM;;1584.89;CHEMBL2007;Homo sapiens;Platelet-derived growth factor receptor alpha;9606;;;pKi;;UO_0000065;;5.8
;active;9627052;[];CHEMBL1963805;PUBCHEM_BIOASSAY: Navigating the Kinome. (Class of assay: other) Panel member name: PDGFRA;F;;;BAO_0000192;BAO_0000019;assay format;COc1cc2c(Oc3ccc4[nH]c(C)cc4c3F)ncnc2cc1OCCCN1CCCC1;;;CHEMBL1201862;;;;CHEMBL491473;CEDIRANIB;CHEMBL491473;8.00;0;http://www.openphacts.org/units/Nanomolar;1585222;=;7;1;=;;Ki;nM;;10.0;CHEMBL2007;Homo sapiens;Platelet-derived growth factor receptor alpha;9606;;;pKi;;UO_0000065;;8.0
;active;9627058;[];CHEMBL1963805;PUBCHEM_BIOASSAY: Navigating the Kinome. (Class of assay: other) Panel member name: PDGFRA;F;;;BAO_0000192;BAO_0000019;assay format;CCN1c2cc(N)ccc2-c2ccc(N)cc2C1(O)c1ccccc1;;;CHEMBL1201862;;;;CHEMBL1991818;;CHEMBL1991818;5.90;0;http://www.openphacts.org/units/Nanomolar;1585537;=;7;1;=;;Ki;nM;;1258.93;CHEMBL2007;Homo sapiens;Platelet-derived growth factor receptor alpha;9606;;;pKi;;UO_0000065;;5.9
;active;9627059;[];CHEMBL1963805;PUBCHEM_BIOASSAY: Navigating the Kinome. (Class of assay: other) Panel member name: PDGFRA;F;;;BAO_0000192;BAO_0000019;assay format;Nc1ncnc2c1c(-c1cnc3[nH]ccc3c1)nn2C1CCCC1;;;CHEMBL1201862;;;;CHEMBL1081312;;CHEMBL1081312;6.50;0;http://www.openphacts.org/units/Nanomolar;1584664;=;7;1;=;;Ki;nM;;316.23;CHEMBL2007;Homo sapiens;Platelet-derived growth factor receptor alpha;9606;;;pKi;;UO_0000065;;6.5
;active;9627060;[];CHEMBL1963805;PUBCHEM_BIOASSAY: Navigating the Kinome. (Class of assay: other) Panel member name: PDGFRA;F;;;BAO_0000192;BAO_0000019;assay format;O=C(O)C1CN(Cc2ccc(OCc3cccc(C(F)(F)F)c3)cc2)C1;;;CHEMBL1201862;;;;CHEMBL1971132;;CHEMBL1971132;6.40;0;http://www.openphacts.org/units/Nanomolar;1584815;=;7;1;=;;Ki;nM;;398.11;CHEMBL2007;Homo sapiens;Platelet-derived growth factor receptor alpha;9606;;;pKi;;UO_0000065;;6.4
;active;9627061;[];CHEMBL1963805;PUBCHEM_BIOASSAY: Navigating the Kinome. (Class of assay: other) Panel member name: PDGFRA;F;;;BAO_0000192;BAO_0000019;assay format;COc1ccc(NC(=O)Nc2ccc(-c3csc4c(-c5cnn(CC(O)CO)c5)cnc(N)c34)cc2)cc1;;;CHEMBL1201862;;;;CHEMBL1965170;;CHEMBL1965170;8.80;0;http://www.openphacts.org/units/Nanomolar;1584155;=;7;1;=;;Ki;nM;;1.585;CHEMBL2007;Homo sapiens;Platelet-derived growth factor receptor alpha;9606;;;pKi;;UO_0000065;;8.8
;active;9627062;[];CHEMBL1963805;PUBCHEM_BIOASSAY: Navigating the Kinome. (Class of assay: other) Panel member name: PDGFRA;F;;;BAO_0000192;BAO_0000019;assay format;Cc1nnc(-c2ccccc2)c(C#N)n1;;;CHEMBL1201862;;;;CHEMBL1994808;;CHEMBL1994808;4.00;0;http://www.openphacts.org/units/Nanomolar;1585536;=;7;1;=;;Ki;nM;;100000.0;CHEMBL2007;Homo sapiens;Platelet-derived growth factor receptor alpha;9606;;;pKi;;UO_0000065;;4.0
;active;9627064;[];CHEMBL1963805;PUBCHEM_BIOASSAY: Navigating the Kinome. (Class of assay: other) Panel member name: PDGFRA;F;;;BAO_0000192;BAO_0000019;assay format;Nc1n[nH]c2nc(Cl)sc12;;;CHEMBL1201862;;;;CHEMBL1991867;;CHEMBL1991867;4.30;0;http://www.openphacts.org/units/Nanomolar;1585493;=;7;1;=;;Ki;nM;;50118.72;CHEMBL2007;Homo sapiens;Platelet-derived growth factor receptor alpha;9606;;;pKi;;UO_0000065;;4.3
;active;9627065;[];CHEMBL1963805;PUBCHEM_BIOASSAY: Navigating the Kinome. (Class of assay: other) Panel member name: PDGFRA;F;;;BAO_0000192;BAO_0000019;assay format;COc1c(-c2nc3ccccc3[nH]2)c(O)cc2oc(C)cc(=O)c12;;;CHEMBL1201862;;;;CHEMBL1972355;;CHEMBL1972355;6.20;0;http://www.openphacts.org/units/Nanomolar;1585486;=;7;1;=;;Ki;nM;;630.96;CHEMBL2007;Homo sapiens;Platelet-derived growth factor receptor alpha;9606;;;pKi;;UO_0000065;;6.2
;active;9627066;[];CHEMBL1963805;PUBCHEM_BIOASSAY: Navigating the Kinome. (Class of assay: other) Panel member name: PDGFRA;F;;;BAO_0000192;BAO_0000019;assay format;Cc1cc(=O)[nH]nc1-c1ccc(NC(=O)Nc2cc(C(F)(F)F)ccc2F)c(Cl)c1;;;CHEMBL1201862;;;;CHEMBL1997892;;CHEMBL1997892;6.70;0;http://www.openphacts.org/units/Nanomolar;1585213;=;7;1;=;;Ki;nM;;199.53;CHEMBL2007;Homo sapiens;Platelet-derived growth factor receptor alpha;9606;;;pKi;;UO_0000065;;6.7
;active;9627067;[];CHEMBL1963805;PUBCHEM_BIOASSAY: Navigating the Kinome. (Class of assay: other) Panel member name: PDGFRA;F;;;BAO_0000192;BAO_0000019;assay format;CC(C)(O)c1cn(-c2ccc3[nH]ncc3c2)nn1;;;CHEMBL1201862;;;;CHEMBL2001641;;CHEMBL2001641;4.20;0;http://www.openphacts.org/units/Nanomolar;1585177;=;7;1;=;;Ki;nM;;63095.73;CHEMBL2007;Homo sapiens;Platelet-derived growth factor receptor alpha;9606;;;pKi;;UO_0000065;;4.2
;active;9627072;[];CHEMBL1963805;PUBCHEM_BIOASSAY: Navigating the Kinome. (Class of assay: other) Panel member name: PDGFRA;F;;;BAO_0000192;BAO_0000019;assay format;COc1cc2/c(=N/c3ccc(Br)cc3F)nc[nH]c2cc1OCC1CCN(C)CC1;;;CHEMBL1201862;;;;CHEMBL24828;VANDETANIB;CHEMBL24828;6.80;0;http://www.openphacts.org/units/Nanomolar;1585220;=;7;1;=;;Ki;nM;;158.49;CHEMBL2007;Homo sapiens;Platelet-derived growth factor receptor alpha;9606;;;pKi;;UO_0000065;;6.8
;active;9627074;[];CHEMBL1963805;PUBCHEM_BIOASSAY: Navigating the Kinome. (Class of assay: other) Panel member name: PDGFRA;F;;;BAO_0000192;BAO_0000019;assay format;Clc1cc2nnc(-c3ccccc3)n2cn1;;;CHEMBL1201862;;;;CHEMBL1998228;;CHEMBL1998228;4.80;0;http://www.openphacts.org/units/Nanomolar;1585111;=;7;1;=;;Ki;nM;;15848.93;CHEMBL2007;Homo sapiens;Platelet-derived growth factor receptor alpha;9606;;;pKi;;UO_0000065;;4.8
;active;9627076;[];CHEMBL1963805;PUBCHEM_BIOASSAY: Navigating the Kinome. (Class of assay: other) Panel member name: PDGFRA;F;;;BAO_0000192;BAO_0000019;assay format;Cc1ccc(Nc2nccc(N(C)c3ccc4c(C)n(C)nc4c3)n2)cc1S(N)(=O)=O;;;CHEMBL1201862;;;;CHEMBL477772;PAZOPANIB;CHEMBL477772;6.20;0;http://www.openphacts.org/units/Nanomolar;1585524;=;7;1;=;;Ki;nM;;630.96;CHEMBL2007;Homo sapiens;Platelet-derived growth factor receptor alpha;9606;;;pKi;;UO_0000065;;6.2
;active;9627082;[];CHEMBL1963805;PUBCHEM_BIOASSAY: Navigating the Kinome. (Class of assay: other) Panel member name: PDGFRA;F;;;BAO_0000192;BAO_0000019;assay format;CC(=O)c1ccccc1-c1ncnc2[nH]ccc12;;;CHEMBL1201862;;;;CHEMBL1977931;;CHEMBL1977931;4.50;0;http://www.openphacts.org/units/Nanomolar;1585156;=;7;1;=;;Ki;nM;;31622.78;CHEMBL2007;Homo sapiens;Platelet-derived growth factor receptor alpha;9606;;;pKi;;UO_0000065;;4.5
;active;9627083;[];CHEMBL1963805;PUBCHEM_BIOASSAY: Navigating the Kinome. (Class of assay: other) Panel member name: PDGFRA;F;;;BAO_0000192;BAO_0000019;assay format;Nc1nccc2cnc(-c3ccccc3)n12;;;CHEMBL1201862;;;;CHEMBL1969156;;CHEMBL1969156;4.20;0;http://www.openphacts.org/units/Nanomolar;1585211;=;7;1;=;;Ki;nM;;63095.73;CHEMBL2007;Homo sapiens;Platelet-derived growth factor receptor alpha;9606;;;pKi;;UO_0000065;;4.2
;active;9627084;[];CHEMBL1963805;PUBCHEM_BIOASSAY: Navigating the Kinome. (Class of assay: other) Panel member name: PDGFRA;F;;;BAO_0000192;BAO_0000019;assay format;Clc1ccc(Nc2nnc(Cc3ccncc3)c3ccccc23)cc1;;;CHEMBL1201862;;;;CHEMBL101253;VATALANIB;CHEMBL101253;5.90;0;http://www.openphacts.org/units/Nanomolar;1585430;=;7;1;=;;Ki;nM;;1258.93;CHEMBL2007;Homo sapiens;Platelet-derived growth factor receptor alpha;9606;;;pKi;;UO_0000065;;5.9
;active;9627088;[];CHEMBL1963805;PUBCHEM_BIOASSAY: Navigating the Kinome. (Class of assay: other) Panel member name: PDGFRA;F;;;BAO_0000192;BAO_0000019;assay format;Cc1cccc(NC(=O)Nc2ccc(-c3csc4c(-c5cnn(CCO)c5)cnc(N)c34)cc2F)c1;;;CHEMBL1201862;;;;CHEMBL1986851;;CHEMBL1986851;7.60;0;http://www.openphacts.org/units/Nanomolar;1584225;=;7;1;=;;Ki;nM;;25.12;CHEMBL2007;Homo sapiens;Platelet-derived growth factor receptor alpha;9606;;;pKi;;UO_0000065;;7.6
;active;9627089;[];CHEMBL1963805;PUBCHEM_BIOASSAY: Navigating the Kinome. (Class of assay: other) Panel member name: PDGFRA;F;;;BAO_0000192;BAO_0000019;assay format;Cc1ccc(NC(=O)c2ccc(CN3CCN(C)CC3)cc2)cc1Nc1nccc(-c2cccnc2)n1;;;CHEMBL1201862;;;;CHEMBL941;IMATINIB;CHEMBL941;6.80;0;http://www.openphacts.org/units/Nanomolar;1585478;=;7;1;=;;Ki;nM;;158.49;CHEMBL2007;Homo sapiens;Platelet-derived growth factor receptor alpha;9606;;;pKi;;UO_0000065;;6.8
;active;9627090;[];CHEMBL1963805;PUBCHEM_BIOASSAY: Navigating the Kinome. (Class of assay: other) Panel member name: PDGFRA;F;;;BAO_0000192;BAO_0000019;assay format;CC(C)c1cc(=O)[nH]c2[nH][nH]c(=O)c12;;;CHEMBL1201862;;;;CHEMBL1999120;;CHEMBL1999120;4.20;0;http://www.openphacts.org/units/Nanomolar;1585344;=;7;1;=;;Ki;nM;;63095.73;CHEMBL2007;Homo sapiens;Platelet-derived growth factor receptor alpha;9606;;;pKi;;UO_0000065;;4.2
;active;9627091;[];CHEMBL1963805;PUBCHEM_BIOASSAY: Navigating the Kinome. (Class of assay: other) Panel member name: PDGFRA;F;;;BAO_0000192;BAO_0000019;assay format;Nc1ncc(-c2cnn(CCO)c2)c2scc(-c3ccc(NC(=O)Nc4ccc(OC(F)F)cc4)cc3)c12;;;CHEMBL1201862;;;;CHEMBL1972220;;CHEMBL1972220;8.60;0;http://www.openphacts.org/units/Nanomolar;1584205;=;7;1;=;;Ki;nM;;2.512;CHEMBL2007;Homo sapiens;Platelet-derived growth factor receptor alpha;9606;;;pKi;;UO_0000065;;8.6
;active;9627093;[];CHEMBL1963805;PUBCHEM_BIOASSAY: Navigating the Kinome. (Class of assay: other) Panel member name: PDGFRA;F;;;BAO_0000192;BAO_0000019;assay format;NC1CCC(Nc2nc(Cl)cc(-c3c[nH]c4ncccc34)n2)CC1;;;CHEMBL1201862;;;;CHEMBL1973720;;CHEMBL1973720;5.90;0;http://www.openphacts.org/units/Nanomolar;1584072;=;7;1;=;;Ki;nM;;1258.93;CHEMBL2007;Homo sapiens;Platelet-derived growth factor receptor alpha;9606;;;pKi;;UO_0000065;;5.9
;active;9627095;[];CHEMBL1963805;PUBCHEM_BIOASSAY: Navigating the Kinome. (Class of assay: other) Panel member name: PDGFRA;F;;;BAO_0000192;BAO_0000019;assay format;CCN(CC)CCCNC(=O)c1cnc(N)c2c(-c3ccc(NC(=O)Nc4cccc(C)c4)cc3)csc12;;;CHEMBL1201862;;;;CHEMBL1999414;;CHEMBL1999414;8.90;0;http://www.openphacts.org/units/Nanomolar;1584156;=;7;1;=;;Ki;nM;;1.259;CHEMBL2007;Homo sapiens;Platelet-derived growth factor receptor alpha;9606;;;pKi;;UO_0000065;;8.9
;active;9627101;[];CHEMBL1963805;PUBCHEM_BIOASSAY: Navigating the Kinome. (Class of assay: other) Panel member name: PDGFRA;F;;;BAO_0000192;BAO_0000019;assay format;Nc1noc2cccc(-c3cccc(O)c3)c12;;;CHEMBL1201862;;;;CHEMBL1970340;;CHEMBL1970340;5.20;0;http://www.openphacts.org/units/Nanomolar;1585461;=;7;1;=;;Ki;nM;;6309.57;CHEMBL2007;Homo sapiens;Platelet-derived growth factor receptor alpha;9606;;;pKi;;UO_0000065;;5.2
;active;9627103;[];CHEMBL1963805;PUBCHEM_BIOASSAY: Navigating the Kinome. (Class of assay: other) Panel member name: PDGFRA;F;;;BAO_0000192;BAO_0000019;assay format;CCN1CCN(Cc2ccc(NC(=O)Nc3ccc(Oc4cc(NC)ncn4)cc3)cc2C(F)(F)F)CC1;;;CHEMBL1201862;;;;CHEMBL574738;AST-487;CHEMBL574738;7.10;0;http://www.openphacts.org/units/Nanomolar;1585564;=;7;1;=;;Ki;nM;;79.43;CHEMBL2007;Homo sapiens;Platelet-derived growth factor receptor alpha;9606;;;pKi;;UO_0000065;;7.1
;active;9630666;[];CHEMBL1963805;PUBCHEM_BIOASSAY: Navigating the Kinome. (Class of assay: other) Panel member name: PDGFRA;F;;;BAO_0000192;BAO_0000019;assay format;Cc1nn(C)c2sc3c(=O)[nH]cnc3c12;;;CHEMBL1201862;;;;CHEMBL1967538;;CHEMBL1967538;4.00;0;http://www.openphacts.org/units/Nanomolar;1585193;=;7;1;=;;Ki;nM;;100000.0;CHEMBL2007;Homo sapiens;Platelet-derived growth factor receptor alpha;9606;;;pKi;;UO_0000065;;4.0
;active;9630669;[];CHEMBL1963805;PUBCHEM_BIOASSAY: Navigating the Kinome. (Class of assay: other) Panel member name: PDGFRA;F;;;BAO_0000192;BAO_0000019;assay format;CN1CCN(c2ccc(-c3cnc4c(c3)N(Cc3cc(Cl)ccc3C(F)(F)F)CCN4)cn2)CC1;;;CHEMBL1201862;;;;CHEMBL1164180;;CHEMBL1164180;5.90;0;http://www.openphacts.org/units/Nanomolar;1585456;=;7;1;=;;Ki;nM;;1258.93;CHEMBL2007;Homo sapiens;Platelet-derived growth factor receptor alpha;9606;;;pKi;;UO_0000065;;5.9
;active;9630670;[];CHEMBL1963805;PUBCHEM_BIOASSAY: Navigating the Kinome. (Class of assay: other) Panel member name: PDGFRA;F;;;BAO_0000192;BAO_0000019;assay format;CCN(CCCOc1ccc2c(Nc3cc(CC(=O)Nc4cccc(F)c4)[nH]n3)ncnc2c1)CCOP(=O)(O)O;;;CHEMBL1201862;;;;CHEMBL415049;BARASERTIB;CHEMBL415049;6.00;0;http://www.openphacts.org/units/Nanomolar;1585228;=;7;1;=;;Ki;nM;;1000.0;CHEMBL2007;Homo sapiens;Platelet-derived growth factor receptor alpha;9606;;;pKi;;UO_0000065;;6.0
;active;9630672;[];CHEMBL1963805;PUBCHEM_BIOASSAY: Navigating the Kinome. (Class of assay: other) Panel member name: PDGFRA;F;;;BAO_0000192;BAO_0000019;assay format;Cc1ccc(F)c(NC(=O)Nc2ccc(-c3coc4c(C#CCN5CCOCC5)cnc(N)c34)cc2)c1;;;CHEMBL1201862;;;;CHEMBL1983640;;CHEMBL1983640;8.50;0;http://www.openphacts.org/units/Nanomolar;1584164;=;7;1;=;;Ki;nM;;3.162;CHEMBL2007;Homo sapiens;Platelet-derived growth factor receptor alpha;9606;;;pKi;;UO_0000065;;8.5
;active;9630673;[];CHEMBL1963805;PUBCHEM_BIOASSAY: Navigating the Kinome. (Class of assay: other) Panel member name: PDGFRA;F;;;BAO_0000192;BAO_0000019;assay format;CCOC(=O)c1nc2c(=O)[nH]c3cc([N+](=O)[O-])c(NC(C)=O)cc3n2c1C;;;CHEMBL1201862;;;;CHEMBL1997611;;CHEMBL1997611;5.90;0;http://www.openphacts.org/units/Nanomolar;1585546;=;7;1;=;;Ki;nM;;1258.93;CHEMBL2007;Homo sapiens;Platelet-derived growth factor receptor alpha;9606;;;pKi;;UO_0000065;;5.9
;active;9630675;[];CHEMBL1963805;PUBCHEM_BIOASSAY: Navigating the Kinome. (Class of assay: other) Panel member name: PDGFRA;F;;;BAO_0000192;BAO_0000019;assay format;NC1CCC(Nc2nc(Cl)cc(-c3c[nH]c4ncccc34)n2)CC1;;;CHEMBL1201862;;;;CHEMBL1973720;;CHEMBL1973720;5.90;0;http://www.openphacts.org/units/Nanomolar;1584082;=;7;1;=;;Ki;nM;;1258.93;CHEMBL2007;Homo sapiens;Platelet-derived growth factor receptor alpha;9606;;;pKi;;UO_0000065;;5.9
;active;9630679;[];CHEMBL1963805;PUBCHEM_BIOASSAY: Navigating the Kinome. (Class of assay: other) Panel member name: PDGFRA;F;;;BAO_0000192;BAO_0000019;assay format;CNC(=O)c1cc(Oc2ccc(NC(=O)Nc3ccc(Cl)c(C(F)(F)F)c3)cc2)ccn1;;;CHEMBL1201862;;;;CHEMBL1336;SORAFENIB;CHEMBL1336;6.00;0;http://www.openphacts.org/units/Nanomolar;1584326;=;7;1;=;;Ki;nM;;1000.0;CHEMBL2007;Homo sapiens;Platelet-derived growth factor receptor alpha;9606;;;pKi;;UO_0000065;;6.0
;active;9630686;[];CHEMBL1963805;PUBCHEM_BIOASSAY: Navigating the Kinome. (Class of assay: other) Panel member name: PDGFRA;F;;;BAO_0000192;BAO_0000019;assay format;COc1ccc(NC(=O)Nc2ccc(-c3csc4c(-c5cnn(CC(C)(C)O)c5)cnc(N)c34)cc2)cc1;;;CHEMBL1201862;;;;CHEMBL2004290;;CHEMBL2004290;8.60;0;http://www.openphacts.org/units/Nanomolar;1584173;=;7;1;=;;Ki;nM;;2.512;CHEMBL2007;Homo sapiens;Platelet-derived growth factor receptor alpha;9606;;;pKi;;UO_0000065;;8.6
;active;9630687;[];CHEMBL1963805;PUBCHEM_BIOASSAY: Navigating the Kinome. (Class of assay: other) Panel member name: PDGFRA;F;;;BAO_0000192;BAO_0000019;assay format;O=c1[nH]c2cc(Br)cnc2[nH]1;;;CHEMBL1201862;;;;CHEMBL1975921;;CHEMBL1975921;5.30;0;http://www.openphacts.org/units/Nanomolar;1584749;=;7;1;=;;Ki;nM;;5011.87;CHEMBL2007;Homo sapiens;Platelet-derived growth factor receptor alpha;9606;;;pKi;;UO_0000065;;5.3
;active;9630696;[];CHEMBL1963805;PUBCHEM_BIOASSAY: Navigating the Kinome. (Class of assay: other) Panel member name: PDGFRA;F;;;BAO_0000192;BAO_0000019;assay format;NC(=O)c1c(OCc2c(F)cc(Br)cc2F)nsc1NC(=O)NCCCCN1CCCC1;;;CHEMBL1201862;;;;CHEMBL253969;OSI-632;CHEMBL253969;6.40;0;http://www.openphacts.org/units/Nanomolar;1585504;=;7;1;=;;Ki;nM;;398.11;CHEMBL2007;Homo sapiens;Platelet-derived growth factor receptor alpha;9606;;;pKi;;UO_0000065;;6.4
;active;9630700;[];CHEMBL1963805;PUBCHEM_BIOASSAY: Navigating the Kinome. (Class of assay: other) Panel member name: PDGFRA;F;;;BAO_0000192;BAO_0000019;assay format;N#CC1=C(c2ccccc2)CC(c2ccc(Cl)cc2)C(C(=O)c2ccccc2)C1=O;;;CHEMBL1201862;;;;CHEMBL1978371;;CHEMBL1978371;5.80;0;http://www.openphacts.org/units/Nanomolar;1585385;=;7;1;=;;Ki;nM;;1584.89;CHEMBL2007;Homo sapiens;Platelet-derived growth factor receptor alpha;9606;;;pKi;;UO_0000065;;5.8
;active;9630703;[];CHEMBL1963805;PUBCHEM_BIOASSAY: Navigating the Kinome. (Class of assay: other) Panel member name: PDGFRA;F;;;BAO_0000192;BAO_0000019;assay format;Cc1cccc(NC(=O)Nc2ccc(-c3csc4c(C#CCCCCCCCCN)cnc(N)c34)cc2)c1;;;CHEMBL1201862;;;;CHEMBL1978166;;CHEMBL1978166;7.70;0;http://www.openphacts.org/units/Nanomolar;1584153;=;7;1;=;;Ki;nM;;19.95;CHEMBL2007;Homo sapiens;Platelet-derived growth factor receptor alpha;9606;;;pKi;;UO_0000065;;7.7
;active;9630704;[];CHEMBL1963805;PUBCHEM_BIOASSAY: Navigating the Kinome. (Class of assay: other) Panel member name: PDGFRA;F;;;BAO_0000192;BAO_0000019;assay format;CN(C)CCCCNC(=O)c1cccc(-n2nc(C(C)(C)C)cc2NC(=O)Nc2cccc3ccccc23)c1;;;CHEMBL1201862;;;;CHEMBL2001451;;CHEMBL2001451;6.20;0;http://www.openphacts.org/units/Nanomolar;1584715;=;7;1;=;;Ki;nM;;630.96;CHEMBL2007;Homo sapiens;Platelet-derived growth factor receptor alpha;9606;;;pKi;;UO_0000065;;6.2
;active;9630706;[];CHEMBL1963805;PUBCHEM_BIOASSAY: Navigating the Kinome. (Class of assay: other) Panel member name: PDGFRA;F;;;BAO_0000192;BAO_0000019;assay format;OCc1cc(-c2ccc3[nH]ncc3c2)on1;;;CHEMBL1201862;;;;CHEMBL1974617;;CHEMBL1974617;4.40;0;http://www.openphacts.org/units/Nanomolar;1584388;=;7;1;=;;Ki;nM;;39810.72;CHEMBL2007;Homo sapiens;Platelet-derived growth factor receptor alpha;9606;;;pKi;;UO_0000065;;4.4
;active;9630709;[];CHEMBL1963805;PUBCHEM_BIOASSAY: Navigating the Kinome. (Class of assay: other) Panel member name: PDGFRA;F;;;BAO_0000192;BAO_0000019;assay format;COc1cc(Nc2ncnc(N3CCCc4cc(C)ccc43)n2)cc(OC)c1OC;;;CHEMBL1201862;;;;CHEMBL1992125;;CHEMBL1992125;5.90;0;http://www.openphacts.org/units/Nanomolar;1585095;=;7;1;=;;Ki;nM;;1258.93;CHEMBL2007;Homo sapiens;Platelet-derived growth factor receptor alpha;9606;;;pKi;;UO_0000065;;5.9
;active;9630713;[];CHEMBL1963805;PUBCHEM_BIOASSAY: Navigating the Kinome. (Class of assay: other) Panel member name: PDGFRA;F;;;BAO_0000192;BAO_0000019;assay format;Nc1n[nH]c2c(OCCCn3cccc3)ccc(-c3ccc(NC(=O)Nc4cccc(Cl)c4)cc3)c12;;;CHEMBL1201862;;;;CHEMBL1965387;;CHEMBL1965387;7.10;0;http://www.openphacts.org/units/Nanomolar;1584742;=;7;1;=;;Ki;nM;;79.43;CHEMBL2007;Homo sapiens;Platelet-derived growth factor receptor alpha;9606;;;pKi;;UO_0000065;;7.1
;active;9630714;[];CHEMBL1963805;PUBCHEM_BIOASSAY: Navigating the Kinome. (Class of assay: other) Panel member name: PDGFRA;F;;;BAO_0000192;BAO_0000019;assay format;c1cc2c(s1)CCc1cn[nH]c1-2;;;CHEMBL1201862;;;;CHEMBL2001539;;CHEMBL2001539;4.90;0;http://www.openphacts.org/units/Nanomolar;1585462;=;7;1;=;;Ki;nM;;12589.25;CHEMBL2007;Homo sapiens;Platelet-derived growth factor receptor alpha;9606;;;pKi;;UO_0000065;;4.9
;active;9630715;[];CHEMBL1963805;PUBCHEM_BIOASSAY: Navigating the Kinome. (Class of assay: other) Panel member name: PDGFRA;F;;;BAO_0000192;BAO_0000019;assay format;CNC1CC2OC(C)(C1OC)n1c3ccccc3c3c4c(c5c6ccccc6n2c5c31)C(=O)NC4;;;CHEMBL1201862;;;;CHEMBL1980995;;CHEMBL1980995;8.10;0;http://www.openphacts.org/units/Nanomolar;1585413;=;7;1;=;;Ki;nM;;7.943;CHEMBL2007;Homo sapiens;Platelet-derived growth factor receptor alpha;9606;;;pKi;;UO_0000065;;8.1
;active;9630718;[];CHEMBL1963805;PUBCHEM_BIOASSAY: Navigating the Kinome. (Class of assay: other) Panel member name: PDGFRA;F;;;BAO_0000192;BAO_0000019;assay format;N#Cc1ccc(-c2n[nH]c3c2Cc2ccc(OCCCCN4CCOCC4)cc2-3)cn1;;;CHEMBL1201862;;;;CHEMBL398951;;CHEMBL398951;5.90;0;http://www.openphacts.org/units/Nanomolar;1584695;=;7;1;=;;Ki;nM;;1258.93;CHEMBL2007;Homo sapiens;Platelet-derived growth factor receptor alpha;9606;;;pKi;;UO_0000065;;5.9
;active;9630719;[];CHEMBL1963805;PUBCHEM_BIOASSAY: Navigating the Kinome. (Class of assay: other) Panel member name: PDGFRA;F;;;BAO_0000192;BAO_0000019;assay format;CCN(CC)CCNC(=O)C=Cc1cnc(N)c2c(-c3ccc(NC(=O)Nc4cccc(C)c4)cc3)csc12;;;CHEMBL1201862;;;;CHEMBL2004716;;CHEMBL2004716;7.90;0;http://www.openphacts.org/units/Nanomolar;1584202;=;7;1;=;;Ki;nM;;12.59;CHEMBL2007;Homo sapiens;Platelet-derived growth factor receptor alpha;9606;;;pKi;;UO_0000065;;7.9
;active;9630721;[];CHEMBL1963805;PUBCHEM_BIOASSAY: Navigating the Kinome. (Class of assay: other) Panel member name: PDGFRA;F;;;BAO_0000192;BAO_0000019;assay format;CNC(=O)c1ccccc1Sc1ccc2c(C=Cc3ccccn3)n[nH]c2c1;;;CHEMBL1201862;;;;CHEMBL1988437;;CHEMBL1988437;8.20;0;http://www.openphacts.org/units/Nanomolar;1585421;=;7;1;=;;Ki;nM;;6.31;CHEMBL2007;Homo sapiens;Platelet-derived growth factor receptor alpha;9606;;;pKi;;UO_0000065;;8.2
;active;9630724;[];CHEMBL1963805;PUBCHEM_BIOASSAY: Navigating the Kinome. (Class of assay: other) Panel member name: PDGFRA;F;;;BAO_0000192;BAO_0000019;assay format;CCN(CC)CCCNC(=O)c1cnc(N)c2c(-c3ccc(NC(=O)Nc4cccc(F)c4)cc3)csc12;;;CHEMBL1201862;;;;CHEMBL1996649;;CHEMBL1996649;8.10;0;http://www.openphacts.org/units/Nanomolar;1584206;=;7;1;=;;Ki;nM;;7.943;CHEMBL2007;Homo sapiens;Platelet-derived growth factor receptor alpha;9606;;;pKi;;UO_0000065;;8.1
;active;9630727;[];CHEMBL1963805;PUBCHEM_BIOASSAY: Navigating the Kinome. (Class of assay: other) Panel member name: PDGFRA;F;;;BAO_0000192;BAO_0000019;assay format;O=c1[nH]cnc2c(Cl)cccc12;;;CHEMBL1201862;;;;CHEMBL1949855;;CHEMBL1949855;6.00;0;http://www.openphacts.org/units/Nanomolar;1585188;=;7;1;=;;Ki;nM;;1000.0;CHEMBL2007;Homo sapiens;Platelet-derived growth factor receptor alpha;9606;;;pKi;;UO_0000065;;6.0
;active;9630729;[];CHEMBL1963805;PUBCHEM_BIOASSAY: Navigating the Kinome. (Class of assay: other) Panel member name: PDGFRA;F;;;BAO_0000192;BAO_0000019;assay format;O=C1Nc2ccccc2Nc2ccccc21;;;CHEMBL1201862;;;;CHEMBL1727312;;CHEMBL1727312;4.40;0;http://www.openphacts.org/units/Nanomolar;1584591;=;7;1;=;;Ki;nM;;39810.72;CHEMBL2007;Homo sapiens;Platelet-derived growth factor receptor alpha;9606;;;pKi;;UO_0000065;;4.4
;active;9630730;[];CHEMBL1963805;PUBCHEM_BIOASSAY: Navigating the Kinome. (Class of assay: other) Panel member name: PDGFRA;F;;;BAO_0000192;BAO_0000019;assay format;Cc1cc(OCc2ccc(Cl)c(Cl)c2)ccc1CN1CC(C(=O)O)C1;;;CHEMBL1201862;;;;CHEMBL1990223;;CHEMBL1990223;6.70;0;http://www.openphacts.org/units/Nanomolar;1585013;=;7;1;=;;Ki;nM;;199.53;CHEMBL2007;Homo sapiens;Platelet-derived growth factor receptor alpha;9606;;;pKi;;UO_0000065;;6.7
;active;9630731;[];CHEMBL1963805;PUBCHEM_BIOASSAY: Navigating the Kinome. (Class of assay: other) Panel member name: PDGFRA;F;;;BAO_0000192;BAO_0000019;assay format;Nc1c(-c2ccc(NC(=O)Nc3cccc(C(F)(F)F)c3)cc2)ccc2nccnc12;;;CHEMBL1201862;;;;CHEMBL2004438;;CHEMBL2004438;7.10;0;http://www.openphacts.org/units/Nanomolar;1584253;=;7;1;=;;Ki;nM;;79.43;CHEMBL2007;Homo sapiens;Platelet-derived growth factor receptor alpha;9606;;;pKi;;UO_0000065;;7.1
;active;9630732;[];CHEMBL1963805;PUBCHEM_BIOASSAY: Navigating the Kinome. (Class of assay: other) Panel member name: PDGFRA;F;;;BAO_0000192;BAO_0000019;assay format;CC(C)(c1cc(Br)c(O)c(I)c1)c1cc(Br)c(O)c(I)c1;;;CHEMBL1201862;;;;CHEMBL1964382;;CHEMBL1964382;6.40;0;http://www.openphacts.org/units/Nanomolar;1585061;=;7;1;=;;Ki;nM;;398.11;CHEMBL2007;Homo sapiens;Platelet-derived growth factor receptor alpha;9606;;;pKi;;UO_0000065;;6.4
;active;9630733;[];CHEMBL1963805;PUBCHEM_BIOASSAY: Navigating the Kinome. (Class of assay: other) Panel member name: PDGFRA;F;;;BAO_0000192;BAO_0000019;assay format;CN(C)CC(O)COc1ccc(Nc2nccc(Nc3cc(Cl)ccc3Cl)n2)cc1;;;CHEMBL1201862;;;;CHEMBL101311;;CHEMBL101311;5.70;0;http://www.openphacts.org/units/Nanomolar;1585096;=;7;1;=;;Ki;nM;;1995.26;CHEMBL2007;Homo sapiens;Platelet-derived growth factor receptor alpha;9606;;;pKi;;UO_0000065;;5.7
;active;9630735;[];CHEMBL1963805;PUBCHEM_BIOASSAY: Navigating the Kinome. (Class of assay: other) Panel member name: PDGFRA;F;;;BAO_0000192;BAO_0000019;assay format;NC(=O)c1ccc2nc(-c3ccc([N+](=O)[O-])o3)cn2c1;;;CHEMBL1201862;;;;CHEMBL1973359;;CHEMBL1973359;6.70;0;http://www.openphacts.org/units/Nanomolar;1585550;=;7;1;=;;Ki;nM;;199.53;CHEMBL2007;Homo sapiens;Platelet-derived growth factor receptor alpha;9606;;;pKi;;UO_0000065;;6.7
;active;9630736;[];CHEMBL1963805;PUBCHEM_BIOASSAY: Navigating the Kinome. (Class of assay: other) Panel member name: PDGFRA;F;;;BAO_0000192;BAO_0000019;assay format;Cc1cc(=O)n2ccc(CN(C)C)c(O)c2n1;;;CHEMBL1201862;;;;CHEMBL1988581;;CHEMBL1988581;7.30;0;http://www.openphacts.org/units/Nanomolar;1585521;=;7;1;=;;Ki;nM;;50.12;CHEMBL2007;Homo sapiens;Platelet-derived growth factor receptor alpha;9606;;;pKi;;UO_0000065;;7.3
;active;9630738;[];CHEMBL1963805;PUBCHEM_BIOASSAY: Navigating the Kinome. (Class of assay: other) Panel member name: PDGFRA;F;;;BAO_0000192;BAO_0000019;assay format;CCN(C(C)=O)c1ccc(Nc2nc(NC3CC3)c3nc[nH]c3n2)cc1;;;CHEMBL1201862;;;;CHEMBL2006564;;CHEMBL2006564;6.80;0;http://www.openphacts.org/units/Nanomolar;1584886;=;7;1;=;;Ki;nM;;158.49;CHEMBL2007;Homo sapiens;Platelet-derived growth factor receptor alpha;9606;;;pKi;;UO_0000065;;6.8
;active;9630739;[];CHEMBL1963805;PUBCHEM_BIOASSAY: Navigating the Kinome. (Class of assay: other) Panel member name: PDGFRA;F;;;BAO_0000192;BAO_0000019;assay format;OC1CCC(Nc2nc(Cl)cc(-c3c[nH]c4ncccc34)n2)CC1;;;CHEMBL1201862;;;;CHEMBL1986943;;CHEMBL1986943;6.00;0;http://www.openphacts.org/units/Nanomolar;1584075;=;7;1;=;;Ki;nM;;1000.0;CHEMBL2007;Homo sapiens;Platelet-derived growth factor receptor alpha;9606;;;pKi;;UO_0000065;;6.0
;active;9630741;[];CHEMBL1963805;PUBCHEM_BIOASSAY: Navigating the Kinome. (Class of assay: other) Panel member name: PDGFRA;F;;;BAO_0000192;BAO_0000019;assay format;Nc1n[nH]c2c(-c3ccccc3)cccc12;;;CHEMBL1201862;;;;CHEMBL1991008;;CHEMBL1991008;4.30;0;http://www.openphacts.org/units/Nanomolar;1584913;=;7;1;=;;Ki;nM;;50118.72;CHEMBL2007;Homo sapiens;Platelet-derived growth factor receptor alpha;9606;;;pKi;;UO_0000065;;4.3
;active;9630743;[];CHEMBL1963805;PUBCHEM_BIOASSAY: Navigating the Kinome. (Class of assay: other) Panel member name: PDGFRA;F;;;BAO_0000192;BAO_0000019;assay format;Cc1cccc(NC(=O)Nc2ccc(-c3csc4c(C#CCCCCCCCCN)cnc(N)c34)cc2)c1;;;CHEMBL1201862;;;;CHEMBL1978166;;CHEMBL1978166;7.70;0;http://www.openphacts.org/units/Nanomolar;1584207;=;7;1;=;;Ki;nM;;19.95;CHEMBL2007;Homo sapiens;Platelet-derived growth factor receptor alpha;9606;;;pKi;;UO_0000065;;7.7
;active;9630746;[];CHEMBL1963805;PUBCHEM_BIOASSAY: Navigating the Kinome. (Class of assay: other) Panel member name: PDGFRA;F;;;BAO_0000192;BAO_0000019;assay format;CN1CCN(c2ccc3nc(-c4c(N)c5c(F)cccc5[nH]c4=O)[nH]c3c2)CC1;;;CHEMBL1201862;;;;CHEMBL522892;DOVITINIB;CHEMBL522892;6.60;0;http://www.openphacts.org/units/Nanomolar;1584566;=;7;1;=;;Ki;nM;;251.19;CHEMBL2007;Homo sapiens;Platelet-derived growth factor receptor alpha;9606;;;pKi;;UO_0000065;;6.6
;active;9630748;[];CHEMBL1963805;PUBCHEM_BIOASSAY: Navigating the Kinome. (Class of assay: other) Panel member name: PDGFRA;F;;;BAO_0000192;BAO_0000019;assay format;Nc1ncnc2c1c(-c1ccc(Oc3ccc(CO)cc3)cc1)cn2C1CCOC1;;;CHEMBL1201862;;;;CHEMBL1976376;;CHEMBL1976376;6.40;0;http://www.openphacts.org/units/Nanomolar;1584874;=;7;1;=;;Ki;nM;;398.11;CHEMBL2007;Homo sapiens;Platelet-derived growth factor receptor alpha;9606;;;pKi;;UO_0000065;;6.4
;active;9630753;[];CHEMBL1963805;PUBCHEM_BIOASSAY: Navigating the Kinome. (Class of assay: other) Panel member name: PDGFRA;F;;;BAO_0000192;BAO_0000019;assay format;CCN(CCN(C)C)C(=O)c1cccc(-n2nc(C(C)(C)C)cc2NC(=O)Nc2cccc3ccccc23)c1;;;CHEMBL1201862;;;;CHEMBL1992354;;CHEMBL1992354;5.90;0;http://www.openphacts.org/units/Nanomolar;1584724;=;7;1;=;;Ki;nM;;1258.93;CHEMBL2007;Homo sapiens;Platelet-derived growth factor receptor alpha;9606;;;pKi;;UO_0000065;;5.9
;active;9630757;[];CHEMBL1963805;PUBCHEM_BIOASSAY: Navigating the Kinome. (Class of assay: other) Panel member name: PDGFRA;F;;;BAO_0000192;BAO_0000019;assay format;O=C1Cc2cc(-c3ccccc3)cnc2N1;;;CHEMBL1201862;;;;CHEMBL1983630;;CHEMBL1983630;4.40;0;http://www.openphacts.org/units/Nanomolar;1585209;=;7;1;=;;Ki;nM;;39810.72;CHEMBL2007;Homo sapiens;Platelet-derived growth factor receptor alpha;9606;;;pKi;;UO_0000065;;4.4
;active;9630758;[];CHEMBL1963805;PUBCHEM_BIOASSAY: Navigating the Kinome. (Class of assay: other) Panel member name: PDGFRA;F;;;BAO_0000192;BAO_0000019;assay format;COc1cccc(Nc2ncnc3ccccc23)c1;;;CHEMBL1201862;;;;CHEMBL117697;;CHEMBL117697;4.30;0;http://www.openphacts.org/units/Nanomolar;1584528;=;7;1;=;;Ki;nM;;50118.72;CHEMBL2007;Homo sapiens;Platelet-derived growth factor receptor alpha;9606;;;pKi;;UO_0000065;;4.3
;active;9630762;[];CHEMBL1963805;PUBCHEM_BIOASSAY: Navigating the Kinome. (Class of assay: other) Panel member name: PDGFRA;F;;;BAO_0000192;BAO_0000019;assay format;O=C(Nc1ccc(-c2ccc3cn[nH]c3c2)cc1)Nc1cccc(F)c1;;;CHEMBL1201862;;;;CHEMBL1969942;;CHEMBL1969942;6.20;0;http://www.openphacts.org/units/Nanomolar;1584337;=;7;1;=;;Ki;nM;;630.96;CHEMBL2007;Homo sapiens;Platelet-derived growth factor receptor alpha;9606;;;pKi;;UO_0000065;;6.2
;active;9630766;[];CHEMBL1963805;PUBCHEM_BIOASSAY: Navigating the Kinome. (Class of assay: other) Panel member name: PDGFRA;F;;;BAO_0000192;BAO_0000019;assay format;Nc1cc(=O)[nH]n1-c1ccccn1;;;CHEMBL1201862;;;;CHEMBL1995765;;CHEMBL1995765;4.90;0;http://www.openphacts.org/units/Nanomolar;1585179;=;7;1;=;;Ki;nM;;12589.25;CHEMBL2007;Homo sapiens;Platelet-derived growth factor receptor alpha;9606;;;pKi;;UO_0000065;;4.9
;active;9630772;[];CHEMBL1963805;PUBCHEM_BIOASSAY: Navigating the Kinome. (Class of assay: other) Panel member name: PDGFRA;F;;;BAO_0000192;BAO_0000019;assay format;CCN(CC)CCOc1ccc(Nc2ncc3cc(-c4c(Cl)cccc4Cl)c(=O)n(C)c3n2)cc1;;;CHEMBL1201862;;;;CHEMBL49120;PD-0166285;CHEMBL49120;8.70;0;http://www.openphacts.org/units/Nanomolar;1585195;=;7;1;=;;Ki;nM;;1.995;CHEMBL2007;Homo sapiens;Platelet-derived growth factor receptor alpha;9606;;;pKi;;UO_0000065;;8.7
;active;9630773;[];CHEMBL1963805;PUBCHEM_BIOASSAY: Navigating the Kinome. (Class of assay: other) Panel member name: PDGFRA;F;;;BAO_0000192;BAO_0000019;assay format;CC(=O)NCC(=O)N1C2CCC1c1cc(Nc3ncc(C(F)(F)F)c(NC4CCC4)n3)ccc12;;;CHEMBL1201862;;;;CHEMBL1983111;;CHEMBL1983111;7.00;0;http://www.openphacts.org/units/Nanomolar;1584621;=;7;1;=;;Ki;nM;;100.0;CHEMBL2007;Homo sapiens;Platelet-derived growth factor receptor alpha;9606;;;pKi;;UO_0000065;;7.0
;active;9630774;[];CHEMBL1963805;PUBCHEM_BIOASSAY: Navigating the Kinome. (Class of assay: other) Panel member name: PDGFRA;F;;;BAO_0000192;BAO_0000019;assay format;CNC(=O)c1cc(-c2ccccc2)[nH]n1;;;CHEMBL1201862;;;;CHEMBL1995916;;CHEMBL1995916;4.20;0;http://www.openphacts.org/units/Nanomolar;1585235;=;7;1;=;;Ki;nM;;63095.73;CHEMBL2007;Homo sapiens;Platelet-derived growth factor receptor alpha;9606;;;pKi;;UO_0000065;;4.2
;active;9630775;[];CHEMBL1963805;PUBCHEM_BIOASSAY: Navigating the Kinome. (Class of assay: other) Panel member name: PDGFRA;F;;;BAO_0000192;BAO_0000019;assay format;CCC(=O)Nc1ccc(C(=O)N2CCNCC2)c(O)c1;;;CHEMBL1201862;;;;CHEMBL1988141;;CHEMBL1988141;6.00;0;http://www.openphacts.org/units/Nanomolar;1585434;=;7;1;=;;Ki;nM;;1000.0;CHEMBL2007;Homo sapiens;Platelet-derived growth factor receptor alpha;9606;;;pKi;;UO_0000065;;6.0
;active;9630777;[];CHEMBL1963805;PUBCHEM_BIOASSAY: Navigating the Kinome. (Class of assay: other) Panel member name: PDGFRA;F;;;BAO_0000192;BAO_0000019;assay format;NC(=O)c1cccc2cn[nH]c12;;;CHEMBL1201862;;;;CHEMBL451401;;CHEMBL451401;4.30;0;http://www.openphacts.org/units/Nanomolar;1584538;=;7;1;=;;Ki;nM;;50118.72;CHEMBL2007;Homo sapiens;Platelet-derived growth factor receptor alpha;9606;;;pKi;;UO_0000065;;4.3
;active;9630778;[];CHEMBL1963805;PUBCHEM_BIOASSAY: Navigating the Kinome. (Class of assay: other) Panel member name: PDGFRA;F;;;BAO_0000192;BAO_0000019;assay format;Nc1c(-c2ccc(NC(=O)Nc3cccc(C(F)(F)F)c3)cc2)cnc2c(-c3ccc4c(c3)OCO4)cnn12;;;CHEMBL1201862;;;;CHEMBL1977134;;CHEMBL1977134;7.80;0;http://www.openphacts.org/units/Nanomolar;1584152;=;7;1;=;;Ki;nM;;15.85;CHEMBL2007;Homo sapiens;Platelet-derived growth factor receptor alpha;9606;;;pKi;;UO_0000065;;7.8
;active;9630779;[];CHEMBL1963805;PUBCHEM_BIOASSAY: Navigating the Kinome. (Class of assay: other) Panel member name: PDGFRA;F;;;BAO_0000192;BAO_0000019;assay format;COCC#Cc1cccc2c1Cc1c(-c3cccs3)n[nH]c1-2;;;CHEMBL1201862;;;;CHEMBL1985206;;CHEMBL1985206;6.00;0;http://www.openphacts.org/units/Nanomolar;1584696;=;7;1;=;;Ki;nM;;1000.0;CHEMBL2007;Homo sapiens;Platelet-derived growth factor receptor alpha;9606;;;pKi;;UO_0000065;;6.0
;active;9630782;[];CHEMBL1963805;PUBCHEM_BIOASSAY: Navigating the Kinome. (Class of assay: other) Panel member name: PDGFRA;F;;;BAO_0000192;BAO_0000019;assay format;Nc1ncnc2scc(-c3ccccc3)c12;;;CHEMBL1201862;;;;CHEMBL1975212;;CHEMBL1975212;6.30;0;http://www.openphacts.org/units/Nanomolar;1584736;=;7;1;=;;Ki;nM;;501.19;CHEMBL2007;Homo sapiens;Platelet-derived growth factor receptor alpha;9606;;;pKi;;UO_0000065;;6.3
;active;9630783;[];CHEMBL1963805;PUBCHEM_BIOASSAY: Navigating the Kinome. (Class of assay: other) Panel member name: PDGFRA;F;;;BAO_0000192;BAO_0000019;assay format;O=c1[nH][nH]c2ccc(Br)cc12;;;CHEMBL1201862;;;;CHEMBL2001613;;CHEMBL2001613;4.80;0;http://www.openphacts.org/units/Nanomolar;1584324;=;7;1;=;;Ki;nM;;15848.93;CHEMBL2007;Homo sapiens;Platelet-derived growth factor receptor alpha;9606;;;pKi;;UO_0000065;;4.8
;active;9630785;[];CHEMBL1963805;PUBCHEM_BIOASSAY: Navigating the Kinome. (Class of assay: other) Panel member name: PDGFRA;F;;;BAO_0000192;BAO_0000019;assay format;Cc1cc(Nc2cc(N3CCN(C)CC3)nc(C=Cc3ccccc3)n2)n[nH]1;;;CHEMBL1201862;;;;CHEMBL1983923;;CHEMBL1983923;7.40;0;http://www.openphacts.org/units/Nanomolar;1585440;=;7;1;=;;Ki;nM;;39.81;CHEMBL2007;Homo sapiens;Platelet-derived growth factor receptor alpha;9606;;;pKi;;UO_0000065;;7.4
;active;9630790;[];CHEMBL1963805;PUBCHEM_BIOASSAY: Navigating the Kinome. (Class of assay: other) Panel member name: PDGFRA;F;;;BAO_0000192;BAO_0000019;assay format;Cc1cccc(-c2cccc3onc(N)c23)c1;;;CHEMBL1201862;;;;CHEMBL1980376;;CHEMBL1980376;4.80;0;http://www.openphacts.org/units/Nanomolar;1584890;=;7;1;=;;Ki;nM;;15848.93;CHEMBL2007;Homo sapiens;Platelet-derived growth factor receptor alpha;9606;;;pKi;;UO_0000065;;4.8
;active;9630794;[];CHEMBL1963805;PUBCHEM_BIOASSAY: Navigating the Kinome. (Class of assay: other) Panel member name: PDGFRA;F;;;BAO_0000192;BAO_0000019;assay format;CC(C)(C)c1cc(NC(=O)Nc2cccc3ccccc23)n(-c2cccc(C(=O)N(CCN)CCO)c2)n1;;;CHEMBL1201862;;;;CHEMBL1993634;;CHEMBL1993634;6.10;0;http://www.openphacts.org/units/Nanomolar;1584723;=;7;1;=;;Ki;nM;;794.33;CHEMBL2007;Homo sapiens;Platelet-derived growth factor receptor alpha;9606;;;pKi;;UO_0000065;;6.1
;active;9630795;[];CHEMBL1963805;PUBCHEM_BIOASSAY: Navigating the Kinome. (Class of assay: other) Panel member name: PDGFRA;F;;;BAO_0000192;BAO_0000019;assay format;CN(Cc1cc(Cl)c(O)c2ncccc12)C1CCCCC1;;;CHEMBL1201862;;;;CHEMBL1982413;;CHEMBL1982413;6.10;0;http://www.openphacts.org/units/Nanomolar;1584969;=;7;1;=;;Ki;nM;;794.33;CHEMBL2007;Homo sapiens;Platelet-derived growth factor receptor alpha;9606;;;pKi;;UO_0000065;;6.1
;active;9630798;[];CHEMBL1963805;PUBCHEM_BIOASSAY: Navigating the Kinome. (Class of assay: other) Panel member name: PDGFRA;F;;;BAO_0000192;BAO_0000019;assay format;O=C(Nc1cccc(F)c1)Nc1cccc(-c2ccc3cn[nH]c3c2)c1;;;CHEMBL1201862;;;;CHEMBL1983393;;CHEMBL1983393;5.60;0;http://www.openphacts.org/units/Nanomolar;1584341;=;7;1;=;;Ki;nM;;2511.89;CHEMBL2007;Homo sapiens;Platelet-derived growth factor receptor alpha;9606;;;pKi;;UO_0000065;;5.6
;active;9630803;[];CHEMBL1963805;PUBCHEM_BIOASSAY: Navigating the Kinome. (Class of assay: other) Panel member name: PDGFRA;F;;;BAO_0000192;BAO_0000019;assay format;O=C(Nc1cnccn1)Nc1cccc2c(O)cccc12;;;CHEMBL1201862;;;;CHEMBL1992371;;CHEMBL1992371;5.70;0;http://www.openphacts.org/units/Nanomolar;1584753;=;7;1;=;;Ki;nM;;1995.26;CHEMBL2007;Homo sapiens;Platelet-derived growth factor receptor alpha;9606;;;pKi;;UO_0000065;;5.7
;active;9630808;[];CHEMBL1963805;PUBCHEM_BIOASSAY: Navigating the Kinome. (Class of assay: other) Panel member name: PDGFRA;F;;;BAO_0000192;BAO_0000019;assay format;O=c1[nH]c2ccc(Cl)cc2c2ncnn12;;;CHEMBL1201862;;;;CHEMBL1992673;;CHEMBL1992673;5.10;0;http://www.openphacts.org/units/Nanomolar;1584858;=;7;1;=;;Ki;nM;;7943.28;CHEMBL2007;Homo sapiens;Platelet-derived growth factor receptor alpha;9606;;;pKi;;UO_0000065;;5.1
;active;9630811;[];CHEMBL1963805;PUBCHEM_BIOASSAY: Navigating the Kinome. (Class of assay: other) Panel member name: PDGFRA;F;;;BAO_0000192;BAO_0000019;assay format;Cc1n[nH]c2ccc(-c3cccnc3)cc12;;;CHEMBL1201862;;;;CHEMBL1967252;;CHEMBL1967252;4.50;0;http://www.openphacts.org/units/Nanomolar;1584617;=;7;1;=;;Ki;nM;;31622.78;CHEMBL2007;Homo sapiens;Platelet-derived growth factor receptor alpha;9606;;;pKi;;UO_0000065;;4.5
;active;9630813;[];CHEMBL1963805;PUBCHEM_BIOASSAY: Navigating the Kinome. (Class of assay: other) Panel member name: PDGFRA;F;;;BAO_0000192;BAO_0000019;assay format;COC(=O)c1c(N)nc2ccccn12;;;CHEMBL1201862;;;;CHEMBL1981492;;CHEMBL1981492;4.10;0;http://www.openphacts.org/units/Nanomolar;1585085;=;7;1;=;;Ki;nM;;79432.82;CHEMBL2007;Homo sapiens;Platelet-derived growth factor receptor alpha;9606;;;pKi;;UO_0000065;;4.1
;active;9630816;[];CHEMBL1963805;PUBCHEM_BIOASSAY: Navigating the Kinome. (Class of assay: other) Panel member name: PDGFRA;F;;;BAO_0000192;BAO_0000019;assay format;CCN(CCN)C(=O)c1cccc(-n2nc(C(C)(C)C)cc2NC(=O)Nc2cccc3ccccc23)c1;;;CHEMBL1201862;;;;CHEMBL2004637;;CHEMBL2004637;6.80;0;http://www.openphacts.org/units/Nanomolar;1584707;=;7;1;=;;Ki;nM;;158.49;CHEMBL2007;Homo sapiens;Platelet-derived growth factor receptor alpha;9606;;;pKi;;UO_0000065;;6.8
;active;9630818;[];CHEMBL1963805;PUBCHEM_BIOASSAY: Navigating the Kinome. (Class of assay: other) Panel member name: PDGFRA;F;;;BAO_0000192;BAO_0000019;assay format;CC(C)N(CCCN)C(=O)c1cccc(-n2nc(C(C)(C)C)cc2NC(=O)Nc2cccc3ccccc23)c1;;;CHEMBL1201862;;;;CHEMBL1994318;;CHEMBL1994318;6.50;0;http://www.openphacts.org/units/Nanomolar;1584712;=;7;1;=;;Ki;nM;;316.23;CHEMBL2007;Homo sapiens;Platelet-derived growth factor receptor alpha;9606;;;pKi;;UO_0000065;;6.5
;active;9630823;[];CHEMBL1963805;PUBCHEM_BIOASSAY: Navigating the Kinome. (Class of assay: other) Panel member name: PDGFRA;F;;;BAO_0000192;BAO_0000019;assay format;Cn1cc(-c2cnc(N)c3c(-c4ccc(NC(=O)Nc5cccc(F)c5)cc4)csc23)cn1;;;CHEMBL1201862;;;;CHEMBL1970317;;CHEMBL1970317;7.30;0;http://www.openphacts.org/units/Nanomolar;1584196;=;7;1;=;;Ki;nM;;50.12;CHEMBL2007;Homo sapiens;Platelet-derived growth factor receptor alpha;9606;;;pKi;;UO_0000065;;7.3
;active;9630826;[];CHEMBL1963805;PUBCHEM_BIOASSAY: Navigating the Kinome. (Class of assay: other) Panel member name: PDGFRA;F;;;BAO_0000192;BAO_0000019;assay format;CCOC(=O)c1c(C)n(-c2ccc(I)cc2)c2c1cc(O)c1ccccc12;;;CHEMBL1201862;;;;CHEMBL1970352;;CHEMBL1970352;5.60;0;http://www.openphacts.org/units/Nanomolar;1585497;=;7;1;=;;Ki;nM;;2511.89;CHEMBL2007;Homo sapiens;Platelet-derived growth factor receptor alpha;9606;;;pKi;;UO_0000065;;5.6
;active;9630831;[];CHEMBL1963805;PUBCHEM_BIOASSAY: Navigating the Kinome. (Class of assay: other) Panel member name: PDGFRA;F;;;BAO_0000192;BAO_0000019;assay format;CCN(CCO)CCCOc1ccc2c(Nc3cc(CC(=O)Nc4cccc(F)c4)[nH]n3)ncnc2c1;;;CHEMBL1201862;;;;CHEMBL215152;DEFOSBARASERTIB;CHEMBL215152;6.60;0;http://www.openphacts.org/units/Nanomolar;1585227;=;7;1;=;;Ki;nM;;251.19;CHEMBL2007;Homo sapiens;Platelet-derived growth factor receptor alpha;9606;;;pKi;;UO_0000065;;6.6
;active;9630832;[];CHEMBL1963805;PUBCHEM_BIOASSAY: Navigating the Kinome. (Class of assay: other) Panel member name: PDGFRA;F;;;BAO_0000192;BAO_0000019;assay format;CCCNC(=O)c1ccc(Nc2nc(NCC(F)(F)F)c3cc[nH]c3n2)cc1;;;CHEMBL1201862;;;;CHEMBL2006765;;CHEMBL2006765;5.90;0;http://www.openphacts.org/units/Nanomolar;1584518;=;7;1;=;;Ki;nM;;1258.93;CHEMBL2007;Homo sapiens;Platelet-derived growth factor receptor alpha;9606;;;pKi;;UO_0000065;;5.9
;active;9630835;[];CHEMBL1963805;PUBCHEM_BIOASSAY: Navigating the Kinome. (Class of assay: other) Panel member name: PDGFRA;F;;;BAO_0000192;BAO_0000019;assay format;CC(C)(C)n1nc(-c2ccc(Cl)cc2)c2c(N)ncnc21;;;CHEMBL1201862;;;;CHEMBL406845;;CHEMBL406845;6.60;0;http://www.openphacts.org/units/Nanomolar;1584663;=;7;1;=;;Ki;nM;;251.19;CHEMBL2007;Homo sapiens;Platelet-derived growth factor receptor alpha;9606;;;pKi;;UO_0000065;;6.6
;active;9630837;[];CHEMBL1963805;PUBCHEM_BIOASSAY: Navigating the Kinome. (Class of assay: other) Panel member name: PDGFRA;F;;;BAO_0000192;BAO_0000019;assay format;O=C(Nc1nc2ccccc2s1)c1cccc2c1CN(c1nc(C(=O)O)c(-c3ccc(CO)cc3)s1)CC2;;;CHEMBL1201862;;;;CHEMBL1983980;;CHEMBL1983980;5.90;0;http://www.openphacts.org/units/Nanomolar;1585442;=;7;1;=;;Ki;nM;;1258.93;CHEMBL2007;Homo sapiens;Platelet-derived growth factor receptor alpha;9606;;;pKi;;UO_0000065;;5.9
;active;9630838;[];CHEMBL1963805;PUBCHEM_BIOASSAY: Navigating the Kinome. (Class of assay: other) Panel member name: PDGFRA;F;;;BAO_0000192;BAO_0000019;assay format;Nc1ncc(-c2cnn(CCO)c2)c2scc(-c3ccc(NC(=O)Nc4cccc(F)c4)cc3)c12;;;CHEMBL1201862;;;;CHEMBL1980297;ILORASERTIB;CHEMBL1980297;9.10;0;http://www.openphacts.org/units/Nanomolar;1584154;=;7;1;=;;Ki;nM;;0.7943;CHEMBL2007;Homo sapiens;Platelet-derived growth factor receptor alpha;9606;;;pKi;;UO_0000065;;9.1
;active;9630840;[];CHEMBL1963805;PUBCHEM_BIOASSAY: Navigating the Kinome. (Class of assay: other) Panel member name: PDGFRA;F;;;BAO_0000192;BAO_0000019;assay format;Cc1ccc(C)c(NC(=O)c2cc(-c3ccco3)nc3ccccc23)c1;;;CHEMBL1201862;;;;CHEMBL1984296;;CHEMBL1984296;5.70;0;http://www.openphacts.org/units/Nanomolar;1585199;=;7;1;=;;Ki;nM;;1995.26;CHEMBL2007;Homo sapiens;Platelet-derived growth factor receptor alpha;9606;;;pKi;;UO_0000065;;5.7
;active;9630841;[];CHEMBL1963805;PUBCHEM_BIOASSAY: Navigating the Kinome. (Class of assay: other) Panel member name: PDGFRA;F;;;BAO_0000192;BAO_0000019;assay format;Cc1cccc(NC(=O)Nc2ccc(-c3csc4ncnc(N)c34)cc2)c1;;;CHEMBL1201862;;;;CHEMBL196363;;CHEMBL196363;10.10;0;http://www.openphacts.org/units/Nanomolar;1584158;=;7;1;=;;Ki;nM;;0.07943;CHEMBL2007;Homo sapiens;Platelet-derived growth factor receptor alpha;9606;;;pKi;;UO_0000065;;10.1
;active;9630842;[];CHEMBL1963805;PUBCHEM_BIOASSAY: Navigating the Kinome. (Class of assay: other) Panel member name: PDGFRA;F;;;BAO_0000192;BAO_0000019;assay format;Cc1ccc(NCc2ccc(-c3ccc(F)cc3)nc2)cc1;;;CHEMBL1201862;;;;CHEMBL1986899;;CHEMBL1986899;6.40;0;http://www.openphacts.org/units/Nanomolar;1585328;=;7;1;=;;Ki;nM;;398.11;CHEMBL2007;Homo sapiens;Platelet-derived growth factor receptor alpha;9606;;;pKi;;UO_0000065;;6.4
;active;9630844;[];CHEMBL1963805;PUBCHEM_BIOASSAY: Navigating the Kinome. (Class of assay: other) Panel member name: PDGFRA;F;;;BAO_0000192;BAO_0000019;assay format;c1ccc(C2CCc3[nH]ncc32)cc1;;;CHEMBL1201862;;;;CHEMBL1965683;;CHEMBL1965683;4.10;0;http://www.openphacts.org/units/Nanomolar;1585357;=;7;1;=;;Ki;nM;;79432.82;CHEMBL2007;Homo sapiens;Platelet-derived growth factor receptor alpha;9606;;;pKi;;UO_0000065;;4.1
;active;9630845;[];CHEMBL1963805;PUBCHEM_BIOASSAY: Navigating the Kinome. (Class of assay: other) Panel member name: PDGFRA;F;;;BAO_0000192;BAO_0000019;assay format;CNS(=O)(=O)c1ccccc1Nc1nc(Nc2cc(OC)c(OC)c(OC)c2)ncc1Cl;;;CHEMBL1201862;;;;CHEMBL1993661;;CHEMBL1993661;6.50;0;http://www.openphacts.org/units/Nanomolar;1584473;=;7;1;=;;Ki;nM;;316.23;CHEMBL2007;Homo sapiens;Platelet-derived growth factor receptor alpha;9606;;;pKi;;UO_0000065;;6.5
;active;9630848;[];CHEMBL1963805;PUBCHEM_BIOASSAY: Navigating the Kinome. (Class of assay: other) Panel member name: PDGFRA;F;;;BAO_0000192;BAO_0000019;assay format;CNCC#Cc1cnc(N)c2c(-c3ccc(NC(=O)Nc4cccc(C)c4)cc3)csc12;;;CHEMBL1201862;;;;CHEMBL1964441;;CHEMBL1964441;8.60;0;http://www.openphacts.org/units/Nanomolar;1584151;=;7;1;=;;Ki;nM;;2.512;CHEMBL2007;Homo sapiens;Platelet-derived growth factor receptor alpha;9606;;;pKi;;UO_0000065;;8.6
;active;9630849;[];CHEMBL1963805;PUBCHEM_BIOASSAY: Navigating the Kinome. (Class of assay: other) Panel member name: PDGFRA;F;;;BAO_0000192;BAO_0000019;assay format;COc1cc2c(cc1F)C(c1ccccc1Cl)=Nc1c(n[nH]c1C)N2;;;CHEMBL1201862;;;;CHEMBL1980391;RG-1530;CHEMBL1980391;6.50;0;http://www.openphacts.org/units/Nanomolar;1585489;=;7;1;=;;Ki;nM;;316.23;CHEMBL2007;Homo sapiens;Platelet-derived growth factor receptor alpha;9606;;;pKi;;UO_0000065;;6.5
;;10978321;[];CHEMBL2065350;Inhibition of PDGFRA;B;;;BAO_0000192;BAO_0000357;single protein format;CNCC#Cc1cnc(N)c2c(-c3ccc(NC(=O)Nc4cccc(C)c4)cc3)csc12;;;CHEMBL2062478;ACS Med Chem Lett;2012.0;{'bei': '19.48', 'le': '0.37', 'lle': '3.53', 'sei': '9.34'};CHEMBL1964441;;CHEMBL1964441;8.60;0;http://www.openphacts.org/units/Nanomolar;1658647;=;1;1;=;;Ki;nM;;2.512;CHEMBL2007;Homo sapiens;Platelet-derived growth factor receptor alpha;9606;;;pKi;;UO_0000065;;8.6
;;10978323;[];CHEMBL2065350;Inhibition of PDGFRA;B;;;BAO_0000192;BAO_0000357;single protein format;Cn1cc(-c2cnc(N)c3c(-c4ccc(NC(=O)Nc5cccc(F)c5)cc4)csc23)cn1;;;CHEMBL2062478;ACS Med Chem Lett;2012.0;{'bei': '15.92', 'le': '0.30', 'lle': '1.57', 'sei': '7.46'};CHEMBL1970317;;CHEMBL1970317;7.30;0;http://www.openphacts.org/units/Nanomolar;1658649;=;1;1;=;;Ki;nM;;50.12;CHEMBL2007;Homo sapiens;Platelet-derived growth factor receptor alpha;9606;;;pKi;;UO_0000065;;7.3
;;10978325;[];CHEMBL2065350;Inhibition of PDGFRA;B;;;BAO_0000192;BAO_0000357;single protein format;Nc1ncc(-c2cnn(CCO)c2)c2scc(-c3ccc(NC(=O)Nc4cccc(F)c4)cc3)c12;;;CHEMBL2062478;ACS Med Chem Lett;2012.0;{'bei': '18.63', 'le': '0.36', 'lle': '3.92', 'sei': '7.71'};CHEMBL1980297;ILORASERTIB;CHEMBL1980297;9.10;0;http://www.openphacts.org/units/Nanomolar;1658651;=;1;1;=;;Ki;nM;;0.7943;CHEMBL2007;Homo sapiens;Platelet-derived growth factor receptor alpha;9606;;;pKi;;UO_0000065;;9.1
;911032;27981020;[];CHEMBL5735255;PDGFR alpha Enzyme Inhibition: The inhibitory activities of compounds of the invention against PDGFRα (PDGFRα Kinase Enzyme System: Promega), were evaluated by mixing the PDGFRα protein (12.5 ng/mL, 2 μL), substrate (Poly (4:1 Glu4, Tyr1), 100 ng/mL, 2 μL) with the test compound (2 μL at either 3 μM, 0.67 μM, 0.15 μM, 0.033 μM, 0.0073 μM, 0.0016 μM, 0.0036 μM or 0.00008 μM) for 90 min at 25° C. The kinase reaction was initiated by adding ATP (25 μM, 2 μL) and the mixture was incubated for 1 hr at 25° C. ADP-Glo reagent was added for 40 min (8 μL) then development reagent (16 μL) was added for 40 min prior to detection in a microplate reader (EnVision® Multilabel Reader, Perkin Elmer).;B;;;BAO_0000192;BAO_0000357;single protein format;COC(=O)c1ccc2c(c1)NC(=O)/C2=C(\Nc1ccc(N(C)C(=O)CN2CCN(C)CC2)cc1)c1ccccc1;;;CHEMBL5727732;;2020.0;{'bei': '14.97', 'le': '0.28', 'lle': '4.46', 'sei': '8.57'};CHEMBL502835;NINTEDANIB;CHEMBL502835;8.08;0;http://www.openphacts.org/units/Nanomolar;4419170;=;37;1;=;;Ki;nM;;8.4;CHEMBL2007;Homo sapiens;Platelet-derived growth factor receptor alpha;9606;;;Ki;nM;UO_0000065;;8.4
;911038;27981038;[];CHEMBL5735255;PDGFR alpha Enzyme Inhibition: The inhibitory activities of compounds of the invention against PDGFRα (PDGFRα Kinase Enzyme System: Promega), were evaluated by mixing the PDGFRα protein (12.5 ng/mL, 2 μL), substrate (Poly (4:1 Glu4, Tyr1), 100 ng/mL, 2 μL) with the test compound (2 μL at either 3 μM, 0.67 μM, 0.15 μM, 0.033 μM, 0.0073 μM, 0.0016 μM, 0.0036 μM or 0.00008 μM) for 90 min at 25° C. The kinase reaction was initiated by adding ATP (25 μM, 2 μL) and the mixture was incubated for 1 hr at 25° C. ADP-Glo reagent was added for 40 min (8 μL) then development reagent (16 μL) was added for 40 min prior to detection in a microplate reader (EnVision® Multilabel Reader, Perkin Elmer).;B;;;BAO_0000192;BAO_0000357;single protein format;COC(=O)c1cc2c(cc1C)/C(=C(/Nc1ccc(S(=O)(=O)NCCN3CCN(C)CC3)cc1)c1ccccc1)C(=O)N2;;;CHEMBL5727732;;2020.0;{'bei': '13.41', 'le': '0.26', 'lle': '4.67', 'sei': '6.59'};CHEMBL6020412;;CHEMBL6020412;7.91;0;http://www.openphacts.org/units/Nanomolar;4419171;=;37;1;=;;Ki;nM;;12.3;CHEMBL2007;Homo sapiens;Platelet-derived growth factor receptor alpha;9606;;;Ki;nM;UO_0000065;;12.3
;911044;27981056;[];CHEMBL5735255;PDGFR alpha Enzyme Inhibition: The inhibitory activities of compounds of the invention against PDGFRα (PDGFRα Kinase Enzyme System: Promega), were evaluated by mixing the PDGFRα protein (12.5 ng/mL, 2 μL), substrate (Poly (4:1 Glu4, Tyr1), 100 ng/mL, 2 μL) with the test compound (2 μL at either 3 μM, 0.67 μM, 0.15 μM, 0.033 μM, 0.0073 μM, 0.0016 μM, 0.0036 μM or 0.00008 μM) for 90 min at 25° C. The kinase reaction was initiated by adding ATP (25 μM, 2 μL) and the mixture was incubated for 1 hr at 25° C. ADP-Glo reagent was added for 40 min (8 μL) then development reagent (16 μL) was added for 40 min prior to detection in a microplate reader (EnVision® Multilabel Reader, Perkin Elmer).;B;;;BAO_0000192;BAO_0000357;single protein format;COC(=O)c1cc2c(cc1C)/C(=C(/Nc1ccc(C(=O)NCCN(C)C)cc1)c1ccccc1)C(=O)N2;;;CHEMBL5727732;;2020.0;{'bei': '15.52', 'le': '0.29', 'lle': '3.73', 'sei': '7.76'};CHEMBL5780945;;CHEMBL5780945;7.74;0;http://www.openphacts.org/units/Nanomolar;4419172;=;37;1;=;;Ki;nM;;18.2;CHEMBL2007;Homo sapiens;Platelet-derived growth factor receptor alpha;9606;;;Ki;nM;UO_0000065;;18.2
;911050;27981074;[];CHEMBL5735255;PDGFR alpha Enzyme Inhibition: The inhibitory activities of compounds of the invention against PDGFRα (PDGFRα Kinase Enzyme System: Promega), were evaluated by mixing the PDGFRα protein (12.5 ng/mL, 2 μL), substrate (Poly (4:1 Glu4, Tyr1), 100 ng/mL, 2 μL) with the test compound (2 μL at either 3 μM, 0.67 μM, 0.15 μM, 0.033 μM, 0.0073 μM, 0.0016 μM, 0.0036 μM or 0.00008 μM) for 90 min at 25° C. The kinase reaction was initiated by adding ATP (25 μM, 2 μL) and the mixture was incubated for 1 hr at 25° C. ADP-Glo reagent was added for 40 min (8 μL) then development reagent (16 μL) was added for 40 min prior to detection in a microplate reader (EnVision® Multilabel Reader, Perkin Elmer).;B;;;BAO_0000192;BAO_0000357;single protein format;COC(=O)c1cc2c(cc1C)/C(=C(/Nc1ccc(C(=O)NCC3CCN(C)CC3)cc1)c1ccccc1)C(=O)N2;;;CHEMBL5727732;;2020.0;{'bei': '14.80', 'le': '0.27', 'lle': '3.18', 'sei': '7.99'};CHEMBL6028974;;CHEMBL6028974;7.97;0;http://www.openphacts.org/units/Nanomolar;4419173;=;37;1;=;;Ki;nM;;10.7;CHEMBL2007;Homo sapiens;Platelet-derived growth factor receptor alpha;9606;;;Ki;nM;UO_0000065;;10.7
;911056;27981092;[];CHEMBL5735255;PDGFR alpha Enzyme Inhibition: The inhibitory activities of compounds of the invention against PDGFRα (PDGFRα Kinase Enzyme System: Promega), were evaluated by mixing the PDGFRα protein (12.5 ng/mL, 2 μL), substrate (Poly (4:1 Glu4, Tyr1), 100 ng/mL, 2 μL) with the test compound (2 μL at either 3 μM, 0.67 μM, 0.15 μM, 0.033 μM, 0.0073 μM, 0.0016 μM, 0.0036 μM or 0.00008 μM) for 90 min at 25° C. The kinase reaction was initiated by adding ATP (25 μM, 2 μL) and the mixture was incubated for 1 hr at 25° C. ADP-Glo reagent was added for 40 min (8 μL) then development reagent (16 μL) was added for 40 min prior to detection in a microplate reader (EnVision® Multilabel Reader, Perkin Elmer).;B;;;BAO_0000192;BAO_0000357;single protein format;COC(=O)c1cc2c(cc1C)/C(=C(/Nc1ccc(C(=O)NCCN3CCN(C)CC3)cc1)c1ccccc1)C(=O)N2;;;CHEMBL5727732;;2020.0;{'bei': '14.35', 'le': '0.26', 'lle': '4.26', 'sei': '7.71'};CHEMBL6058213;;CHEMBL6058213;7.95;0;http://www.openphacts.org/units/Nanomolar;4419174;=;37;1;=;;Ki;nM;;11.3;CHEMBL2007;Homo sapiens;Platelet-derived growth factor receptor alpha;9606;;;Ki;nM;UO_0000065;;11.3
;911062;27981110;[];CHEMBL5735255;PDGFR alpha Enzyme Inhibition: The inhibitory activities of compounds of the invention against PDGFRα (PDGFRα Kinase Enzyme System: Promega), were evaluated by mixing the PDGFRα protein (12.5 ng/mL, 2 μL), substrate (Poly (4:1 Glu4, Tyr1), 100 ng/mL, 2 μL) with the test compound (2 μL at either 3 μM, 0.67 μM, 0.15 μM, 0.033 μM, 0.0073 μM, 0.0016 μM, 0.0036 μM or 0.00008 μM) for 90 min at 25° C. The kinase reaction was initiated by adding ATP (25 μM, 2 μL) and the mixture was incubated for 1 hr at 25° C. ADP-Glo reagent was added for 40 min (8 μL) then development reagent (16 μL) was added for 40 min prior to detection in a microplate reader (EnVision® Multilabel Reader, Perkin Elmer).;B;;;BAO_0000192;BAO_0000357;single protein format;COC(=O)c1cc2c(cc1C)/C(=C(/Nc1ccc(C(=O)NCCN3CCCN(C)CC3)cc1)c1ccccc1)C(=O)N2;;;CHEMBL5727732;;2020.0;{'bei': '13.94', 'le': '0.26', 'lle': '3.83', 'sei': '7.68'};CHEMBL6033462;;CHEMBL6033462;7.91;0;http://www.openphacts.org/units/Nanomolar;4419175;=;37;1;=;;Ki;nM;;12.2;CHEMBL2007;Homo sapiens;Platelet-derived growth factor receptor alpha;9606;;;Ki;nM;UO_0000065;;12.2
;911068;27981128;[];CHEMBL5735255;PDGFR alpha Enzyme Inhibition: The inhibitory activities of compounds of the invention against PDGFRα (PDGFRα Kinase Enzyme System: Promega), were evaluated by mixing the PDGFRα protein (12.5 ng/mL, 2 μL), substrate (Poly (4:1 Glu4, Tyr1), 100 ng/mL, 2 μL) with the test compound (2 μL at either 3 μM, 0.67 μM, 0.15 μM, 0.033 μM, 0.0073 μM, 0.0016 μM, 0.0036 μM or 0.00008 μM) for 90 min at 25° C. The kinase reaction was initiated by adding ATP (25 μM, 2 μL) and the mixture was incubated for 1 hr at 25° C. ADP-Glo reagent was added for 40 min (8 μL) then development reagent (16 μL) was added for 40 min prior to detection in a microplate reader (EnVision® Multilabel Reader, Perkin Elmer).;B;;;BAO_0000192;BAO_0000357;single protein format;COC(=O)c1cc2c(cc1C)/C(=C(/Nc1ccc(C(=O)NCCN3CCC(N(C)C)CC3)cc1)c1ccccc1)C(=O)N2;;;CHEMBL5727732;;2020.0;{'bei': '13.80', 'le': '0.25', 'lle': '3.56', 'sei': '7.79'};CHEMBL5770439;;CHEMBL5770439;8.03;0;http://www.openphacts.org/units/Nanomolar;4419176;=;37;1;=;;Ki;nM;;9.41;CHEMBL2007;Homo sapiens;Platelet-derived growth factor receptor alpha;9606;;;Ki;nM;UO_0000065;;9.41
;911074;27981146;[];CHEMBL5735255;PDGFR alpha Enzyme Inhibition: The inhibitory activities of compounds of the invention against PDGFRα (PDGFRα Kinase Enzyme System: Promega), were evaluated by mixing the PDGFRα protein (12.5 ng/mL, 2 μL), substrate (Poly (4:1 Glu4, Tyr1), 100 ng/mL, 2 μL) with the test compound (2 μL at either 3 μM, 0.67 μM, 0.15 μM, 0.033 μM, 0.0073 μM, 0.0016 μM, 0.0036 μM or 0.00008 μM) for 90 min at 25° C. The kinase reaction was initiated by adding ATP (25 μM, 2 μL) and the mixture was incubated for 1 hr at 25° C. ADP-Glo reagent was added for 40 min (8 μL) then development reagent (16 μL) was added for 40 min prior to detection in a microplate reader (EnVision® Multilabel Reader, Perkin Elmer).;B;;;BAO_0000192;BAO_0000357;single protein format;COC(=O)c1cc2c(cc1C)/C(=C(/Nc1ccc(C(=O)NCC(=O)N3CCN(CCO)CC3)cc1)c1ccccc1)C(=O)N2;;;CHEMBL5727732;;2020.0;{'bei': '13.56', 'le': '0.25', 'lle': '5.53', 'sei': '5.78'};CHEMBL5785162;;CHEMBL5785162;8.11;0;http://www.openphacts.org/units/Nanomolar;4419177;=;37;1;=;;Ki;nM;;7.82;CHEMBL2007;Homo sapiens;Platelet-derived growth factor receptor alpha;9606;;;Ki;nM;UO_0000065;;7.82
;911080;27981164;[];CHEMBL5735255;PDGFR alpha Enzyme Inhibition: The inhibitory activities of compounds of the invention against PDGFRα (PDGFRα Kinase Enzyme System: Promega), were evaluated by mixing the PDGFRα protein (12.5 ng/mL, 2 μL), substrate (Poly (4:1 Glu4, Tyr1), 100 ng/mL, 2 μL) with the test compound (2 μL at either 3 μM, 0.67 μM, 0.15 μM, 0.033 μM, 0.0073 μM, 0.0016 μM, 0.0036 μM or 0.00008 μM) for 90 min at 25° C. The kinase reaction was initiated by adding ATP (25 μM, 2 μL) and the mixture was incubated for 1 hr at 25° C. ADP-Glo reagent was added for 40 min (8 μL) then development reagent (16 μL) was added for 40 min prior to detection in a microplate reader (EnVision® Multilabel Reader, Perkin Elmer).;B;;;BAO_0000192;BAO_0000357;single protein format;COC(=O)c1cc2c(cc1C)/C(=C(/Nc1ccc(C(=O)NCC(=O)N3CCN(C)CC3)cc1)c1ccccc1)C(=O)N2;;;CHEMBL5727732;;2020.0;{'bei': '14.03', 'le': '0.26', 'lle': '4.74', 'sei': '6.63'};CHEMBL5782903;;CHEMBL5782903;7.96;0;http://www.openphacts.org/units/Nanomolar;4419178;=;37;1;=;;Ki;nM;;10.9;CHEMBL2007;Homo sapiens;Platelet-derived growth factor receptor alpha;9606;;;Ki;nM;UO_0000065;;10.9
;911086;27981182;[];CHEMBL5735255;PDGFR alpha Enzyme Inhibition: The inhibitory activities of compounds of the invention against PDGFRα (PDGFRα Kinase Enzyme System: Promega), were evaluated by mixing the PDGFRα protein (12.5 ng/mL, 2 μL), substrate (Poly (4:1 Glu4, Tyr1), 100 ng/mL, 2 μL) with the test compound (2 μL at either 3 μM, 0.67 μM, 0.15 μM, 0.033 μM, 0.0073 μM, 0.0016 μM, 0.0036 μM or 0.00008 μM) for 90 min at 25° C. The kinase reaction was initiated by adding ATP (25 μM, 2 μL) and the mixture was incubated for 1 hr at 25° C. ADP-Glo reagent was added for 40 min (8 μL) then development reagent (16 μL) was added for 40 min prior to detection in a microplate reader (EnVision® Multilabel Reader, Perkin Elmer).;B;;;BAO_0000192;BAO_0000357;single protein format;COC(=O)c1cc2c(cc1C)/C(=C(/Nc1ccc(C(=O)NCCN3CCNC(=O)C3)cc1)c1ccccc1)C(=O)N2;;;CHEMBL5727732;;2020.0;{'bei': '14.59', 'le': '0.27', 'lle': '5.20', 'sei': '6.27'};CHEMBL5851926;;CHEMBL5851926;8.08;0;http://www.openphacts.org/units/Nanomolar;4419179;=;37;1;=;;Ki;nM;;8.36;CHEMBL2007;Homo sapiens;Platelet-derived growth factor receptor alpha;9606;;;Ki;nM;UO_0000065;;8.36
;911092;27981200;[];CHEMBL5735255;PDGFR alpha Enzyme Inhibition: The inhibitory activities of compounds of the invention against PDGFRα (PDGFRα Kinase Enzyme System: Promega), were evaluated by mixing the PDGFRα protein (12.5 ng/mL, 2 μL), substrate (Poly (4:1 Glu4, Tyr1), 100 ng/mL, 2 μL) with the test compound (2 μL at either 3 μM, 0.67 μM, 0.15 μM, 0.033 μM, 0.0073 μM, 0.0016 μM, 0.0036 μM or 0.00008 μM) for 90 min at 25° C. The kinase reaction was initiated by adding ATP (25 μM, 2 μL) and the mixture was incubated for 1 hr at 25° C. ADP-Glo reagent was added for 40 min (8 μL) then development reagent (16 μL) was added for 40 min prior to detection in a microplate reader (EnVision® Multilabel Reader, Perkin Elmer).;B;;;BAO_0000192;BAO_0000357;single protein format;COC(=O)c1cc2c(cc1C)/C(=C(/Nc1ccc(C(=O)NCCC(=O)N3CCN(C)CC3)cc1)c1ccccc1)C(=O)N2;;;CHEMBL5727732;;2020.0;{'bei': '13.39', 'le': '0.25', 'lle': '4.18', 'sei': '6.49'};CHEMBL5983117;;CHEMBL5983117;7.79;0;http://www.openphacts.org/units/Nanomolar;4419180;=;37;1;=;;Ki;nM;;16.2;CHEMBL2007;Homo sapiens;Platelet-derived growth factor receptor alpha;9606;;;Ki;nM;UO_0000065;;16.2
;911098;27981218;[];CHEMBL5735255;PDGFR alpha Enzyme Inhibition: The inhibitory activities of compounds of the invention against PDGFRα (PDGFRα Kinase Enzyme System: Promega), were evaluated by mixing the PDGFRα protein (12.5 ng/mL, 2 μL), substrate (Poly (4:1 Glu4, Tyr1), 100 ng/mL, 2 μL) with the test compound (2 μL at either 3 μM, 0.67 μM, 0.15 μM, 0.033 μM, 0.0073 μM, 0.0016 μM, 0.0036 μM or 0.00008 μM) for 90 min at 25° C. The kinase reaction was initiated by adding ATP (25 μM, 2 μL) and the mixture was incubated for 1 hr at 25° C. ADP-Glo reagent was added for 40 min (8 μL) then development reagent (16 μL) was added for 40 min prior to detection in a microplate reader (EnVision® Multilabel Reader, Perkin Elmer).;B;;;BAO_0000192;BAO_0000357;single protein format;CNC(=O)CN1CCN(C(=O)c2ccc(N/C(=C3\C(=O)Nc4cc(C(=O)OC)c(C)cc43)c3ccccc3)cc2)CC1;;;CHEMBL5727732;;2020.0;{'bei': '13.93', 'le': '0.26', 'lle': '4.69', 'sei': '6.59'};CHEMBL5759219;;CHEMBL5759219;7.91;0;http://www.openphacts.org/units/Nanomolar;4419181;=;37;1;=;;Ki;nM;;12.3;CHEMBL2007;Homo sapiens;Platelet-derived growth factor receptor alpha;9606;;;Ki;nM;UO_0000065;;12.3
;911104;27981236;[];CHEMBL5735255;PDGFR alpha Enzyme Inhibition: The inhibitory activities of compounds of the invention against PDGFRα (PDGFRα Kinase Enzyme System: Promega), were evaluated by mixing the PDGFRα protein (12.5 ng/mL, 2 μL), substrate (Poly (4:1 Glu4, Tyr1), 100 ng/mL, 2 μL) with the test compound (2 μL at either 3 μM, 0.67 μM, 0.15 μM, 0.033 μM, 0.0073 μM, 0.0016 μM, 0.0036 μM or 0.00008 μM) for 90 min at 25° C. The kinase reaction was initiated by adding ATP (25 μM, 2 μL) and the mixture was incubated for 1 hr at 25° C. ADP-Glo reagent was added for 40 min (8 μL) then development reagent (16 μL) was added for 40 min prior to detection in a microplate reader (EnVision® Multilabel Reader, Perkin Elmer).;B;;;BAO_0000192;BAO_0000357;single protein format;COC(=O)c1cc2c(cc1C)/C(=C(/Nc1ccc(C(=O)NCCN3CCC(O)CC3)cc1)c1ccccc1)C(=O)N2;;;CHEMBL5727732;;2020.0;{'bei': '14.15', 'le': '0.26', 'lle': '3.95', 'sei': '6.54'};CHEMBL6011659;;CHEMBL6011659;7.85;0;http://www.openphacts.org/units/Nanomolar;4419182;=;37;1;=;;Ki;nM;;14.2;CHEMBL2007;Homo sapiens;Platelet-derived growth factor receptor alpha;9606;;;Ki;nM;UO_0000065;;14.2
;911110;27981254;[];CHEMBL5735255;PDGFR alpha Enzyme Inhibition: The inhibitory activities of compounds of the invention against PDGFRα (PDGFRα Kinase Enzyme System: Promega), were evaluated by mixing the PDGFRα protein (12.5 ng/mL, 2 μL), substrate (Poly (4:1 Glu4, Tyr1), 100 ng/mL, 2 μL) with the test compound (2 μL at either 3 μM, 0.67 μM, 0.15 μM, 0.033 μM, 0.0073 μM, 0.0016 μM, 0.0036 μM or 0.00008 μM) for 90 min at 25° C. The kinase reaction was initiated by adding ATP (25 μM, 2 μL) and the mixture was incubated for 1 hr at 25° C. ADP-Glo reagent was added for 40 min (8 μL) then development reagent (16 μL) was added for 40 min prior to detection in a microplate reader (EnVision® Multilabel Reader, Perkin Elmer).;B;;;BAO_0000192;BAO_0000357;single protein format;COC(=O)c1cc2c(cc1C)/C(=C(/Nc1ccc(C(=O)NC3CCN(CCO)CC3)cc1)c1ccccc1)C(=O)N2;;;CHEMBL5727732;;2020.0;{'bei': '14.03', 'le': '0.26', 'lle': '3.88', 'sei': '6.49'};CHEMBL5770010;;CHEMBL5770010;7.78;0;http://www.openphacts.org/units/Nanomolar;4419183;=;37;1;=;;Ki;nM;;16.5;CHEMBL2007;Homo sapiens;Platelet-derived growth factor receptor alpha;9606;;;Ki;nM;UO_0000065;;16.5
;911116;27981272;[];CHEMBL5735255;PDGFR alpha Enzyme Inhibition: The inhibitory activities of compounds of the invention against PDGFRα (PDGFRα Kinase Enzyme System: Promega), were evaluated by mixing the PDGFRα protein (12.5 ng/mL, 2 μL), substrate (Poly (4:1 Glu4, Tyr1), 100 ng/mL, 2 μL) with the test compound (2 μL at either 3 μM, 0.67 μM, 0.15 μM, 0.033 μM, 0.0073 μM, 0.0016 μM, 0.0036 μM or 0.00008 μM) for 90 min at 25° C. The kinase reaction was initiated by adding ATP (25 μM, 2 μL) and the mixture was incubated for 1 hr at 25° C. ADP-Glo reagent was added for 40 min (8 μL) then development reagent (16 μL) was added for 40 min prior to detection in a microplate reader (EnVision® Multilabel Reader, Perkin Elmer).;B;;;BAO_0000192;BAO_0000357;single protein format;COC(=O)c1cc2c(cc1C)/C(=C(/Nc1ccc(C(=O)NCC3CCN(CCO)CC3)cc1)c1ccccc1)C(=O)N2;;;CHEMBL5727732;;2020.0;{'bei': '13.85', 'le': '0.26', 'lle': '3.73', 'sei': '6.56'};CHEMBL5897053;;CHEMBL5897053;7.88;0;http://www.openphacts.org/units/Nanomolar;4419184;=;37;1;=;;Ki;nM;;13.3;CHEMBL2007;Homo sapiens;Platelet-derived growth factor receptor alpha;9606;;;Ki;nM;UO_0000065;;13.3
;911122;27981290;[];CHEMBL5735255;PDGFR alpha Enzyme Inhibition: The inhibitory activities of compounds of the invention against PDGFRα (PDGFRα Kinase Enzyme System: Promega), were evaluated by mixing the PDGFRα protein (12.5 ng/mL, 2 μL), substrate (Poly (4:1 Glu4, Tyr1), 100 ng/mL, 2 μL) with the test compound (2 μL at either 3 μM, 0.67 μM, 0.15 μM, 0.033 μM, 0.0073 μM, 0.0016 μM, 0.0036 μM or 0.00008 μM) for 90 min at 25° C. The kinase reaction was initiated by adding ATP (25 μM, 2 μL) and the mixture was incubated for 1 hr at 25° C. ADP-Glo reagent was added for 40 min (8 μL) then development reagent (16 μL) was added for 40 min prior to detection in a microplate reader (EnVision® Multilabel Reader, Perkin Elmer).;B;;;BAO_0000192;BAO_0000357;single protein format;COC(=O)c1cc2c(cc1C)/C(=C(/Nc1ccc(C(=O)N3CCN(CC(=O)NCCO)CC3)cc1)c1ccccc1)C(=O)N2;;;CHEMBL5727732;;2020.0;{'bei': '13.89', 'le': '0.26', 'lle': '5.72', 'sei': '5.92'};CHEMBL5794260;;CHEMBL5794260;8.30;0;http://www.openphacts.org/units/Nanomolar;4419185;=;37;1;=;;Ki;nM;;5.0;CHEMBL2007;Homo sapiens;Platelet-derived growth factor receptor alpha;9606;;;Ki;nM;UO_0000065;;5.0
;911128;27981308;[];CHEMBL5735255;PDGFR alpha Enzyme Inhibition: The inhibitory activities of compounds of the invention against PDGFRα (PDGFRα Kinase Enzyme System: Promega), were evaluated by mixing the PDGFRα protein (12.5 ng/mL, 2 μL), substrate (Poly (4:1 Glu4, Tyr1), 100 ng/mL, 2 μL) with the test compound (2 μL at either 3 μM, 0.67 μM, 0.15 μM, 0.033 μM, 0.0073 μM, 0.0016 μM, 0.0036 μM or 0.00008 μM) for 90 min at 25° C. The kinase reaction was initiated by adding ATP (25 μM, 2 μL) and the mixture was incubated for 1 hr at 25° C. ADP-Glo reagent was added for 40 min (8 μL) then development reagent (16 μL) was added for 40 min prior to detection in a microplate reader (EnVision® Multilabel Reader, Perkin Elmer).;B;;;BAO_0000192;BAO_0000357;single protein format;COC(=O)c1cc2c(cc1C)/C(=C(/Nc1cccc(C(=O)N(C)CCN(C)C)c1)c1ccccc1)C(=O)N2;;;CHEMBL5727732;;2020.0;{'bei': '15.21', 'le': '0.28', 'lle': '3.45', 'sei': '8.57'};CHEMBL5854915;;CHEMBL5854915;7.80;0;http://www.openphacts.org/units/Nanomolar;4419186;=;37;1;=;;Ki;nM;;15.9;CHEMBL2007;Homo sapiens;Platelet-derived growth factor receptor alpha;9606;;;Ki;nM;UO_0000065;;15.9
;911134;27981326;[];CHEMBL5735255;PDGFR alpha Enzyme Inhibition: The inhibitory activities of compounds of the invention against PDGFRα (PDGFRα Kinase Enzyme System: Promega), were evaluated by mixing the PDGFRα protein (12.5 ng/mL, 2 μL), substrate (Poly (4:1 Glu4, Tyr1), 100 ng/mL, 2 μL) with the test compound (2 μL at either 3 μM, 0.67 μM, 0.15 μM, 0.033 μM, 0.0073 μM, 0.0016 μM, 0.0036 μM or 0.00008 μM) for 90 min at 25° C. The kinase reaction was initiated by adding ATP (25 μM, 2 μL) and the mixture was incubated for 1 hr at 25° C. ADP-Glo reagent was added for 40 min (8 μL) then development reagent (16 μL) was added for 40 min prior to detection in a microplate reader (EnVision® Multilabel Reader, Perkin Elmer).;B;;;BAO_0000192;BAO_0000357;single protein format;COC(=O)c1cc2c(cc1C)/C(=C(/Nc1ccc(C(=O)N3CCN(C)CC3)cc1)c1ccccc1)C(=O)N2;;;CHEMBL5727732;;2020.0;{'bei': '15.88', 'le': '0.29', 'lle': '4.01', 'sei': '8.91'};CHEMBL6008313;;CHEMBL6008313;8.11;0;http://www.openphacts.org/units/Nanomolar;4419187;=;37;1;=;;Ki;nM;;7.81;CHEMBL2007;Homo sapiens;Platelet-derived growth factor receptor alpha;9606;;;Ki;nM;UO_0000065;;7.81
;911140;27981344;[];CHEMBL5735255;PDGFR alpha Enzyme Inhibition: The inhibitory activities of compounds of the invention against PDGFRα (PDGFRα Kinase Enzyme System: Promega), were evaluated by mixing the PDGFRα protein (12.5 ng/mL, 2 μL), substrate (Poly (4:1 Glu4, Tyr1), 100 ng/mL, 2 μL) with the test compound (2 μL at either 3 μM, 0.67 μM, 0.15 μM, 0.033 μM, 0.0073 μM, 0.0016 μM, 0.0036 μM or 0.00008 μM) for 90 min at 25° C. The kinase reaction was initiated by adding ATP (25 μM, 2 μL) and the mixture was incubated for 1 hr at 25° C. ADP-Glo reagent was added for 40 min (8 μL) then development reagent (16 μL) was added for 40 min prior to detection in a microplate reader (EnVision® Multilabel Reader, Perkin Elmer).;B;;;BAO_0000192;BAO_0000357;single protein format;COC(=O)c1cc2c(cc1C)/C(=C(/Nc1ccc(C(=O)NC3CCN(C)CC3)cc1)c1ccccc1)C(=O)N2;;;CHEMBL5727732;;2020.0;{'bei': '14.96', 'le': '0.27', 'lle': '3.31', 'sei': '7.87'};CHEMBL5915626;;CHEMBL5915626;7.85;0;http://www.openphacts.org/units/Nanomolar;4419188;=;37;1;=;;Ki;nM;;14.1;CHEMBL2007;Homo sapiens;Platelet-derived growth factor receptor alpha;9606;;;Ki;nM;UO_0000065;;14.1
;911146;27981362;[];CHEMBL5735255;PDGFR alpha Enzyme Inhibition: The inhibitory activities of compounds of the invention against PDGFRα (PDGFRα Kinase Enzyme System: Promega), were evaluated by mixing the PDGFRα protein (12.5 ng/mL, 2 μL), substrate (Poly (4:1 Glu4, Tyr1), 100 ng/mL, 2 μL) with the test compound (2 μL at either 3 μM, 0.67 μM, 0.15 μM, 0.033 μM, 0.0073 μM, 0.0016 μM, 0.0036 μM or 0.00008 μM) for 90 min at 25° C. The kinase reaction was initiated by adding ATP (25 μM, 2 μL) and the mixture was incubated for 1 hr at 25° C. ADP-Glo reagent was added for 40 min (8 μL) then development reagent (16 μL) was added for 40 min prior to detection in a microplate reader (EnVision® Multilabel Reader, Perkin Elmer).;B;;;BAO_0000192;BAO_0000357;single protein format;COC(=O)c1cc2c(cc1C)/C(=C(/Nc1ccc(C(=O)N3CCN(CCO)CC3)cc1)c1ccccc1)C(=O)N2;;;CHEMBL5727732;;2020.0;{'bei': '15.14', 'le': '0.28', 'lle': '4.72', 'sei': '7.36'};CHEMBL6026951;;CHEMBL6026951;8.18;0;http://www.openphacts.org/units/Nanomolar;4419189;=;37;1;=;;Ki;nM;;6.55;CHEMBL2007;Homo sapiens;Platelet-derived growth factor receptor alpha;9606;;;Ki;nM;UO_0000065;;6.55
;911152;27981380;[];CHEMBL5735255;PDGFR alpha Enzyme Inhibition: The inhibitory activities of compounds of the invention against PDGFRα (PDGFRα Kinase Enzyme System: Promega), were evaluated by mixing the PDGFRα protein (12.5 ng/mL, 2 μL), substrate (Poly (4:1 Glu4, Tyr1), 100 ng/mL, 2 μL) with the test compound (2 μL at either 3 μM, 0.67 μM, 0.15 μM, 0.033 μM, 0.0073 μM, 0.0016 μM, 0.0036 μM or 0.00008 μM) for 90 min at 25° C. The kinase reaction was initiated by adding ATP (25 μM, 2 μL) and the mixture was incubated for 1 hr at 25° C. ADP-Glo reagent was added for 40 min (8 μL) then development reagent (16 μL) was added for 40 min prior to detection in a microplate reader (EnVision® Multilabel Reader, Perkin Elmer).;B;;;BAO_0000192;BAO_0000357;single protein format;COCCN1CCC(NC(=O)c2ccc(N/C(=C3\C(=O)Nc4cc(C(=O)OC)c(C)cc43)c3ccccc3)cc2)CC1;;;CHEMBL5727732;;2020.0;{'bei': '13.39', 'le': '0.25', 'lle': '3.07', 'sei': '6.99'};CHEMBL5885724;;CHEMBL5885724;7.62;0;http://www.openphacts.org/units/Nanomolar;4419190;=;37;1;=;;Ki;nM;;24.2;CHEMBL2007;Homo sapiens;Platelet-derived growth factor receptor alpha;9606;;;Ki;nM;UO_0000065;;24.2
;911158;27981398;[];CHEMBL5735255;PDGFR alpha Enzyme Inhibition: The inhibitory activities of compounds of the invention against PDGFRα (PDGFRα Kinase Enzyme System: Promega), were evaluated by mixing the PDGFRα protein (12.5 ng/mL, 2 μL), substrate (Poly (4:1 Glu4, Tyr1), 100 ng/mL, 2 μL) with the test compound (2 μL at either 3 μM, 0.67 μM, 0.15 μM, 0.033 μM, 0.0073 μM, 0.0016 μM, 0.0036 μM or 0.00008 μM) for 90 min at 25° C. The kinase reaction was initiated by adding ATP (25 μM, 2 μL) and the mixture was incubated for 1 hr at 25° C. ADP-Glo reagent was added for 40 min (8 μL) then development reagent (16 μL) was added for 40 min prior to detection in a microplate reader (EnVision® Multilabel Reader, Perkin Elmer).;B;;;BAO_0000192;BAO_0000357;single protein format;COC(=O)c1cc2c(cc1C)/C(=C(/Nc1ccc(C(=O)NCCCN3CCN(C)CC3)cc1)c1ccccc1)C(=O)N2;;;CHEMBL5727732;;2020.0;{'bei': '14.14', 'le': '0.26', 'lle': '3.95', 'sei': '7.79'};CHEMBL6018088;;CHEMBL6018088;8.03;0;http://www.openphacts.org/units/Nanomolar;4419191;=;37;1;=;;Ki;nM;;9.38;CHEMBL2007;Homo sapiens;Platelet-derived growth factor receptor alpha;9606;;;Ki;nM;UO_0000065;;9.38
;911164;27981416;[];CHEMBL5735255;PDGFR alpha Enzyme Inhibition: The inhibitory activities of compounds of the invention against PDGFRα (PDGFRα Kinase Enzyme System: Promega), were evaluated by mixing the PDGFRα protein (12.5 ng/mL, 2 μL), substrate (Poly (4:1 Glu4, Tyr1), 100 ng/mL, 2 μL) with the test compound (2 μL at either 3 μM, 0.67 μM, 0.15 μM, 0.033 μM, 0.0073 μM, 0.0016 μM, 0.0036 μM or 0.00008 μM) for 90 min at 25° C. The kinase reaction was initiated by adding ATP (25 μM, 2 μL) and the mixture was incubated for 1 hr at 25° C. ADP-Glo reagent was added for 40 min (8 μL) then development reagent (16 μL) was added for 40 min prior to detection in a microplate reader (EnVision® Multilabel Reader, Perkin Elmer).;B;;;BAO_0000192;BAO_0000357;single protein format;COC(=O)c1cc2c(cc1C)/C(=C(/Nc1ccc(C(=O)NCCCN(C)C)cc1)c1ccccc1)C(=O)N2;;;CHEMBL5727732;;2020.0;{'bei': '15.63', 'le': '0.29', 'lle': '3.61', 'sei': '8.03'};CHEMBL5967591;;CHEMBL5967591;8.01;0;http://www.openphacts.org/units/Nanomolar;4419192;=;37;1;=;;Ki;nM;;9.75;CHEMBL2007;Homo sapiens;Platelet-derived growth factor receptor alpha;9606;;;Ki;nM;UO_0000065;;9.75
;911170;27981434;[];CHEMBL5735255;PDGFR alpha Enzyme Inhibition: The inhibitory activities of compounds of the invention against PDGFRα (PDGFRα Kinase Enzyme System: Promega), were evaluated by mixing the PDGFRα protein (12.5 ng/mL, 2 μL), substrate (Poly (4:1 Glu4, Tyr1), 100 ng/mL, 2 μL) with the test compound (2 μL at either 3 μM, 0.67 μM, 0.15 μM, 0.033 μM, 0.0073 μM, 0.0016 μM, 0.0036 μM or 0.00008 μM) for 90 min at 25° C. The kinase reaction was initiated by adding ATP (25 μM, 2 μL) and the mixture was incubated for 1 hr at 25° C. ADP-Glo reagent was added for 40 min (8 μL) then development reagent (16 μL) was added for 40 min prior to detection in a microplate reader (EnVision® Multilabel Reader, Perkin Elmer).;B;;;BAO_0000192;BAO_0000357;single protein format;COC(=O)c1cc2c(cc1C)/C(=C(/Nc1ccc(C(=O)NCCN3CCC(F)(F)CC3)cc1)c1ccccc1)C(=O)N2;;;CHEMBL5727732;;2020.0;{'bei': '12.68', 'le': '0.24', 'lle': '2.10', 'sei': '7.30'};CHEMBL5742315;;CHEMBL5742315;7.29;0;http://www.openphacts.org/units/Nanomolar;4419193;=;37;1;=;;Ki;nM;;51.9;CHEMBL2007;Homo sapiens;Platelet-derived growth factor receptor alpha;9606;;;Ki;nM;UO_0000065;;51.9
;911176;27981452;[];CHEMBL5735255;PDGFR alpha Enzyme Inhibition: The inhibitory activities of compounds of the invention against PDGFRα (PDGFRα Kinase Enzyme System: Promega), were evaluated by mixing the PDGFRα protein (12.5 ng/mL, 2 μL), substrate (Poly (4:1 Glu4, Tyr1), 100 ng/mL, 2 μL) with the test compound (2 μL at either 3 μM, 0.67 μM, 0.15 μM, 0.033 μM, 0.0073 μM, 0.0016 μM, 0.0036 μM or 0.00008 μM) for 90 min at 25° C. The kinase reaction was initiated by adding ATP (25 μM, 2 μL) and the mixture was incubated for 1 hr at 25° C. ADP-Glo reagent was added for 40 min (8 μL) then development reagent (16 μL) was added for 40 min prior to detection in a microplate reader (EnVision® Multilabel Reader, Perkin Elmer).;B;;;BAO_0000192;BAO_0000357;single protein format;COC(=O)c1cc2c(cc1C)/C(=C(/Nc1ccc(C(=O)NCCN3CCN(C(C)=O)CC3)cc1)c1ccccc1)C(=O)N2;;;CHEMBL5727732;;2020.0;{'bei': '13.72', 'le': '0.25', 'lle': '4.37', 'sei': '6.64'};CHEMBL5969055;;CHEMBL5969055;7.98;0;http://www.openphacts.org/units/Nanomolar;4419194;=;37;1;=;;Ki;nM;;10.5;CHEMBL2007;Homo sapiens;Platelet-derived growth factor receptor alpha;9606;;;Ki;nM;UO_0000065;;10.5
;911182;27981470;[];CHEMBL5735255;PDGFR alpha Enzyme Inhibition: The inhibitory activities of compounds of the invention against PDGFRα (PDGFRα Kinase Enzyme System: Promega), were evaluated by mixing the PDGFRα protein (12.5 ng/mL, 2 μL), substrate (Poly (4:1 Glu4, Tyr1), 100 ng/mL, 2 μL) with the test compound (2 μL at either 3 μM, 0.67 μM, 0.15 μM, 0.033 μM, 0.0073 μM, 0.0016 μM, 0.0036 μM or 0.00008 μM) for 90 min at 25° C. The kinase reaction was initiated by adding ATP (25 μM, 2 μL) and the mixture was incubated for 1 hr at 25° C. ADP-Glo reagent was added for 40 min (8 μL) then development reagent (16 μL) was added for 40 min prior to detection in a microplate reader (EnVision® Multilabel Reader, Perkin Elmer).;B;;;BAO_0000192;BAO_0000357;single protein format;COC(=O)c1cc2c(cc1C)/C(=C(/Nc1ccc(S(=O)(=O)NCCN(C)C)cc1)c1ccccc1)C(=O)N2;;;CHEMBL5727732;;2020.0;{'bei': '14.75', 'le': '0.28', 'lle': '4.34', 'sei': '6.75'};CHEMBL5952810;;CHEMBL5952810;7.89;0;http://www.openphacts.org/units/Nanomolar;4419195;=;37;1;=;;Ki;nM;;13.0;CHEMBL2007;Homo sapiens;Platelet-derived growth factor receptor alpha;9606;;;Ki;nM;UO_0000065;;13.0
;911188;27981488;[];CHEMBL5735255;PDGFR alpha Enzyme Inhibition: The inhibitory activities of compounds of the invention against PDGFRα (PDGFRα Kinase Enzyme System: Promega), were evaluated by mixing the PDGFRα protein (12.5 ng/mL, 2 μL), substrate (Poly (4:1 Glu4, Tyr1), 100 ng/mL, 2 μL) with the test compound (2 μL at either 3 μM, 0.67 μM, 0.15 μM, 0.033 μM, 0.0073 μM, 0.0016 μM, 0.0036 μM or 0.00008 μM) for 90 min at 25° C. The kinase reaction was initiated by adding ATP (25 μM, 2 μL) and the mixture was incubated for 1 hr at 25° C. ADP-Glo reagent was added for 40 min (8 μL) then development reagent (16 μL) was added for 40 min prior to detection in a microplate reader (EnVision® Multilabel Reader, Perkin Elmer).;B;;;BAO_0000192;BAO_0000357;single protein format;COC(=O)c1cc2c(cc1C)/C(=C(/Nc1ccc(S(=O)(=O)N3CCN(CCO)CC3)cc1)c1ccccc1)C(=O)N2;;;CHEMBL5727732;;2020.0;{'bei': '12.81', 'le': '0.25', 'lle': '4.38', 'sei': '5.76'};CHEMBL5917424;;CHEMBL5917424;7.39;0;http://www.openphacts.org/units/Nanomolar;4419196;=;37;1;=;;Ki;nM;;41.0;CHEMBL2007;Homo sapiens;Platelet-derived growth factor receptor alpha;9606;;;Ki;nM;UO_0000065;;41.0
;911194;27981506;[];CHEMBL5735255;PDGFR alpha Enzyme Inhibition: The inhibitory activities of compounds of the invention against PDGFRα (PDGFRα Kinase Enzyme System: Promega), were evaluated by mixing the PDGFRα protein (12.5 ng/mL, 2 μL), substrate (Poly (4:1 Glu4, Tyr1), 100 ng/mL, 2 μL) with the test compound (2 μL at either 3 μM, 0.67 μM, 0.15 μM, 0.033 μM, 0.0073 μM, 0.0016 μM, 0.0036 μM or 0.00008 μM) for 90 min at 25° C. The kinase reaction was initiated by adding ATP (25 μM, 2 μL) and the mixture was incubated for 1 hr at 25° C. ADP-Glo reagent was added for 40 min (8 μL) then development reagent (16 μL) was added for 40 min prior to detection in a microplate reader (EnVision® Multilabel Reader, Perkin Elmer).;B;;;BAO_0000192;BAO_0000357;single protein format;COC(=O)c1cc2c(cc1C)/C(=C(/Nc1ccc(C(=O)N[C@H]3CCCN(C)C3)cc1)c1ccccc1)C(=O)N2;;;CHEMBL5727732;;2020.0;{'bei': '14.66', 'le': '0.27', 'lle': '3.15', 'sei': '7.71'};CHEMBL5876825;;CHEMBL5876825;7.69;0;http://www.openphacts.org/units/Nanomolar;4419197;=;37;1;=;;Ki;nM;;20.4;CHEMBL2007;Homo sapiens;Platelet-derived growth factor receptor alpha;9606;;;Ki;nM;UO_0000065;;20.4
;911200;27981524;[];CHEMBL5735255;PDGFR alpha Enzyme Inhibition: The inhibitory activities of compounds of the invention against PDGFRα (PDGFRα Kinase Enzyme System: Promega), were evaluated by mixing the PDGFRα protein (12.5 ng/mL, 2 μL), substrate (Poly (4:1 Glu4, Tyr1), 100 ng/mL, 2 μL) with the test compound (2 μL at either 3 μM, 0.67 μM, 0.15 μM, 0.033 μM, 0.0073 μM, 0.0016 μM, 0.0036 μM or 0.00008 μM) for 90 min at 25° C. The kinase reaction was initiated by adding ATP (25 μM, 2 μL) and the mixture was incubated for 1 hr at 25° C. ADP-Glo reagent was added for 40 min (8 μL) then development reagent (16 μL) was added for 40 min prior to detection in a microplate reader (EnVision® Multilabel Reader, Perkin Elmer).;B;;;BAO_0000192;BAO_0000357;single protein format;COC(=O)c1cc2c(cc1C)/C(=C(/Nc1ccc(C(=O)NCCN3CCC(F)CC3)cc1)c1ccccc1)C(=O)N2;;;CHEMBL5727732;;2020.0;{'bei': '13.37', 'le': '0.25', 'lle': '2.56', 'sei': '7.46'};CHEMBL6056846;;CHEMBL6056846;7.45;0;http://www.openphacts.org/units/Nanomolar;4419198;=;37;1;=;;Ki;nM;;35.9;CHEMBL2007;Homo sapiens;Platelet-derived growth factor receptor alpha;9606;;;Ki;nM;UO_0000065;;35.9
;911206;27981542;[];CHEMBL5735255;PDGFR alpha Enzyme Inhibition: The inhibitory activities of compounds of the invention against PDGFRα (PDGFRα Kinase Enzyme System: Promega), were evaluated by mixing the PDGFRα protein (12.5 ng/mL, 2 μL), substrate (Poly (4:1 Glu4, Tyr1), 100 ng/mL, 2 μL) with the test compound (2 μL at either 3 μM, 0.67 μM, 0.15 μM, 0.033 μM, 0.0073 μM, 0.0016 μM, 0.0036 μM or 0.00008 μM) for 90 min at 25° C. The kinase reaction was initiated by adding ATP (25 μM, 2 μL) and the mixture was incubated for 1 hr at 25° C. ADP-Glo reagent was added for 40 min (8 μL) then development reagent (16 μL) was added for 40 min prior to detection in a microplate reader (EnVision® Multilabel Reader, Perkin Elmer).;B;;;BAO_0000192;BAO_0000357;single protein format;COC(=O)c1cc2c(cc1C)/C(=C(/Nc1ccc(C(=O)NCCCN3CCOCC3)cc1)c1ccccc1)C(=O)N2;;;CHEMBL5727732;;2020.0;{'bei': '14.37', 'le': '0.27', 'lle': '3.80', 'sei': '7.31'};CHEMBL5950967;;CHEMBL5950967;7.97;0;http://www.openphacts.org/units/Nanomolar;4419199;=;37;1;=;;Ki;nM;;10.7;CHEMBL2007;Homo sapiens;Platelet-derived growth factor receptor alpha;9606;;;Ki;nM;UO_0000065;;10.7
;911212;27981560;[];CHEMBL5735255;PDGFR alpha Enzyme Inhibition: The inhibitory activities of compounds of the invention against PDGFRα (PDGFRα Kinase Enzyme System: Promega), were evaluated by mixing the PDGFRα protein (12.5 ng/mL, 2 μL), substrate (Poly (4:1 Glu4, Tyr1), 100 ng/mL, 2 μL) with the test compound (2 μL at either 3 μM, 0.67 μM, 0.15 μM, 0.033 μM, 0.0073 μM, 0.0016 μM, 0.0036 μM or 0.00008 μM) for 90 min at 25° C. The kinase reaction was initiated by adding ATP (25 μM, 2 μL) and the mixture was incubated for 1 hr at 25° C. ADP-Glo reagent was added for 40 min (8 μL) then development reagent (16 μL) was added for 40 min prior to detection in a microplate reader (EnVision® Multilabel Reader, Perkin Elmer).;B;;;BAO_0000192;BAO_0000357;single protein format;COC(=O)c1cc2c(cc1C)/C(=C(/Nc1ccc(C(=O)N3CCC4(CC3)C(=O)NCCN4C)cc1)c1ccccc1)C(=O)N2;;;CHEMBL5727732;;2020.0;{'bei': '13.41', 'le': '0.25', 'lle': '4.21', 'sei': '6.63'};CHEMBL6009160;;CHEMBL6009160;7.96;0;http://www.openphacts.org/units/Nanomolar;4419200;=;37;1;=;;Ki;nM;;11.0;CHEMBL2007;Homo sapiens;Platelet-derived growth factor receptor alpha;9606;;;Ki;nM;UO_0000065;;11.0
;911218;27981578;[];CHEMBL5735255;PDGFR alpha Enzyme Inhibition: The inhibitory activities of compounds of the invention against PDGFRα (PDGFRα Kinase Enzyme System: Promega), were evaluated by mixing the PDGFRα protein (12.5 ng/mL, 2 μL), substrate (Poly (4:1 Glu4, Tyr1), 100 ng/mL, 2 μL) with the test compound (2 μL at either 3 μM, 0.67 μM, 0.15 μM, 0.033 μM, 0.0073 μM, 0.0016 μM, 0.0036 μM or 0.00008 μM) for 90 min at 25° C. The kinase reaction was initiated by adding ATP (25 μM, 2 μL) and the mixture was incubated for 1 hr at 25° C. ADP-Glo reagent was added for 40 min (8 μL) then development reagent (16 μL) was added for 40 min prior to detection in a microplate reader (EnVision® Multilabel Reader, Perkin Elmer).;B;;;BAO_0000192;BAO_0000357;single protein format;COC(=O)c1cc2c(cc1C)/C(=C(/Nc1ccc(C(=O)N3CCC(C(=O)NCCN(C)C)CC3)cc1)c1ccccc1)C(=O)N2;;;CHEMBL5727732;;2020.0;{'bei': '13.11', 'le': '0.24', 'lle': '3.75', 'sei': '6.66'};CHEMBL6051368;;CHEMBL6051368;7.99;0;http://www.openphacts.org/units/Nanomolar;4419201;=;37;1;=;;Ki;nM;;10.2;CHEMBL2007;Homo sapiens;Platelet-derived growth factor receptor alpha;9606;;;Ki;nM;UO_0000065;;10.2
;911224;27981596;[];CHEMBL5735255;PDGFR alpha Enzyme Inhibition: The inhibitory activities of compounds of the invention against PDGFRα (PDGFRα Kinase Enzyme System: Promega), were evaluated by mixing the PDGFRα protein (12.5 ng/mL, 2 μL), substrate (Poly (4:1 Glu4, Tyr1), 100 ng/mL, 2 μL) with the test compound (2 μL at either 3 μM, 0.67 μM, 0.15 μM, 0.033 μM, 0.0073 μM, 0.0016 μM, 0.0036 μM or 0.00008 μM) for 90 min at 25° C. The kinase reaction was initiated by adding ATP (25 μM, 2 μL) and the mixture was incubated for 1 hr at 25° C. ADP-Glo reagent was added for 40 min (8 μL) then development reagent (16 μL) was added for 40 min prior to detection in a microplate reader (EnVision® Multilabel Reader, Perkin Elmer).;B;;;BAO_0000192;BAO_0000357;single protein format;COC(=O)c1cc2c(cc1C)/C(=C(/Nc1ccc(C(=O)N(CCO)CCN(C)C)cc1)c1ccccc1)C(=O)N2;;;CHEMBL5727732;;2020.0;{'bei': '14.99', 'le': '0.28', 'lle': '4.42', 'sei': '7.31'};CHEMBL5858912;;CHEMBL5858912;8.13;0;http://www.openphacts.org/units/Nanomolar;4419202;=;37;1;=;;Ki;nM;;7.38;CHEMBL2007;Homo sapiens;Platelet-derived growth factor receptor alpha;9606;;;Ki;nM;UO_0000065;;7.38
;911230;27981614;[];CHEMBL5735255;PDGFR alpha Enzyme Inhibition: The inhibitory activities of compounds of the invention against PDGFRα (PDGFRα Kinase Enzyme System: Promega), were evaluated by mixing the PDGFRα protein (12.5 ng/mL, 2 μL), substrate (Poly (4:1 Glu4, Tyr1), 100 ng/mL, 2 μL) with the test compound (2 μL at either 3 μM, 0.67 μM, 0.15 μM, 0.033 μM, 0.0073 μM, 0.0016 μM, 0.0036 μM or 0.00008 μM) for 90 min at 25° C. The kinase reaction was initiated by adding ATP (25 μM, 2 μL) and the mixture was incubated for 1 hr at 25° C. ADP-Glo reagent was added for 40 min (8 μL) then development reagent (16 μL) was added for 40 min prior to detection in a microplate reader (EnVision® Multilabel Reader, Perkin Elmer).;B;;;BAO_0000192;BAO_0000357;single protein format;COC(=O)c1cc2c(cc1C)/C(=C(/Nc1ccc(C(=O)N3CC[C@@H](CN(C)C)[C@H](O)C3)cc1)c1ccccc1)C(=O)N2;;;CHEMBL5727732;;2020.0;{'bei': '14.16', 'le': '0.26', 'lle': '3.95', 'sei': '7.24'};CHEMBL5907596;;CHEMBL5907596;8.05;0;http://www.openphacts.org/units/Nanomolar;4419203;=;37;1;=;;Ki;nM;;8.89;CHEMBL2007;Homo sapiens;Platelet-derived growth factor receptor alpha;9606;;;Ki;nM;UO_0000065;;8.89
;911236;27981632;[];CHEMBL5735255;PDGFR alpha Enzyme Inhibition: The inhibitory activities of compounds of the invention against PDGFRα (PDGFRα Kinase Enzyme System: Promega), were evaluated by mixing the PDGFRα protein (12.5 ng/mL, 2 μL), substrate (Poly (4:1 Glu4, Tyr1), 100 ng/mL, 2 μL) with the test compound (2 μL at either 3 μM, 0.67 μM, 0.15 μM, 0.033 μM, 0.0073 μM, 0.0016 μM, 0.0036 μM or 0.00008 μM) for 90 min at 25° C. The kinase reaction was initiated by adding ATP (25 μM, 2 μL) and the mixture was incubated for 1 hr at 25° C. ADP-Glo reagent was added for 40 min (8 μL) then development reagent (16 μL) was added for 40 min prior to detection in a microplate reader (EnVision® Multilabel Reader, Perkin Elmer).;B;;;BAO_0000192;BAO_0000357;single protein format;COC(=O)c1cc2c(cc1C)/C(=C(/Nc1ccc(C(=O)NCCN3CCCN(C(C)=O)CC3)cc1)c1ccccc1)C(=O)N2;;;CHEMBL5727732;;2020.0;{'bei': '12.77', 'le': '0.24', 'lle': '3.61', 'sei': '6.34'};CHEMBL5950008;;CHEMBL5950008;7.61;0;http://www.openphacts.org/units/Nanomolar;4419204;=;37;1;=;;Ki;nM;;24.6;CHEMBL2007;Homo sapiens;Platelet-derived growth factor receptor alpha;9606;;;Ki;nM;UO_0000065;;24.6
;911242;27981650;[];CHEMBL5735255;PDGFR alpha Enzyme Inhibition: The inhibitory activities of compounds of the invention against PDGFRα (PDGFRα Kinase Enzyme System: Promega), were evaluated by mixing the PDGFRα protein (12.5 ng/mL, 2 μL), substrate (Poly (4:1 Glu4, Tyr1), 100 ng/mL, 2 μL) with the test compound (2 μL at either 3 μM, 0.67 μM, 0.15 μM, 0.033 μM, 0.0073 μM, 0.0016 μM, 0.0036 μM or 0.00008 μM) for 90 min at 25° C. The kinase reaction was initiated by adding ATP (25 μM, 2 μL) and the mixture was incubated for 1 hr at 25° C. ADP-Glo reagent was added for 40 min (8 μL) then development reagent (16 μL) was added for 40 min prior to detection in a microplate reader (EnVision® Multilabel Reader, Perkin Elmer).;B;;;BAO_0000192;BAO_0000357;single protein format;COCCN(C)CCNC(=O)c1ccc(N/C(=C2\C(=O)Nc3cc(C(=O)OC)c(C)cc32)c2ccccc2)cc1;;;CHEMBL5727732;;2020.0;{'bei': '14.02', 'le': '0.26', 'lle': '3.59', 'sei': '6.98'};CHEMBL5794652;;CHEMBL5794652;7.61;0;http://www.openphacts.org/units/Nanomolar;4419205;=;37;1;=;;Ki;nM;;24.7;CHEMBL2007;Homo sapiens;Platelet-derived growth factor receptor alpha;9606;;;Ki;nM;UO_0000065;;24.7
;911248;27981668;[];CHEMBL5735255;PDGFR alpha Enzyme Inhibition: The inhibitory activities of compounds of the invention against PDGFRα (PDGFRα Kinase Enzyme System: Promega), were evaluated by mixing the PDGFRα protein (12.5 ng/mL, 2 μL), substrate (Poly (4:1 Glu4, Tyr1), 100 ng/mL, 2 μL) with the test compound (2 μL at either 3 μM, 0.67 μM, 0.15 μM, 0.033 μM, 0.0073 μM, 0.0016 μM, 0.0036 μM or 0.00008 μM) for 90 min at 25° C. The kinase reaction was initiated by adding ATP (25 μM, 2 μL) and the mixture was incubated for 1 hr at 25° C. ADP-Glo reagent was added for 40 min (8 μL) then development reagent (16 μL) was added for 40 min prior to detection in a microplate reader (EnVision® Multilabel Reader, Perkin Elmer).;B;;;BAO_0000192;BAO_0000357;single protein format;COC(=O)c1cc2c(cc1C)/C(=C(/Nc1ccc(C(=O)NCC3(N(C)C)CCOCC3)cc1)c1ccccc1)C(=O)N2;;;CHEMBL5727732;;2020.0;{'bei': '13.48', 'le': '0.25', 'lle': '3.11', 'sei': '7.03'};CHEMBL5880580;;CHEMBL5880580;7.66;0;http://www.openphacts.org/units/Nanomolar;4419206;=;37;1;=;;Ki;nM;;21.7;CHEMBL2007;Homo sapiens;Platelet-derived growth factor receptor alpha;9606;;;Ki;nM;UO_0000065;;21.7
;911254;27981686;[];CHEMBL5735255;PDGFR alpha Enzyme Inhibition: The inhibitory activities of compounds of the invention against PDGFRα (PDGFRα Kinase Enzyme System: Promega), were evaluated by mixing the PDGFRα protein (12.5 ng/mL, 2 μL), substrate (Poly (4:1 Glu4, Tyr1), 100 ng/mL, 2 μL) with the test compound (2 μL at either 3 μM, 0.67 μM, 0.15 μM, 0.033 μM, 0.0073 μM, 0.0016 μM, 0.0036 μM or 0.00008 μM) for 90 min at 25° C. The kinase reaction was initiated by adding ATP (25 μM, 2 μL) and the mixture was incubated for 1 hr at 25° C. ADP-Glo reagent was added for 40 min (8 μL) then development reagent (16 μL) was added for 40 min prior to detection in a microplate reader (EnVision® Multilabel Reader, Perkin Elmer).;B;;;BAO_0000192;BAO_0000357;single protein format;COC(=O)c1cc2c(cc1C)/C(=C(/Nc1ccc(C(=O)N3CCC(O)(CN4CCCC4)CC3)cc1)c1ccccc1)C(=O)N2;;;CHEMBL5727732;;2020.0;{'bei': '13.40', 'le': '0.25', 'lle': '3.19', 'sei': '7.17'};CHEMBL5853674;;CHEMBL5853674;7.97;0;http://www.openphacts.org/units/Nanomolar;4419207;=;37;1;=;;Ki;nM;;10.7;CHEMBL2007;Homo sapiens;Platelet-derived growth factor receptor alpha;9606;;;Ki;nM;UO_0000065;;10.7
;911260;27981704;[];CHEMBL5735255;PDGFR alpha Enzyme Inhibition: The inhibitory activities of compounds of the invention against PDGFRα (PDGFRα Kinase Enzyme System: Promega), were evaluated by mixing the PDGFRα protein (12.5 ng/mL, 2 μL), substrate (Poly (4:1 Glu4, Tyr1), 100 ng/mL, 2 μL) with the test compound (2 μL at either 3 μM, 0.67 μM, 0.15 μM, 0.033 μM, 0.0073 μM, 0.0016 μM, 0.0036 μM or 0.00008 μM) for 90 min at 25° C. The kinase reaction was initiated by adding ATP (25 μM, 2 μL) and the mixture was incubated for 1 hr at 25° C. ADP-Glo reagent was added for 40 min (8 μL) then development reagent (16 μL) was added for 40 min prior to detection in a microplate reader (EnVision® Multilabel Reader, Perkin Elmer).;B;;;BAO_0000192;BAO_0000357;single protein format;COC(=O)c1cc2c(cc1C)/C(=C(/Nc1ccc(C(=O)N3CCC(CO)(CN(C)C)CC3)cc1)c1ccccc1)C(=O)N2;;;CHEMBL5727732;;2020.0;{'bei': '13.94', 'le': '0.26', 'lle': '3.63', 'sei': '7.30'};CHEMBL5821394;;CHEMBL5821394;8.12;0;http://www.openphacts.org/units/Nanomolar;4419208;=;37;1;=;;Ki;nM;;7.53;CHEMBL2007;Homo sapiens;Platelet-derived growth factor receptor alpha;9606;;;Ki;nM;UO_0000065;;7.53
;911266;27981722;[];CHEMBL5735255;PDGFR alpha Enzyme Inhibition: The inhibitory activities of compounds of the invention against PDGFRα (PDGFRα Kinase Enzyme System: Promega), were evaluated by mixing the PDGFRα protein (12.5 ng/mL, 2 μL), substrate (Poly (4:1 Glu4, Tyr1), 100 ng/mL, 2 μL) with the test compound (2 μL at either 3 μM, 0.67 μM, 0.15 μM, 0.033 μM, 0.0073 μM, 0.0016 μM, 0.0036 μM or 0.00008 μM) for 90 min at 25° C. The kinase reaction was initiated by adding ATP (25 μM, 2 μL) and the mixture was incubated for 1 hr at 25° C. ADP-Glo reagent was added for 40 min (8 μL) then development reagent (16 μL) was added for 40 min prior to detection in a microplate reader (EnVision® Multilabel Reader, Perkin Elmer).;B;;;BAO_0000192;BAO_0000357;single protein format;COCCNC(=O)CN1CCN(C(=O)c2ccc(N/C(=C3\C(=O)Nc4cc(C(=O)OC)c(C)cc43)c3ccccc3)cc2)CC1;;;CHEMBL5727732;;2020.0;{'bei': '12.78', 'le': '0.24', 'lle': '4.59', 'sei': '6.04'};CHEMBL5882489;;CHEMBL5882489;7.82;0;http://www.openphacts.org/units/Nanomolar;4419209;=;37;1;=;;Ki;nM;;15.3;CHEMBL2007;Homo sapiens;Platelet-derived growth factor receptor alpha;9606;;;Ki;nM;UO_0000065;;15.3
;911272;27981740;[];CHEMBL5735255;PDGFR alpha Enzyme Inhibition: The inhibitory activities of compounds of the invention against PDGFRα (PDGFRα Kinase Enzyme System: Promega), were evaluated by mixing the PDGFRα protein (12.5 ng/mL, 2 μL), substrate (Poly (4:1 Glu4, Tyr1), 100 ng/mL, 2 μL) with the test compound (2 μL at either 3 μM, 0.67 μM, 0.15 μM, 0.033 μM, 0.0073 μM, 0.0016 μM, 0.0036 μM or 0.00008 μM) for 90 min at 25° C. The kinase reaction was initiated by adding ATP (25 μM, 2 μL) and the mixture was incubated for 1 hr at 25° C. ADP-Glo reagent was added for 40 min (8 μL) then development reagent (16 μL) was added for 40 min prior to detection in a microplate reader (EnVision® Multilabel Reader, Perkin Elmer).;B;;;BAO_0000192;BAO_0000357;single protein format;COC(=O)c1cc2c(cc1C)/C(=C(/Nc1ccc(C(=O)NCC3(N(C)C)CCC3)cc1)c1ccccc1)C(=O)N2;;;CHEMBL5727732;;2020.0;{'bei': '13.87', 'le': '0.26', 'lle': '2.54', 'sei': '7.49'};CHEMBL5771017;;CHEMBL5771017;7.47;0;http://www.openphacts.org/units/Nanomolar;4419210;=;37;1;=;;Ki;nM;;33.7;CHEMBL2007;Homo sapiens;Platelet-derived growth factor receptor alpha;9606;;;Ki;nM;UO_0000065;;33.7
;911278;27981758;[];CHEMBL5735255;PDGFR alpha Enzyme Inhibition: The inhibitory activities of compounds of the invention against PDGFRα (PDGFRα Kinase Enzyme System: Promega), were evaluated by mixing the PDGFRα protein (12.5 ng/mL, 2 μL), substrate (Poly (4:1 Glu4, Tyr1), 100 ng/mL, 2 μL) with the test compound (2 μL at either 3 μM, 0.67 μM, 0.15 μM, 0.033 μM, 0.0073 μM, 0.0016 μM, 0.0036 μM or 0.00008 μM) for 90 min at 25° C. The kinase reaction was initiated by adding ATP (25 μM, 2 μL) and the mixture was incubated for 1 hr at 25° C. ADP-Glo reagent was added for 40 min (8 μL) then development reagent (16 μL) was added for 40 min prior to detection in a microplate reader (EnVision® Multilabel Reader, Perkin Elmer).;B;;;BAO_0000192;BAO_0000357;single protein format;COC(=O)c1cc2c(cc1C)/C(=C(/Nc1ccc(C(=O)N(C)C3CCN(CCO)CC3)cc1)c1ccccc1)C(=O)N2;;;CHEMBL5727732;;2020.0;{'bei': '13.82', 'le': '0.26', 'lle': '3.62', 'sei': '7.07'};CHEMBL5779248;;CHEMBL5779248;7.86;0;http://www.openphacts.org/units/Nanomolar;4419211;=;37;1;=;;Ki;nM;;13.8;CHEMBL2007;Homo sapiens;Platelet-derived growth factor receptor alpha;9606;;;Ki;nM;UO_0000065;;13.8
;911284;27981776;[];CHEMBL5735255;PDGFR alpha Enzyme Inhibition: The inhibitory activities of compounds of the invention against PDGFRα (PDGFRα Kinase Enzyme System: Promega), were evaluated by mixing the PDGFRα protein (12.5 ng/mL, 2 μL), substrate (Poly (4:1 Glu4, Tyr1), 100 ng/mL, 2 μL) with the test compound (2 μL at either 3 μM, 0.67 μM, 0.15 μM, 0.033 μM, 0.0073 μM, 0.0016 μM, 0.0036 μM or 0.00008 μM) for 90 min at 25° C. The kinase reaction was initiated by adding ATP (25 μM, 2 μL) and the mixture was incubated for 1 hr at 25° C. ADP-Glo reagent was added for 40 min (8 μL) then development reagent (16 μL) was added for 40 min prior to detection in a microplate reader (EnVision® Multilabel Reader, Perkin Elmer).;B;;;BAO_0000192;BAO_0000357;single protein format;COC(=O)c1cc2c(cc1C)/C(=C(/Nc1ccc(C(=O)NCCN3CCC(CO)CC3)cc1)c1ccccc1)C(=O)N2;;;CHEMBL5727732;;2020.0;{'bei': '13.61', 'le': '0.25', 'lle': '3.59', 'sei': '6.45'};CHEMBL5920854;;CHEMBL5920854;7.74;0;http://www.openphacts.org/units/Nanomolar;4419212;=;37;1;=;;Ki;nM;;18.3;CHEMBL2007;Homo sapiens;Platelet-derived growth factor receptor alpha;9606;;;Ki;nM;UO_0000065;;18.3
;911290;27981794;[];CHEMBL5735255;PDGFR alpha Enzyme Inhibition: The inhibitory activities of compounds of the invention against PDGFRα (PDGFRα Kinase Enzyme System: Promega), were evaluated by mixing the PDGFRα protein (12.5 ng/mL, 2 μL), substrate (Poly (4:1 Glu4, Tyr1), 100 ng/mL, 2 μL) with the test compound (2 μL at either 3 μM, 0.67 μM, 0.15 μM, 0.033 μM, 0.0073 μM, 0.0016 μM, 0.0036 μM or 0.00008 μM) for 90 min at 25° C. The kinase reaction was initiated by adding ATP (25 μM, 2 μL) and the mixture was incubated for 1 hr at 25° C. ADP-Glo reagent was added for 40 min (8 μL) then development reagent (16 μL) was added for 40 min prior to detection in a microplate reader (EnVision® Multilabel Reader, Perkin Elmer).;B;;;BAO_0000192;BAO_0000357;single protein format;COC(=O)c1cc2c(cc1C)/C(=C(/Nc1ccc(C(=O)N3CCC4(CC3)C(=O)NCCCN4C)cc1)c1ccccc1)C(=O)N2;;;CHEMBL5727732;;2020.0;{'bei': '12.36', 'le': '0.23', 'lle': '3.37', 'sei': '6.26'};CHEMBL5973328;;CHEMBL5973328;7.51;0;http://www.openphacts.org/units/Nanomolar;4419213;=;37;1;=;;Ki;nM;;30.8;CHEMBL2007;Homo sapiens;Platelet-derived growth factor receptor alpha;9606;;;Ki;nM;UO_0000065;;30.8
;911296;27981812;[];CHEMBL5735255;PDGFR alpha Enzyme Inhibition: The inhibitory activities of compounds of the invention against PDGFRα (PDGFRα Kinase Enzyme System: Promega), were evaluated by mixing the PDGFRα protein (12.5 ng/mL, 2 μL), substrate (Poly (4:1 Glu4, Tyr1), 100 ng/mL, 2 μL) with the test compound (2 μL at either 3 μM, 0.67 μM, 0.15 μM, 0.033 μM, 0.0073 μM, 0.0016 μM, 0.0036 μM or 0.00008 μM) for 90 min at 25° C. The kinase reaction was initiated by adding ATP (25 μM, 2 μL) and the mixture was incubated for 1 hr at 25° C. ADP-Glo reagent was added for 40 min (8 μL) then development reagent (16 μL) was added for 40 min prior to detection in a microplate reader (EnVision® Multilabel Reader, Perkin Elmer).;B;;;BAO_0000192;BAO_0000357;single protein format;COC(=O)c1cc2c(cc1C)/C(=C(/Nc1ccc(C(=O)NCCN3CCN(S(C)(=O)=O)CC3)cc1)c1ccccc1)C(=O)N2;;;CHEMBL5727732;;2020.0;{'bei': '12.24', 'le': '0.23', 'lle': '4.54', 'sei': '5.52'};CHEMBL5912525;;CHEMBL5912525;7.56;0;http://www.openphacts.org/units/Nanomolar;4419214;=;37;1;=;;Ki;nM;;27.3;CHEMBL2007;Homo sapiens;Platelet-derived growth factor receptor alpha;9606;;;Ki;nM;UO_0000065;;27.3
;911302;27981830;[];CHEMBL5735255;PDGFR alpha Enzyme Inhibition: The inhibitory activities of compounds of the invention against PDGFRα (PDGFRα Kinase Enzyme System: Promega), were evaluated by mixing the PDGFRα protein (12.5 ng/mL, 2 μL), substrate (Poly (4:1 Glu4, Tyr1), 100 ng/mL, 2 μL) with the test compound (2 μL at either 3 μM, 0.67 μM, 0.15 μM, 0.033 μM, 0.0073 μM, 0.0016 μM, 0.0036 μM or 0.00008 μM) for 90 min at 25° C. The kinase reaction was initiated by adding ATP (25 μM, 2 μL) and the mixture was incubated for 1 hr at 25° C. ADP-Glo reagent was added for 40 min (8 μL) then development reagent (16 μL) was added for 40 min prior to detection in a microplate reader (EnVision® Multilabel Reader, Perkin Elmer).;B;;;BAO_0000192;BAO_0000357;single protein format;COC(=O)c1cc2c(cc1C)/C(=C(/Nc1ccc(C(=O)N3CCC(O)(CN4CCOCC4)CC3)cc1)c1ccccc1)C(=O)N2;;;CHEMBL5727732;;2020.0;{'bei': '12.61', 'le': '0.23', 'lle': '3.69', 'sei': '6.39'};CHEMBL5947799;;CHEMBL5947799;7.70;0;http://www.openphacts.org/units/Nanomolar;4419215;=;37;1;=;;Ki;nM;;20.0;CHEMBL2007;Homo sapiens;Platelet-derived growth factor receptor alpha;9606;;;Ki;nM;UO_0000065;;20.0
;911308;27981848;[];CHEMBL5735255;PDGFR alpha Enzyme Inhibition: The inhibitory activities of compounds of the invention against PDGFRα (PDGFRα Kinase Enzyme System: Promega), were evaluated by mixing the PDGFRα protein (12.5 ng/mL, 2 μL), substrate (Poly (4:1 Glu4, Tyr1), 100 ng/mL, 2 μL) with the test compound (2 μL at either 3 μM, 0.67 μM, 0.15 μM, 0.033 μM, 0.0073 μM, 0.0016 μM, 0.0036 μM or 0.00008 μM) for 90 min at 25° C. The kinase reaction was initiated by adding ATP (25 μM, 2 μL) and the mixture was incubated for 1 hr at 25° C. ADP-Glo reagent was added for 40 min (8 μL) then development reagent (16 μL) was added for 40 min prior to detection in a microplate reader (EnVision® Multilabel Reader, Perkin Elmer).;B;;;BAO_0000192;BAO_0000357;single protein format;COC(=O)c1cc2c(cc1C)/C(=C(/Nc1ccc(C(=O)N3CCCN(CCO)CC3)cc1)c1ccccc1)C(=O)N2;;;CHEMBL5727732;;2020.0;{'bei': '14.72', 'le': '0.27', 'lle': '4.31', 'sei': '7.34'};CHEMBL5927685;;CHEMBL5927685;8.16;0;http://www.openphacts.org/units/Nanomolar;4419216;=;37;1;=;;Ki;nM;;6.86;CHEMBL2007;Homo sapiens;Platelet-derived growth factor receptor alpha;9606;;;Ki;nM;UO_0000065;;6.86
;911314;27981866;[];CHEMBL5735255;PDGFR alpha Enzyme Inhibition: The inhibitory activities of compounds of the invention against PDGFRα (PDGFRα Kinase Enzyme System: Promega), were evaluated by mixing the PDGFRα protein (12.5 ng/mL, 2 μL), substrate (Poly (4:1 Glu4, Tyr1), 100 ng/mL, 2 μL) with the test compound (2 μL at either 3 μM, 0.67 μM, 0.15 μM, 0.033 μM, 0.0073 μM, 0.0016 μM, 0.0036 μM or 0.00008 μM) for 90 min at 25° C. The kinase reaction was initiated by adding ATP (25 μM, 2 μL) and the mixture was incubated for 1 hr at 25° C. ADP-Glo reagent was added for 40 min (8 μL) then development reagent (16 μL) was added for 40 min prior to detection in a microplate reader (EnVision® Multilabel Reader, Perkin Elmer).;B;;;BAO_0000192;BAO_0000357;single protein format;COC(=O)c1cc2c(cc1C)/C(=C(/Nc1ccc(C(=O)N3CCC(C(N)=O)(N4CCCCC4)CC3)cc1)c1ccccc1)C(=O)N2;;;CHEMBL5727732;;2020.0;{'bei': '11.69', 'le': '0.22', 'lle': '2.61', 'sei': '5.42'};CHEMBL5796144;;CHEMBL5796144;7.27;0;http://www.openphacts.org/units/Nanomolar;4419217;=;37;1;=;;Ki;nM;;53.8;CHEMBL2007;Homo sapiens;Platelet-derived growth factor receptor alpha;9606;;;Ki;nM;UO_0000065;;53.8
;911320;27981884;[];CHEMBL5735255;PDGFR alpha Enzyme Inhibition: The inhibitory activities of compounds of the invention against PDGFRα (PDGFRα Kinase Enzyme System: Promega), were evaluated by mixing the PDGFRα protein (12.5 ng/mL, 2 μL), substrate (Poly (4:1 Glu4, Tyr1), 100 ng/mL, 2 μL) with the test compound (2 μL at either 3 μM, 0.67 μM, 0.15 μM, 0.033 μM, 0.0073 μM, 0.0016 μM, 0.0036 μM or 0.00008 μM) for 90 min at 25° C. The kinase reaction was initiated by adding ATP (25 μM, 2 μL) and the mixture was incubated for 1 hr at 25° C. ADP-Glo reagent was added for 40 min (8 μL) then development reagent (16 μL) was added for 40 min prior to detection in a microplate reader (EnVision® Multilabel Reader, Perkin Elmer).;B;;;BAO_0000192;BAO_0000357;single protein format;COC(=O)c1cc2c(cc1C)/C(=C(/Nc1ccc(C(=O)N(C)[C@H]3CN(C)C[C@@H]3O)cc1)c1ccccc1)C(=O)N2;;;CHEMBL5727732;;2020.0;{'bei': '14.89', 'le': '0.27', 'lle': '4.59', 'sei': '7.24'};CHEMBL6051668;;CHEMBL6051668;8.05;0;http://www.openphacts.org/units/Nanomolar;4419218;=;37;1;=;;Ki;nM;;8.92;CHEMBL2007;Homo sapiens;Platelet-derived growth factor receptor alpha;9606;;;Ki;nM;UO_0000065;;8.92
;911326;27981902;[];CHEMBL5735255;PDGFR alpha Enzyme Inhibition: The inhibitory activities of compounds of the invention against PDGFRα (PDGFRα Kinase Enzyme System: Promega), were evaluated by mixing the PDGFRα protein (12.5 ng/mL, 2 μL), substrate (Poly (4:1 Glu4, Tyr1), 100 ng/mL, 2 μL) with the test compound (2 μL at either 3 μM, 0.67 μM, 0.15 μM, 0.033 μM, 0.0073 μM, 0.0016 μM, 0.0036 μM or 0.00008 μM) for 90 min at 25° C. The kinase reaction was initiated by adding ATP (25 μM, 2 μL) and the mixture was incubated for 1 hr at 25° C. ADP-Glo reagent was added for 40 min (8 μL) then development reagent (16 μL) was added for 40 min prior to detection in a microplate reader (EnVision® Multilabel Reader, Perkin Elmer).;B;;;BAO_0000192;BAO_0000357;single protein format;COC(=O)c1cc2c(cc1C)/C(=C(/Nc1ccc(C(=O)NC3CCN(CCO)CC3)cc1)c1ccccc1)C(=O)N2;;;CHEMBL5727732;;2020.0;{'bei': '14.03', 'le': '0.26', 'lle': '3.88', 'sei': '6.49'};CHEMBL5770010;;CHEMBL5770010;7.78;0;http://www.openphacts.org/units/Nanomolar;4419183;=;37;1;=;;Ki;nM;;16.5;CHEMBL2007;Homo sapiens;Platelet-derived growth factor receptor alpha;9606;;;Ki;nM;UO_0000065;;16.5
;911332;27981920;[];CHEMBL5735255;PDGFR alpha Enzyme Inhibition: The inhibitory activities of compounds of the invention against PDGFRα (PDGFRα Kinase Enzyme System: Promega), were evaluated by mixing the PDGFRα protein (12.5 ng/mL, 2 μL), substrate (Poly (4:1 Glu4, Tyr1), 100 ng/mL, 2 μL) with the test compound (2 μL at either 3 μM, 0.67 μM, 0.15 μM, 0.033 μM, 0.0073 μM, 0.0016 μM, 0.0036 μM or 0.00008 μM) for 90 min at 25° C. The kinase reaction was initiated by adding ATP (25 μM, 2 μL) and the mixture was incubated for 1 hr at 25° C. ADP-Glo reagent was added for 40 min (8 μL) then development reagent (16 μL) was added for 40 min prior to detection in a microplate reader (EnVision® Multilabel Reader, Perkin Elmer).;B;;;BAO_0000192;BAO_0000357;single protein format;COC(=O)c1cc2c(cc1C)/C(=C(/Nc1ccc(C(=O)NCC3CCN(CCO)CC3)cc1)c1ccccc1)C(=O)N2;;;CHEMBL5727732;;2020.0;{'bei': '13.85', 'le': '0.26', 'lle': '3.73', 'sei': '6.56'};CHEMBL5897053;;CHEMBL5897053;7.88;0;http://www.openphacts.org/units/Nanomolar;4419184;=;37;1;=;;Ki;nM;;13.3;CHEMBL2007;Homo sapiens;Platelet-derived growth factor receptor alpha;9606;;;Ki;nM;UO_0000065;;13.3
;911350;27981974;[];CHEMBL5735255;PDGFR alpha Enzyme Inhibition: The inhibitory activities of compounds of the invention against PDGFRα (PDGFRα Kinase Enzyme System: Promega), were evaluated by mixing the PDGFRα protein (12.5 ng/mL, 2 μL), substrate (Poly (4:1 Glu4, Tyr1), 100 ng/mL, 2 μL) with the test compound (2 μL at either 3 μM, 0.67 μM, 0.15 μM, 0.033 μM, 0.0073 μM, 0.0016 μM, 0.0036 μM or 0.00008 μM) for 90 min at 25° C. The kinase reaction was initiated by adding ATP (25 μM, 2 μL) and the mixture was incubated for 1 hr at 25° C. ADP-Glo reagent was added for 40 min (8 μL) then development reagent (16 μL) was added for 40 min prior to detection in a microplate reader (EnVision® Multilabel Reader, Perkin Elmer).;B;;;BAO_0000192;BAO_0000357;single protein format;CNC(=O)CN(C)CCNC(=O)c1ccc(N/C(=C2\C(=O)Nc3cc(C(=O)OC)c(C)cc32)c2ccccc2)cc1;;;CHEMBL5727732;;2020.0;{'bei': '13.68', 'le': '0.25', 'lle': '4.48', 'sei': '5.90'};CHEMBL5945261;;CHEMBL5945261;7.60;0;http://www.openphacts.org/units/Nanomolar;4419222;=;37;1;=;;Ki;nM;;25.1;CHEMBL2007;Homo sapiens;Platelet-derived growth factor receptor alpha;9606;;;Ki;nM;UO_0000065;;25.1
;911356;27981992;[];CHEMBL5735255;PDGFR alpha Enzyme Inhibition: The inhibitory activities of compounds of the invention against PDGFRα (PDGFRα Kinase Enzyme System: Promega), were evaluated by mixing the PDGFRα protein (12.5 ng/mL, 2 μL), substrate (Poly (4:1 Glu4, Tyr1), 100 ng/mL, 2 μL) with the test compound (2 μL at either 3 μM, 0.67 μM, 0.15 μM, 0.033 μM, 0.0073 μM, 0.0016 μM, 0.0036 μM or 0.00008 μM) for 90 min at 25° C. The kinase reaction was initiated by adding ATP (25 μM, 2 μL) and the mixture was incubated for 1 hr at 25° C. ADP-Glo reagent was added for 40 min (8 μL) then development reagent (16 μL) was added for 40 min prior to detection in a microplate reader (EnVision® Multilabel Reader, Perkin Elmer).;B;;;BAO_0000192;BAO_0000357;single protein format;COC(=O)c1cc2c(cc1C)/C(=C(/Nc1ccc(C(=O)NCCN3CCNC(=O)C3)c(F)c1)c1ccccc1)C(=O)N2;;;CHEMBL5727732;;2020.0;{'bei': '13.30', 'le': '0.25', 'lle': '4.59', 'sei': '5.90'};CHEMBL5798568;;CHEMBL5798568;7.60;0;http://www.openphacts.org/units/Nanomolar;4419223;=;37;1;=;;Ki;nM;;25.1;CHEMBL2007;Homo sapiens;Platelet-derived growth factor receptor alpha;9606;;;Ki;nM;UO_0000065;;25.1
;911362;27982010;[];CHEMBL5735255;PDGFR alpha Enzyme Inhibition: The inhibitory activities of compounds of the invention against PDGFRα (PDGFRα Kinase Enzyme System: Promega), were evaluated by mixing the PDGFRα protein (12.5 ng/mL, 2 μL), substrate (Poly (4:1 Glu4, Tyr1), 100 ng/mL, 2 μL) with the test compound (2 μL at either 3 μM, 0.67 μM, 0.15 μM, 0.033 μM, 0.0073 μM, 0.0016 μM, 0.0036 μM or 0.00008 μM) for 90 min at 25° C. The kinase reaction was initiated by adding ATP (25 μM, 2 μL) and the mixture was incubated for 1 hr at 25° C. ADP-Glo reagent was added for 40 min (8 μL) then development reagent (16 μL) was added for 40 min prior to detection in a microplate reader (EnVision® Multilabel Reader, Perkin Elmer).;B;;;BAO_0000192;BAO_0000357;single protein format;COC(=O)c1cc2c(cc1C)/C(=C(/Nc1ccc(C(=O)NCCN3CCCNC(=O)C3)cc1)c1ccccc1)C(=O)N2;;;CHEMBL5727732;;2020.0;{'bei': '13.92', 'le': '0.26', 'lle': '4.63', 'sei': '6.13'};CHEMBL5901005;;CHEMBL5901005;7.90;0;http://www.openphacts.org/units/Nanomolar;4419224;=;37;1;=;;Ki;nM;;12.6;CHEMBL2007;Homo sapiens;Platelet-derived growth factor receptor alpha;9606;;;Ki;nM;UO_0000065;;12.6
;1060859;28409684;[];CHEMBL5737025;PDGFRalpha Enzyme Inhibition: The inhibitory activities of compounds of the invention against PDGFRα (PDGFRα Kinase Enzyme System: Promega), were evaluated by mixing the PDGFRα protein (12.5 ng/mL, 2 μL), substrate (Poly (4:1 Glu4, Tyr1), 100 ng/mL, 2 μL) with the test compound (2 μL at either 3 μM, 0.67 μM, 0.15 μM, 0.033 μM, 0.0073 μM, 0.0016 μM, 0.0036 μM or 0.00008 μM) for 90 min at 25° C. The kinase reaction was initiated by adding ATP (25 μM, 2 μL) and the mixture was incubated for 1 hr at 25° C. ADP-Glo reagent was added for 40 min (8 μL) then development reagent (16 μL) was added for 40 min prior to detection in a microplate reader (EnVision® Multilabel Reader, Perkin Elmer).;B;;;BAO_0000192;BAO_0000357;single protein format;COC(=O)c1ccc2c(c1)NC(=O)/C2=C(\Nc1ccc(N(C)C(=O)CN2CCN(C)CC2)cc1)c1ccccc1;;;CHEMBL5728567;;2021.0;{'bei': '14.97', 'le': '0.28', 'lle': '4.46', 'sei': '8.57'};CHEMBL502835;NINTEDANIB;CHEMBL502835;8.08;1;http://www.openphacts.org/units/Nanomolar;4511122;=;37;1;=;;Ki;nM;;8.4;CHEMBL2007;Homo sapiens;Platelet-derived growth factor receptor alpha;9606;;;Ki;nM;UO_0000065;;8.4
;1060865;28409702;[];CHEMBL5737025;PDGFRalpha Enzyme Inhibition: The inhibitory activities of compounds of the invention against PDGFRα (PDGFRα Kinase Enzyme System: Promega), were evaluated by mixing the PDGFRα protein (12.5 ng/mL, 2 μL), substrate (Poly (4:1 Glu4, Tyr1), 100 ng/mL, 2 μL) with the test compound (2 μL at either 3 μM, 0.67 μM, 0.15 μM, 0.033 μM, 0.0073 μM, 0.0016 μM, 0.0036 μM or 0.00008 μM) for 90 min at 25° C. The kinase reaction was initiated by adding ATP (25 μM, 2 μL) and the mixture was incubated for 1 hr at 25° C. ADP-Glo reagent was added for 40 min (8 μL) then development reagent (16 μL) was added for 40 min prior to detection in a microplate reader (EnVision® Multilabel Reader, Perkin Elmer).;B;;;BAO_0000192;BAO_0000357;single protein format;COC(=O)c1cc2c(cc1C)/C(=C(/Nc1ccc(S(=O)(=O)NOCCN3CCN(C)CC3)cc1)c1ccccc1)C(=O)N2;;;CHEMBL5728567;;2021.0;{'bei': '12.56', 'le': '0.24', 'lle': '4.44', 'sei': '5.89'};CHEMBL5830217;;CHEMBL5830217;7.61;0;http://www.openphacts.org/units/Nanomolar;4511123;=;37;1;=;;Ki;nM;;24.5;CHEMBL2007;Homo sapiens;Platelet-derived growth factor receptor alpha;9606;;;Ki;nM;UO_0000065;;24.5
;1060871;28409720;[];CHEMBL5737025;PDGFRalpha Enzyme Inhibition: The inhibitory activities of compounds of the invention against PDGFRα (PDGFRα Kinase Enzyme System: Promega), were evaluated by mixing the PDGFRα protein (12.5 ng/mL, 2 μL), substrate (Poly (4:1 Glu4, Tyr1), 100 ng/mL, 2 μL) with the test compound (2 μL at either 3 μM, 0.67 μM, 0.15 μM, 0.033 μM, 0.0073 μM, 0.0016 μM, 0.0036 μM or 0.00008 μM) for 90 min at 25° C. The kinase reaction was initiated by adding ATP (25 μM, 2 μL) and the mixture was incubated for 1 hr at 25° C. ADP-Glo reagent was added for 40 min (8 μL) then development reagent (16 μL) was added for 40 min prior to detection in a microplate reader (EnVision® Multilabel Reader, Perkin Elmer).;B;;;BAO_0000192;BAO_0000357;single protein format;COC(=O)c1ccc2c(c1)NC(=O)/C2=C(\Nc1ccc(C(=O)NOCCN(C)C)cc1)c1ccccc1;;;CHEMBL5728567;;2021.0;{'bei': '15.77', 'le': '0.29', 'lle': '4.26', 'sei': '7.24'};CHEMBL5757674;;CHEMBL5757674;7.89;0;http://www.openphacts.org/units/Nanomolar;4511124;=;37;1;=;;Ki;nM;;12.8;CHEMBL2007;Homo sapiens;Platelet-derived growth factor receptor alpha;9606;;;Ki;nM;UO_0000065;;12.8
;1060877;28409738;[];CHEMBL5737025;PDGFRalpha Enzyme Inhibition: The inhibitory activities of compounds of the invention against PDGFRα (PDGFRα Kinase Enzyme System: Promega), were evaluated by mixing the PDGFRα protein (12.5 ng/mL, 2 μL), substrate (Poly (4:1 Glu4, Tyr1), 100 ng/mL, 2 μL) with the test compound (2 μL at either 3 μM, 0.67 μM, 0.15 μM, 0.033 μM, 0.0073 μM, 0.0016 μM, 0.0036 μM or 0.00008 μM) for 90 min at 25° C. The kinase reaction was initiated by adding ATP (25 μM, 2 μL) and the mixture was incubated for 1 hr at 25° C. ADP-Glo reagent was added for 40 min (8 μL) then development reagent (16 μL) was added for 40 min prior to detection in a microplate reader (EnVision® Multilabel Reader, Perkin Elmer).;B;;;BAO_0000192;BAO_0000357;single protein format;COC(=O)c1ccc2c(c1)NC(=O)/C2=C(\Nc1ccc(C(=O)NOCCN2CCN(C)CC2)cc1)c1ccccc1;;;CHEMBL5728567;;2021.0;{'bei': '14.11', 'le': '0.26', 'lle': '4.53', 'sei': '6.98'};CHEMBL5924142;;CHEMBL5924142;7.84;0;http://www.openphacts.org/units/Nanomolar;4511125;=;37;1;=;;Ki;nM;;14.5;CHEMBL2007;Homo sapiens;Platelet-derived growth factor receptor alpha;9606;;;Ki;nM;UO_0000065;;14.5
;1060883;28409756;[];CHEMBL5737025;PDGFRalpha Enzyme Inhibition: The inhibitory activities of compounds of the invention against PDGFRα (PDGFRα Kinase Enzyme System: Promega), were evaluated by mixing the PDGFRα protein (12.5 ng/mL, 2 μL), substrate (Poly (4:1 Glu4, Tyr1), 100 ng/mL, 2 μL) with the test compound (2 μL at either 3 μM, 0.67 μM, 0.15 μM, 0.033 μM, 0.0073 μM, 0.0016 μM, 0.0036 μM or 0.00008 μM) for 90 min at 25° C. The kinase reaction was initiated by adding ATP (25 μM, 2 μL) and the mixture was incubated for 1 hr at 25° C. ADP-Glo reagent was added for 40 min (8 μL) then development reagent (16 μL) was added for 40 min prior to detection in a microplate reader (EnVision® Multilabel Reader, Perkin Elmer).;B;;;BAO_0000192;BAO_0000357;single protein format;COC(=O)c1cc2c(cc1C)/C(=C(/Nc1ccc(C(=O)NOCCN(C)C)c(C)c1)c1ccccc1)C(=O)N2;;;CHEMBL5728567;;2021.0;{'bei': '15.78', 'le': '0.29', 'lle': '4.09', 'sei': '7.65'};CHEMBL6026268;;CHEMBL6026268;8.34;0;http://www.openphacts.org/units/Nanomolar;4511126;=;37;1;=;;Ki;nM;;4.57;CHEMBL2007;Homo sapiens;Platelet-derived growth factor receptor alpha;9606;;;Ki;nM;UO_0000065;;4.57
;1060889;28409774;[];CHEMBL5737025;PDGFRalpha Enzyme Inhibition: The inhibitory activities of compounds of the invention against PDGFRα (PDGFRα Kinase Enzyme System: Promega), were evaluated by mixing the PDGFRα protein (12.5 ng/mL, 2 μL), substrate (Poly (4:1 Glu4, Tyr1), 100 ng/mL, 2 μL) with the test compound (2 μL at either 3 μM, 0.67 μM, 0.15 μM, 0.033 μM, 0.0073 μM, 0.0016 μM, 0.0036 μM or 0.00008 μM) for 90 min at 25° C. The kinase reaction was initiated by adding ATP (25 μM, 2 μL) and the mixture was incubated for 1 hr at 25° C. ADP-Glo reagent was added for 40 min (8 μL) then development reagent (16 μL) was added for 40 min prior to detection in a microplate reader (EnVision® Multilabel Reader, Perkin Elmer).;B;;;BAO_0000192;BAO_0000357;single protein format;COC(=O)c1cc2c(cc1C)/C(=C(/Nc1ccc(C(=O)NOCCN3CCN(C)CC3)cc1)c1ccccc1)C(=O)N2;;;CHEMBL5728567;;2021.0;{'bei': '14.14', 'le': '0.26', 'lle': '4.44', 'sei': '7.18'};CHEMBL5973610;;CHEMBL5973610;8.06;0;http://www.openphacts.org/units/Nanomolar;4511127;=;37;1;=;;Ki;nM;;8.8;CHEMBL2007;Homo sapiens;Platelet-derived growth factor receptor alpha;9606;;;Ki;nM;UO_0000065;;8.8
;1060895;28409792;[];CHEMBL5737025;PDGFRalpha Enzyme Inhibition: The inhibitory activities of compounds of the invention against PDGFRα (PDGFRα Kinase Enzyme System: Promega), were evaluated by mixing the PDGFRα protein (12.5 ng/mL, 2 μL), substrate (Poly (4:1 Glu4, Tyr1), 100 ng/mL, 2 μL) with the test compound (2 μL at either 3 μM, 0.67 μM, 0.15 μM, 0.033 μM, 0.0073 μM, 0.0016 μM, 0.0036 μM or 0.00008 μM) for 90 min at 25° C. The kinase reaction was initiated by adding ATP (25 μM, 2 μL) and the mixture was incubated for 1 hr at 25° C. ADP-Glo reagent was added for 40 min (8 μL) then development reagent (16 μL) was added for 40 min prior to detection in a microplate reader (EnVision® Multilabel Reader, Perkin Elmer).;B;;;BAO_0000192;BAO_0000357;single protein format;COC(=O)c1cc2c(cc1C)/C(=C(/Nc1ccc(C(=O)NOCCN3CCN(CCO)CC3)cc1)c1ccccc1)C(=O)N2;;;CHEMBL5728567;;2021.0;{'bei': '13.43', 'le': '0.25', 'lle': '5.07', 'sei': '6.08'};CHEMBL6038195;;CHEMBL6038195;8.06;0;http://www.openphacts.org/units/Nanomolar;4511128;=;37;1;=;;Ki;nM;;8.8;CHEMBL2007;Homo sapiens;Platelet-derived growth factor receptor alpha;9606;;;Ki;nM;UO_0000065;;8.8
;1060901;28409810;[];CHEMBL5737025;PDGFRalpha Enzyme Inhibition: The inhibitory activities of compounds of the invention against PDGFRα (PDGFRα Kinase Enzyme System: Promega), were evaluated by mixing the PDGFRα protein (12.5 ng/mL, 2 μL), substrate (Poly (4:1 Glu4, Tyr1), 100 ng/mL, 2 μL) with the test compound (2 μL at either 3 μM, 0.67 μM, 0.15 μM, 0.033 μM, 0.0073 μM, 0.0016 μM, 0.0036 μM or 0.00008 μM) for 90 min at 25° C. The kinase reaction was initiated by adding ATP (25 μM, 2 μL) and the mixture was incubated for 1 hr at 25° C. ADP-Glo reagent was added for 40 min (8 μL) then development reagent (16 μL) was added for 40 min prior to detection in a microplate reader (EnVision® Multilabel Reader, Perkin Elmer).;B;;;BAO_0000192;BAO_0000357;single protein format;COC(=O)c1ccc2c(c1)NC(=O)/C2=C(\Nc1ccc(C(=O)NOCCN2CCCCC2)cc1)c1ccccc1;;;CHEMBL5728567;;2021.0;{'bei': '13.80', 'le': '0.25', 'lle': '2.91', 'sei': '6.84'};CHEMBL5823405;;CHEMBL5823405;7.46;0;http://www.openphacts.org/units/Nanomolar;4511129;=;37;1;=;;Ki;nM;;34.8;CHEMBL2007;Homo sapiens;Platelet-derived growth factor receptor alpha;9606;;;Ki;nM;UO_0000065;;34.8
;1060907;28409828;[];CHEMBL5737025;PDGFRalpha Enzyme Inhibition: The inhibitory activities of compounds of the invention against PDGFRα (PDGFRα Kinase Enzyme System: Promega), were evaluated by mixing the PDGFRα protein (12.5 ng/mL, 2 μL), substrate (Poly (4:1 Glu4, Tyr1), 100 ng/mL, 2 μL) with the test compound (2 μL at either 3 μM, 0.67 μM, 0.15 μM, 0.033 μM, 0.0073 μM, 0.0016 μM, 0.0036 μM or 0.00008 μM) for 90 min at 25° C. The kinase reaction was initiated by adding ATP (25 μM, 2 μL) and the mixture was incubated for 1 hr at 25° C. ADP-Glo reagent was added for 40 min (8 μL) then development reagent (16 μL) was added for 40 min prior to detection in a microplate reader (EnVision® Multilabel Reader, Perkin Elmer).;B;;;BAO_0000192;BAO_0000357;single protein format;CNC(=O)CN1CCN(CCON(C)C(=O)c2ccc(N/C(=C3\C(=O)Nc4cc(C(=O)OC)c(C)cc43)c3ccccc3)cc2)CC1;;;CHEMBL5728567;;2021.0;{'bei': '12.30', 'le': '0.23', 'lle': '4.80', 'sei': '5.94'};CHEMBL6024653;;CHEMBL6024653;7.88;0;http://www.openphacts.org/units/Nanomolar;4511130;=;37;1;=;;Ki;nM;;13.2;CHEMBL2007;Homo sapiens;Platelet-derived growth factor receptor alpha;9606;;;Ki;nM;UO_0000065;;13.2
;1060913;28409846;[];CHEMBL5737025;PDGFRalpha Enzyme Inhibition: The inhibitory activities of compounds of the invention against PDGFRα (PDGFRα Kinase Enzyme System: Promega), were evaluated by mixing the PDGFRα protein (12.5 ng/mL, 2 μL), substrate (Poly (4:1 Glu4, Tyr1), 100 ng/mL, 2 μL) with the test compound (2 μL at either 3 μM, 0.67 μM, 0.15 μM, 0.033 μM, 0.0073 μM, 0.0016 μM, 0.0036 μM or 0.00008 μM) for 90 min at 25° C. The kinase reaction was initiated by adding ATP (25 μM, 2 μL) and the mixture was incubated for 1 hr at 25° C. ADP-Glo reagent was added for 40 min (8 μL) then development reagent (16 μL) was added for 40 min prior to detection in a microplate reader (EnVision® Multilabel Reader, Perkin Elmer).;B;;;BAO_0000192;BAO_0000357;single protein format;COC(=O)c1cc2c(cc1C)/C(=C(/Nc1ccc(S(=O)(=O)N(C)OCCN(C)CCO)cc1)c1ccccc1)C(=O)N2;;;CHEMBL5728567;;2021.0;{'bei': '12.48', 'le': '0.24', 'lle': '4.23', 'sei': '5.40'};CHEMBL6058913;;CHEMBL6058913;7.42;0;http://www.openphacts.org/units/Nanomolar;4511131;=;37;1;=;;Ki;nM;;37.7;CHEMBL2007;Homo sapiens;Platelet-derived growth factor receptor alpha;9606;;;Ki;nM;UO_0000065;;37.7
;1060923;28409876;[];CHEMBL5737025;PDGFRalpha Enzyme Inhibition: The inhibitory activities of compounds of the invention against PDGFRα (PDGFRα Kinase Enzyme System: Promega), were evaluated by mixing the PDGFRα protein (12.5 ng/mL, 2 μL), substrate (Poly (4:1 Glu4, Tyr1), 100 ng/mL, 2 μL) with the test compound (2 μL at either 3 μM, 0.67 μM, 0.15 μM, 0.033 μM, 0.0073 μM, 0.0016 μM, 0.0036 μM or 0.00008 μM) for 90 min at 25° C. The kinase reaction was initiated by adding ATP (25 μM, 2 μL) and the mixture was incubated for 1 hr at 25° C. ADP-Glo reagent was added for 40 min (8 μL) then development reagent (16 μL) was added for 40 min prior to detection in a microplate reader (EnVision® Multilabel Reader, Perkin Elmer).;B;;;BAO_0000192;BAO_0000357;single protein format;COC(=O)c1ccc2c(c1)NC(=O)/C2=C(\Nc1ccc(C(=O)NOCCN2CCOCC2)cc1)c1ccccc1;;;CHEMBL5728567;;2021.0;{'bei': '14.50', 'le': '0.27', 'lle': '4.47', 'sei': '6.65'};CHEMBL5842769;;CHEMBL5842769;7.87;0;http://www.openphacts.org/units/Nanomolar;4511133;=;37;1;=;;Ki;nM;;13.6;CHEMBL2007;Homo sapiens;Platelet-derived growth factor receptor alpha;9606;;;Ki;nM;UO_0000065;;13.6
;1060929;28409894;[];CHEMBL5737025;PDGFRalpha Enzyme Inhibition: The inhibitory activities of compounds of the invention against PDGFRα (PDGFRα Kinase Enzyme System: Promega), were evaluated by mixing the PDGFRα protein (12.5 ng/mL, 2 μL), substrate (Poly (4:1 Glu4, Tyr1), 100 ng/mL, 2 μL) with the test compound (2 μL at either 3 μM, 0.67 μM, 0.15 μM, 0.033 μM, 0.0073 μM, 0.0016 μM, 0.0036 μM or 0.00008 μM) for 90 min at 25° C. The kinase reaction was initiated by adding ATP (25 μM, 2 μL) and the mixture was incubated for 1 hr at 25° C. ADP-Glo reagent was added for 40 min (8 μL) then development reagent (16 μL) was added for 40 min prior to detection in a microplate reader (EnVision® Multilabel Reader, Perkin Elmer).;B;;;BAO_0000192;BAO_0000357;single protein format;COC(=O)c1ccc2c(c1)NC(=O)/C2=C(\Nc1ccc(C(=O)NOCCN(C)C)cc1)c1ccccc1;;;CHEMBL5728567;;2021.0;{'bei': '15.73', 'le': '0.29', 'lle': '4.24', 'sei': '7.22'};CHEMBL5757674;;CHEMBL5757674;7.87;0;http://www.openphacts.org/units/Nanomolar;4511124;=;37;1;=;;Ki;nM;;13.4;CHEMBL2007;Homo sapiens;Platelet-derived growth factor receptor alpha;9606;;;Ki;nM;UO_0000065;;13.4
;1060935;28409912;[];CHEMBL5737025;PDGFRalpha Enzyme Inhibition: The inhibitory activities of compounds of the invention against PDGFRα (PDGFRα Kinase Enzyme System: Promega), were evaluated by mixing the PDGFRα protein (12.5 ng/mL, 2 μL), substrate (Poly (4:1 Glu4, Tyr1), 100 ng/mL, 2 μL) with the test compound (2 μL at either 3 μM, 0.67 μM, 0.15 μM, 0.033 μM, 0.0073 μM, 0.0016 μM, 0.0036 μM or 0.00008 μM) for 90 min at 25° C. The kinase reaction was initiated by adding ATP (25 μM, 2 μL) and the mixture was incubated for 1 hr at 25° C. ADP-Glo reagent was added for 40 min (8 μL) then development reagent (16 μL) was added for 40 min prior to detection in a microplate reader (EnVision® Multilabel Reader, Perkin Elmer).;B;;;BAO_0000192;BAO_0000357;single protein format;COC(=O)c1ccc2c(c1)NC(=O)/C2=C(\Nc1ccc(C(=O)N(C)OCCN2CCN(C)CC2)cc1)c1ccccc1;;;CHEMBL5728567;;2021.0;{'bei': '14.01', 'le': '0.26', 'lle': '4.32', 'sei': '7.71'};CHEMBL5811363;;CHEMBL5811363;7.98;0;http://www.openphacts.org/units/Nanomolar;4511134;=;37;1;=;;Ki;nM;;10.5;CHEMBL2007;Homo sapiens;Platelet-derived growth factor receptor alpha;9606;;;Ki;nM;UO_0000065;;10.5
;1060941;28409930;[];CHEMBL5737025;PDGFRalpha Enzyme Inhibition: The inhibitory activities of compounds of the invention against PDGFRα (PDGFRα Kinase Enzyme System: Promega), were evaluated by mixing the PDGFRα protein (12.5 ng/mL, 2 μL), substrate (Poly (4:1 Glu4, Tyr1), 100 ng/mL, 2 μL) with the test compound (2 μL at either 3 μM, 0.67 μM, 0.15 μM, 0.033 μM, 0.0073 μM, 0.0016 μM, 0.0036 μM or 0.00008 μM) for 90 min at 25° C. The kinase reaction was initiated by adding ATP (25 μM, 2 μL) and the mixture was incubated for 1 hr at 25° C. ADP-Glo reagent was added for 40 min (8 μL) then development reagent (16 μL) was added for 40 min prior to detection in a microplate reader (EnVision® Multilabel Reader, Perkin Elmer).;B;;;BAO_0000192;BAO_0000357;single protein format;COC(=O)c1ccc2c(c1)NC(=O)/C2=C(\Nc1ccc(S(=O)(=O)NOCCN(C)C)cc1)c1ccccc1;;;CHEMBL5728567;;2021.0;{'bei': '14.39', 'le': '0.28', 'lle': '4.54', 'sei': '6.12'};CHEMBL5913247;;CHEMBL5913247;7.72;0;http://www.openphacts.org/units/Nanomolar;4511135;=;37;1;=;;Ki;nM;;19.0;CHEMBL2007;Homo sapiens;Platelet-derived growth factor receptor alpha;9606;;;Ki;nM;UO_0000065;;19.0
;1060947;28409948;[];CHEMBL5737025;PDGFRalpha Enzyme Inhibition: The inhibitory activities of compounds of the invention against PDGFRα (PDGFRα Kinase Enzyme System: Promega), were evaluated by mixing the PDGFRα protein (12.5 ng/mL, 2 μL), substrate (Poly (4:1 Glu4, Tyr1), 100 ng/mL, 2 μL) with the test compound (2 μL at either 3 μM, 0.67 μM, 0.15 μM, 0.033 μM, 0.0073 μM, 0.0016 μM, 0.0036 μM or 0.00008 μM) for 90 min at 25° C. The kinase reaction was initiated by adding ATP (25 μM, 2 μL) and the mixture was incubated for 1 hr at 25° C. ADP-Glo reagent was added for 40 min (8 μL) then development reagent (16 μL) was added for 40 min prior to detection in a microplate reader (EnVision® Multilabel Reader, Perkin Elmer).;B;;;BAO_0000192;BAO_0000357;single protein format;COC(=O)c1ccc2c(c1)NC(=O)/C2=C(\Nc1ccc(C(=O)NOCCN2CCOCC2)c(C)c1)c1ccccc1;;;CHEMBL5728567;;2021.0;{'bei': '14.06', 'le': '0.26', 'lle': '4.12', 'sei': '6.62'};CHEMBL5972918;;CHEMBL5972918;7.83;0;http://www.openphacts.org/units/Nanomolar;4511136;=;37;1;=;;Ki;nM;;14.9;CHEMBL2007;Homo sapiens;Platelet-derived growth factor receptor alpha;9606;;;Ki;nM;UO_0000065;;14.9
;1060953;28409966;[];CHEMBL5737025;PDGFRalpha Enzyme Inhibition: The inhibitory activities of compounds of the invention against PDGFRα (PDGFRα Kinase Enzyme System: Promega), were evaluated by mixing the PDGFRα protein (12.5 ng/mL, 2 μL), substrate (Poly (4:1 Glu4, Tyr1), 100 ng/mL, 2 μL) with the test compound (2 μL at either 3 μM, 0.67 μM, 0.15 μM, 0.033 μM, 0.0073 μM, 0.0016 μM, 0.0036 μM or 0.00008 μM) for 90 min at 25° C. The kinase reaction was initiated by adding ATP (25 μM, 2 μL) and the mixture was incubated for 1 hr at 25° C. ADP-Glo reagent was added for 40 min (8 μL) then development reagent (16 μL) was added for 40 min prior to detection in a microplate reader (EnVision® Multilabel Reader, Perkin Elmer).;B;;;BAO_0000192;BAO_0000357;single protein format;COC(=O)c1ccc2c(c1)NC(=O)/C2=C(\Nc1ccc(C(=O)NOCCN2CCN(C)CC2)c(C)c1)c1ccccc1;;;CHEMBL5728567;;2021.0;{'bei': '13.69', 'le': '0.25', 'lle': '4.18', 'sei': '6.95'};CHEMBL5782691;;CHEMBL5782691;7.80;0;http://www.openphacts.org/units/Nanomolar;4511137;=;37;1;=;;Ki;nM;;16.0;CHEMBL2007;Homo sapiens;Platelet-derived growth factor receptor alpha;9606;;;Ki;nM;UO_0000065;;16.0
;1060959;28409984;[];CHEMBL5737025;PDGFRalpha Enzyme Inhibition: The inhibitory activities of compounds of the invention against PDGFRα (PDGFRα Kinase Enzyme System: Promega), were evaluated by mixing the PDGFRα protein (12.5 ng/mL, 2 μL), substrate (Poly (4:1 Glu4, Tyr1), 100 ng/mL, 2 μL) with the test compound (2 μL at either 3 μM, 0.67 μM, 0.15 μM, 0.033 μM, 0.0073 μM, 0.0016 μM, 0.0036 μM or 0.00008 μM) for 90 min at 25° C. The kinase reaction was initiated by adding ATP (25 μM, 2 μL) and the mixture was incubated for 1 hr at 25° C. ADP-Glo reagent was added for 40 min (8 μL) then development reagent (16 μL) was added for 40 min prior to detection in a microplate reader (EnVision® Multilabel Reader, Perkin Elmer).;B;;;BAO_0000192;BAO_0000357;single protein format;COC(=O)c1ccc2c(c1)NC(=O)/C2=C(\Nc1ccc(C(=O)N(C)OCCN2CCN(C)CC2)c(C)c1)c1ccccc1;;;CHEMBL5728567;;2021.0;{'bei': '13.46', 'le': '0.25', 'lle': '3.88', 'sei': '7.59'};CHEMBL5964540;;CHEMBL5964540;7.85;0;http://www.openphacts.org/units/Nanomolar;4511138;=;37;1;=;;Ki;nM;;14.0;CHEMBL2007;Homo sapiens;Platelet-derived growth factor receptor alpha;9606;;;Ki;nM;UO_0000065;;14.0
;1060965;28410002;[];CHEMBL5737025;PDGFRalpha Enzyme Inhibition: The inhibitory activities of compounds of the invention against PDGFRα (PDGFRα Kinase Enzyme System: Promega), were evaluated by mixing the PDGFRα protein (12.5 ng/mL, 2 μL), substrate (Poly (4:1 Glu4, Tyr1), 100 ng/mL, 2 μL) with the test compound (2 μL at either 3 μM, 0.67 μM, 0.15 μM, 0.033 μM, 0.0073 μM, 0.0016 μM, 0.0036 μM or 0.00008 μM) for 90 min at 25° C. The kinase reaction was initiated by adding ATP (25 μM, 2 μL) and the mixture was incubated for 1 hr at 25° C. ADP-Glo reagent was added for 40 min (8 μL) then development reagent (16 μL) was added for 40 min prior to detection in a microplate reader (EnVision® Multilabel Reader, Perkin Elmer).;B;;;BAO_0000192;BAO_0000357;single protein format;COC(=O)c1ccc2c(c1)NC(=O)/C2=C(\Nc1ccc(C(=O)NOCCCN(C)C)cc1)c1ccccc1;;;CHEMBL5728567;;2021.0;{'bei': '15.16', 'le': '0.28', 'lle': '3.78', 'sei': '7.15'};CHEMBL5999627;;CHEMBL5999627;7.80;0;http://www.openphacts.org/units/Nanomolar;4511139;=;37;1;=;;Ki;nM;;15.9;CHEMBL2007;Homo sapiens;Platelet-derived growth factor receptor alpha;9606;;;Ki;nM;UO_0000065;;15.9
;1060971;28410020;[];CHEMBL5737025;PDGFRalpha Enzyme Inhibition: The inhibitory activities of compounds of the invention against PDGFRα (PDGFRα Kinase Enzyme System: Promega), were evaluated by mixing the PDGFRα protein (12.5 ng/mL, 2 μL), substrate (Poly (4:1 Glu4, Tyr1), 100 ng/mL, 2 μL) with the test compound (2 μL at either 3 μM, 0.67 μM, 0.15 μM, 0.033 μM, 0.0073 μM, 0.0016 μM, 0.0036 μM or 0.00008 μM) for 90 min at 25° C. The kinase reaction was initiated by adding ATP (25 μM, 2 μL) and the mixture was incubated for 1 hr at 25° C. ADP-Glo reagent was added for 40 min (8 μL) then development reagent (16 μL) was added for 40 min prior to detection in a microplate reader (EnVision® Multilabel Reader, Perkin Elmer).;B;;;BAO_0000192;BAO_0000357;single protein format;COC(=O)c1ccc2c(c1)NC(=O)/C2=C(\Nc1ccc(C(=O)NOCCN(C)C)c(F)c1)c1ccccc1;;;CHEMBL5728567;;2021.0;{'bei': '15.08', 'le': '0.28', 'lle': '4.05', 'sei': '7.17'};CHEMBL5786043;;CHEMBL5786043;7.82;0;http://www.openphacts.org/units/Nanomolar;4511140;=;37;1;=;;Ki;nM;;15.2;CHEMBL2007;Homo sapiens;Platelet-derived growth factor receptor alpha;9606;;;Ki;nM;UO_0000065;;15.2
;1060977;28410038;[];CHEMBL5737025;PDGFRalpha Enzyme Inhibition: The inhibitory activities of compounds of the invention against PDGFRα (PDGFRα Kinase Enzyme System: Promega), were evaluated by mixing the PDGFRα protein (12.5 ng/mL, 2 μL), substrate (Poly (4:1 Glu4, Tyr1), 100 ng/mL, 2 μL) with the test compound (2 μL at either 3 μM, 0.67 μM, 0.15 μM, 0.033 μM, 0.0073 μM, 0.0016 μM, 0.0036 μM or 0.00008 μM) for 90 min at 25° C. The kinase reaction was initiated by adding ATP (25 μM, 2 μL) and the mixture was incubated for 1 hr at 25° C. ADP-Glo reagent was added for 40 min (8 μL) then development reagent (16 μL) was added for 40 min prior to detection in a microplate reader (EnVision® Multilabel Reader, Perkin Elmer).;B;;;BAO_0000192;BAO_0000357;single protein format;COC(=O)c1ccc2c(c1)NC(=O)/C2=C(\Nc1ccc(C(=O)N(OC)C2CCN(C)CC2)cc1)c1ccccc1;;;CHEMBL5728567;;2021.0;{'bei': '14.54', 'le': '0.27', 'lle': '3.36', 'sei': '7.84'};CHEMBL6017631;;CHEMBL6017631;7.86;0;http://www.openphacts.org/units/Nanomolar;4511141;=;37;1;=;;Ki;nM;;13.8;CHEMBL2007;Homo sapiens;Platelet-derived growth factor receptor alpha;9606;;;Ki;nM;UO_0000065;;13.8
;1060983;28410056;[];CHEMBL5737025;PDGFRalpha Enzyme Inhibition: The inhibitory activities of compounds of the invention against PDGFRα (PDGFRα Kinase Enzyme System: Promega), were evaluated by mixing the PDGFRα protein (12.5 ng/mL, 2 μL), substrate (Poly (4:1 Glu4, Tyr1), 100 ng/mL, 2 μL) with the test compound (2 μL at either 3 μM, 0.67 μM, 0.15 μM, 0.033 μM, 0.0073 μM, 0.0016 μM, 0.0036 μM or 0.00008 μM) for 90 min at 25° C. The kinase reaction was initiated by adding ATP (25 μM, 2 μL) and the mixture was incubated for 1 hr at 25° C. ADP-Glo reagent was added for 40 min (8 μL) then development reagent (16 μL) was added for 40 min prior to detection in a microplate reader (EnVision® Multilabel Reader, Perkin Elmer).;B;;;BAO_0000192;BAO_0000357;single protein format;COC(=O)c1ccc2c(c1)NC(=O)/C2=C(\Nc1ccc(C(=O)N(C)OCCN(C)C)c(C)c1)c1ccccc1;;;CHEMBL5728567;;2021.0;{'bei': '15.37', 'le': '0.28', 'lle': '3.84', 'sei': '8.11'};CHEMBL5891425;;CHEMBL5891425;8.12;0;http://www.openphacts.org/units/Nanomolar;4511142;=;37;1;=;;Ki;nM;;7.54;CHEMBL2007;Homo sapiens;Platelet-derived growth factor receptor alpha;9606;;;Ki;nM;UO_0000065;;7.54
;1060989;28410074;[];CHEMBL5737025;PDGFRalpha Enzyme Inhibition: The inhibitory activities of compounds of the invention against PDGFRα (PDGFRα Kinase Enzyme System: Promega), were evaluated by mixing the PDGFRα protein (12.5 ng/mL, 2 μL), substrate (Poly (4:1 Glu4, Tyr1), 100 ng/mL, 2 μL) with the test compound (2 μL at either 3 μM, 0.67 μM, 0.15 μM, 0.033 μM, 0.0073 μM, 0.0016 μM, 0.0036 μM or 0.00008 μM) for 90 min at 25° C. The kinase reaction was initiated by adding ATP (25 μM, 2 μL) and the mixture was incubated for 1 hr at 25° C. ADP-Glo reagent was added for 40 min (8 μL) then development reagent (16 μL) was added for 40 min prior to detection in a microplate reader (EnVision® Multilabel Reader, Perkin Elmer).;B;;;BAO_0000192;BAO_0000357;single protein format;COC(=O)c1ccc2c(c1)NC(=O)/C2=C(\Nc1ccc(C(=O)N(CCN(C)C)OC)cc1)c1ccccc1;;;CHEMBL5728567;;2021.0;{'bei': '15.06', 'le': '0.28', 'lle': '3.78', 'sei': '7.73'};CHEMBL5907260;;CHEMBL5907260;7.75;0;http://www.openphacts.org/units/Nanomolar;4511143;=;37;1;=;;Ki;nM;;17.8;CHEMBL2007;Homo sapiens;Platelet-derived growth factor receptor alpha;9606;;;Ki;nM;UO_0000065;;17.8
;1060995;28410092;[];CHEMBL5737025;PDGFRalpha Enzyme Inhibition: The inhibitory activities of compounds of the invention against PDGFRα (PDGFRα Kinase Enzyme System: Promega), were evaluated by mixing the PDGFRα protein (12.5 ng/mL, 2 μL), substrate (Poly (4:1 Glu4, Tyr1), 100 ng/mL, 2 μL) with the test compound (2 μL at either 3 μM, 0.67 μM, 0.15 μM, 0.033 μM, 0.0073 μM, 0.0016 μM, 0.0036 μM or 0.00008 μM) for 90 min at 25° C. The kinase reaction was initiated by adding ATP (25 μM, 2 μL) and the mixture was incubated for 1 hr at 25° C. ADP-Glo reagent was added for 40 min (8 μL) then development reagent (16 μL) was added for 40 min prior to detection in a microplate reader (EnVision® Multilabel Reader, Perkin Elmer).;B;;;BAO_0000192;BAO_0000357;single protein format;COC(=O)c1ccc2c(c1)NC(=O)/C2=C(\Nc1ccc(C(=O)N2CCN(C)CCO2)cc1)c1ccccc1;;;CHEMBL5728567;;2021.0;{'bei': '15.10', 'le': '0.28', 'lle': '4.02', 'sei': '7.73'};CHEMBL6060050;;CHEMBL6060050;7.74;0;http://www.openphacts.org/units/Nanomolar;4511144;=;37;1;=;;Ki;nM;;18.1;CHEMBL2007;Homo sapiens;Platelet-derived growth factor receptor alpha;9606;;;Ki;nM;UO_0000065;;18.1
;1061001;28410110;[];CHEMBL5737025;PDGFRalpha Enzyme Inhibition: The inhibitory activities of compounds of the invention against PDGFRα (PDGFRα Kinase Enzyme System: Promega), were evaluated by mixing the PDGFRα protein (12.5 ng/mL, 2 μL), substrate (Poly (4:1 Glu4, Tyr1), 100 ng/mL, 2 μL) with the test compound (2 μL at either 3 μM, 0.67 μM, 0.15 μM, 0.033 μM, 0.0073 μM, 0.0016 μM, 0.0036 μM or 0.00008 μM) for 90 min at 25° C. The kinase reaction was initiated by adding ATP (25 μM, 2 μL) and the mixture was incubated for 1 hr at 25° C. ADP-Glo reagent was added for 40 min (8 μL) then development reagent (16 μL) was added for 40 min prior to detection in a microplate reader (EnVision® Multilabel Reader, Perkin Elmer).;B;;;BAO_0000192;BAO_0000357;single protein format;COC(=O)c1ccc2c(c1)NC(=O)/C2=C(\Nc1ccc(S(=O)(=O)N(C)OCCN2CCN(C)CC2)cc1)c1ccccc1;;;CHEMBL5728567;;2021.0;{'bei': '12.54', 'le': '0.24', 'lle': '4.38', 'sei': '6.30'};CHEMBL6019356;;CHEMBL6019356;7.59;0;http://www.openphacts.org/units/Nanomolar;4511145;=;37;1;=;;Ki;nM;;25.5;CHEMBL2007;Homo sapiens;Platelet-derived growth factor receptor alpha;9606;;;Ki;nM;UO_0000065;;25.5
;1061007;28410128;[];CHEMBL5737025;PDGFRalpha Enzyme Inhibition: The inhibitory activities of compounds of the invention against PDGFRα (PDGFRα Kinase Enzyme System: Promega), were evaluated by mixing the PDGFRα protein (12.5 ng/mL, 2 μL), substrate (Poly (4:1 Glu4, Tyr1), 100 ng/mL, 2 μL) with the test compound (2 μL at either 3 μM, 0.67 μM, 0.15 μM, 0.033 μM, 0.0073 μM, 0.0016 μM, 0.0036 μM or 0.00008 μM) for 90 min at 25° C. The kinase reaction was initiated by adding ATP (25 μM, 2 μL) and the mixture was incubated for 1 hr at 25° C. ADP-Glo reagent was added for 40 min (8 μL) then development reagent (16 μL) was added for 40 min prior to detection in a microplate reader (EnVision® Multilabel Reader, Perkin Elmer).;B;;;BAO_0000192;BAO_0000357;single protein format;COC(=O)c1cc2c(cc1C)/C(=C(/Nc1ccc(C(=O)NOCCN(C)C)cc1)c1ccccc1)C(=O)N2;;;CHEMBL5728567;;2021.0;{'bei': '15.39', 'le': '0.28', 'lle': '3.98', 'sei': '7.27'};CHEMBL6001546;;CHEMBL6001546;7.92;0;http://www.openphacts.org/units/Nanomolar;4511146;=;37;1;=;;Ki;nM;;12.0;CHEMBL2007;Homo sapiens;Platelet-derived growth factor receptor alpha;9606;;;Ki;nM;UO_0000065;;12.0
;1061013;28410146;[];CHEMBL5737025;PDGFRalpha Enzyme Inhibition: The inhibitory activities of compounds of the invention against PDGFRα (PDGFRα Kinase Enzyme System: Promega), were evaluated by mixing the PDGFRα protein (12.5 ng/mL, 2 μL), substrate (Poly (4:1 Glu4, Tyr1), 100 ng/mL, 2 μL) with the test compound (2 μL at either 3 μM, 0.67 μM, 0.15 μM, 0.033 μM, 0.0073 μM, 0.0016 μM, 0.0036 μM or 0.00008 μM) for 90 min at 25° C. The kinase reaction was initiated by adding ATP (25 μM, 2 μL) and the mixture was incubated for 1 hr at 25° C. ADP-Glo reagent was added for 40 min (8 μL) then development reagent (16 μL) was added for 40 min prior to detection in a microplate reader (EnVision® Multilabel Reader, Perkin Elmer).;B;;;BAO_0000192;BAO_0000357;single protein format;COC(=O)c1cc2c(cc1C)/C(=C(/Nc1ccc(C(=O)NOCCCN(C)C)cc1)c1ccccc1)C(=O)N2;;;CHEMBL5728567;;2021.0;{'bei': '15.21', 'le': '0.28', 'lle': '3.71', 'sei': '7.38'};CHEMBL5751150;;CHEMBL5751150;8.04;0;http://www.openphacts.org/units/Nanomolar;4511147;=;37;1;=;;Ki;nM;;9.11;CHEMBL2007;Homo sapiens;Platelet-derived growth factor receptor alpha;9606;;;Ki;nM;UO_0000065;;9.11
;1061019;28410164;[];CHEMBL5737025;PDGFRalpha Enzyme Inhibition: The inhibitory activities of compounds of the invention against PDGFRα (PDGFRα Kinase Enzyme System: Promega), were evaluated by mixing the PDGFRα protein (12.5 ng/mL, 2 μL), substrate (Poly (4:1 Glu4, Tyr1), 100 ng/mL, 2 μL) with the test compound (2 μL at either 3 μM, 0.67 μM, 0.15 μM, 0.033 μM, 0.0073 μM, 0.0016 μM, 0.0036 μM or 0.00008 μM) for 90 min at 25° C. The kinase reaction was initiated by adding ATP (25 μM, 2 μL) and the mixture was incubated for 1 hr at 25° C. ADP-Glo reagent was added for 40 min (8 μL) then development reagent (16 μL) was added for 40 min prior to detection in a microplate reader (EnVision® Multilabel Reader, Perkin Elmer).;B;;;BAO_0000192;BAO_0000357;single protein format;COC(=O)c1cc2c(cc1C)/C(=C(/Nc1ccc(C(=O)NOCCN3CCN(C)CC3)c(C)c1)c1ccccc1)C(=O)N2;;;CHEMBL5728567;;2021.0;{'bei': '13.55', 'le': '0.25', 'lle': '3.98', 'sei': '7.04'};CHEMBL5781023;;CHEMBL5781023;7.91;0;http://www.openphacts.org/units/Nanomolar;4511148;=;37;1;=;;Ki;nM;;12.4;CHEMBL2007;Homo sapiens;Platelet-derived growth factor receptor alpha;9606;;;Ki;nM;UO_0000065;;12.4
;1061025;28410182;[];CHEMBL5737025;PDGFRalpha Enzyme Inhibition: The inhibitory activities of compounds of the invention against PDGFRα (PDGFRα Kinase Enzyme System: Promega), were evaluated by mixing the PDGFRα protein (12.5 ng/mL, 2 μL), substrate (Poly (4:1 Glu4, Tyr1), 100 ng/mL, 2 μL) with the test compound (2 μL at either 3 μM, 0.67 μM, 0.15 μM, 0.033 μM, 0.0073 μM, 0.0016 μM, 0.0036 μM or 0.00008 μM) for 90 min at 25° C. The kinase reaction was initiated by adding ATP (25 μM, 2 μL) and the mixture was incubated for 1 hr at 25° C. ADP-Glo reagent was added for 40 min (8 μL) then development reagent (16 μL) was added for 40 min prior to detection in a microplate reader (EnVision® Multilabel Reader, Perkin Elmer).;B;;;BAO_0000192;BAO_0000357;single protein format;COC(=O)c1cc2c(cc1C)/C(=C(/Nc1ccc(C(=O)NOCCCN(C)C)c(C)c1)c1ccccc1)C(=O)N2;;;CHEMBL5728567;;2021.0;{'bei': '14.80', 'le': '0.27', 'lle': '3.39', 'sei': '7.37'};CHEMBL5971350;;CHEMBL5971350;8.03;0;http://www.openphacts.org/units/Nanomolar;4511149;=;37;1;=;;Ki;nM;;9.33;CHEMBL2007;Homo sapiens;Platelet-derived growth factor receptor alpha;9606;;;Ki;nM;UO_0000065;;9.33
;1061031;28410200;[];CHEMBL5737025;PDGFRalpha Enzyme Inhibition: The inhibitory activities of compounds of the invention against PDGFRα (PDGFRα Kinase Enzyme System: Promega), were evaluated by mixing the PDGFRα protein (12.5 ng/mL, 2 μL), substrate (Poly (4:1 Glu4, Tyr1), 100 ng/mL, 2 μL) with the test compound (2 μL at either 3 μM, 0.67 μM, 0.15 μM, 0.033 μM, 0.0073 μM, 0.0016 μM, 0.0036 μM or 0.00008 μM) for 90 min at 25° C. The kinase reaction was initiated by adding ATP (25 μM, 2 μL) and the mixture was incubated for 1 hr at 25° C. ADP-Glo reagent was added for 40 min (8 μL) then development reagent (16 μL) was added for 40 min prior to detection in a microplate reader (EnVision® Multilabel Reader, Perkin Elmer).;B;;;BAO_0000192;BAO_0000357;single protein format;COC(=O)c1cc2c(cc1C)/C(=C(/Nc1ccc(C(=O)NOC3CCN(C)CC3)cc1)c1ccccc1)C(=O)N2;;;CHEMBL5728567;;2021.0;{'bei': '14.85', 'le': '0.27', 'lle': '3.56', 'sei': '7.37'};CHEMBL5909180;;CHEMBL5909180;8.03;0;http://www.openphacts.org/units/Nanomolar;4511150;=;37;1;=;;Ki;nM;;9.37;CHEMBL2007;Homo sapiens;Platelet-derived growth factor receptor alpha;9606;;;Ki;nM;UO_0000065;;9.37
;1061037;28410218;[];CHEMBL5737025;PDGFRalpha Enzyme Inhibition: The inhibitory activities of compounds of the invention against PDGFRα (PDGFRα Kinase Enzyme System: Promega), were evaluated by mixing the PDGFRα protein (12.5 ng/mL, 2 μL), substrate (Poly (4:1 Glu4, Tyr1), 100 ng/mL, 2 μL) with the test compound (2 μL at either 3 μM, 0.67 μM, 0.15 μM, 0.033 μM, 0.0073 μM, 0.0016 μM, 0.0036 μM or 0.00008 μM) for 90 min at 25° C. The kinase reaction was initiated by adding ATP (25 μM, 2 μL) and the mixture was incubated for 1 hr at 25° C. ADP-Glo reagent was added for 40 min (8 μL) then development reagent (16 μL) was added for 40 min prior to detection in a microplate reader (EnVision® Multilabel Reader, Perkin Elmer).;B;;;BAO_0000192;BAO_0000357;single protein format;COC(=O)c1cc2c(cc1C)/C(=C(/Nc1ccc(C(=O)NOC3CCN(C)CC3)c(C)c1)c1ccccc1)C(=O)N2;;;CHEMBL5728567;;2021.0;{'bei': '14.53', 'le': '0.27', 'lle': '3.28', 'sei': '7.39'};CHEMBL5975423;;CHEMBL5975423;8.06;0;http://www.openphacts.org/units/Nanomolar;4511151;=;37;1;=;;Ki;nM;;8.74;CHEMBL2007;Homo sapiens;Platelet-derived growth factor receptor alpha;9606;;;Ki;nM;UO_0000065;;8.74
;1061043;28410236;[];CHEMBL5737025;PDGFRalpha Enzyme Inhibition: The inhibitory activities of compounds of the invention against PDGFRα (PDGFRα Kinase Enzyme System: Promega), were evaluated by mixing the PDGFRα protein (12.5 ng/mL, 2 μL), substrate (Poly (4:1 Glu4, Tyr1), 100 ng/mL, 2 μL) with the test compound (2 μL at either 3 μM, 0.67 μM, 0.15 μM, 0.033 μM, 0.0073 μM, 0.0016 μM, 0.0036 μM or 0.00008 μM) for 90 min at 25° C. The kinase reaction was initiated by adding ATP (25 μM, 2 μL) and the mixture was incubated for 1 hr at 25° C. ADP-Glo reagent was added for 40 min (8 μL) then development reagent (16 μL) was added for 40 min prior to detection in a microplate reader (EnVision® Multilabel Reader, Perkin Elmer).;B;;;BAO_0000192;BAO_0000357;single protein format;COC(=O)c1cc2c(cc1C)/C(=C(/Nc1ccc(C(=O)NOCCN3CCN(C)CC3)c(F)c1)c1ccccc1)C(=O)N2;;;CHEMBL5728567;;2021.0;{'bei': '13.58', 'le': '0.25', 'lle': '4.22', 'sei': '7.11'};CHEMBL5745191;;CHEMBL5745191;7.98;0;http://www.openphacts.org/units/Nanomolar;4511152;=;37;1;=;;Ki;nM;;10.5;CHEMBL2007;Homo sapiens;Platelet-derived growth factor receptor alpha;9606;;;Ki;nM;UO_0000065;;10.5
;1061049;28410254;[];CHEMBL5737025;PDGFRalpha Enzyme Inhibition: The inhibitory activities of compounds of the invention against PDGFRα (PDGFRα Kinase Enzyme System: Promega), were evaluated by mixing the PDGFRα protein (12.5 ng/mL, 2 μL), substrate (Poly (4:1 Glu4, Tyr1), 100 ng/mL, 2 μL) with the test compound (2 μL at either 3 μM, 0.67 μM, 0.15 μM, 0.033 μM, 0.0073 μM, 0.0016 μM, 0.0036 μM or 0.00008 μM) for 90 min at 25° C. The kinase reaction was initiated by adding ATP (25 μM, 2 μL) and the mixture was incubated for 1 hr at 25° C. ADP-Glo reagent was added for 40 min (8 μL) then development reagent (16 μL) was added for 40 min prior to detection in a microplate reader (EnVision® Multilabel Reader, Perkin Elmer).;B;;;BAO_0000192;BAO_0000357;single protein format;COC(=O)c1ccc2c(c1)NC(=O)/C2=C(\Nc1ccc(C(=O)NOCCN2CCN(C)CC2)c(F)c1)c1ccccc1;;;CHEMBL5728567;;2021.0;{'bei': '13.67', 'le': '0.25', 'lle': '4.39', 'sei': '6.99'};CHEMBL5904812;;CHEMBL5904812;7.84;0;http://www.openphacts.org/units/Nanomolar;4511153;=;37;1;=;;Ki;nM;;14.4;CHEMBL2007;Homo sapiens;Platelet-derived growth factor receptor alpha;9606;;;Ki;nM;UO_0000065;;14.4
;1061055;28410272;[];CHEMBL5737025;PDGFRalpha Enzyme Inhibition: The inhibitory activities of compounds of the invention against PDGFRα (PDGFRα Kinase Enzyme System: Promega), were evaluated by mixing the PDGFRα protein (12.5 ng/mL, 2 μL), substrate (Poly (4:1 Glu4, Tyr1), 100 ng/mL, 2 μL) with the test compound (2 μL at either 3 μM, 0.67 μM, 0.15 μM, 0.033 μM, 0.0073 μM, 0.0016 μM, 0.0036 μM or 0.00008 μM) for 90 min at 25° C. The kinase reaction was initiated by adding ATP (25 μM, 2 μL) and the mixture was incubated for 1 hr at 25° C. ADP-Glo reagent was added for 40 min (8 μL) then development reagent (16 μL) was added for 40 min prior to detection in a microplate reader (EnVision® Multilabel Reader, Perkin Elmer).;B;;;BAO_0000192;BAO_0000357;single protein format;COC(=O)c1cc2c(cc1C)/C(=C(/Nc1ccc(C(=O)N(OC)C3CCN(C)CC3)c(C)c1)c1ccccc1)C(=O)N2;;;CHEMBL5728567;;2021.0;{'bei': '13.55', 'le': '0.25', 'lle': '2.59', 'sei': '7.69'};CHEMBL5740416;;CHEMBL5740416;7.71;0;http://www.openphacts.org/units/Nanomolar;4511154;=;37;1;=;;Ki;nM;;19.6;CHEMBL2007;Homo sapiens;Platelet-derived growth factor receptor alpha;9606;;;Ki;nM;UO_0000065;;19.6
;1061061;28410290;[];CHEMBL5737025;PDGFRalpha Enzyme Inhibition: The inhibitory activities of compounds of the invention against PDGFRα (PDGFRα Kinase Enzyme System: Promega), were evaluated by mixing the PDGFRα protein (12.5 ng/mL, 2 μL), substrate (Poly (4:1 Glu4, Tyr1), 100 ng/mL, 2 μL) with the test compound (2 μL at either 3 μM, 0.67 μM, 0.15 μM, 0.033 μM, 0.0073 μM, 0.0016 μM, 0.0036 μM or 0.00008 μM) for 90 min at 25° C. The kinase reaction was initiated by adding ATP (25 μM, 2 μL) and the mixture was incubated for 1 hr at 25° C. ADP-Glo reagent was added for 40 min (8 μL) then development reagent (16 μL) was added for 40 min prior to detection in a microplate reader (EnVision® Multilabel Reader, Perkin Elmer).;B;;;BAO_0000192;BAO_0000357;single protein format;COC(=O)c1cc2c(cc1C)/C(=C(/Nc1ccc(C(=O)N(OC)C3CCN(C)CC3)cc1)c1ccccc1)C(=O)N2;;;CHEMBL5728567;;2021.0;{'bei': '13.35', 'le': '0.25', 'lle': '2.59', 'sei': '7.39'};CHEMBL5753399;;CHEMBL5753399;7.40;0;http://www.openphacts.org/units/Nanomolar;4511155;=;37;1;=;;Ki;nM;;39.6;CHEMBL2007;Homo sapiens;Platelet-derived growth factor receptor alpha;9606;;;Ki;nM;UO_0000065;;39.6
;1061067;28410308;[];CHEMBL5737025;PDGFRalpha Enzyme Inhibition: The inhibitory activities of compounds of the invention against PDGFRα (PDGFRα Kinase Enzyme System: Promega), were evaluated by mixing the PDGFRα protein (12.5 ng/mL, 2 μL), substrate (Poly (4:1 Glu4, Tyr1), 100 ng/mL, 2 μL) with the test compound (2 μL at either 3 μM, 0.67 μM, 0.15 μM, 0.033 μM, 0.0073 μM, 0.0016 μM, 0.0036 μM or 0.00008 μM) for 90 min at 25° C. The kinase reaction was initiated by adding ATP (25 μM, 2 μL) and the mixture was incubated for 1 hr at 25° C. ADP-Glo reagent was added for 40 min (8 μL) then development reagent (16 μL) was added for 40 min prior to detection in a microplate reader (EnVision® Multilabel Reader, Perkin Elmer).;B;;;BAO_0000192;BAO_0000357;single protein format;CCN1CCN(CCONC(=O)c2ccc(N/C(=C3\C(=O)Nc4cc(C(=O)OC)c(C)cc43)c3ccccc3)cc2)CC1;;;CHEMBL5728567;;2021.0;{'bei': '13.48', 'le': '0.25', 'lle': '3.86', 'sei': '7.01'};CHEMBL5953091;;CHEMBL5953091;7.87;0;http://www.openphacts.org/units/Nanomolar;4511156;=;37;1;=;;Ki;nM;;13.6;CHEMBL2007;Homo sapiens;Platelet-derived growth factor receptor alpha;9606;;;Ki;nM;UO_0000065;;13.6
;1061073;28410326;[];CHEMBL5737025;PDGFRalpha Enzyme Inhibition: The inhibitory activities of compounds of the invention against PDGFRα (PDGFRα Kinase Enzyme System: Promega), were evaluated by mixing the PDGFRα protein (12.5 ng/mL, 2 μL), substrate (Poly (4:1 Glu4, Tyr1), 100 ng/mL, 2 μL) with the test compound (2 μL at either 3 μM, 0.67 μM, 0.15 μM, 0.033 μM, 0.0073 μM, 0.0016 μM, 0.0036 μM or 0.00008 μM) for 90 min at 25° C. The kinase reaction was initiated by adding ATP (25 μM, 2 μL) and the mixture was incubated for 1 hr at 25° C. ADP-Glo reagent was added for 40 min (8 μL) then development reagent (16 μL) was added for 40 min prior to detection in a microplate reader (EnVision® Multilabel Reader, Perkin Elmer).;B;;;BAO_0000192;BAO_0000357;single protein format;COC(=O)c1ccc2c(c1)NC(=O)/C2=C(\Nc1ccc(C(=O)N2CCO2)cc1)c1ccccc1;;;CHEMBL5728567;;2021.0;{'bei': '14.54', 'le': '0.27', 'lle': '2.83', 'sei': '6.83'};CHEMBL5912125;;CHEMBL5912125;6.62;0;http://www.openphacts.org/units/Nanomolar;4511157;=;37;1;=;;Ki;nM;;238.0;CHEMBL2007;Homo sapiens;Platelet-derived growth factor receptor alpha;9606;;;Ki;nM;UO_0000065;;238.0
;1061079;28410344;[];CHEMBL5737025;PDGFRalpha Enzyme Inhibition: The inhibitory activities of compounds of the invention against PDGFRα (PDGFRα Kinase Enzyme System: Promega), were evaluated by mixing the PDGFRα protein (12.5 ng/mL, 2 μL), substrate (Poly (4:1 Glu4, Tyr1), 100 ng/mL, 2 μL) with the test compound (2 μL at either 3 μM, 0.67 μM, 0.15 μM, 0.033 μM, 0.0073 μM, 0.0016 μM, 0.0036 μM or 0.00008 μM) for 90 min at 25° C. The kinase reaction was initiated by adding ATP (25 μM, 2 μL) and the mixture was incubated for 1 hr at 25° C. ADP-Glo reagent was added for 40 min (8 μL) then development reagent (16 μL) was added for 40 min prior to detection in a microplate reader (EnVision® Multilabel Reader, Perkin Elmer).;B;;;BAO_0000192;BAO_0000357;single protein format;COC(=O)c1ccc2c(c1)NC(=O)/C2=C(\Nc1ccc(C(=O)NOCCN2CC[C@H](N(C)C)C2)cc1)c1ccccc1;;;CHEMBL5728567;;2021.0;{'bei': '13.81', 'le': '0.26', 'lle': '4.17', 'sei': '7.01'};CHEMBL5835725;;CHEMBL5835725;7.87;0;http://www.openphacts.org/units/Nanomolar;4511158;=;37;1;=;;Ki;nM;;13.6;CHEMBL2007;Homo sapiens;Platelet-derived growth factor receptor alpha;9606;;;Ki;nM;UO_0000065;;13.6
;1061085;28410362;[];CHEMBL5737025;PDGFRalpha Enzyme Inhibition: The inhibitory activities of compounds of the invention against PDGFRα (PDGFRα Kinase Enzyme System: Promega), were evaluated by mixing the PDGFRα protein (12.5 ng/mL, 2 μL), substrate (Poly (4:1 Glu4, Tyr1), 100 ng/mL, 2 μL) with the test compound (2 μL at either 3 μM, 0.67 μM, 0.15 μM, 0.033 μM, 0.0073 μM, 0.0016 μM, 0.0036 μM or 0.00008 μM) for 90 min at 25° C. The kinase reaction was initiated by adding ATP (25 μM, 2 μL) and the mixture was incubated for 1 hr at 25° C. ADP-Glo reagent was added for 40 min (8 μL) then development reagent (16 μL) was added for 40 min prior to detection in a microplate reader (EnVision® Multilabel Reader, Perkin Elmer).;B;;;BAO_0000192;BAO_0000357;single protein format;COC(=O)c1ccc2c(c1)NC(=O)/C2=C(\Nc1ccc(C(=O)NOCCN2CCN(CCO)CC2)cc1)c1ccccc1;;;CHEMBL5728567;;2021.0;{'bei': '13.96', 'le': '0.26', 'lle': '5.49', 'sei': '6.17'};CHEMBL5949602;;CHEMBL5949602;8.17;0;http://www.openphacts.org/units/Nanomolar;4511159;=;37;1;=;;Ki;nM;;6.71;CHEMBL2007;Homo sapiens;Platelet-derived growth factor receptor alpha;9606;;;Ki;nM;UO_0000065;;6.71
;1061091;28410380;[];CHEMBL5737025;PDGFRalpha Enzyme Inhibition: The inhibitory activities of compounds of the invention against PDGFRα (PDGFRα Kinase Enzyme System: Promega), were evaluated by mixing the PDGFRα protein (12.5 ng/mL, 2 μL), substrate (Poly (4:1 Glu4, Tyr1), 100 ng/mL, 2 μL) with the test compound (2 μL at either 3 μM, 0.67 μM, 0.15 μM, 0.033 μM, 0.0073 μM, 0.0016 μM, 0.0036 μM or 0.00008 μM) for 90 min at 25° C. The kinase reaction was initiated by adding ATP (25 μM, 2 μL) and the mixture was incubated for 1 hr at 25° C. ADP-Glo reagent was added for 40 min (8 μL) then development reagent (16 μL) was added for 40 min prior to detection in a microplate reader (EnVision® Multilabel Reader, Perkin Elmer).;B;;;BAO_0000192;BAO_0000357;single protein format;COC(=O)c1ccc2c(c1)NC(=O)/C2=C(\Nc1ccc(C(=O)NOCCN2CCC(O)CC2)cc1)c1ccccc1;;;CHEMBL5728567;;2021.0;{'bei': '14.33', 'le': '0.27', 'lle': '4.45', 'sei': '6.17'};CHEMBL5763696;;CHEMBL5763696;7.97;0;http://www.openphacts.org/units/Nanomolar;4511160;=;37;1;=;;Ki;nM;;10.6;CHEMBL2007;Homo sapiens;Platelet-derived growth factor receptor alpha;9606;;;Ki;nM;UO_0000065;;10.6
;1061097;28410398;[];CHEMBL5737025;PDGFRalpha Enzyme Inhibition: The inhibitory activities of compounds of the invention against PDGFRα (PDGFRα Kinase Enzyme System: Promega), were evaluated by mixing the PDGFRα protein (12.5 ng/mL, 2 μL), substrate (Poly (4:1 Glu4, Tyr1), 100 ng/mL, 2 μL) with the test compound (2 μL at either 3 μM, 0.67 μM, 0.15 μM, 0.033 μM, 0.0073 μM, 0.0016 μM, 0.0036 μM or 0.00008 μM) for 90 min at 25° C. The kinase reaction was initiated by adding ATP (25 μM, 2 μL) and the mixture was incubated for 1 hr at 25° C. ADP-Glo reagent was added for 40 min (8 μL) then development reagent (16 μL) was added for 40 min prior to detection in a microplate reader (EnVision® Multilabel Reader, Perkin Elmer).;B;;;BAO_0000192;BAO_0000357;single protein format;COC(=O)c1ccc2c(c1)NC(=O)/C2=C(\Nc1ccc(C(=O)NOCCN2CCS(=O)(=O)CC2)cc1)c1ccccc1;;;CHEMBL5728567;;2021.0;{'bei': '13.03', 'le': '0.25', 'lle': '4.90', 'sei': '5.38'};CHEMBL5764401;;CHEMBL5764401;7.70;0;http://www.openphacts.org/units/Nanomolar;4511161;=;37;1;=;;Ki;nM;;20.0;CHEMBL2007;Homo sapiens;Platelet-derived growth factor receptor alpha;9606;;;Ki;nM;UO_0000065;;20.0
;1061103;28410416;[];CHEMBL5737025;PDGFRalpha Enzyme Inhibition: The inhibitory activities of compounds of the invention against PDGFRα (PDGFRα Kinase Enzyme System: Promega), were evaluated by mixing the PDGFRα protein (12.5 ng/mL, 2 μL), substrate (Poly (4:1 Glu4, Tyr1), 100 ng/mL, 2 μL) with the test compound (2 μL at either 3 μM, 0.67 μM, 0.15 μM, 0.033 μM, 0.0073 μM, 0.0016 μM, 0.0036 μM or 0.00008 μM) for 90 min at 25° C. The kinase reaction was initiated by adding ATP (25 μM, 2 μL) and the mixture was incubated for 1 hr at 25° C. ADP-Glo reagent was added for 40 min (8 μL) then development reagent (16 μL) was added for 40 min prior to detection in a microplate reader (EnVision® Multilabel Reader, Perkin Elmer).;B;;;BAO_0000192;BAO_0000357;single protein format;COC(=O)c1ccc2c(c1)NC(=O)/C2=C(\Nc1ccc(C(=O)NOCCN2CCNC(=O)C2)cc1)c1ccccc1;;;CHEMBL5728567;;2021.0;{'bei': '14.43', 'le': '0.27', 'lle': '5.52', 'sei': '5.81'};CHEMBL5889879;;CHEMBL5889879;8.02;0;http://www.openphacts.org/units/Nanomolar;4511162;=;37;1;=;;Ki;nM;;9.62;CHEMBL2007;Homo sapiens;Platelet-derived growth factor receptor alpha;9606;;;Ki;nM;UO_0000065;;9.62
;1061109;28410434;[];CHEMBL5737025;PDGFRalpha Enzyme Inhibition: The inhibitory activities of compounds of the invention against PDGFRα (PDGFRα Kinase Enzyme System: Promega), were evaluated by mixing the PDGFRα protein (12.5 ng/mL, 2 μL), substrate (Poly (4:1 Glu4, Tyr1), 100 ng/mL, 2 μL) with the test compound (2 μL at either 3 μM, 0.67 μM, 0.15 μM, 0.033 μM, 0.0073 μM, 0.0016 μM, 0.0036 μM or 0.00008 μM) for 90 min at 25° C. The kinase reaction was initiated by adding ATP (25 μM, 2 μL) and the mixture was incubated for 1 hr at 25° C. ADP-Glo reagent was added for 40 min (8 μL) then development reagent (16 μL) was added for 40 min prior to detection in a microplate reader (EnVision® Multilabel Reader, Perkin Elmer).;B;;;BAO_0000192;BAO_0000357;single protein format;COC(=O)c1ccc2c(c1)NC(=O)/C2=C(\Nc1ccc(C(=O)NOCCN2CCC(C#N)CC2)cc1)c1ccccc1;;;CHEMBL5728567;;2021.0;{'bei': '13.19', 'le': '0.24', 'lle': '3.16', 'sei': '5.62'};CHEMBL5755881;;CHEMBL5755881;7.46;0;http://www.openphacts.org/units/Nanomolar;4511163;=;37;1;=;;Ki;nM;;34.6;CHEMBL2007;Homo sapiens;Platelet-derived growth factor receptor alpha;9606;;;Ki;nM;UO_0000065;;34.6
;1061115;28410452;[];CHEMBL5737025;PDGFRalpha Enzyme Inhibition: The inhibitory activities of compounds of the invention against PDGFRα (PDGFRα Kinase Enzyme System: Promega), were evaluated by mixing the PDGFRα protein (12.5 ng/mL, 2 μL), substrate (Poly (4:1 Glu4, Tyr1), 100 ng/mL, 2 μL) with the test compound (2 μL at either 3 μM, 0.67 μM, 0.15 μM, 0.033 μM, 0.0073 μM, 0.0016 μM, 0.0036 μM or 0.00008 μM) for 90 min at 25° C. The kinase reaction was initiated by adding ATP (25 μM, 2 μL) and the mixture was incubated for 1 hr at 25° C. ADP-Glo reagent was added for 40 min (8 μL) then development reagent (16 μL) was added for 40 min prior to detection in a microplate reader (EnVision® Multilabel Reader, Perkin Elmer).;B;;;BAO_0000192;BAO_0000357;single protein format;COC(=O)c1ccc2c(c1)NC(=O)/C2=C(\Nc1ccc(C(=O)NOCCN2[C@H](C)CCC[C@@H]2C)cc1)c1ccccc1;;;CHEMBL5728567;;2021.0;{'bei': '12.07', 'le': '0.22', 'lle': '1.53', 'sei': '6.30'};CHEMBL5991285;;CHEMBL5991285;6.86;0;http://www.openphacts.org/units/Nanomolar;4511164;=;37;1;=;;Ki;nM;;137.0;CHEMBL2007;Homo sapiens;Platelet-derived growth factor receptor alpha;9606;;;Ki;nM;UO_0000065;;137.0
;1061121;28410470;[];CHEMBL5737025;PDGFRalpha Enzyme Inhibition: The inhibitory activities of compounds of the invention against PDGFRα (PDGFRα Kinase Enzyme System: Promega), were evaluated by mixing the PDGFRα protein (12.5 ng/mL, 2 μL), substrate (Poly (4:1 Glu4, Tyr1), 100 ng/mL, 2 μL) with the test compound (2 μL at either 3 μM, 0.67 μM, 0.15 μM, 0.033 μM, 0.0073 μM, 0.0016 μM, 0.0036 μM or 0.00008 μM) for 90 min at 25° C. The kinase reaction was initiated by adding ATP (25 μM, 2 μL) and the mixture was incubated for 1 hr at 25° C. ADP-Glo reagent was added for 40 min (8 μL) then development reagent (16 μL) was added for 40 min prior to detection in a microplate reader (EnVision® Multilabel Reader, Perkin Elmer).;B;;;BAO_0000192;BAO_0000357;single protein format;COC(=O)c1ccc2c(c1)NC(=O)/C2=C(\Nc1ccc(C(=O)NOCCN(C)CCO)cc1)c1ccccc1;;;CHEMBL5728567;;2021.0;{'bei': '14.29', 'le': '0.27', 'lle': '4.59', 'sei': '5.87'};CHEMBL5740197;;CHEMBL5740197;7.58;0;http://www.openphacts.org/units/Nanomolar;4511165;=;37;1;=;;Ki;nM;;26.2;CHEMBL2007;Homo sapiens;Platelet-derived growth factor receptor alpha;9606;;;Ki;nM;UO_0000065;;26.2
;1061127;28410488;[];CHEMBL5737025;PDGFRalpha Enzyme Inhibition: The inhibitory activities of compounds of the invention against PDGFRα (PDGFRα Kinase Enzyme System: Promega), were evaluated by mixing the PDGFRα protein (12.5 ng/mL, 2 μL), substrate (Poly (4:1 Glu4, Tyr1), 100 ng/mL, 2 μL) with the test compound (2 μL at either 3 μM, 0.67 μM, 0.15 μM, 0.033 μM, 0.0073 μM, 0.0016 μM, 0.0036 μM or 0.00008 μM) for 90 min at 25° C. The kinase reaction was initiated by adding ATP (25 μM, 2 μL) and the mixture was incubated for 1 hr at 25° C. ADP-Glo reagent was added for 40 min (8 μL) then development reagent (16 μL) was added for 40 min prior to detection in a microplate reader (EnVision® Multilabel Reader, Perkin Elmer).;B;;;BAO_0000192;BAO_0000357;single protein format;COCCN1CCN(CCONC(=O)c2ccc(N/C(=C3\C(=O)Nc4cc(C(=O)OC)ccc43)c3ccccc3)cc2)CC1;;;CHEMBL5728567;;2021.0;{'bei': '12.13', 'le': '0.23', 'lle': '3.94', 'sei': '5.99'};CHEMBL6023778;;CHEMBL6023778;7.27;0;http://www.openphacts.org/units/Nanomolar;4511166;=;37;1;=;;Ki;nM;;53.3;CHEMBL2007;Homo sapiens;Platelet-derived growth factor receptor alpha;9606;;;Ki;nM;UO_0000065;;53.3
;1061133;28410506;[];CHEMBL5737025;PDGFRalpha Enzyme Inhibition: The inhibitory activities of compounds of the invention against PDGFRα (PDGFRα Kinase Enzyme System: Promega), were evaluated by mixing the PDGFRα protein (12.5 ng/mL, 2 μL), substrate (Poly (4:1 Glu4, Tyr1), 100 ng/mL, 2 μL) with the test compound (2 μL at either 3 μM, 0.67 μM, 0.15 μM, 0.033 μM, 0.0073 μM, 0.0016 μM, 0.0036 μM or 0.00008 μM) for 90 min at 25° C. The kinase reaction was initiated by adding ATP (25 μM, 2 μL) and the mixture was incubated for 1 hr at 25° C. ADP-Glo reagent was added for 40 min (8 μL) then development reagent (16 μL) was added for 40 min prior to detection in a microplate reader (EnVision® Multilabel Reader, Perkin Elmer).;B;;;BAO_0000192;BAO_0000357;single protein format;COC(=O)c1ccc2c(c1)NC(=O)/C2=C(\Nc1ccc(C(=O)NOCCN2CCC(N(C)C)CC2)cc1)c1ccccc1;;;CHEMBL5728567;;2021.0;{'bei': '13.39', 'le': '0.25', 'lle': '3.73', 'sei': '6.96'};CHEMBL5776848;;CHEMBL5776848;7.82;0;http://www.openphacts.org/units/Nanomolar;4511167;=;37;1;=;;Ki;nM;;15.3;CHEMBL2007;Homo sapiens;Platelet-derived growth factor receptor alpha;9606;;;Ki;nM;UO_0000065;;15.3
;1061139;28410524;[];CHEMBL5737025;PDGFRalpha Enzyme Inhibition: The inhibitory activities of compounds of the invention against PDGFRα (PDGFRα Kinase Enzyme System: Promega), were evaluated by mixing the PDGFRα protein (12.5 ng/mL, 2 μL), substrate (Poly (4:1 Glu4, Tyr1), 100 ng/mL, 2 μL) with the test compound (2 μL at either 3 μM, 0.67 μM, 0.15 μM, 0.033 μM, 0.0073 μM, 0.0016 μM, 0.0036 μM or 0.00008 μM) for 90 min at 25° C. The kinase reaction was initiated by adding ATP (25 μM, 2 μL) and the mixture was incubated for 1 hr at 25° C. ADP-Glo reagent was added for 40 min (8 μL) then development reagent (16 μL) was added for 40 min prior to detection in a microplate reader (EnVision® Multilabel Reader, Perkin Elmer).;B;;;BAO_0000192;BAO_0000357;single protein format;COC(=O)c1cc2c(cc1C)/C(=C(/Nc1ccc(S(=O)(=O)NOCCN(C)C)cc1)c1ccccc1)C(=O)N2;;;CHEMBL5728567;;2021.0;{'bei': '14.13', 'le': '0.27', 'lle': '4.29', 'sei': '6.17'};CHEMBL5918266;;CHEMBL5918266;7.78;0;http://www.openphacts.org/units/Nanomolar;4511168;=;37;1;=;;Ki;nM;;16.6;CHEMBL2007;Homo sapiens;Platelet-derived growth factor receptor alpha;9606;;;Ki;nM;UO_0000065;;16.6
;1061145;28410542;[];CHEMBL5737025;PDGFRalpha Enzyme Inhibition: The inhibitory activities of compounds of the invention against PDGFRα (PDGFRα Kinase Enzyme System: Promega), were evaluated by mixing the PDGFRα protein (12.5 ng/mL, 2 μL), substrate (Poly (4:1 Glu4, Tyr1), 100 ng/mL, 2 μL) with the test compound (2 μL at either 3 μM, 0.67 μM, 0.15 μM, 0.033 μM, 0.0073 μM, 0.0016 μM, 0.0036 μM or 0.00008 μM) for 90 min at 25° C. The kinase reaction was initiated by adding ATP (25 μM, 2 μL) and the mixture was incubated for 1 hr at 25° C. ADP-Glo reagent was added for 40 min (8 μL) then development reagent (16 μL) was added for 40 min prior to detection in a microplate reader (EnVision® Multilabel Reader, Perkin Elmer).;B;;;BAO_0000192;BAO_0000357;single protein format;COC(=O)c1cc2c(cc1C)/C(=C(/Nc1ccc(C(=O)NOCCN3CCCCC3)cc1)c1ccccc1)C(=O)N2;;;CHEMBL5728567;;2021.0;{'bei': '13.53', 'le': '0.25', 'lle': '2.64', 'sei': '6.88'};CHEMBL5976539;;CHEMBL5976539;7.50;0;http://www.openphacts.org/units/Nanomolar;4511169;=;37;1;=;;Ki;nM;;31.3;CHEMBL2007;Homo sapiens;Platelet-derived growth factor receptor alpha;9606;;;Ki;nM;UO_0000065;;31.3
;1061151;28410560;[];CHEMBL5737025;PDGFRalpha Enzyme Inhibition: The inhibitory activities of compounds of the invention against PDGFRα (PDGFRα Kinase Enzyme System: Promega), were evaluated by mixing the PDGFRα protein (12.5 ng/mL, 2 μL), substrate (Poly (4:1 Glu4, Tyr1), 100 ng/mL, 2 μL) with the test compound (2 μL at either 3 μM, 0.67 μM, 0.15 μM, 0.033 μM, 0.0073 μM, 0.0016 μM, 0.0036 μM or 0.00008 μM) for 90 min at 25° C. The kinase reaction was initiated by adding ATP (25 μM, 2 μL) and the mixture was incubated for 1 hr at 25° C. ADP-Glo reagent was added for 40 min (8 μL) then development reagent (16 μL) was added for 40 min prior to detection in a microplate reader (EnVision® Multilabel Reader, Perkin Elmer).;B;;;BAO_0000192;BAO_0000357;single protein format;COC(=O)c1cc2c(cc1C)/C(=C(/Nc1ccc(C(=O)NOCCN3CCC(N(C)C)CC3)cc1)c1ccccc1)C(=O)N2;;;CHEMBL5728567;;2021.0;{'bei': '13.31', 'le': '0.25', 'lle': '3.56', 'sei': '7.09'};CHEMBL5856121;;CHEMBL5856121;7.96;0;http://www.openphacts.org/units/Nanomolar;4511170;=;37;1;=;;Ki;nM;;11.0;CHEMBL2007;Homo sapiens;Platelet-derived growth factor receptor alpha;9606;;;Ki;nM;UO_0000065;;11.0
;1061157;28410578;[];CHEMBL5737025;PDGFRalpha Enzyme Inhibition: The inhibitory activities of compounds of the invention against PDGFRα (PDGFRα Kinase Enzyme System: Promega), were evaluated by mixing the PDGFRα protein (12.5 ng/mL, 2 μL), substrate (Poly (4:1 Glu4, Tyr1), 100 ng/mL, 2 μL) with the test compound (2 μL at either 3 μM, 0.67 μM, 0.15 μM, 0.033 μM, 0.0073 μM, 0.0016 μM, 0.0036 μM or 0.00008 μM) for 90 min at 25° C. The kinase reaction was initiated by adding ATP (25 μM, 2 μL) and the mixture was incubated for 1 hr at 25° C. ADP-Glo reagent was added for 40 min (8 μL) then development reagent (16 μL) was added for 40 min prior to detection in a microplate reader (EnVision® Multilabel Reader, Perkin Elmer).;B;;;BAO_0000192;BAO_0000357;single protein format;COC(=O)c1cc2c(cc1C)/C(=C(/Nc1ccc(C(=O)NOCCN3CC[C@H](N(C)C)C3)cc1)c1ccccc1)C(=O)N2;;;CHEMBL5728567;;2021.0;{'bei': '13.61', 'le': '0.25', 'lle': '3.94', 'sei': '7.08'};CHEMBL5828459;;CHEMBL5828459;7.95;0;http://www.openphacts.org/units/Nanomolar;4511171;=;37;1;=;;Ki;nM;;11.3;CHEMBL2007;Homo sapiens;Platelet-derived growth factor receptor alpha;9606;;;Ki;nM;UO_0000065;;11.3
;1061163;28410596;[];CHEMBL5737025;PDGFRalpha Enzyme Inhibition: The inhibitory activities of compounds of the invention against PDGFRα (PDGFRα Kinase Enzyme System: Promega), were evaluated by mixing the PDGFRα protein (12.5 ng/mL, 2 μL), substrate (Poly (4:1 Glu4, Tyr1), 100 ng/mL, 2 μL) with the test compound (2 μL at either 3 μM, 0.67 μM, 0.15 μM, 0.033 μM, 0.0073 μM, 0.0016 μM, 0.0036 μM or 0.00008 μM) for 90 min at 25° C. The kinase reaction was initiated by adding ATP (25 μM, 2 μL) and the mixture was incubated for 1 hr at 25° C. ADP-Glo reagent was added for 40 min (8 μL) then development reagent (16 μL) was added for 40 min prior to detection in a microplate reader (EnVision® Multilabel Reader, Perkin Elmer).;B;;;BAO_0000192;BAO_0000357;single protein format;COC(=O)c1cc2c(cc1C)/C(=C(/Nc1ccc(C(=O)NOCCN3CCC(OC)CC3)cc1)c1ccccc1)C(=O)N2;;;CHEMBL5728567;;2021.0;{'bei': '12.94', 'le': '0.24', 'lle': '3.07', 'sei': '6.40'};CHEMBL5994393;;CHEMBL5994393;7.56;0;http://www.openphacts.org/units/Nanomolar;4511172;=;37;1;=;;Ki;nM;;27.3;CHEMBL2007;Homo sapiens;Platelet-derived growth factor receptor alpha;9606;;;Ki;nM;UO_0000065;;27.3
;1061169;28410614;[];CHEMBL5737025;PDGFRalpha Enzyme Inhibition: The inhibitory activities of compounds of the invention against PDGFRα (PDGFRα Kinase Enzyme System: Promega), were evaluated by mixing the PDGFRα protein (12.5 ng/mL, 2 μL), substrate (Poly (4:1 Glu4, Tyr1), 100 ng/mL, 2 μL) with the test compound (2 μL at either 3 μM, 0.67 μM, 0.15 μM, 0.033 μM, 0.0073 μM, 0.0016 μM, 0.0036 μM or 0.00008 μM) for 90 min at 25° C. The kinase reaction was initiated by adding ATP (25 μM, 2 μL) and the mixture was incubated for 1 hr at 25° C. ADP-Glo reagent was added for 40 min (8 μL) then development reagent (16 μL) was added for 40 min prior to detection in a microplate reader (EnVision® Multilabel Reader, Perkin Elmer).;B;;;BAO_0000192;BAO_0000357;single protein format;COC(=O)c1cc2c(cc1C)/C(=C(/Nc1ccc(C(=O)NOCCCN3CCCCC3)cc1)c1ccccc1)C(=O)N2;;;CHEMBL5728567;;2021.0;{'bei': '13.15', 'le': '0.24', 'lle': '2.23', 'sei': '6.86'};CHEMBL5875515;;CHEMBL5875515;7.48;0;http://www.openphacts.org/units/Nanomolar;4511173;=;37;1;=;;Ki;nM;;33.4;CHEMBL2007;Homo sapiens;Platelet-derived growth factor receptor alpha;9606;;;Ki;nM;UO_0000065;;33.4
;1061175;28410632;[];CHEMBL5737025;PDGFRalpha Enzyme Inhibition: The inhibitory activities of compounds of the invention against PDGFRα (PDGFRα Kinase Enzyme System: Promega), were evaluated by mixing the PDGFRα protein (12.5 ng/mL, 2 μL), substrate (Poly (4:1 Glu4, Tyr1), 100 ng/mL, 2 μL) with the test compound (2 μL at either 3 μM, 0.67 μM, 0.15 μM, 0.033 μM, 0.0073 μM, 0.0016 μM, 0.0036 μM or 0.00008 μM) for 90 min at 25° C. The kinase reaction was initiated by adding ATP (25 μM, 2 μL) and the mixture was incubated for 1 hr at 25° C. ADP-Glo reagent was added for 40 min (8 μL) then development reagent (16 μL) was added for 40 min prior to detection in a microplate reader (EnVision® Multilabel Reader, Perkin Elmer).;B;;;BAO_0000192;BAO_0000357;single protein format;COC(=O)c1cc2c(cc1C)/C(=C(/Nc1ccc(C(=O)NOCCN3CCC(O)CC3)cc1)c1ccccc1)C(=O)N2;;;CHEMBL5728567;;2021.0;{'bei': '13.48', 'le': '0.25', 'lle': '3.86', 'sei': '5.95'};CHEMBL5964158;;CHEMBL5964158;7.70;0;http://www.openphacts.org/units/Nanomolar;4511174;=;37;1;=;;Ki;nM;;20.2;CHEMBL2007;Homo sapiens;Platelet-derived growth factor receptor alpha;9606;;;Ki;nM;UO_0000065;;20.2
;1061181;28410650;[];CHEMBL5737025;PDGFRalpha Enzyme Inhibition: The inhibitory activities of compounds of the invention against PDGFRα (PDGFRα Kinase Enzyme System: Promega), were evaluated by mixing the PDGFRα protein (12.5 ng/mL, 2 μL), substrate (Poly (4:1 Glu4, Tyr1), 100 ng/mL, 2 μL) with the test compound (2 μL at either 3 μM, 0.67 μM, 0.15 μM, 0.033 μM, 0.0073 μM, 0.0016 μM, 0.0036 μM or 0.00008 μM) for 90 min at 25° C. The kinase reaction was initiated by adding ATP (25 μM, 2 μL) and the mixture was incubated for 1 hr at 25° C. ADP-Glo reagent was added for 40 min (8 μL) then development reagent (16 μL) was added for 40 min prior to detection in a microplate reader (EnVision® Multilabel Reader, Perkin Elmer).;B;;;BAO_0000192;BAO_0000357;single protein format;COC(=O)c1cc2c(cc1C)/C(=C(/Nc1ccc(C(=O)NOCCCN3CCC(OC)CC3)cc1)c1ccccc1)C(=O)N2;;;CHEMBL5728567;;2021.0;{'bei': '12.57', 'le': '0.23', 'lle': '2.64', 'sei': '6.36'};CHEMBL5990882;;CHEMBL5990882;7.52;0;http://www.openphacts.org/units/Nanomolar;4511175;=;37;1;=;;Ki;nM;;30.0;CHEMBL2007;Homo sapiens;Platelet-derived growth factor receptor alpha;9606;;;Ki;nM;UO_0000065;;30.0
;1061187;28410668;[];CHEMBL5737025;PDGFRalpha Enzyme Inhibition: The inhibitory activities of compounds of the invention against PDGFRα (PDGFRα Kinase Enzyme System: Promega), were evaluated by mixing the PDGFRα protein (12.5 ng/mL, 2 μL), substrate (Poly (4:1 Glu4, Tyr1), 100 ng/mL, 2 μL) with the test compound (2 μL at either 3 μM, 0.67 μM, 0.15 μM, 0.033 μM, 0.0073 μM, 0.0016 μM, 0.0036 μM or 0.00008 μM) for 90 min at 25° C. The kinase reaction was initiated by adding ATP (25 μM, 2 μL) and the mixture was incubated for 1 hr at 25° C. ADP-Glo reagent was added for 40 min (8 μL) then development reagent (16 μL) was added for 40 min prior to detection in a microplate reader (EnVision® Multilabel Reader, Perkin Elmer).;B;;;BAO_0000192;BAO_0000357;single protein format;COC(=O)c1cc2c(cc1C)/C(=C(/Nc1ccc(C(=O)N(C)OCCN(C)CCO)cc1)c1ccccc1)C(=O)N2;;;CHEMBL5728567;;2021.0;{'bei': '14.22', 'le': '0.26', 'lle': '4.30', 'sei': '6.60'};CHEMBL5960246;;CHEMBL5960246;7.94;0;http://www.openphacts.org/units/Nanomolar;4511176;=;37;1;=;;Ki;nM;;11.4;CHEMBL2007;Homo sapiens;Platelet-derived growth factor receptor alpha;9606;;;Ki;nM;UO_0000065;;11.4
;1061193;28410686;[];CHEMBL5737025;PDGFRalpha Enzyme Inhibition: The inhibitory activities of compounds of the invention against PDGFRα (PDGFRα Kinase Enzyme System: Promega), were evaluated by mixing the PDGFRα protein (12.5 ng/mL, 2 μL), substrate (Poly (4:1 Glu4, Tyr1), 100 ng/mL, 2 μL) with the test compound (2 μL at either 3 μM, 0.67 μM, 0.15 μM, 0.033 μM, 0.0073 μM, 0.0016 μM, 0.0036 μM or 0.00008 μM) for 90 min at 25° C. The kinase reaction was initiated by adding ATP (25 μM, 2 μL) and the mixture was incubated for 1 hr at 25° C. ADP-Glo reagent was added for 40 min (8 μL) then development reagent (16 μL) was added for 40 min prior to detection in a microplate reader (EnVision® Multilabel Reader, Perkin Elmer).;B;;;BAO_0000192;BAO_0000357;single protein format;COC(=O)c1cc2c(cc1C)/C(=C(/Nc1ccc(C(=O)N(C)OCCN3CCNCC3)cc1)c1ccccc1)C(=O)N2;;;CHEMBL5728567;;2021.0;{'bei': '13.96', 'le': '0.26', 'lle': '4.33', 'sei': '7.08'};CHEMBL5963316;;CHEMBL5963316;7.95;0;http://www.openphacts.org/units/Nanomolar;4511177;=;37;1;=;;Ki;nM;;11.2;CHEMBL2007;Homo sapiens;Platelet-derived growth factor receptor alpha;9606;;;Ki;nM;UO_0000065;;11.2
;1061199;28410704;[];CHEMBL5737025;PDGFRalpha Enzyme Inhibition: The inhibitory activities of compounds of the invention against PDGFRα (PDGFRα Kinase Enzyme System: Promega), were evaluated by mixing the PDGFRα protein (12.5 ng/mL, 2 μL), substrate (Poly (4:1 Glu4, Tyr1), 100 ng/mL, 2 μL) with the test compound (2 μL at either 3 μM, 0.67 μM, 0.15 μM, 0.033 μM, 0.0073 μM, 0.0016 μM, 0.0036 μM or 0.00008 μM) for 90 min at 25° C. The kinase reaction was initiated by adding ATP (25 μM, 2 μL) and the mixture was incubated for 1 hr at 25° C. ADP-Glo reagent was added for 40 min (8 μL) then development reagent (16 μL) was added for 40 min prior to detection in a microplate reader (EnVision® Multilabel Reader, Perkin Elmer).;B;;;BAO_0000192;BAO_0000357;single protein format;COC(=O)c1cc2c(cc1C)/C(=C(/Nc1ccc(C(=O)N(C)OCCN3CCN(CCO)CC3)cc1)c1ccccc1)C(=O)N2;;;CHEMBL5728567;;2021.0;{'bei': '12.95', 'le': '0.24', 'lle': '4.62', 'sei': '6.43'};CHEMBL5934811;;CHEMBL5934811;7.95;0;http://www.openphacts.org/units/Nanomolar;4511178;=;37;1;=;;Ki;nM;;11.3;CHEMBL2007;Homo sapiens;Platelet-derived growth factor receptor alpha;9606;;;Ki;nM;UO_0000065;;11.3
;1061205;28410722;[];CHEMBL5737025;PDGFRalpha Enzyme Inhibition: The inhibitory activities of compounds of the invention against PDGFRα (PDGFRα Kinase Enzyme System: Promega), were evaluated by mixing the PDGFRα protein (12.5 ng/mL, 2 μL), substrate (Poly (4:1 Glu4, Tyr1), 100 ng/mL, 2 μL) with the test compound (2 μL at either 3 μM, 0.67 μM, 0.15 μM, 0.033 μM, 0.0073 μM, 0.0016 μM, 0.0036 μM or 0.00008 μM) for 90 min at 25° C. The kinase reaction was initiated by adding ATP (25 μM, 2 μL) and the mixture was incubated for 1 hr at 25° C. ADP-Glo reagent was added for 40 min (8 μL) then development reagent (16 μL) was added for 40 min prior to detection in a microplate reader (EnVision® Multilabel Reader, Perkin Elmer).;B;;;BAO_0000192;BAO_0000357;single protein format;COC(=O)c1cc2c(cc1C)/C(=C(/Nc1ccc(C(=O)N(C)OCCN3C[C@@H]4C[C@H]3CN4)cc1)c1ccccc1)C(=O)N2;;;CHEMBL5728567;;2021.0;{'bei': '13.47', 'le': '0.25', 'lle': '4.07', 'sei': '6.98'};CHEMBL6046549;;CHEMBL6046549;7.83;0;http://www.openphacts.org/units/Nanomolar;4511179;=;37;1;=;;Ki;nM;;14.7;CHEMBL2007;Homo sapiens;Platelet-derived growth factor receptor alpha;9606;;;Ki;nM;UO_0000065;;14.7
;1061211;28410740;[];CHEMBL5737025;PDGFRalpha Enzyme Inhibition: The inhibitory activities of compounds of the invention against PDGFRα (PDGFRα Kinase Enzyme System: Promega), were evaluated by mixing the PDGFRα protein (12.5 ng/mL, 2 μL), substrate (Poly (4:1 Glu4, Tyr1), 100 ng/mL, 2 μL) with the test compound (2 μL at either 3 μM, 0.67 μM, 0.15 μM, 0.033 μM, 0.0073 μM, 0.0016 μM, 0.0036 μM or 0.00008 μM) for 90 min at 25° C. The kinase reaction was initiated by adding ATP (25 μM, 2 μL) and the mixture was incubated for 1 hr at 25° C. ADP-Glo reagent was added for 40 min (8 μL) then development reagent (16 μL) was added for 40 min prior to detection in a microplate reader (EnVision® Multilabel Reader, Perkin Elmer).;B;;;BAO_0000192;BAO_0000357;single protein format;COC(=O)c1cc2c(cc1C)/C(=C(/Nc1ccc(C(=O)N(C)OCCN3C4CCC3CNC4)cc1)c1ccccc1)C(=O)N2;;;CHEMBL5728567;;2021.0;{'bei': '13.06', 'le': '0.24', 'lle': '3.63', 'sei': '6.93'};CHEMBL5826243;;CHEMBL5826243;7.78;0;http://www.openphacts.org/units/Nanomolar;4511180;=;37;1;=;;Ki;nM;;16.6;CHEMBL2007;Homo sapiens;Platelet-derived growth factor receptor alpha;9606;;;Ki;nM;UO_0000065;;16.6
;1061217;28410758;[];CHEMBL5737025;PDGFRalpha Enzyme Inhibition: The inhibitory activities of compounds of the invention against PDGFRα (PDGFRα Kinase Enzyme System: Promega), were evaluated by mixing the PDGFRα protein (12.5 ng/mL, 2 μL), substrate (Poly (4:1 Glu4, Tyr1), 100 ng/mL, 2 μL) with the test compound (2 μL at either 3 μM, 0.67 μM, 0.15 μM, 0.033 μM, 0.0073 μM, 0.0016 μM, 0.0036 μM or 0.00008 μM) for 90 min at 25° C. The kinase reaction was initiated by adding ATP (25 μM, 2 μL) and the mixture was incubated for 1 hr at 25° C. ADP-Glo reagent was added for 40 min (8 μL) then development reagent (16 μL) was added for 40 min prior to detection in a microplate reader (EnVision® Multilabel Reader, Perkin Elmer).;B;;;BAO_0000192;BAO_0000357;single protein format;COC(=O)c1cc2c(cc1C)/C(=C(/Nc1ccc(C(=O)N(C)OCCN3CC4CCC(C3)N4)cc1)c1ccccc1)C(=O)N2;;;CHEMBL5728567;;2021.0;{'bei': '12.70', 'le': '0.23', 'lle': '3.41', 'sei': '6.74'};CHEMBL6006379;;CHEMBL6006379;7.56;0;http://www.openphacts.org/units/Nanomolar;4511181;=;37;1;=;;Ki;nM;;27.3;CHEMBL2007;Homo sapiens;Platelet-derived growth factor receptor alpha;9606;;;Ki;nM;UO_0000065;;27.3
;1061223;28410776;[];CHEMBL5737025;PDGFRalpha Enzyme Inhibition: The inhibitory activities of compounds of the invention against PDGFRα (PDGFRα Kinase Enzyme System: Promega), were evaluated by mixing the PDGFRα protein (12.5 ng/mL, 2 μL), substrate (Poly (4:1 Glu4, Tyr1), 100 ng/mL, 2 μL) with the test compound (2 μL at either 3 μM, 0.67 μM, 0.15 μM, 0.033 μM, 0.0073 μM, 0.0016 μM, 0.0036 μM or 0.00008 μM) for 90 min at 25° C. The kinase reaction was initiated by adding ATP (25 μM, 2 μL) and the mixture was incubated for 1 hr at 25° C. ADP-Glo reagent was added for 40 min (8 μL) then development reagent (16 μL) was added for 40 min prior to detection in a microplate reader (EnVision® Multilabel Reader, Perkin Elmer).;B;;;BAO_0000192;BAO_0000357;single protein format;COC(=O)c1cc2c(cc1C)/C(=C(/Nc1ccc(C(=O)N(C)OCCN3CCN[C@@H](C)C3)cc1)c1ccccc1)C(=O)N2;;;CHEMBL5728567;;2021.0;{'bei': '13.60', 'le': '0.25', 'lle': '3.93', 'sei': '7.07'};CHEMBL5854515;;CHEMBL5854515;7.94;0;http://www.openphacts.org/units/Nanomolar;4511182;=;37;1;=;;Ki;nM;;11.6;CHEMBL2007;Homo sapiens;Platelet-derived growth factor receptor alpha;9606;;;Ki;nM;UO_0000065;;11.6
;1061229;28410794;[];CHEMBL5737025;PDGFRalpha Enzyme Inhibition: The inhibitory activities of compounds of the invention against PDGFRα (PDGFRα Kinase Enzyme System: Promega), were evaluated by mixing the PDGFRα protein (12.5 ng/mL, 2 μL), substrate (Poly (4:1 Glu4, Tyr1), 100 ng/mL, 2 μL) with the test compound (2 μL at either 3 μM, 0.67 μM, 0.15 μM, 0.033 μM, 0.0073 μM, 0.0016 μM, 0.0036 μM or 0.00008 μM) for 90 min at 25° C. The kinase reaction was initiated by adding ATP (25 μM, 2 μL) and the mixture was incubated for 1 hr at 25° C. ADP-Glo reagent was added for 40 min (8 μL) then development reagent (16 μL) was added for 40 min prior to detection in a microplate reader (EnVision® Multilabel Reader, Perkin Elmer).;B;;;BAO_0000192;BAO_0000357;single protein format;COC(=O)c1cc2c(cc1C)/C(=C(/Nc1ccc(C(=O)NOCCN3CCC(C#N)CC3)cc1)c1ccccc1)C(=O)N2;;;CHEMBL5728567;;2021.0;{'bei': '13.43', 'le': '0.25', 'lle': '3.18', 'sei': '5.86'};CHEMBL5908371;;CHEMBL5908371;7.79;0;http://www.openphacts.org/units/Nanomolar;4511183;=;37;1;=;;Ki;nM;;16.4;CHEMBL2007;Homo sapiens;Platelet-derived growth factor receptor alpha;9606;;;Ki;nM;UO_0000065;;16.4
;1061235;28410812;[];CHEMBL5737025;PDGFRalpha Enzyme Inhibition: The inhibitory activities of compounds of the invention against PDGFRα (PDGFRα Kinase Enzyme System: Promega), were evaluated by mixing the PDGFRα protein (12.5 ng/mL, 2 μL), substrate (Poly (4:1 Glu4, Tyr1), 100 ng/mL, 2 μL) with the test compound (2 μL at either 3 μM, 0.67 μM, 0.15 μM, 0.033 μM, 0.0073 μM, 0.0016 μM, 0.0036 μM or 0.00008 μM) for 90 min at 25° C. The kinase reaction was initiated by adding ATP (25 μM, 2 μL) and the mixture was incubated for 1 hr at 25° C. ADP-Glo reagent was added for 40 min (8 μL) then development reagent (16 μL) was added for 40 min prior to detection in a microplate reader (EnVision® Multilabel Reader, Perkin Elmer).;B;;;BAO_0000192;BAO_0000357;single protein format;COC(=O)c1cc2c(cc1C)/C(=C(/Nc1ccc(C(=O)N(C)OCCN3CCN[C@H](C)C3)cc1)c1ccccc1)C(=O)N2;;;CHEMBL5728567;;2021.0;{'bei': '13.51', 'le': '0.25', 'lle': '3.88', 'sei': '7.03'};CHEMBL6062938;;CHEMBL6062938;7.89;0;http://www.openphacts.org/units/Nanomolar;4511184;=;37;1;=;;Ki;nM;;13.0;CHEMBL2007;Homo sapiens;Platelet-derived growth factor receptor alpha;9606;;;Ki;nM;UO_0000065;;13.0
;1061241;28410830;[];CHEMBL5737025;PDGFRalpha Enzyme Inhibition: The inhibitory activities of compounds of the invention against PDGFRα (PDGFRα Kinase Enzyme System: Promega), were evaluated by mixing the PDGFRα protein (12.5 ng/mL, 2 μL), substrate (Poly (4:1 Glu4, Tyr1), 100 ng/mL, 2 μL) with the test compound (2 μL at either 3 μM, 0.67 μM, 0.15 μM, 0.033 μM, 0.0073 μM, 0.0016 μM, 0.0036 μM or 0.00008 μM) for 90 min at 25° C. The kinase reaction was initiated by adding ATP (25 μM, 2 μL) and the mixture was incubated for 1 hr at 25° C. ADP-Glo reagent was added for 40 min (8 μL) then development reagent (16 μL) was added for 40 min prior to detection in a microplate reader (EnVision® Multilabel Reader, Perkin Elmer).;B;;;BAO_0000192;BAO_0000357;single protein format;COC(=O)c1cc2c(cc1C)/C(=C(/Nc1ccc(C(=O)N(C)OCCN3CC4CC(C3)N4)cc1)c1ccccc1)C(=O)N2;;;CHEMBL5728567;;2021.0;{'bei': '13.24', 'le': '0.24', 'lle': '3.94', 'sei': '6.86'};CHEMBL5900483;;CHEMBL5900483;7.70;0;http://www.openphacts.org/units/Nanomolar;4511185;=;37;1;=;;Ki;nM;;20.0;CHEMBL2007;Homo sapiens;Platelet-derived growth factor receptor alpha;9606;;;Ki;nM;UO_0000065;;20.0
;1061267;28410908;[];CHEMBL5737025;PDGFRalpha Enzyme Inhibition: The inhibitory activities of compounds of the invention against PDGFRα (PDGFRα Kinase Enzyme System: Promega), were evaluated by mixing the PDGFRα protein (12.5 ng/mL, 2 μL), substrate (Poly (4:1 Glu4, Tyr1), 100 ng/mL, 2 μL) with the test compound (2 μL at either 3 μM, 0.67 μM, 0.15 μM, 0.033 μM, 0.0073 μM, 0.0016 μM, 0.0036 μM or 0.00008 μM) for 90 min at 25° C. The kinase reaction was initiated by adding ATP (25 μM, 2 μL) and the mixture was incubated for 1 hr at 25° C. ADP-Glo reagent was added for 40 min (8 μL) then development reagent (16 μL) was added for 40 min prior to detection in a microplate reader (EnVision® Multilabel Reader, Perkin Elmer).;B;;;BAO_0000192;BAO_0000357;single protein format;CNC(=O)CN1CCN(CCONC(=O)c2ccc(N/C(=C3\C(=O)Nc4cc(C(=O)OC)c(C)cc43)c3ccccc3)cc2)CC1;;;CHEMBL5728567;;2021.0;{'bei': '12.58', 'le': '0.23', 'lle': '5.15', 'sei': '5.58'};CHEMBL5752345;;CHEMBL5752345;7.89;0;http://www.openphacts.org/units/Nanomolar;4511191;=;37;1;=;;Ki;nM;;13.0;CHEMBL2007;Homo sapiens;Platelet-derived growth factor receptor alpha;9606;;;Ki;nM;UO_0000065;;13.0
;1124292;28576658;[];CHEMBL5737699;PDGFRalpha Enzyme Inhibition: Assay was performed in buffer containing 40 mM Tris pH 7.5, 20 mM MgCl2, 0.1 mg/mL BSA and 1 mM DTT. The inhibitory activities of compounds of the invention against PDGFRα (PDGFRα Kinase Enzyme System: Promega), were evaluated by mixing the PDGFRα protein (12.5 ng/mL, 2 μL), substrate (Poly (4:1 Glu4, Tyr1), 100 ng/mL, 2 μL) with the test compound (2 μL at either 3 μM, 0.67 μM, 0.15 μM, 0.033 μM, 0.0073 μM, 0.0016 μM, 0.0036 μM or 0.00008 μM) for 90 min at 25° C. The kinase reaction was initiated by adding ATP (25 μM, 2 μL) and the mixture was incubated for 1 hr at 25° C. ADP-Glo reagent was added for 40 min (8 μL) then development reagent (16 μL) was added for 40 min prior to detection in a microplate reader (EnVision Multilabel Reader, Perkin Elmer).;B;;;BAO_0000192;BAO_0000357;single protein format;COC(=O)c1ccc2c(c1)NC(=O)/C2=C(\Nc1ccc(N(C)C(=O)CN2CCN(C)CC2)cc1)c1ccccc1;;;CHEMBL5728892;;2021.0;{'bei': '14.97', 'le': '0.28', 'lle': '4.46', 'sei': '8.57'};CHEMBL502835;NINTEDANIB;CHEMBL502835;8.08;1;http://www.openphacts.org/units/Nanomolar;4545697;=;37;1;=;;Ki;nM;;8.4;CHEMBL2007;Homo sapiens;Platelet-derived growth factor receptor alpha;9606;;;Ki;nM;UO_0000065;;8.4
;1124298;28576676;[];CHEMBL5737699;PDGFRalpha Enzyme Inhibition: Assay was performed in buffer containing 40 mM Tris pH 7.5, 20 mM MgCl2, 0.1 mg/mL BSA and 1 mM DTT. The inhibitory activities of compounds of the invention against PDGFRα (PDGFRα Kinase Enzyme System: Promega), were evaluated by mixing the PDGFRα protein (12.5 ng/mL, 2 μL), substrate (Poly (4:1 Glu4, Tyr1), 100 ng/mL, 2 μL) with the test compound (2 μL at either 3 μM, 0.67 μM, 0.15 μM, 0.033 μM, 0.0073 μM, 0.0016 μM, 0.0036 μM or 0.00008 μM) for 90 min at 25° C. The kinase reaction was initiated by adding ATP (25 μM, 2 μL) and the mixture was incubated for 1 hr at 25° C. ADP-Glo reagent was added for 40 min (8 μL) then development reagent (16 μL) was added for 40 min prior to detection in a microplate reader (EnVision Multilabel Reader, Perkin Elmer).;B;;;BAO_0000192;BAO_0000357;single protein format;COC(=O)Cc1cc(C)c(C(=O)OC)cc1[N+](=O)[O-];;;CHEMBL5728892;;2021.0;{'bei': '29.60', 'le': '0.57', 'lle': '6.50', 'sei': '8.26'};CHEMBL6030373;;CHEMBL6030373;7.91;0;http://www.openphacts.org/units/Nanomolar;4545698;=;37;1;=;;Ki;nM;;12.3;CHEMBL2007;Homo sapiens;Platelet-derived growth factor receptor alpha;9606;;;Ki;nM;UO_0000065;;12.3
;1124304;28576694;[];CHEMBL5737699;PDGFRalpha Enzyme Inhibition: Assay was performed in buffer containing 40 mM Tris pH 7.5, 20 mM MgCl2, 0.1 mg/mL BSA and 1 mM DTT. The inhibitory activities of compounds of the invention against PDGFRα (PDGFRα Kinase Enzyme System: Promega), were evaluated by mixing the PDGFRα protein (12.5 ng/mL, 2 μL), substrate (Poly (4:1 Glu4, Tyr1), 100 ng/mL, 2 μL) with the test compound (2 μL at either 3 μM, 0.67 μM, 0.15 μM, 0.033 μM, 0.0073 μM, 0.0016 μM, 0.0036 μM or 0.00008 μM) for 90 min at 25° C. The kinase reaction was initiated by adding ATP (25 μM, 2 μL) and the mixture was incubated for 1 hr at 25° C. ADP-Glo reagent was added for 40 min (8 μL) then development reagent (16 μL) was added for 40 min prior to detection in a microplate reader (EnVision Multilabel Reader, Perkin Elmer).;B;;;BAO_0000192;BAO_0000357;single protein format;COC(=O)c1cc2c(cc1C)/C(=C(/Nc1ccc(C(=O)OC(C)(C)C)cc1)c1ccccc1)C(=O)N2C(C)=O;;;CHEMBL5728892;;2021.0;{'bei': '14.70', 'le': '0.27', 'lle': '2.13', 'sei': '7.59'};CHEMBL5760294;;CHEMBL5760294;7.74;0;http://www.openphacts.org/units/Nanomolar;4545699;=;37;1;=;;Ki;nM;;18.2;CHEMBL2007;Homo sapiens;Platelet-derived growth factor receptor alpha;9606;;;Ki;nM;UO_0000065;;18.2
;1124310;28576712;[];CHEMBL5737699;PDGFRalpha Enzyme Inhibition: Assay was performed in buffer containing 40 mM Tris pH 7.5, 20 mM MgCl2, 0.1 mg/mL BSA and 1 mM DTT. The inhibitory activities of compounds of the invention against PDGFRα (PDGFRα Kinase Enzyme System: Promega), were evaluated by mixing the PDGFRα protein (12.5 ng/mL, 2 μL), substrate (Poly (4:1 Glu4, Tyr1), 100 ng/mL, 2 μL) with the test compound (2 μL at either 3 μM, 0.67 μM, 0.15 μM, 0.033 μM, 0.0073 μM, 0.0016 μM, 0.0036 μM or 0.00008 μM) for 90 min at 25° C. The kinase reaction was initiated by adding ATP (25 μM, 2 μL) and the mixture was incubated for 1 hr at 25° C. ADP-Glo reagent was added for 40 min (8 μL) then development reagent (16 μL) was added for 40 min prior to detection in a microplate reader (EnVision Multilabel Reader, Perkin Elmer).;B;;;BAO_0000192;BAO_0000357;single protein format;COC(=O)c1cc2c(cc1C)/C(=C(/Nc1ccc(C(=O)NCC3CCN(C)CC3)cc1)c1ccccc1)C(=O)N2;;;CHEMBL5728892;;2021.0;{'bei': '14.80', 'le': '0.27', 'lle': '3.18', 'sei': '7.99'};CHEMBL6028974;;CHEMBL6028974;7.97;1;http://www.openphacts.org/units/Nanomolar;4545700;=;37;1;=;;Ki;nM;;10.7;CHEMBL2007;Homo sapiens;Platelet-derived growth factor receptor alpha;9606;;;Ki;nM;UO_0000065;;10.7
;1124316;28576730;[];CHEMBL5737699;PDGFRalpha Enzyme Inhibition: Assay was performed in buffer containing 40 mM Tris pH 7.5, 20 mM MgCl2, 0.1 mg/mL BSA and 1 mM DTT. The inhibitory activities of compounds of the invention against PDGFRα (PDGFRα Kinase Enzyme System: Promega), were evaluated by mixing the PDGFRα protein (12.5 ng/mL, 2 μL), substrate (Poly (4:1 Glu4, Tyr1), 100 ng/mL, 2 μL) with the test compound (2 μL at either 3 μM, 0.67 μM, 0.15 μM, 0.033 μM, 0.0073 μM, 0.0016 μM, 0.0036 μM or 0.00008 μM) for 90 min at 25° C. The kinase reaction was initiated by adding ATP (25 μM, 2 μL) and the mixture was incubated for 1 hr at 25° C. ADP-Glo reagent was added for 40 min (8 μL) then development reagent (16 μL) was added for 40 min prior to detection in a microplate reader (EnVision Multilabel Reader, Perkin Elmer).;B;;;BAO_0000192;BAO_0000357;single protein format;COC(=O)c1cc2c(cc1C)/C(=C(/Nc1ccc(C(=O)NCCN3CCN(C)CC3)cc1)c1ccccc1)C(=O)N2;;;CHEMBL5728892;;2021.0;{'bei': '14.35', 'le': '0.26', 'lle': '4.26', 'sei': '7.71'};CHEMBL6058213;;CHEMBL6058213;7.95;1;http://www.openphacts.org/units/Nanomolar;4545701;=;37;1;=;;Ki;nM;;11.3;CHEMBL2007;Homo sapiens;Platelet-derived growth factor receptor alpha;9606;;;Ki;nM;UO_0000065;;11.3
;1124322;28576748;[];CHEMBL5737699;PDGFRalpha Enzyme Inhibition: Assay was performed in buffer containing 40 mM Tris pH 7.5, 20 mM MgCl2, 0.1 mg/mL BSA and 1 mM DTT. The inhibitory activities of compounds of the invention against PDGFRα (PDGFRα Kinase Enzyme System: Promega), were evaluated by mixing the PDGFRα protein (12.5 ng/mL, 2 μL), substrate (Poly (4:1 Glu4, Tyr1), 100 ng/mL, 2 μL) with the test compound (2 μL at either 3 μM, 0.67 μM, 0.15 μM, 0.033 μM, 0.0073 μM, 0.0016 μM, 0.0036 μM or 0.00008 μM) for 90 min at 25° C. The kinase reaction was initiated by adding ATP (25 μM, 2 μL) and the mixture was incubated for 1 hr at 25° C. ADP-Glo reagent was added for 40 min (8 μL) then development reagent (16 μL) was added for 40 min prior to detection in a microplate reader (EnVision Multilabel Reader, Perkin Elmer).;B;;;BAO_0000192;BAO_0000357;single protein format;COC(=O)c1cc2c(cc1C)/C(=C(/Nc1ccc(C(=O)NCCN3CCCN(C)CC3)cc1)c1ccccc1)C(=O)N2;;;CHEMBL5728892;;2021.0;{'bei': '13.94', 'le': '0.26', 'lle': '3.83', 'sei': '7.68'};CHEMBL6033462;;CHEMBL6033462;7.91;1;http://www.openphacts.org/units/Nanomolar;4545702;=;37;1;=;;Ki;nM;;12.2;CHEMBL2007;Homo sapiens;Platelet-derived growth factor receptor alpha;9606;;;Ki;nM;UO_0000065;;12.2
;1124328;28576766;[];CHEMBL5737699;PDGFRalpha Enzyme Inhibition: Assay was performed in buffer containing 40 mM Tris pH 7.5, 20 mM MgCl2, 0.1 mg/mL BSA and 1 mM DTT. The inhibitory activities of compounds of the invention against PDGFRα (PDGFRα Kinase Enzyme System: Promega), were evaluated by mixing the PDGFRα protein (12.5 ng/mL, 2 μL), substrate (Poly (4:1 Glu4, Tyr1), 100 ng/mL, 2 μL) with the test compound (2 μL at either 3 μM, 0.67 μM, 0.15 μM, 0.033 μM, 0.0073 μM, 0.0016 μM, 0.0036 μM or 0.00008 μM) for 90 min at 25° C. The kinase reaction was initiated by adding ATP (25 μM, 2 μL) and the mixture was incubated for 1 hr at 25° C. ADP-Glo reagent was added for 40 min (8 μL) then development reagent (16 μL) was added for 40 min prior to detection in a microplate reader (EnVision Multilabel Reader, Perkin Elmer).;B;;;BAO_0000192;BAO_0000357;single protein format;COC(=O)c1cc2c(cc1C)/C(=C(/Nc1ccc(C(=O)NCCN3CCC(N(C)C)CC3)cc1)c1ccccc1)C(=O)N2;;;CHEMBL5728892;;2021.0;{'bei': '13.80', 'le': '0.25', 'lle': '3.56', 'sei': '7.79'};CHEMBL5770439;;CHEMBL5770439;8.03;1;http://www.openphacts.org/units/Nanomolar;4545703;=;37;1;=;;Ki;nM;;9.41;CHEMBL2007;Homo sapiens;Platelet-derived growth factor receptor alpha;9606;;;Ki;nM;UO_0000065;;9.41
;1124334;28576784;[];CHEMBL5737699;PDGFRalpha Enzyme Inhibition: Assay was performed in buffer containing 40 mM Tris pH 7.5, 20 mM MgCl2, 0.1 mg/mL BSA and 1 mM DTT. The inhibitory activities of compounds of the invention against PDGFRα (PDGFRα Kinase Enzyme System: Promega), were evaluated by mixing the PDGFRα protein (12.5 ng/mL, 2 μL), substrate (Poly (4:1 Glu4, Tyr1), 100 ng/mL, 2 μL) with the test compound (2 μL at either 3 μM, 0.67 μM, 0.15 μM, 0.033 μM, 0.0073 μM, 0.0016 μM, 0.0036 μM or 0.00008 μM) for 90 min at 25° C. The kinase reaction was initiated by adding ATP (25 μM, 2 μL) and the mixture was incubated for 1 hr at 25° C. ADP-Glo reagent was added for 40 min (8 μL) then development reagent (16 μL) was added for 40 min prior to detection in a microplate reader (EnVision Multilabel Reader, Perkin Elmer).;B;;;BAO_0000192;BAO_0000357;single protein format;COC(=O)c1cc2c(cc1C)/C(=C(/Nc1ccc(C(=O)NCC(=O)N3CCN(CCO)CC3)cc1)c1ccccc1)C(=O)N2;;;CHEMBL5728892;;2021.0;{'bei': '13.56', 'le': '0.25', 'lle': '5.53', 'sei': '5.78'};CHEMBL5785162;;CHEMBL5785162;8.11;1;http://www.openphacts.org/units/Nanomolar;4545704;=;37;1;=;;Ki;nM;;7.82;CHEMBL2007;Homo sapiens;Platelet-derived growth factor receptor alpha;9606;;;Ki;nM;UO_0000065;;7.82
;1124340;28576802;[];CHEMBL5737699;PDGFRalpha Enzyme Inhibition: Assay was performed in buffer containing 40 mM Tris pH 7.5, 20 mM MgCl2, 0.1 mg/mL BSA and 1 mM DTT. The inhibitory activities of compounds of the invention against PDGFRα (PDGFRα Kinase Enzyme System: Promega), were evaluated by mixing the PDGFRα protein (12.5 ng/mL, 2 μL), substrate (Poly (4:1 Glu4, Tyr1), 100 ng/mL, 2 μL) with the test compound (2 μL at either 3 μM, 0.67 μM, 0.15 μM, 0.033 μM, 0.0073 μM, 0.0016 μM, 0.0036 μM or 0.00008 μM) for 90 min at 25° C. The kinase reaction was initiated by adding ATP (25 μM, 2 μL) and the mixture was incubated for 1 hr at 25° C. ADP-Glo reagent was added for 40 min (8 μL) then development reagent (16 μL) was added for 40 min prior to detection in a microplate reader (EnVision Multilabel Reader, Perkin Elmer).;B;;;BAO_0000192;BAO_0000357;single protein format;COC(=O)c1cc2c(cc1C)/C(=C(/Nc1ccc(C(=O)NCC(=O)N3CCN(C)CC3)cc1)c1ccccc1)C(=O)N2;;;CHEMBL5728892;;2021.0;{'bei': '14.03', 'le': '0.26', 'lle': '4.74', 'sei': '6.63'};CHEMBL5782903;;CHEMBL5782903;7.96;1;http://www.openphacts.org/units/Nanomolar;4545705;=;37;1;=;;Ki;nM;;10.9;CHEMBL2007;Homo sapiens;Platelet-derived growth factor receptor alpha;9606;;;Ki;nM;UO_0000065;;10.9
;1124346;28576820;[];CHEMBL5737699;PDGFRalpha Enzyme Inhibition: Assay was performed in buffer containing 40 mM Tris pH 7.5, 20 mM MgCl2, 0.1 mg/mL BSA and 1 mM DTT. The inhibitory activities of compounds of the invention against PDGFRα (PDGFRα Kinase Enzyme System: Promega), were evaluated by mixing the PDGFRα protein (12.5 ng/mL, 2 μL), substrate (Poly (4:1 Glu4, Tyr1), 100 ng/mL, 2 μL) with the test compound (2 μL at either 3 μM, 0.67 μM, 0.15 μM, 0.033 μM, 0.0073 μM, 0.0016 μM, 0.0036 μM or 0.00008 μM) for 90 min at 25° C. The kinase reaction was initiated by adding ATP (25 μM, 2 μL) and the mixture was incubated for 1 hr at 25° C. ADP-Glo reagent was added for 40 min (8 μL) then development reagent (16 μL) was added for 40 min prior to detection in a microplate reader (EnVision Multilabel Reader, Perkin Elmer).;B;;;BAO_0000192;BAO_0000357;single protein format;COC(=O)c1cc2c(cc1C)/C(=C(/Nc1ccc(C(=O)NCCN3CCNC(=O)C3)cc1)c1ccccc1)C(=O)N2;;;CHEMBL5728892;;2021.0;{'bei': '14.59', 'le': '0.27', 'lle': '5.20', 'sei': '6.27'};CHEMBL5851926;;CHEMBL5851926;8.08;1;http://www.openphacts.org/units/Nanomolar;4545706;=;37;1;=;;Ki;nM;;8.36;CHEMBL2007;Homo sapiens;Platelet-derived growth factor receptor alpha;9606;;;Ki;nM;UO_0000065;;8.36
;1124352;28576838;[];CHEMBL5737699;PDGFRalpha Enzyme Inhibition: Assay was performed in buffer containing 40 mM Tris pH 7.5, 20 mM MgCl2, 0.1 mg/mL BSA and 1 mM DTT. The inhibitory activities of compounds of the invention against PDGFRα (PDGFRα Kinase Enzyme System: Promega), were evaluated by mixing the PDGFRα protein (12.5 ng/mL, 2 μL), substrate (Poly (4:1 Glu4, Tyr1), 100 ng/mL, 2 μL) with the test compound (2 μL at either 3 μM, 0.67 μM, 0.15 μM, 0.033 μM, 0.0073 μM, 0.0016 μM, 0.0036 μM or 0.00008 μM) for 90 min at 25° C. The kinase reaction was initiated by adding ATP (25 μM, 2 μL) and the mixture was incubated for 1 hr at 25° C. ADP-Glo reagent was added for 40 min (8 μL) then development reagent (16 μL) was added for 40 min prior to detection in a microplate reader (EnVision Multilabel Reader, Perkin Elmer).;B;;;BAO_0000192;BAO_0000357;single protein format;COC(=O)c1cc2c(cc1C)/C(=C(/Nc1ccc(C(=O)NCCC(=O)N3CCN(C)CC3)cc1)c1ccccc1)C(=O)N2;;;CHEMBL5728892;;2021.0;{'bei': '13.39', 'le': '0.25', 'lle': '4.18', 'sei': '6.49'};CHEMBL5983117;;CHEMBL5983117;7.79;1;http://www.openphacts.org/units/Nanomolar;4545707;=;37;1;=;;Ki;nM;;16.2;CHEMBL2007;Homo sapiens;Platelet-derived growth factor receptor alpha;9606;;;Ki;nM;UO_0000065;;16.2
;1124358;28576856;[];CHEMBL5737699;PDGFRalpha Enzyme Inhibition: Assay was performed in buffer containing 40 mM Tris pH 7.5, 20 mM MgCl2, 0.1 mg/mL BSA and 1 mM DTT. The inhibitory activities of compounds of the invention against PDGFRα (PDGFRα Kinase Enzyme System: Promega), were evaluated by mixing the PDGFRα protein (12.5 ng/mL, 2 μL), substrate (Poly (4:1 Glu4, Tyr1), 100 ng/mL, 2 μL) with the test compound (2 μL at either 3 μM, 0.67 μM, 0.15 μM, 0.033 μM, 0.0073 μM, 0.0016 μM, 0.0036 μM or 0.00008 μM) for 90 min at 25° C. The kinase reaction was initiated by adding ATP (25 μM, 2 μL) and the mixture was incubated for 1 hr at 25° C. ADP-Glo reagent was added for 40 min (8 μL) then development reagent (16 μL) was added for 40 min prior to detection in a microplate reader (EnVision Multilabel Reader, Perkin Elmer).;B;;;BAO_0000192;BAO_0000357;single protein format;CNC(=O)CN1CCN(C(=O)c2ccc(N/C(=C3\C(=O)Nc4cc(C(=O)OC)c(C)cc43)c3ccccc3)cc2)CC1;;;CHEMBL5728892;;2021.0;{'bei': '13.93', 'le': '0.26', 'lle': '4.69', 'sei': '6.59'};CHEMBL5759219;;CHEMBL5759219;7.91;1;http://www.openphacts.org/units/Nanomolar;4545708;=;37;1;=;;Ki;nM;;12.3;CHEMBL2007;Homo sapiens;Platelet-derived growth factor receptor alpha;9606;;;Ki;nM;UO_0000065;;12.3
;1124364;28576874;[];CHEMBL5737699;PDGFRalpha Enzyme Inhibition: Assay was performed in buffer containing 40 mM Tris pH 7.5, 20 mM MgCl2, 0.1 mg/mL BSA and 1 mM DTT. The inhibitory activities of compounds of the invention against PDGFRα (PDGFRα Kinase Enzyme System: Promega), were evaluated by mixing the PDGFRα protein (12.5 ng/mL, 2 μL), substrate (Poly (4:1 Glu4, Tyr1), 100 ng/mL, 2 μL) with the test compound (2 μL at either 3 μM, 0.67 μM, 0.15 μM, 0.033 μM, 0.0073 μM, 0.0016 μM, 0.0036 μM or 0.00008 μM) for 90 min at 25° C. The kinase reaction was initiated by adding ATP (25 μM, 2 μL) and the mixture was incubated for 1 hr at 25° C. ADP-Glo reagent was added for 40 min (8 μL) then development reagent (16 μL) was added for 40 min prior to detection in a microplate reader (EnVision Multilabel Reader, Perkin Elmer).;B;;;BAO_0000192;BAO_0000357;single protein format;COC(=O)c1cc2c(cc1C)/C(=C(/Nc1ccc(C(=O)NCCN3CCC(O)CC3)cc1)c1ccccc1)C(=O)N2;;;CHEMBL5728892;;2021.0;{'bei': '14.15', 'le': '0.26', 'lle': '3.95', 'sei': '6.54'};CHEMBL6011659;;CHEMBL6011659;7.85;1;http://www.openphacts.org/units/Nanomolar;4545709;=;37;1;=;;Ki;nM;;14.2;CHEMBL2007;Homo sapiens;Platelet-derived growth factor receptor alpha;9606;;;Ki;nM;UO_0000065;;14.2
;1124370;28576892;[];CHEMBL5737699;PDGFRalpha Enzyme Inhibition: Assay was performed in buffer containing 40 mM Tris pH 7.5, 20 mM MgCl2, 0.1 mg/mL BSA and 1 mM DTT. The inhibitory activities of compounds of the invention against PDGFRα (PDGFRα Kinase Enzyme System: Promega), were evaluated by mixing the PDGFRα protein (12.5 ng/mL, 2 μL), substrate (Poly (4:1 Glu4, Tyr1), 100 ng/mL, 2 μL) with the test compound (2 μL at either 3 μM, 0.67 μM, 0.15 μM, 0.033 μM, 0.0073 μM, 0.0016 μM, 0.0036 μM or 0.00008 μM) for 90 min at 25° C. The kinase reaction was initiated by adding ATP (25 μM, 2 μL) and the mixture was incubated for 1 hr at 25° C. ADP-Glo reagent was added for 40 min (8 μL) then development reagent (16 μL) was added for 40 min prior to detection in a microplate reader (EnVision Multilabel Reader, Perkin Elmer).;B;;;BAO_0000192;BAO_0000357;single protein format;COC(=O)c1cc2c(cc1C)/C(=C(/Nc1ccc(C(=O)NC3CCN(CCO)CC3)cc1)c1ccccc1)C(=O)N2;;;CHEMBL5728892;;2021.0;{'bei': '14.03', 'le': '0.26', 'lle': '3.88', 'sei': '6.49'};CHEMBL5770010;;CHEMBL5770010;7.78;1;http://www.openphacts.org/units/Nanomolar;4545710;=;37;1;=;;Ki;nM;;16.5;CHEMBL2007;Homo sapiens;Platelet-derived growth factor receptor alpha;9606;;;Ki;nM;UO_0000065;;16.5
;1124376;28576910;[];CHEMBL5737699;PDGFRalpha Enzyme Inhibition: Assay was performed in buffer containing 40 mM Tris pH 7.5, 20 mM MgCl2, 0.1 mg/mL BSA and 1 mM DTT. The inhibitory activities of compounds of the invention against PDGFRα (PDGFRα Kinase Enzyme System: Promega), were evaluated by mixing the PDGFRα protein (12.5 ng/mL, 2 μL), substrate (Poly (4:1 Glu4, Tyr1), 100 ng/mL, 2 μL) with the test compound (2 μL at either 3 μM, 0.67 μM, 0.15 μM, 0.033 μM, 0.0073 μM, 0.0016 μM, 0.0036 μM or 0.00008 μM) for 90 min at 25° C. The kinase reaction was initiated by adding ATP (25 μM, 2 μL) and the mixture was incubated for 1 hr at 25° C. ADP-Glo reagent was added for 40 min (8 μL) then development reagent (16 μL) was added for 40 min prior to detection in a microplate reader (EnVision Multilabel Reader, Perkin Elmer).;B;;;BAO_0000192;BAO_0000357;single protein format;COC(=O)c1cc2c(cc1C)/C(=C(/Nc1ccc(C(=O)NCC3CCN(CCO)CC3)cc1)c1ccccc1)C(=O)N2;;;CHEMBL5728892;;2021.0;{'bei': '13.85', 'le': '0.26', 'lle': '3.73', 'sei': '6.56'};CHEMBL5897053;;CHEMBL5897053;7.88;1;http://www.openphacts.org/units/Nanomolar;4545711;=;37;1;=;;Ki;nM;;13.3;CHEMBL2007;Homo sapiens;Platelet-derived growth factor receptor alpha;9606;;;Ki;nM;UO_0000065;;13.3
;1124382;28576928;[];CHEMBL5737699;PDGFRalpha Enzyme Inhibition: Assay was performed in buffer containing 40 mM Tris pH 7.5, 20 mM MgCl2, 0.1 mg/mL BSA and 1 mM DTT. The inhibitory activities of compounds of the invention against PDGFRα (PDGFRα Kinase Enzyme System: Promega), were evaluated by mixing the PDGFRα protein (12.5 ng/mL, 2 μL), substrate (Poly (4:1 Glu4, Tyr1), 100 ng/mL, 2 μL) with the test compound (2 μL at either 3 μM, 0.67 μM, 0.15 μM, 0.033 μM, 0.0073 μM, 0.0016 μM, 0.0036 μM or 0.00008 μM) for 90 min at 25° C. The kinase reaction was initiated by adding ATP (25 μM, 2 μL) and the mixture was incubated for 1 hr at 25° C. ADP-Glo reagent was added for 40 min (8 μL) then development reagent (16 μL) was added for 40 min prior to detection in a microplate reader (EnVision Multilabel Reader, Perkin Elmer).;B;;;BAO_0000192;BAO_0000357;single protein format;COC(=O)c1cc2c(cc1C)/C(=C(/Nc1ccc(C(=O)N3CCN(CC(=O)OC(C)(C)C)CC3)cc1)c1ccccc1)C(=O)N2C(C)=O;;;CHEMBL5728892;;2021.0;{'bei': '12.72', 'le': '0.24', 'lle': '3.55', 'sei': '6.61'};CHEMBL5929091;;CHEMBL5929091;8.30;0;http://www.openphacts.org/units/Nanomolar;4545712;=;37;1;=;;Ki;nM;;5.0;CHEMBL2007;Homo sapiens;Platelet-derived growth factor receptor alpha;9606;;;Ki;nM;UO_0000065;;5.0
;1124388;28576946;[];CHEMBL5737699;PDGFRalpha Enzyme Inhibition: Assay was performed in buffer containing 40 mM Tris pH 7.5, 20 mM MgCl2, 0.1 mg/mL BSA and 1 mM DTT. The inhibitory activities of compounds of the invention against PDGFRα (PDGFRα Kinase Enzyme System: Promega), were evaluated by mixing the PDGFRα protein (12.5 ng/mL, 2 μL), substrate (Poly (4:1 Glu4, Tyr1), 100 ng/mL, 2 μL) with the test compound (2 μL at either 3 μM, 0.67 μM, 0.15 μM, 0.033 μM, 0.0073 μM, 0.0016 μM, 0.0036 μM or 0.00008 μM) for 90 min at 25° C. The kinase reaction was initiated by adding ATP (25 μM, 2 μL) and the mixture was incubated for 1 hr at 25° C. ADP-Glo reagent was added for 40 min (8 μL) then development reagent (16 μL) was added for 40 min prior to detection in a microplate reader (EnVision Multilabel Reader, Perkin Elmer).;B;;;BAO_0000192;BAO_0000357;single protein format;COC(=O)c1cc2c(cc1C)/C(=C(/Nc1cccc(C(=O)N(C)CCN(C)C)c1)c1ccccc1)C(=O)N2;;;CHEMBL5728892;;2021.0;{'bei': '15.21', 'le': '0.28', 'lle': '3.45', 'sei': '8.57'};CHEMBL5854915;;CHEMBL5854915;7.80;1;http://www.openphacts.org/units/Nanomolar;4545713;=;37;1;=;;Ki;nM;;15.9;CHEMBL2007;Homo sapiens;Platelet-derived growth factor receptor alpha;9606;;;Ki;nM;UO_0000065;;15.9
;1124394;28576964;[];CHEMBL5737699;PDGFRalpha Enzyme Inhibition: Assay was performed in buffer containing 40 mM Tris pH 7.5, 20 mM MgCl2, 0.1 mg/mL BSA and 1 mM DTT. The inhibitory activities of compounds of the invention against PDGFRα (PDGFRα Kinase Enzyme System: Promega), were evaluated by mixing the PDGFRα protein (12.5 ng/mL, 2 μL), substrate (Poly (4:1 Glu4, Tyr1), 100 ng/mL, 2 μL) with the test compound (2 μL at either 3 μM, 0.67 μM, 0.15 μM, 0.033 μM, 0.0073 μM, 0.0016 μM, 0.0036 μM or 0.00008 μM) for 90 min at 25° C. The kinase reaction was initiated by adding ATP (25 μM, 2 μL) and the mixture was incubated for 1 hr at 25° C. ADP-Glo reagent was added for 40 min (8 μL) then development reagent (16 μL) was added for 40 min prior to detection in a microplate reader (EnVision Multilabel Reader, Perkin Elmer).;B;;;BAO_0000192;BAO_0000357;single protein format;COC(=O)c1cc2c(cc1C)/C(=C(/Nc1ccc(C(=O)N3CCN(C)CC3)cc1)c1ccccc1)C(=O)N2;;;CHEMBL5728892;;2021.0;{'bei': '15.88', 'le': '0.29', 'lle': '4.01', 'sei': '8.91'};CHEMBL6008313;;CHEMBL6008313;8.11;1;http://www.openphacts.org/units/Nanomolar;4545714;=;37;1;=;;Ki;nM;;7.81;CHEMBL2007;Homo sapiens;Platelet-derived growth factor receptor alpha;9606;;;Ki;nM;UO_0000065;;7.81
;1124400;28576982;[];CHEMBL5737699;PDGFRalpha Enzyme Inhibition: Assay was performed in buffer containing 40 mM Tris pH 7.5, 20 mM MgCl2, 0.1 mg/mL BSA and 1 mM DTT. The inhibitory activities of compounds of the invention against PDGFRα (PDGFRα Kinase Enzyme System: Promega), were evaluated by mixing the PDGFRα protein (12.5 ng/mL, 2 μL), substrate (Poly (4:1 Glu4, Tyr1), 100 ng/mL, 2 μL) with the test compound (2 μL at either 3 μM, 0.67 μM, 0.15 μM, 0.033 μM, 0.0073 μM, 0.0016 μM, 0.0036 μM or 0.00008 μM) for 90 min at 25° C. The kinase reaction was initiated by adding ATP (25 μM, 2 μL) and the mixture was incubated for 1 hr at 25° C. ADP-Glo reagent was added for 40 min (8 μL) then development reagent (16 μL) was added for 40 min prior to detection in a microplate reader (EnVision Multilabel Reader, Perkin Elmer).;B;;;BAO_0000192;BAO_0000357;single protein format;COC(=O)c1cc2c(cc1C)/C(=C(/Nc1ccc(C(=O)NC3CCN(C)CC3)cc1)c1ccccc1)C(=O)N2;;;CHEMBL5728892;;2021.0;{'bei': '14.96', 'le': '0.27', 'lle': '3.31', 'sei': '7.87'};CHEMBL5915626;;CHEMBL5915626;7.85;1;http://www.openphacts.org/units/Nanomolar;4545715;=;37;1;=;;Ki;nM;;14.1;CHEMBL2007;Homo sapiens;Platelet-derived growth factor receptor alpha;9606;;;Ki;nM;UO_0000065;;14.1
;1124406;28577000;[];CHEMBL5737699;PDGFRalpha Enzyme Inhibition: Assay was performed in buffer containing 40 mM Tris pH 7.5, 20 mM MgCl2, 0.1 mg/mL BSA and 1 mM DTT. The inhibitory activities of compounds of the invention against PDGFRα (PDGFRα Kinase Enzyme System: Promega), were evaluated by mixing the PDGFRα protein (12.5 ng/mL, 2 μL), substrate (Poly (4:1 Glu4, Tyr1), 100 ng/mL, 2 μL) with the test compound (2 μL at either 3 μM, 0.67 μM, 0.15 μM, 0.033 μM, 0.0073 μM, 0.0016 μM, 0.0036 μM or 0.00008 μM) for 90 min at 25° C. The kinase reaction was initiated by adding ATP (25 μM, 2 μL) and the mixture was incubated for 1 hr at 25° C. ADP-Glo reagent was added for 40 min (8 μL) then development reagent (16 μL) was added for 40 min prior to detection in a microplate reader (EnVision Multilabel Reader, Perkin Elmer).;B;;;BAO_0000192;BAO_0000357;single protein format;COC(=O)c1cc2c(cc1C)/C(=C(/Nc1ccc(C(=O)N3CCN(CCO)CC3)cc1)c1ccccc1)C(=O)N2;;;CHEMBL5728892;;2021.0;{'bei': '15.14', 'le': '0.28', 'lle': '4.72', 'sei': '7.36'};CHEMBL6026951;;CHEMBL6026951;8.18;1;http://www.openphacts.org/units/Nanomolar;4545716;=;37;1;=;;Ki;nM;;6.55;CHEMBL2007;Homo sapiens;Platelet-derived growth factor receptor alpha;9606;;;Ki;nM;UO_0000065;;6.55
;1124412;28577018;[];CHEMBL5737699;PDGFRalpha Enzyme Inhibition: Assay was performed in buffer containing 40 mM Tris pH 7.5, 20 mM MgCl2, 0.1 mg/mL BSA and 1 mM DTT. The inhibitory activities of compounds of the invention against PDGFRα (PDGFRα Kinase Enzyme System: Promega), were evaluated by mixing the PDGFRα protein (12.5 ng/mL, 2 μL), substrate (Poly (4:1 Glu4, Tyr1), 100 ng/mL, 2 μL) with the test compound (2 μL at either 3 μM, 0.67 μM, 0.15 μM, 0.033 μM, 0.0073 μM, 0.0016 μM, 0.0036 μM or 0.00008 μM) for 90 min at 25° C. The kinase reaction was initiated by adding ATP (25 μM, 2 μL) and the mixture was incubated for 1 hr at 25° C. ADP-Glo reagent was added for 40 min (8 μL) then development reagent (16 μL) was added for 40 min prior to detection in a microplate reader (EnVision Multilabel Reader, Perkin Elmer).;B;;;BAO_0000192;BAO_0000357;single protein format;COCCN1CCC(NC(=O)c2ccc(N/C(=C3\C(=O)Nc4cc(C(=O)OC)c(C)cc43)c3ccccc3)cc2)CC1;;;CHEMBL5728892;;2021.0;{'bei': '13.39', 'le': '0.25', 'lle': '3.07', 'sei': '6.99'};CHEMBL5885724;;CHEMBL5885724;7.62;1;http://www.openphacts.org/units/Nanomolar;4545717;=;37;1;=;;Ki;nM;;24.2;CHEMBL2007;Homo sapiens;Platelet-derived growth factor receptor alpha;9606;;;Ki;nM;UO_0000065;;24.2
;1124418;28577036;[];CHEMBL5737699;PDGFRalpha Enzyme Inhibition: Assay was performed in buffer containing 40 mM Tris pH 7.5, 20 mM MgCl2, 0.1 mg/mL BSA and 1 mM DTT. The inhibitory activities of compounds of the invention against PDGFRα (PDGFRα Kinase Enzyme System: Promega), were evaluated by mixing the PDGFRα protein (12.5 ng/mL, 2 μL), substrate (Poly (4:1 Glu4, Tyr1), 100 ng/mL, 2 μL) with the test compound (2 μL at either 3 μM, 0.67 μM, 0.15 μM, 0.033 μM, 0.0073 μM, 0.0016 μM, 0.0036 μM or 0.00008 μM) for 90 min at 25° C. The kinase reaction was initiated by adding ATP (25 μM, 2 μL) and the mixture was incubated for 1 hr at 25° C. ADP-Glo reagent was added for 40 min (8 μL) then development reagent (16 μL) was added for 40 min prior to detection in a microplate reader (EnVision Multilabel Reader, Perkin Elmer).;B;;;BAO_0000192;BAO_0000357;single protein format;COC(=O)c1cc2c(cc1C)/C(=C(/Nc1ccc(C(=O)NCCCN3CCN(C)CC3)cc1)c1ccccc1)C(=O)N2;;;CHEMBL5728892;;2021.0;{'bei': '14.14', 'le': '0.26', 'lle': '3.95', 'sei': '7.79'};CHEMBL6018088;;CHEMBL6018088;8.03;1;http://www.openphacts.org/units/Nanomolar;4545718;=;37;1;=;;Ki;nM;;9.38;CHEMBL2007;Homo sapiens;Platelet-derived growth factor receptor alpha;9606;;;Ki;nM;UO_0000065;;9.38
;1124424;28577054;[];CHEMBL5737699;PDGFRalpha Enzyme Inhibition: Assay was performed in buffer containing 40 mM Tris pH 7.5, 20 mM MgCl2, 0.1 mg/mL BSA and 1 mM DTT. The inhibitory activities of compounds of the invention against PDGFRα (PDGFRα Kinase Enzyme System: Promega), were evaluated by mixing the PDGFRα protein (12.5 ng/mL, 2 μL), substrate (Poly (4:1 Glu4, Tyr1), 100 ng/mL, 2 μL) with the test compound (2 μL at either 3 μM, 0.67 μM, 0.15 μM, 0.033 μM, 0.0073 μM, 0.0016 μM, 0.0036 μM or 0.00008 μM) for 90 min at 25° C. The kinase reaction was initiated by adding ATP (25 μM, 2 μL) and the mixture was incubated for 1 hr at 25° C. ADP-Glo reagent was added for 40 min (8 μL) then development reagent (16 μL) was added for 40 min prior to detection in a microplate reader (EnVision Multilabel Reader, Perkin Elmer).;B;;;BAO_0000192;BAO_0000357;single protein format;COC(=O)c1cc2c(cc1C)/C(=C(/Nc1ccc(C(=O)NCCCN(C)C)cc1)c1ccccc1)C(=O)N2;;;CHEMBL5728892;;2021.0;{'bei': '15.63', 'le': '0.29', 'lle': '3.61', 'sei': '8.03'};CHEMBL5967591;;CHEMBL5967591;8.01;1;http://www.openphacts.org/units/Nanomolar;4545719;=;37;1;=;;Ki;nM;;9.75;CHEMBL2007;Homo sapiens;Platelet-derived growth factor receptor alpha;9606;;;Ki;nM;UO_0000065;;9.75
;1124430;28577072;[];CHEMBL5737699;PDGFRalpha Enzyme Inhibition: Assay was performed in buffer containing 40 mM Tris pH 7.5, 20 mM MgCl2, 0.1 mg/mL BSA and 1 mM DTT. The inhibitory activities of compounds of the invention against PDGFRα (PDGFRα Kinase Enzyme System: Promega), were evaluated by mixing the PDGFRα protein (12.5 ng/mL, 2 μL), substrate (Poly (4:1 Glu4, Tyr1), 100 ng/mL, 2 μL) with the test compound (2 μL at either 3 μM, 0.67 μM, 0.15 μM, 0.033 μM, 0.0073 μM, 0.0016 μM, 0.0036 μM or 0.00008 μM) for 90 min at 25° C. The kinase reaction was initiated by adding ATP (25 μM, 2 μL) and the mixture was incubated for 1 hr at 25° C. ADP-Glo reagent was added for 40 min (8 μL) then development reagent (16 μL) was added for 40 min prior to detection in a microplate reader (EnVision Multilabel Reader, Perkin Elmer).;B;;;BAO_0000192;BAO_0000357;single protein format;COC(=O)c1cc2c(cc1C)/C(=C(/Nc1ccc(C(=O)NCCN3CCC(F)(F)CC3)cc1)c1ccccc1)C(=O)N2;;;CHEMBL5728892;;2021.0;{'bei': '12.68', 'le': '0.24', 'lle': '2.10', 'sei': '7.30'};CHEMBL5742315;;CHEMBL5742315;7.29;1;http://www.openphacts.org/units/Nanomolar;4545720;=;37;1;=;;Ki;nM;;51.9;CHEMBL2007;Homo sapiens;Platelet-derived growth factor receptor alpha;9606;;;Ki;nM;UO_0000065;;51.9
;1124436;28577090;[];CHEMBL5737699;PDGFRalpha Enzyme Inhibition: Assay was performed in buffer containing 40 mM Tris pH 7.5, 20 mM MgCl2, 0.1 mg/mL BSA and 1 mM DTT. The inhibitory activities of compounds of the invention against PDGFRα (PDGFRα Kinase Enzyme System: Promega), were evaluated by mixing the PDGFRα protein (12.5 ng/mL, 2 μL), substrate (Poly (4:1 Glu4, Tyr1), 100 ng/mL, 2 μL) with the test compound (2 μL at either 3 μM, 0.67 μM, 0.15 μM, 0.033 μM, 0.0073 μM, 0.0016 μM, 0.0036 μM or 0.00008 μM) for 90 min at 25° C. The kinase reaction was initiated by adding ATP (25 μM, 2 μL) and the mixture was incubated for 1 hr at 25° C. ADP-Glo reagent was added for 40 min (8 μL) then development reagent (16 μL) was added for 40 min prior to detection in a microplate reader (EnVision Multilabel Reader, Perkin Elmer).;B;;;BAO_0000192;BAO_0000357;single protein format;COC(=O)c1cc2c(cc1C)/C(=C(/Nc1ccc(C(=O)NCCN3CCN(C(C)=O)CC3)cc1)c1ccccc1)C(=O)N2;;;CHEMBL5728892;;2021.0;{'bei': '13.72', 'le': '0.25', 'lle': '4.37', 'sei': '6.64'};CHEMBL5969055;;CHEMBL5969055;7.98;1;http://www.openphacts.org/units/Nanomolar;4545721;=;37;1;=;;Ki;nM;;10.5;CHEMBL2007;Homo sapiens;Platelet-derived growth factor receptor alpha;9606;;;Ki;nM;UO_0000065;;10.5
;1124442;28577108;[];CHEMBL5737699;PDGFRalpha Enzyme Inhibition: Assay was performed in buffer containing 40 mM Tris pH 7.5, 20 mM MgCl2, 0.1 mg/mL BSA and 1 mM DTT. The inhibitory activities of compounds of the invention against PDGFRα (PDGFRα Kinase Enzyme System: Promega), were evaluated by mixing the PDGFRα protein (12.5 ng/mL, 2 μL), substrate (Poly (4:1 Glu4, Tyr1), 100 ng/mL, 2 μL) with the test compound (2 μL at either 3 μM, 0.67 μM, 0.15 μM, 0.033 μM, 0.0073 μM, 0.0016 μM, 0.0036 μM or 0.00008 μM) for 90 min at 25° C. The kinase reaction was initiated by adding ATP (25 μM, 2 μL) and the mixture was incubated for 1 hr at 25° C. ADP-Glo reagent was added for 40 min (8 μL) then development reagent (16 μL) was added for 40 min prior to detection in a microplate reader (EnVision Multilabel Reader, Perkin Elmer).;B;;;BAO_0000192;BAO_0000357;single protein format;COC(=O)c1cc2c(cc1C)/C(=C(/Nc1ccc(S(=O)(=O)NCCN(C)C)cc1)c1ccccc1)C(=O)N2;;;CHEMBL5728892;;2021.0;{'bei': '14.75', 'le': '0.28', 'lle': '4.34', 'sei': '6.75'};CHEMBL5952810;;CHEMBL5952810;7.89;1;http://www.openphacts.org/units/Nanomolar;4545722;=;37;1;=;;Ki;nM;;13.0;CHEMBL2007;Homo sapiens;Platelet-derived growth factor receptor alpha;9606;;;Ki;nM;UO_0000065;;13.0
;1124448;28577126;[];CHEMBL5737699;PDGFRalpha Enzyme Inhibition: Assay was performed in buffer containing 40 mM Tris pH 7.5, 20 mM MgCl2, 0.1 mg/mL BSA and 1 mM DTT. The inhibitory activities of compounds of the invention against PDGFRα (PDGFRα Kinase Enzyme System: Promega), were evaluated by mixing the PDGFRα protein (12.5 ng/mL, 2 μL), substrate (Poly (4:1 Glu4, Tyr1), 100 ng/mL, 2 μL) with the test compound (2 μL at either 3 μM, 0.67 μM, 0.15 μM, 0.033 μM, 0.0073 μM, 0.0016 μM, 0.0036 μM or 0.00008 μM) for 90 min at 25° C. The kinase reaction was initiated by adding ATP (25 μM, 2 μL) and the mixture was incubated for 1 hr at 25° C. ADP-Glo reagent was added for 40 min (8 μL) then development reagent (16 μL) was added for 40 min prior to detection in a microplate reader (EnVision Multilabel Reader, Perkin Elmer).;B;;;BAO_0000192;BAO_0000357;single protein format;COC(=O)c1cc2c(cc1C)/C(=C(/Nc1ccc(S(=O)(=O)N3CCN(CCO)CC3)cc1)c1ccccc1)C(=O)N2;;;CHEMBL5728892;;2021.0;{'bei': '12.81', 'le': '0.25', 'lle': '4.38', 'sei': '5.76'};CHEMBL5917424;;CHEMBL5917424;7.39;1;http://www.openphacts.org/units/Nanomolar;4545723;=;37;1;=;;Ki;nM;;41.0;CHEMBL2007;Homo sapiens;Platelet-derived growth factor receptor alpha;9606;;;Ki;nM;UO_0000065;;41.0
;1124454;28577144;[];CHEMBL5737699;PDGFRalpha Enzyme Inhibition: Assay was performed in buffer containing 40 mM Tris pH 7.5, 20 mM MgCl2, 0.1 mg/mL BSA and 1 mM DTT. The inhibitory activities of compounds of the invention against PDGFRα (PDGFRα Kinase Enzyme System: Promega), were evaluated by mixing the PDGFRα protein (12.5 ng/mL, 2 μL), substrate (Poly (4:1 Glu4, Tyr1), 100 ng/mL, 2 μL) with the test compound (2 μL at either 3 μM, 0.67 μM, 0.15 μM, 0.033 μM, 0.0073 μM, 0.0016 μM, 0.0036 μM or 0.00008 μM) for 90 min at 25° C. The kinase reaction was initiated by adding ATP (25 μM, 2 μL) and the mixture was incubated for 1 hr at 25° C. ADP-Glo reagent was added for 40 min (8 μL) then development reagent (16 μL) was added for 40 min prior to detection in a microplate reader (EnVision Multilabel Reader, Perkin Elmer).;B;;;BAO_0000192;BAO_0000357;single protein format;COC(=O)c1cc2c(cc1C)/C(=C(/Nc1ccc(C(=O)N[C@H]3CCCN(C)C3)cc1)c1ccccc1)C(=O)N2;;;CHEMBL5728892;;2021.0;{'bei': '14.66', 'le': '0.27', 'lle': '3.15', 'sei': '7.71'};CHEMBL5876825;;CHEMBL5876825;7.69;1;http://www.openphacts.org/units/Nanomolar;4545724;=;37;1;=;;Ki;nM;;20.4;CHEMBL2007;Homo sapiens;Platelet-derived growth factor receptor alpha;9606;;;Ki;nM;UO_0000065;;20.4
;1124460;28577162;[];CHEMBL5737699;PDGFRalpha Enzyme Inhibition: Assay was performed in buffer containing 40 mM Tris pH 7.5, 20 mM MgCl2, 0.1 mg/mL BSA and 1 mM DTT. The inhibitory activities of compounds of the invention against PDGFRα (PDGFRα Kinase Enzyme System: Promega), were evaluated by mixing the PDGFRα protein (12.5 ng/mL, 2 μL), substrate (Poly (4:1 Glu4, Tyr1), 100 ng/mL, 2 μL) with the test compound (2 μL at either 3 μM, 0.67 μM, 0.15 μM, 0.033 μM, 0.0073 μM, 0.0016 μM, 0.0036 μM or 0.00008 μM) for 90 min at 25° C. The kinase reaction was initiated by adding ATP (25 μM, 2 μL) and the mixture was incubated for 1 hr at 25° C. ADP-Glo reagent was added for 40 min (8 μL) then development reagent (16 μL) was added for 40 min prior to detection in a microplate reader (EnVision Multilabel Reader, Perkin Elmer).;B;;;BAO_0000192;BAO_0000357;single protein format;COC(=O)c1cc2c(cc1C)/C(=C(/Nc1ccc(C(=O)NCCN3CCC(F)CC3)cc1)c1ccccc1)C(=O)N2;;;CHEMBL5728892;;2021.0;{'bei': '13.37', 'le': '0.25', 'lle': '2.56', 'sei': '7.46'};CHEMBL6056846;;CHEMBL6056846;7.45;1;http://www.openphacts.org/units/Nanomolar;4545725;=;37;1;=;;Ki;nM;;35.9;CHEMBL2007;Homo sapiens;Platelet-derived growth factor receptor alpha;9606;;;Ki;nM;UO_0000065;;35.9
;1124466;28577180;[];CHEMBL5737699;PDGFRalpha Enzyme Inhibition: Assay was performed in buffer containing 40 mM Tris pH 7.5, 20 mM MgCl2, 0.1 mg/mL BSA and 1 mM DTT. The inhibitory activities of compounds of the invention against PDGFRα (PDGFRα Kinase Enzyme System: Promega), were evaluated by mixing the PDGFRα protein (12.5 ng/mL, 2 μL), substrate (Poly (4:1 Glu4, Tyr1), 100 ng/mL, 2 μL) with the test compound (2 μL at either 3 μM, 0.67 μM, 0.15 μM, 0.033 μM, 0.0073 μM, 0.0016 μM, 0.0036 μM or 0.00008 μM) for 90 min at 25° C. The kinase reaction was initiated by adding ATP (25 μM, 2 μL) and the mixture was incubated for 1 hr at 25° C. ADP-Glo reagent was added for 40 min (8 μL) then development reagent (16 μL) was added for 40 min prior to detection in a microplate reader (EnVision Multilabel Reader, Perkin Elmer).;B;;;BAO_0000192;BAO_0000357;single protein format;COC(=O)c1cc2c(cc1C)/C(=C(/Nc1ccc(C(=O)NCCCN3CCOCC3)cc1)c1ccccc1)C(=O)N2;;;CHEMBL5728892;;2021.0;{'bei': '14.37', 'le': '0.27', 'lle': '3.80', 'sei': '7.31'};CHEMBL5950967;;CHEMBL5950967;7.97;1;http://www.openphacts.org/units/Nanomolar;4545726;=;37;1;=;;Ki;nM;;10.7;CHEMBL2007;Homo sapiens;Platelet-derived growth factor receptor alpha;9606;;;Ki;nM;UO_0000065;;10.7
;1124472;28577198;[];CHEMBL5737699;PDGFRalpha Enzyme Inhibition: Assay was performed in buffer containing 40 mM Tris pH 7.5, 20 mM MgCl2, 0.1 mg/mL BSA and 1 mM DTT. The inhibitory activities of compounds of the invention against PDGFRα (PDGFRα Kinase Enzyme System: Promega), were evaluated by mixing the PDGFRα protein (12.5 ng/mL, 2 μL), substrate (Poly (4:1 Glu4, Tyr1), 100 ng/mL, 2 μL) with the test compound (2 μL at either 3 μM, 0.67 μM, 0.15 μM, 0.033 μM, 0.0073 μM, 0.0016 μM, 0.0036 μM or 0.00008 μM) for 90 min at 25° C. The kinase reaction was initiated by adding ATP (25 μM, 2 μL) and the mixture was incubated for 1 hr at 25° C. ADP-Glo reagent was added for 40 min (8 μL) then development reagent (16 μL) was added for 40 min prior to detection in a microplate reader (EnVision Multilabel Reader, Perkin Elmer).;B;;;BAO_0000192;BAO_0000357;single protein format;COC(=O)c1cc2c(cc1C)/C(=C(/Nc1ccc(C(=O)N3CCC4(CC3)C(=O)NCCN4C)cc1)c1ccccc1)C(=O)N2;;;CHEMBL5728892;;2021.0;{'bei': '13.41', 'le': '0.25', 'lle': '4.21', 'sei': '6.63'};CHEMBL6009160;;CHEMBL6009160;7.96;1;http://www.openphacts.org/units/Nanomolar;4545727;=;37;1;=;;Ki;nM;;11.0;CHEMBL2007;Homo sapiens;Platelet-derived growth factor receptor alpha;9606;;;Ki;nM;UO_0000065;;11.0
;1124478;28577216;[];CHEMBL5737699;PDGFRalpha Enzyme Inhibition: Assay was performed in buffer containing 40 mM Tris pH 7.5, 20 mM MgCl2, 0.1 mg/mL BSA and 1 mM DTT. The inhibitory activities of compounds of the invention against PDGFRα (PDGFRα Kinase Enzyme System: Promega), were evaluated by mixing the PDGFRα protein (12.5 ng/mL, 2 μL), substrate (Poly (4:1 Glu4, Tyr1), 100 ng/mL, 2 μL) with the test compound (2 μL at either 3 μM, 0.67 μM, 0.15 μM, 0.033 μM, 0.0073 μM, 0.0016 μM, 0.0036 μM or 0.00008 μM) for 90 min at 25° C. The kinase reaction was initiated by adding ATP (25 μM, 2 μL) and the mixture was incubated for 1 hr at 25° C. ADP-Glo reagent was added for 40 min (8 μL) then development reagent (16 μL) was added for 40 min prior to detection in a microplate reader (EnVision Multilabel Reader, Perkin Elmer).;B;;;BAO_0000192;BAO_0000357;single protein format;COC(=O)c1cc2c(cc1C)/C(=C(/Nc1ccc(C(=O)N3CCC(C(=O)NCCN(C)C)CC3)cc1)c1ccccc1)C(=O)N2;;;CHEMBL5728892;;2021.0;{'bei': '13.11', 'le': '0.24', 'lle': '3.75', 'sei': '6.66'};CHEMBL6051368;;CHEMBL6051368;7.99;1;http://www.openphacts.org/units/Nanomolar;4545728;=;37;1;=;;Ki;nM;;10.2;CHEMBL2007;Homo sapiens;Platelet-derived growth factor receptor alpha;9606;;;Ki;nM;UO_0000065;;10.2
;1124484;28577234;[];CHEMBL5737699;PDGFRalpha Enzyme Inhibition: Assay was performed in buffer containing 40 mM Tris pH 7.5, 20 mM MgCl2, 0.1 mg/mL BSA and 1 mM DTT. The inhibitory activities of compounds of the invention against PDGFRα (PDGFRα Kinase Enzyme System: Promega), were evaluated by mixing the PDGFRα protein (12.5 ng/mL, 2 μL), substrate (Poly (4:1 Glu4, Tyr1), 100 ng/mL, 2 μL) with the test compound (2 μL at either 3 μM, 0.67 μM, 0.15 μM, 0.033 μM, 0.0073 μM, 0.0016 μM, 0.0036 μM or 0.00008 μM) for 90 min at 25° C. The kinase reaction was initiated by adding ATP (25 μM, 2 μL) and the mixture was incubated for 1 hr at 25° C. ADP-Glo reagent was added for 40 min (8 μL) then development reagent (16 μL) was added for 40 min prior to detection in a microplate reader (EnVision Multilabel Reader, Perkin Elmer).;B;;;BAO_0000192;BAO_0000357;single protein format;COC(=O)c1cc2c(cc1C)/C(=C(/Nc1ccc(C(=O)N(CCO)CCN(C)C)cc1)c1ccccc1)C(=O)N2;;;CHEMBL5728892;;2021.0;{'bei': '14.99', 'le': '0.28', 'lle': '4.42', 'sei': '7.31'};CHEMBL5858912;;CHEMBL5858912;8.13;1;http://www.openphacts.org/units/Nanomolar;4545729;=;37;1;=;;Ki;nM;;7.38;CHEMBL2007;Homo sapiens;Platelet-derived growth factor receptor alpha;9606;;;Ki;nM;UO_0000065;;7.38
;1124490;28577252;[];CHEMBL5737699;PDGFRalpha Enzyme Inhibition: Assay was performed in buffer containing 40 mM Tris pH 7.5, 20 mM MgCl2, 0.1 mg/mL BSA and 1 mM DTT. The inhibitory activities of compounds of the invention against PDGFRα (PDGFRα Kinase Enzyme System: Promega), were evaluated by mixing the PDGFRα protein (12.5 ng/mL, 2 μL), substrate (Poly (4:1 Glu4, Tyr1), 100 ng/mL, 2 μL) with the test compound (2 μL at either 3 μM, 0.67 μM, 0.15 μM, 0.033 μM, 0.0073 μM, 0.0016 μM, 0.0036 μM or 0.00008 μM) for 90 min at 25° C. The kinase reaction was initiated by adding ATP (25 μM, 2 μL) and the mixture was incubated for 1 hr at 25° C. ADP-Glo reagent was added for 40 min (8 μL) then development reagent (16 μL) was added for 40 min prior to detection in a microplate reader (EnVision Multilabel Reader, Perkin Elmer).;B;;;BAO_0000192;BAO_0000357;single protein format;COC(=O)c1cc2c(cc1C)/C(=C(/Nc1ccc(C(=O)N3CC[C@@H](CN(C)C)[C@H](O)C3)cc1)c1ccccc1)C(=O)N2;;;CHEMBL5728892;;2021.0;{'bei': '14.16', 'le': '0.26', 'lle': '3.95', 'sei': '7.24'};CHEMBL5907596;;CHEMBL5907596;8.05;1;http://www.openphacts.org/units/Nanomolar;4545730;=;37;1;=;;Ki;nM;;8.89;CHEMBL2007;Homo sapiens;Platelet-derived growth factor receptor alpha;9606;;;Ki;nM;UO_0000065;;8.89
;1124496;28577270;[];CHEMBL5737699;PDGFRalpha Enzyme Inhibition: Assay was performed in buffer containing 40 mM Tris pH 7.5, 20 mM MgCl2, 0.1 mg/mL BSA and 1 mM DTT. The inhibitory activities of compounds of the invention against PDGFRα (PDGFRα Kinase Enzyme System: Promega), were evaluated by mixing the PDGFRα protein (12.5 ng/mL, 2 μL), substrate (Poly (4:1 Glu4, Tyr1), 100 ng/mL, 2 μL) with the test compound (2 μL at either 3 μM, 0.67 μM, 0.15 μM, 0.033 μM, 0.0073 μM, 0.0016 μM, 0.0036 μM or 0.00008 μM) for 90 min at 25° C. The kinase reaction was initiated by adding ATP (25 μM, 2 μL) and the mixture was incubated for 1 hr at 25° C. ADP-Glo reagent was added for 40 min (8 μL) then development reagent (16 μL) was added for 40 min prior to detection in a microplate reader (EnVision Multilabel Reader, Perkin Elmer).;B;;;BAO_0000192;BAO_0000357;single protein format;COC(=O)c1cc2c(cc1C)/C(=C(/Nc1ccc(C(=O)NCCN3CCCN(C(C)=O)CC3)cc1)c1ccccc1)C(=O)N2;;;CHEMBL5728892;;2021.0;{'bei': '12.77', 'le': '0.24', 'lle': '3.61', 'sei': '6.34'};CHEMBL5950008;;CHEMBL5950008;7.61;1;http://www.openphacts.org/units/Nanomolar;4545731;=;37;1;=;;Ki;nM;;24.6;CHEMBL2007;Homo sapiens;Platelet-derived growth factor receptor alpha;9606;;;Ki;nM;UO_0000065;;24.6
;1124502;28577288;[];CHEMBL5737699;PDGFRalpha Enzyme Inhibition: Assay was performed in buffer containing 40 mM Tris pH 7.5, 20 mM MgCl2, 0.1 mg/mL BSA and 1 mM DTT. The inhibitory activities of compounds of the invention against PDGFRα (PDGFRα Kinase Enzyme System: Promega), were evaluated by mixing the PDGFRα protein (12.5 ng/mL, 2 μL), substrate (Poly (4:1 Glu4, Tyr1), 100 ng/mL, 2 μL) with the test compound (2 μL at either 3 μM, 0.67 μM, 0.15 μM, 0.033 μM, 0.0073 μM, 0.0016 μM, 0.0036 μM or 0.00008 μM) for 90 min at 25° C. The kinase reaction was initiated by adding ATP (25 μM, 2 μL) and the mixture was incubated for 1 hr at 25° C. ADP-Glo reagent was added for 40 min (8 μL) then development reagent (16 μL) was added for 40 min prior to detection in a microplate reader (EnVision Multilabel Reader, Perkin Elmer).;B;;;BAO_0000192;BAO_0000357;single protein format;COCCN(C)CCNC(=O)c1ccc(N/C(=C2\C(=O)Nc3cc(C(=O)OC)c(C)cc32)c2ccccc2)cc1;;;CHEMBL5728892;;2021.0;{'bei': '14.02', 'le': '0.26', 'lle': '3.59', 'sei': '6.98'};CHEMBL5794652;;CHEMBL5794652;7.61;1;http://www.openphacts.org/units/Nanomolar;4545732;=;37;1;=;;Ki;nM;;24.7;CHEMBL2007;Homo sapiens;Platelet-derived growth factor receptor alpha;9606;;;Ki;nM;UO_0000065;;24.7
;1124508;28577306;[];CHEMBL5737699;PDGFRalpha Enzyme Inhibition: Assay was performed in buffer containing 40 mM Tris pH 7.5, 20 mM MgCl2, 0.1 mg/mL BSA and 1 mM DTT. The inhibitory activities of compounds of the invention against PDGFRα (PDGFRα Kinase Enzyme System: Promega), were evaluated by mixing the PDGFRα protein (12.5 ng/mL, 2 μL), substrate (Poly (4:1 Glu4, Tyr1), 100 ng/mL, 2 μL) with the test compound (2 μL at either 3 μM, 0.67 μM, 0.15 μM, 0.033 μM, 0.0073 μM, 0.0016 μM, 0.0036 μM or 0.00008 μM) for 90 min at 25° C. The kinase reaction was initiated by adding ATP (25 μM, 2 μL) and the mixture was incubated for 1 hr at 25° C. ADP-Glo reagent was added for 40 min (8 μL) then development reagent (16 μL) was added for 40 min prior to detection in a microplate reader (EnVision Multilabel Reader, Perkin Elmer).;B;;;BAO_0000192;BAO_0000357;single protein format;COC(=O)c1cc2c(cc1C)/C(=C(/Nc1ccc(C(=O)NCC3(N(C)C)CCOCC3)cc1)c1ccccc1)C(=O)N2;;;CHEMBL5728892;;2021.0;{'bei': '13.48', 'le': '0.25', 'lle': '3.11', 'sei': '7.03'};CHEMBL5880580;;CHEMBL5880580;7.66;1;http://www.openphacts.org/units/Nanomolar;4545733;=;37;1;=;;Ki;nM;;21.7;CHEMBL2007;Homo sapiens;Platelet-derived growth factor receptor alpha;9606;;;Ki;nM;UO_0000065;;21.7
;1124514;28577324;[];CHEMBL5737699;PDGFRalpha Enzyme Inhibition: Assay was performed in buffer containing 40 mM Tris pH 7.5, 20 mM MgCl2, 0.1 mg/mL BSA and 1 mM DTT. The inhibitory activities of compounds of the invention against PDGFRα (PDGFRα Kinase Enzyme System: Promega), were evaluated by mixing the PDGFRα protein (12.5 ng/mL, 2 μL), substrate (Poly (4:1 Glu4, Tyr1), 100 ng/mL, 2 μL) with the test compound (2 μL at either 3 μM, 0.67 μM, 0.15 μM, 0.033 μM, 0.0073 μM, 0.0016 μM, 0.0036 μM or 0.00008 μM) for 90 min at 25° C. The kinase reaction was initiated by adding ATP (25 μM, 2 μL) and the mixture was incubated for 1 hr at 25° C. ADP-Glo reagent was added for 40 min (8 μL) then development reagent (16 μL) was added for 40 min prior to detection in a microplate reader (EnVision Multilabel Reader, Perkin Elmer).;B;;;BAO_0000192;BAO_0000357;single protein format;COC(=O)c1cc2c(cc1C)/C(=C(/Nc1ccc(C(=O)N3CCC(O)(CN4CCCC4)CC3)cc1)c1ccccc1)C(=O)N2;;;CHEMBL5728892;;2021.0;{'bei': '13.40', 'le': '0.25', 'lle': '3.19', 'sei': '7.17'};CHEMBL5853674;;CHEMBL5853674;7.97;1;http://www.openphacts.org/units/Nanomolar;4545734;=;37;1;=;;Ki;nM;;10.7;CHEMBL2007;Homo sapiens;Platelet-derived growth factor receptor alpha;9606;;;Ki;nM;UO_0000065;;10.7
;1124520;28577342;[];CHEMBL5737699;PDGFRalpha Enzyme Inhibition: Assay was performed in buffer containing 40 mM Tris pH 7.5, 20 mM MgCl2, 0.1 mg/mL BSA and 1 mM DTT. The inhibitory activities of compounds of the invention against PDGFRα (PDGFRα Kinase Enzyme System: Promega), were evaluated by mixing the PDGFRα protein (12.5 ng/mL, 2 μL), substrate (Poly (4:1 Glu4, Tyr1), 100 ng/mL, 2 μL) with the test compound (2 μL at either 3 μM, 0.67 μM, 0.15 μM, 0.033 μM, 0.0073 μM, 0.0016 μM, 0.0036 μM or 0.00008 μM) for 90 min at 25° C. The kinase reaction was initiated by adding ATP (25 μM, 2 μL) and the mixture was incubated for 1 hr at 25° C. ADP-Glo reagent was added for 40 min (8 μL) then development reagent (16 μL) was added for 40 min prior to detection in a microplate reader (EnVision Multilabel Reader, Perkin Elmer).;B;;;BAO_0000192;BAO_0000357;single protein format;COC(=O)c1cc2c(cc1C)/C(=C(/Nc1ccc(C(=O)N3CCC(CO)(CN(C)C)CC3)cc1)c1ccccc1)C(=O)N2;;;CHEMBL5728892;;2021.0;{'bei': '13.94', 'le': '0.26', 'lle': '3.63', 'sei': '7.30'};CHEMBL5821394;;CHEMBL5821394;8.12;1;http://www.openphacts.org/units/Nanomolar;4545735;=;37;1;=;;Ki;nM;;7.53;CHEMBL2007;Homo sapiens;Platelet-derived growth factor receptor alpha;9606;;;Ki;nM;UO_0000065;;7.53
;1124526;28577360;[];CHEMBL5737699;PDGFRalpha Enzyme Inhibition: Assay was performed in buffer containing 40 mM Tris pH 7.5, 20 mM MgCl2, 0.1 mg/mL BSA and 1 mM DTT. The inhibitory activities of compounds of the invention against PDGFRα (PDGFRα Kinase Enzyme System: Promega), were evaluated by mixing the PDGFRα protein (12.5 ng/mL, 2 μL), substrate (Poly (4:1 Glu4, Tyr1), 100 ng/mL, 2 μL) with the test compound (2 μL at either 3 μM, 0.67 μM, 0.15 μM, 0.033 μM, 0.0073 μM, 0.0016 μM, 0.0036 μM or 0.00008 μM) for 90 min at 25° C. The kinase reaction was initiated by adding ATP (25 μM, 2 μL) and the mixture was incubated for 1 hr at 25° C. ADP-Glo reagent was added for 40 min (8 μL) then development reagent (16 μL) was added for 40 min prior to detection in a microplate reader (EnVision Multilabel Reader, Perkin Elmer).;B;;;BAO_0000192;BAO_0000357;single protein format;COCCNC(=O)CN1CCN(C(=O)c2ccc(N/C(=C3\C(=O)Nc4cc(C(=O)OC)c(C)cc43)c3ccccc3)cc2)CC1;;;CHEMBL5728892;;2021.0;{'bei': '12.78', 'le': '0.24', 'lle': '4.59', 'sei': '6.04'};CHEMBL5882489;;CHEMBL5882489;7.82;1;http://www.openphacts.org/units/Nanomolar;4545736;=;37;1;=;;Ki;nM;;15.3;CHEMBL2007;Homo sapiens;Platelet-derived growth factor receptor alpha;9606;;;Ki;nM;UO_0000065;;15.3
;1124532;28577378;[];CHEMBL5737699;PDGFRalpha Enzyme Inhibition: Assay was performed in buffer containing 40 mM Tris pH 7.5, 20 mM MgCl2, 0.1 mg/mL BSA and 1 mM DTT. The inhibitory activities of compounds of the invention against PDGFRα (PDGFRα Kinase Enzyme System: Promega), were evaluated by mixing the PDGFRα protein (12.5 ng/mL, 2 μL), substrate (Poly (4:1 Glu4, Tyr1), 100 ng/mL, 2 μL) with the test compound (2 μL at either 3 μM, 0.67 μM, 0.15 μM, 0.033 μM, 0.0073 μM, 0.0016 μM, 0.0036 μM or 0.00008 μM) for 90 min at 25° C. The kinase reaction was initiated by adding ATP (25 μM, 2 μL) and the mixture was incubated for 1 hr at 25° C. ADP-Glo reagent was added for 40 min (8 μL) then development reagent (16 μL) was added for 40 min prior to detection in a microplate reader (EnVision Multilabel Reader, Perkin Elmer).;B;;;BAO_0000192;BAO_0000357;single protein format;COC(=O)c1cc2c(cc1C)/C(=C(/Nc1ccc(C(=O)NCC3(N(C)C)CCC3)cc1)c1ccccc1)C(=O)N2;;;CHEMBL5728892;;2021.0;{'bei': '13.87', 'le': '0.26', 'lle': '2.54', 'sei': '7.49'};CHEMBL5771017;;CHEMBL5771017;7.47;1;http://www.openphacts.org/units/Nanomolar;4545737;=;37;1;=;;Ki;nM;;33.7;CHEMBL2007;Homo sapiens;Platelet-derived growth factor receptor alpha;9606;;;Ki;nM;UO_0000065;;33.7
;1124538;28577396;[];CHEMBL5737699;PDGFRalpha Enzyme Inhibition: Assay was performed in buffer containing 40 mM Tris pH 7.5, 20 mM MgCl2, 0.1 mg/mL BSA and 1 mM DTT. The inhibitory activities of compounds of the invention against PDGFRα (PDGFRα Kinase Enzyme System: Promega), were evaluated by mixing the PDGFRα protein (12.5 ng/mL, 2 μL), substrate (Poly (4:1 Glu4, Tyr1), 100 ng/mL, 2 μL) with the test compound (2 μL at either 3 μM, 0.67 μM, 0.15 μM, 0.033 μM, 0.0073 μM, 0.0016 μM, 0.0036 μM or 0.00008 μM) for 90 min at 25° C. The kinase reaction was initiated by adding ATP (25 μM, 2 μL) and the mixture was incubated for 1 hr at 25° C. ADP-Glo reagent was added for 40 min (8 μL) then development reagent (16 μL) was added for 40 min prior to detection in a microplate reader (EnVision Multilabel Reader, Perkin Elmer).;B;;;BAO_0000192;BAO_0000357;single protein format;COC(=O)c1cc2c(cc1C)/C(=C(/Nc1ccc(C(=O)N(C)C3CCN(CCO)CC3)cc1)c1ccccc1)C(=O)N2;;;CHEMBL5728892;;2021.0;{'bei': '13.82', 'le': '0.26', 'lle': '3.62', 'sei': '7.07'};CHEMBL5779248;;CHEMBL5779248;7.86;1;http://www.openphacts.org/units/Nanomolar;4545738;=;37;1;=;;Ki;nM;;13.8;CHEMBL2007;Homo sapiens;Platelet-derived growth factor receptor alpha;9606;;;Ki;nM;UO_0000065;;13.8
;1124544;28577414;[];CHEMBL5737699;PDGFRalpha Enzyme Inhibition: Assay was performed in buffer containing 40 mM Tris pH 7.5, 20 mM MgCl2, 0.1 mg/mL BSA and 1 mM DTT. The inhibitory activities of compounds of the invention against PDGFRα (PDGFRα Kinase Enzyme System: Promega), were evaluated by mixing the PDGFRα protein (12.5 ng/mL, 2 μL), substrate (Poly (4:1 Glu4, Tyr1), 100 ng/mL, 2 μL) with the test compound (2 μL at either 3 μM, 0.67 μM, 0.15 μM, 0.033 μM, 0.0073 μM, 0.0016 μM, 0.0036 μM or 0.00008 μM) for 90 min at 25° C. The kinase reaction was initiated by adding ATP (25 μM, 2 μL) and the mixture was incubated for 1 hr at 25° C. ADP-Glo reagent was added for 40 min (8 μL) then development reagent (16 μL) was added for 40 min prior to detection in a microplate reader (EnVision Multilabel Reader, Perkin Elmer).;B;;;BAO_0000192;BAO_0000357;single protein format;COC(=O)c1cc2c(cc1C)/C(=C(/Nc1ccc(C(=O)NCCN3CCC(CO)CC3)cc1)c1ccccc1)C(=O)N2;;;CHEMBL5728892;;2021.0;{'bei': '13.61', 'le': '0.25', 'lle': '3.59', 'sei': '6.45'};CHEMBL5920854;;CHEMBL5920854;7.74;1;http://www.openphacts.org/units/Nanomolar;4545739;=;37;1;=;;Ki;nM;;18.3;CHEMBL2007;Homo sapiens;Platelet-derived growth factor receptor alpha;9606;;;Ki;nM;UO_0000065;;18.3
;1124550;28577432;[];CHEMBL5737699;PDGFRalpha Enzyme Inhibition: Assay was performed in buffer containing 40 mM Tris pH 7.5, 20 mM MgCl2, 0.1 mg/mL BSA and 1 mM DTT. The inhibitory activities of compounds of the invention against PDGFRα (PDGFRα Kinase Enzyme System: Promega), were evaluated by mixing the PDGFRα protein (12.5 ng/mL, 2 μL), substrate (Poly (4:1 Glu4, Tyr1), 100 ng/mL, 2 μL) with the test compound (2 μL at either 3 μM, 0.67 μM, 0.15 μM, 0.033 μM, 0.0073 μM, 0.0016 μM, 0.0036 μM or 0.00008 μM) for 90 min at 25° C. The kinase reaction was initiated by adding ATP (25 μM, 2 μL) and the mixture was incubated for 1 hr at 25° C. ADP-Glo reagent was added for 40 min (8 μL) then development reagent (16 μL) was added for 40 min prior to detection in a microplate reader (EnVision Multilabel Reader, Perkin Elmer).;B;;;BAO_0000192;BAO_0000357;single protein format;COC(=O)c1cc2c(cc1C)/C(=C(/Nc1ccc(C(=O)N3CCC4(CC3)C(=O)NCCCN4C)cc1)c1ccccc1)C(=O)N2;;;CHEMBL5728892;;2021.0;{'bei': '12.36', 'le': '0.23', 'lle': '3.37', 'sei': '6.26'};CHEMBL5973328;;CHEMBL5973328;7.51;1;http://www.openphacts.org/units/Nanomolar;4545740;=;37;1;=;;Ki;nM;;30.8;CHEMBL2007;Homo sapiens;Platelet-derived growth factor receptor alpha;9606;;;Ki;nM;UO_0000065;;30.8
;1124556;28577450;[];CHEMBL5737699;PDGFRalpha Enzyme Inhibition: Assay was performed in buffer containing 40 mM Tris pH 7.5, 20 mM MgCl2, 0.1 mg/mL BSA and 1 mM DTT. The inhibitory activities of compounds of the invention against PDGFRα (PDGFRα Kinase Enzyme System: Promega), were evaluated by mixing the PDGFRα protein (12.5 ng/mL, 2 μL), substrate (Poly (4:1 Glu4, Tyr1), 100 ng/mL, 2 μL) with the test compound (2 μL at either 3 μM, 0.67 μM, 0.15 μM, 0.033 μM, 0.0073 μM, 0.0016 μM, 0.0036 μM or 0.00008 μM) for 90 min at 25° C. The kinase reaction was initiated by adding ATP (25 μM, 2 μL) and the mixture was incubated for 1 hr at 25° C. ADP-Glo reagent was added for 40 min (8 μL) then development reagent (16 μL) was added for 40 min prior to detection in a microplate reader (EnVision Multilabel Reader, Perkin Elmer).;B;;;BAO_0000192;BAO_0000357;single protein format;COC(=O)c1cc2c(cc1C)/C(=C(/Nc1ccc(C(=O)NCCN3CCN(S(C)(=O)=O)CC3)cc1)c1ccccc1)C(=O)N2;;;CHEMBL5728892;;2021.0;{'bei': '12.24', 'le': '0.23', 'lle': '4.54', 'sei': '5.52'};CHEMBL5912525;;CHEMBL5912525;7.56;1;http://www.openphacts.org/units/Nanomolar;4545741;=;37;1;=;;Ki;nM;;27.3;CHEMBL2007;Homo sapiens;Platelet-derived growth factor receptor alpha;9606;;;Ki;nM;UO_0000065;;27.3
;1124562;28577468;[];CHEMBL5737699;PDGFRalpha Enzyme Inhibition: Assay was performed in buffer containing 40 mM Tris pH 7.5, 20 mM MgCl2, 0.1 mg/mL BSA and 1 mM DTT. The inhibitory activities of compounds of the invention against PDGFRα (PDGFRα Kinase Enzyme System: Promega), were evaluated by mixing the PDGFRα protein (12.5 ng/mL, 2 μL), substrate (Poly (4:1 Glu4, Tyr1), 100 ng/mL, 2 μL) with the test compound (2 μL at either 3 μM, 0.67 μM, 0.15 μM, 0.033 μM, 0.0073 μM, 0.0016 μM, 0.0036 μM or 0.00008 μM) for 90 min at 25° C. The kinase reaction was initiated by adding ATP (25 μM, 2 μL) and the mixture was incubated for 1 hr at 25° C. ADP-Glo reagent was added for 40 min (8 μL) then development reagent (16 μL) was added for 40 min prior to detection in a microplate reader (EnVision Multilabel Reader, Perkin Elmer).;B;;;BAO_0000192;BAO_0000357;single protein format;COC(=O)c1cc2c(cc1C)/C(=C(/Nc1ccc(C(=O)N3CCC(O)(CN4CCOCC4)CC3)cc1)c1ccccc1)C(=O)N2;;;CHEMBL5728892;;2021.0;{'bei': '12.61', 'le': '0.23', 'lle': '3.69', 'sei': '6.39'};CHEMBL5947799;;CHEMBL5947799;7.70;1;http://www.openphacts.org/units/Nanomolar;4545742;=;37;1;=;;Ki;nM;;20.0;CHEMBL2007;Homo sapiens;Platelet-derived growth factor receptor alpha;9606;;;Ki;nM;UO_0000065;;20.0
;1124568;28577486;[];CHEMBL5737699;PDGFRalpha Enzyme Inhibition: Assay was performed in buffer containing 40 mM Tris pH 7.5, 20 mM MgCl2, 0.1 mg/mL BSA and 1 mM DTT. The inhibitory activities of compounds of the invention against PDGFRα (PDGFRα Kinase Enzyme System: Promega), were evaluated by mixing the PDGFRα protein (12.5 ng/mL, 2 μL), substrate (Poly (4:1 Glu4, Tyr1), 100 ng/mL, 2 μL) with the test compound (2 μL at either 3 μM, 0.67 μM, 0.15 μM, 0.033 μM, 0.0073 μM, 0.0016 μM, 0.0036 μM or 0.00008 μM) for 90 min at 25° C. The kinase reaction was initiated by adding ATP (25 μM, 2 μL) and the mixture was incubated for 1 hr at 25° C. ADP-Glo reagent was added for 40 min (8 μL) then development reagent (16 μL) was added for 40 min prior to detection in a microplate reader (EnVision Multilabel Reader, Perkin Elmer).;B;;;BAO_0000192;BAO_0000357;single protein format;COC(=O)c1cc2c(cc1C)/C(=C(/Nc1ccc(C(=O)N3CCCN(CCO)CC3)cc1)c1ccccc1)C(=O)N2;;;CHEMBL5728892;;2021.0;{'bei': '14.72', 'le': '0.27', 'lle': '4.31', 'sei': '7.34'};CHEMBL5927685;;CHEMBL5927685;8.16;1;http://www.openphacts.org/units/Nanomolar;4545743;=;37;1;=;;Ki;nM;;6.86;CHEMBL2007;Homo sapiens;Platelet-derived growth factor receptor alpha;9606;;;Ki;nM;UO_0000065;;6.86
;1124574;28577504;[];CHEMBL5737699;PDGFRalpha Enzyme Inhibition: Assay was performed in buffer containing 40 mM Tris pH 7.5, 20 mM MgCl2, 0.1 mg/mL BSA and 1 mM DTT. The inhibitory activities of compounds of the invention against PDGFRα (PDGFRα Kinase Enzyme System: Promega), were evaluated by mixing the PDGFRα protein (12.5 ng/mL, 2 μL), substrate (Poly (4:1 Glu4, Tyr1), 100 ng/mL, 2 μL) with the test compound (2 μL at either 3 μM, 0.67 μM, 0.15 μM, 0.033 μM, 0.0073 μM, 0.0016 μM, 0.0036 μM or 0.00008 μM) for 90 min at 25° C. The kinase reaction was initiated by adding ATP (25 μM, 2 μL) and the mixture was incubated for 1 hr at 25° C. ADP-Glo reagent was added for 40 min (8 μL) then development reagent (16 μL) was added for 40 min prior to detection in a microplate reader (EnVision Multilabel Reader, Perkin Elmer).;B;;;BAO_0000192;BAO_0000357;single protein format;COC(=O)c1cc2c(cc1C)/C(=C(/Nc1ccc(C(=O)N3CCC(C(N)=O)(N4CCCCC4)CC3)cc1)c1ccccc1)C(=O)N2;;;CHEMBL5728892;;2021.0;{'bei': '11.69', 'le': '0.22', 'lle': '2.61', 'sei': '5.42'};CHEMBL5796144;;CHEMBL5796144;7.27;1;http://www.openphacts.org/units/Nanomolar;4545744;=;37;1;=;;Ki;nM;;53.8;CHEMBL2007;Homo sapiens;Platelet-derived growth factor receptor alpha;9606;;;Ki;nM;UO_0000065;;53.8
;1124580;28577522;[];CHEMBL5737699;PDGFRalpha Enzyme Inhibition: Assay was performed in buffer containing 40 mM Tris pH 7.5, 20 mM MgCl2, 0.1 mg/mL BSA and 1 mM DTT. The inhibitory activities of compounds of the invention against PDGFRα (PDGFRα Kinase Enzyme System: Promega), were evaluated by mixing the PDGFRα protein (12.5 ng/mL, 2 μL), substrate (Poly (4:1 Glu4, Tyr1), 100 ng/mL, 2 μL) with the test compound (2 μL at either 3 μM, 0.67 μM, 0.15 μM, 0.033 μM, 0.0073 μM, 0.0016 μM, 0.0036 μM or 0.00008 μM) for 90 min at 25° C. The kinase reaction was initiated by adding ATP (25 μM, 2 μL) and the mixture was incubated for 1 hr at 25° C. ADP-Glo reagent was added for 40 min (8 μL) then development reagent (16 μL) was added for 40 min prior to detection in a microplate reader (EnVision Multilabel Reader, Perkin Elmer).;B;;;BAO_0000192;BAO_0000357;single protein format;COC(=O)c1cc2c(cc1C)/C(=C(/Nc1ccc(C(=O)N(C)[C@H]3CN(C)C[C@@H]3O)cc1)c1ccccc1)C(=O)N2;;;CHEMBL5728892;;2021.0;{'bei': '14.89', 'le': '0.27', 'lle': '4.59', 'sei': '7.24'};CHEMBL6051668;;CHEMBL6051668;8.05;1;http://www.openphacts.org/units/Nanomolar;4545745;=;37;1;=;;Ki;nM;;8.92;CHEMBL2007;Homo sapiens;Platelet-derived growth factor receptor alpha;9606;;;Ki;nM;UO_0000065;;8.92
;1124586;28577540;[];CHEMBL5737699;PDGFRalpha Enzyme Inhibition: Assay was performed in buffer containing 40 mM Tris pH 7.5, 20 mM MgCl2, 0.1 mg/mL BSA and 1 mM DTT. The inhibitory activities of compounds of the invention against PDGFRα (PDGFRα Kinase Enzyme System: Promega), were evaluated by mixing the PDGFRα protein (12.5 ng/mL, 2 μL), substrate (Poly (4:1 Glu4, Tyr1), 100 ng/mL, 2 μL) with the test compound (2 μL at either 3 μM, 0.67 μM, 0.15 μM, 0.033 μM, 0.0073 μM, 0.0016 μM, 0.0036 μM or 0.00008 μM) for 90 min at 25° C. The kinase reaction was initiated by adding ATP (25 μM, 2 μL) and the mixture was incubated for 1 hr at 25° C. ADP-Glo reagent was added for 40 min (8 μL) then development reagent (16 μL) was added for 40 min prior to detection in a microplate reader (EnVision Multilabel Reader, Perkin Elmer).;B;;;BAO_0000192;BAO_0000357;single protein format;COC(=O)c1cc2c(cc1C)/C(=C(/Nc1ccc(C(=O)NC3CCN(CCO)CC3)cc1)c1ccccc1)C(=O)N2;;;CHEMBL5728892;;2021.0;{'bei': '14.03', 'le': '0.26', 'lle': '3.88', 'sei': '6.49'};CHEMBL5770010;;CHEMBL5770010;7.78;1;http://www.openphacts.org/units/Nanomolar;4545710;=;37;1;=;;Ki;nM;;16.5;CHEMBL2007;Homo sapiens;Platelet-derived growth factor receptor alpha;9606;;;Ki;nM;UO_0000065;;16.5
;1124592;28577558;[];CHEMBL5737699;PDGFRalpha Enzyme Inhibition: Assay was performed in buffer containing 40 mM Tris pH 7.5, 20 mM MgCl2, 0.1 mg/mL BSA and 1 mM DTT. The inhibitory activities of compounds of the invention against PDGFRα (PDGFRα Kinase Enzyme System: Promega), were evaluated by mixing the PDGFRα protein (12.5 ng/mL, 2 μL), substrate (Poly (4:1 Glu4, Tyr1), 100 ng/mL, 2 μL) with the test compound (2 μL at either 3 μM, 0.67 μM, 0.15 μM, 0.033 μM, 0.0073 μM, 0.0016 μM, 0.0036 μM or 0.00008 μM) for 90 min at 25° C. The kinase reaction was initiated by adding ATP (25 μM, 2 μL) and the mixture was incubated for 1 hr at 25° C. ADP-Glo reagent was added for 40 min (8 μL) then development reagent (16 μL) was added for 40 min prior to detection in a microplate reader (EnVision Multilabel Reader, Perkin Elmer).;B;;;BAO_0000192;BAO_0000357;single protein format;COC(=O)c1cc2c(cc1C)/C(=C(/Nc1ccc(C(=O)NCC3CCN(CCO)CC3)cc1)c1ccccc1)C(=O)N2;;;CHEMBL5728892;;2021.0;{'bei': '13.85', 'le': '0.26', 'lle': '3.73', 'sei': '6.56'};CHEMBL5897053;;CHEMBL5897053;7.88;1;http://www.openphacts.org/units/Nanomolar;4545711;=;37;1;=;;Ki;nM;;13.3;CHEMBL2007;Homo sapiens;Platelet-derived growth factor receptor alpha;9606;;;Ki;nM;UO_0000065;;13.3
;1124610;28577612;[];CHEMBL5737699;PDGFRalpha Enzyme Inhibition: Assay was performed in buffer containing 40 mM Tris pH 7.5, 20 mM MgCl2, 0.1 mg/mL BSA and 1 mM DTT. The inhibitory activities of compounds of the invention against PDGFRα (PDGFRα Kinase Enzyme System: Promega), were evaluated by mixing the PDGFRα protein (12.5 ng/mL, 2 μL), substrate (Poly (4:1 Glu4, Tyr1), 100 ng/mL, 2 μL) with the test compound (2 μL at either 3 μM, 0.67 μM, 0.15 μM, 0.033 μM, 0.0073 μM, 0.0016 μM, 0.0036 μM or 0.00008 μM) for 90 min at 25° C. The kinase reaction was initiated by adding ATP (25 μM, 2 μL) and the mixture was incubated for 1 hr at 25° C. ADP-Glo reagent was added for 40 min (8 μL) then development reagent (16 μL) was added for 40 min prior to detection in a microplate reader (EnVision Multilabel Reader, Perkin Elmer).;B;;;BAO_0000192;BAO_0000357;single protein format;CNC(=O)CN(C)CCNC(=O)c1ccc(N/C(=C2\C(=O)Nc3cc(C(=O)OC)c(C)cc32)c2ccccc2)cc1;;;CHEMBL5728892;;2021.0;{'bei': '13.68', 'le': '0.25', 'lle': '4.48', 'sei': '5.90'};CHEMBL5945261;;CHEMBL5945261;7.60;1;http://www.openphacts.org/units/Nanomolar;4545749;=;37;1;=;;Ki;nM;;25.1;CHEMBL2007;Homo sapiens;Platelet-derived growth factor receptor alpha;9606;;;Ki;nM;UO_0000065;;25.1
;1124616;28577630;[];CHEMBL5737699;PDGFRalpha Enzyme Inhibition: Assay was performed in buffer containing 40 mM Tris pH 7.5, 20 mM MgCl2, 0.1 mg/mL BSA and 1 mM DTT. The inhibitory activities of compounds of the invention against PDGFRα (PDGFRα Kinase Enzyme System: Promega), were evaluated by mixing the PDGFRα protein (12.5 ng/mL, 2 μL), substrate (Poly (4:1 Glu4, Tyr1), 100 ng/mL, 2 μL) with the test compound (2 μL at either 3 μM, 0.67 μM, 0.15 μM, 0.033 μM, 0.0073 μM, 0.0016 μM, 0.0036 μM or 0.00008 μM) for 90 min at 25° C. The kinase reaction was initiated by adding ATP (25 μM, 2 μL) and the mixture was incubated for 1 hr at 25° C. ADP-Glo reagent was added for 40 min (8 μL) then development reagent (16 μL) was added for 40 min prior to detection in a microplate reader (EnVision Multilabel Reader, Perkin Elmer).;B;;;BAO_0000192;BAO_0000357;single protein format;COC(=O)c1cc2c(cc1C)/C(=C(/Nc1ccc(C(=O)NCCN3CCNC(=O)C3)c(F)c1)c1ccccc1)C(=O)N2;;;CHEMBL5728892;;2021.0;{'bei': '13.30', 'le': '0.25', 'lle': '4.59', 'sei': '5.90'};CHEMBL5798568;;CHEMBL5798568;7.60;1;http://www.openphacts.org/units/Nanomolar;4545750;=;37;1;=;;Ki;nM;;25.1;CHEMBL2007;Homo sapiens;Platelet-derived growth factor receptor alpha;9606;;;Ki;nM;UO_0000065;;25.1
;1124622;28577648;[];CHEMBL5737699;PDGFRalpha Enzyme Inhibition: Assay was performed in buffer containing 40 mM Tris pH 7.5, 20 mM MgCl2, 0.1 mg/mL BSA and 1 mM DTT. The inhibitory activities of compounds of the invention against PDGFRα (PDGFRα Kinase Enzyme System: Promega), were evaluated by mixing the PDGFRα protein (12.5 ng/mL, 2 μL), substrate (Poly (4:1 Glu4, Tyr1), 100 ng/mL, 2 μL) with the test compound (2 μL at either 3 μM, 0.67 μM, 0.15 μM, 0.033 μM, 0.0073 μM, 0.0016 μM, 0.0036 μM or 0.00008 μM) for 90 min at 25° C. The kinase reaction was initiated by adding ATP (25 μM, 2 μL) and the mixture was incubated for 1 hr at 25° C. ADP-Glo reagent was added for 40 min (8 μL) then development reagent (16 μL) was added for 40 min prior to detection in a microplate reader (EnVision Multilabel Reader, Perkin Elmer).;B;;;BAO_0000192;BAO_0000357;single protein format;COC(=O)c1cc2c(cc1C)/C(=C(/Nc1ccc(C(=O)NCCN3CCCNC(=O)C3)cc1)c1ccccc1)C(=O)N2;;;CHEMBL5728892;;2021.0;{'bei': '13.92', 'le': '0.26', 'lle': '4.63', 'sei': '6.13'};CHEMBL5901005;;CHEMBL5901005;7.90;1;http://www.openphacts.org/units/Nanomolar;4545751;=;37;1;=;;Ki;nM;;12.6;CHEMBL2007;Homo sapiens;Platelet-derived growth factor receptor alpha;9606;;;Ki;nM;UO_0000065;;12.6
